{
"type": "FeatureCollection",
"name": "Plaque SDDV",
"crs": { "type": "name", "properties": { "name": "urn:ogc:def:crs:EPSG::2154" } },
"features": [
{ "type": "Feature", "properties": { "id": 1, "nom_territoire": "SDDV" }, "geometry": { "type": "Polygon", "coordinates": [ [ [ 975342.400000000023283, 6760654.799999999813735 ], [ 975283.099999999976717, 6760735.299999999813735 ], [ 975233.5, 6760775.700000000186265 ], [ 975173.400000000023283, 6760864.799999999813735 ], [ 975124.5, 6760886.5 ], [ 975079.599999999976717, 6760886.900000000372529 ], [ 975009.300000000046566, 6760847.599999999627471 ], [ 974954.300000000046566, 6760848.0 ], [ 974896.099999999976717, 6760837.299999999813735 ], [ 974846.900000000023283, 6760834.700000000186265 ], [ 974782.699999999953434, 6760834.599999999627471 ], [ 974739.900000000023283, 6760834.200000000186265 ], [ 974711.599999999976717, 6760833.900000000372529 ], [ 974699.800000000046566, 6760832.400000000372529 ], [ 974689.300000000046566, 6760831.599999999627471 ], [ 974678.800000000046566, 6760831.200000000186265 ], [ 974668.300000000046566, 6760831.099999999627471 ], [ 974658.300000000046566, 6760831.400000000372529 ], [ 974650.699999999953434, 6760832.200000000186265 ], [ 974645.5, 6760832.400000000372529 ], [ 974473.400000000023283, 6760994.599999999627471 ], [ 974439.099999999976717, 6761012.400000000372529 ], [ 974400.800000000046566, 6761029.700000000186265 ], [ 974370.300000000046566, 6761046.200000000186265 ], [ 974353.5, 6761055.900000000372529 ], [ 974343.400000000023283, 6761061.5 ], [ 974336.400000000023283, 6761064.799999999813735 ], [ 974333.199999999953434, 6761065.599999999627471 ], [ 974324.800000000046566, 6761073.799999999813735 ], [ 974312.599999999976717, 6761084.099999999627471 ], [ 974298.699999999953434, 6761092.599999999627471 ], [ 974293.099999999976717, 6761096.200000000186265 ], [ 974286.400000000023283, 6761099.200000000186265 ], [ 974272.300000000046566, 6761106.0 ], [ 974246.900000000023283, 6761115.599999999627471 ], [ 974226.5, 6761120.200000000186265 ], [ 974206.699999999953434, 6761122.0 ], [ 974197.800000000046566, 6761123.200000000186265 ], [ 974187.0, 6761124.799999999813735 ], [ 974175.5, 6761127.599999999627471 ], [ 974017.599999999976717, 6761150.900000000372529 ], [ 973927.900000000023283, 6761181.700000000186265 ], [ 973878.400000000023283, 6761227.099999999627471 ], [ 973853.900000000023283, 6761292.200000000186265 ], [ 973819.199999999953434, 6761322.5 ], [ 973739.5, 6761348.200000000186265 ], [ 973690.0, 6761398.599999999627471 ], [ 973629.099999999976717, 6761517.299999999813735 ], [ 973625.699999999953434, 6761520.900000000372529 ], [ 973620.199999999953434, 6761526.799999999813735 ], [ 973615.0, 6761536.799999999813735 ], [ 973613.599999999976717, 6761541.700000000186265 ], [ 973612.099999999976717, 6761547.299999999813735 ], [ 973609.099999999976717, 6761553.299999999813735 ], [ 973606.900000000023283, 6761559.400000000372529 ], [ 973602.199999999953434, 6761566.0 ], [ 973590.800000000046566, 6761574.799999999813735 ], [ 973567.5, 6761588.599999999627471 ], [ 973564.900000000023283, 6761590.200000000186265 ], [ 973545.800000000046566, 6761599.5 ], [ 973522.099999999976717, 6761607.0 ], [ 973499.400000000023283, 6761612.400000000372529 ], [ 973471.099999999976717, 6761619.799999999813735 ], [ 973450.099999999976717, 6761625.599999999627471 ], [ 973436.900000000023283, 6761629.400000000372529 ], [ 973428.199999999953434, 6761630.299999999813735 ], [ 973417.800000000046566, 6761632.099999999627471 ], [ 973407.300000000046566, 6761634.099999999627471 ], [ 973402.099999999976717, 6761634.599999999627471 ], [ 973397.300000000046566, 6761635.200000000186265 ], [ 973387.900000000023283, 6761635.599999999627471 ], [ 973378.800000000046566, 6761634.900000000372529 ], [ 973370.099999999976717, 6761634.0 ], [ 973360.599999999976717, 6761632.400000000372529 ], [ 973352.0, 6761630.599999999627471 ], [ 973344.400000000023283, 6761627.700000000186265 ], [ 973335.900000000023283, 6761624.799999999813735 ], [ 973331.300000000046566, 6761627.299999999813735 ], [ 973306.099999999976717, 6761644.799999999813735 ], [ 973279.800000000046566, 6761663.799999999813735 ], [ 973258.800000000046566, 6761678.700000000186265 ], [ 973239.800000000046566, 6761696.299999999813735 ], [ 973223.599999999976717, 6761714.599999999627471 ], [ 973204.800000000046566, 6761738.799999999813735 ], [ 973188.199999999953434, 6761759.5 ], [ 973175.0, 6761774.799999999813735 ], [ 973160.099999999976717, 6761790.099999999627471 ], [ 973143.599999999976717, 6761803.299999999813735 ], [ 973128.599999999976717, 6761815.799999999813735 ], [ 973114.5, 6761825.099999999627471 ], [ 973105.400000000023283, 6761829.099999999627471 ], [ 973080.599999999976717, 6761857.599999999627471 ], [ 973040.199999999953434, 6761879.900000000372529 ], [ 973021.699999999953434, 6761914.299999999813735 ], [ 972985.199999999953434, 6761949.299999999813735 ], [ 972945.400000000023283, 6761964.599999999627471 ], [ 972869.199999999953434, 6761970.400000000372529 ], [ 972808.900000000023283, 6761987.299999999813735 ], [ 972791.300000000046566, 6761990.900000000372529 ], [ 972783.099999999976717, 6761991.299999999813735 ], [ 972774.800000000046566, 6761991.299999999813735 ], [ 972767.900000000023283, 6761990.799999999813735 ], [ 972758.599999999976717, 6761990.0 ], [ 972748.900000000023283, 6761988.900000000372529 ], [ 972741.699999999953434, 6761988.5 ], [ 972734.599999999976717, 6761988.900000000372529 ], [ 972727.300000000046566, 6761989.799999999813735 ], [ 972720.400000000023283, 6761991.400000000372529 ], [ 972714.800000000046566, 6761991.599999999627471 ], [ 972708.199999999953434, 6761991.299999999813735 ], [ 972700.400000000023283, 6761991.0 ], [ 972692.400000000023283, 6761991.900000000372529 ], [ 972684.199999999953434, 6761993.700000000186265 ], [ 972671.300000000046566, 6761997.299999999813735 ], [ 972661.0, 6762001.599999999627471 ], [ 972651.400000000023283, 6762006.799999999813735 ], [ 972639.400000000023283, 6762012.0 ], [ 972626.699999999953434, 6762017.400000000372529 ], [ 972612.400000000023283, 6762023.0 ], [ 972603.699999999953434, 6762026.299999999813735 ], [ 972595.599999999976717, 6762027.400000000372529 ], [ 972588.900000000023283, 6762027.900000000372529 ], [ 972582.599999999976717, 6762028.0 ], [ 972577.0, 6762028.799999999813735 ], [ 972572.900000000023283, 6762030.0 ], [ 972347.5, 6762159.700000000186265 ], [ 972253.400000000023283, 6762250.400000000372529 ], [ 972248.099999999976717, 6762255.299999999813735 ], [ 972193.900000000023283, 6762305.900000000372529 ], [ 972139.300000000046566, 6762351.299999999813735 ], [ 972070.300000000046566, 6762461.900000000372529 ], [ 972030.800000000046566, 6762512.200000000186265 ], [ 971853.300000000046566, 6762788.5 ], [ 971779.5, 6762919.0 ], [ 971796.199999999953434, 6763050.400000000372529 ], [ 971806.300000000046566, 6763128.700000000186265 ], [ 971884.699999999953434, 6763537.700000000186265 ], [ 971910.199999999953434, 6763587.400000000372529 ], [ 971936.599999999976717, 6763757.099999999627471 ], [ 971937.300000000046566, 6763842.0 ], [ 971912.599999999976717, 6763867.200000000186265 ], [ 971812.699999999953434, 6763868.099999999627471 ], [ 971772.800000000046566, 6763883.400000000372529 ], [ 971748.099999999976717, 6763913.599999999627471 ], [ 971803.400000000023283, 6763958.099999999627471 ], [ 971803.699999999953434, 6763983.099999999627471 ], [ 971793.800000000046566, 6763993.200000000186265 ], [ 971648.800000000046566, 6763989.400000000372529 ], [ 971618.900000000023283, 6763999.700000000186265 ], [ 971509.099999999976717, 6764005.599999999627471 ], [ 971429.199999999953434, 6764016.299999999813735 ], [ 971329.699999999953434, 6764067.099999999627471 ], [ 971269.599999999976717, 6764142.200000000186265 ], [ 971117.5, 6764373.700000000186265 ], [ 971043.199999999953434, 6764449.299999999813735 ], [ 970988.900000000023283, 6764524.799999999813735 ], [ 970943.900000000023283, 6764525.099999999627471 ], [ 970939.0, 6764535.200000000186265 ], [ 971010.599999999976717, 6764724.400000000372529 ], [ 971051.400000000023283, 6764814.0 ], [ 971056.699999999953434, 6764853.900000000372529 ], [ 971051.900000000023283, 6764879.0 ], [ 971017.099999999976717, 6764894.299999999813735 ], [ 970967.599999999976717, 6764949.599999999627471 ], [ 970917.900000000023283, 6764985.0 ], [ 970848.599999999976717, 6765055.599999999627471 ], [ 970788.800000000046566, 6765076.099999999627471 ], [ 970544.099999999976717, 6765083.200000000186265 ], [ 970504.0, 6765078.599999999627471 ], [ 970394.199999999953434, 6765084.5 ], [ 970334.400000000023283, 6765110.0 ], [ 970274.900000000023283, 6765160.5 ], [ 970215.0, 6765161.0 ], [ 970125.300000000046566, 6765191.799999999813735 ], [ 970035.800000000046566, 6765247.5 ], [ 969996.199999999953434, 6765287.799999999813735 ], [ 969964.0, 6765323.099999999627471 ], [ 969942.199999999953434, 6765393.200000000186265 ], [ 969882.800000000046566, 6765458.700000000186265 ], [ 969813.199999999953434, 6765509.200000000186265 ], [ 969749.199999999953434, 6765609.700000000186265 ], [ 969719.5, 6765645.0 ], [ 969690.5, 6765676.400000000372529 ], [ 969672.699999999953434, 6765695.900000000372529 ], [ 969635.400000000023283, 6765740.599999999627471 ], [ 969576.099999999976717, 6765816.099999999627471 ], [ 969497.599999999976717, 6765981.599999999627471 ], [ 969385.699999999953434, 6766129.599999999627471 ], [ 969313.5, 6766261.299999999813735 ], [ 969226.199999999953434, 6766383.700000000186265 ], [ 969227.5, 6766528.599999999627471 ], [ 969158.0, 6766584.099999999627471 ], [ 969078.300000000046566, 6766614.799999999813735 ], [ 968978.5, 6766630.700000000186265 ], [ 968888.5, 6766616.5 ], [ 968768.0, 6766583.799999999813735 ], [ 968738.099999999976717, 6766562.799999999813735 ], [ 968718.0, 6766548.0 ], [ 968693.0, 6766543.200000000186265 ], [ 968442.300000000046566, 6766450.400000000372529 ], [ 968391.400000000023283, 6766432.799999999813735 ], [ 968358.5, 6766415.900000000372529 ], [ 968323.900000000023283, 6766394.299999999813735 ], [ 968298.900000000023283, 6766391.400000000372529 ], [ 968283.400000000023283, 6766399.299999999813735 ], [ 968255.400000000023283, 6766404.299999999813735 ], [ 968244.400000000023283, 6766396.599999999627471 ], [ 968228.599999999976717, 6766379.5 ], [ 968209.699999999953434, 6766359.400000000372529 ], [ 968194.099999999976717, 6766356.400000000372529 ], [ 968164.5, 6766370.700000000186265 ], [ 968136.400000000023283, 6766377.200000000186265 ], [ 968089.599999999976717, 6766372.900000000372529 ], [ 968020.800000000046566, 6766361.0 ], [ 967916.699999999953434, 6766336.299999999813735 ], [ 967931.300000000046566, 6766290.0 ], [ 967950.199999999953434, 6766248.200000000186265 ], [ 967938.800000000046566, 6766243.200000000186265 ], [ 967930.800000000046566, 6766238.900000000372529 ], [ 967915.5, 6766234.5 ], [ 967902.5, 6766232.299999999813735 ], [ 967888.800000000046566, 6766231.0 ], [ 967882.099999999976717, 6766232.099999999627471 ], [ 967872.699999999953434, 6766239.299999999813735 ], [ 967868.800000000046566, 6766239.400000000372529 ], [ 967856.599999999976717, 6766230.700000000186265 ], [ 967832.900000000023283, 6766220.599999999627471 ], [ 967815.800000000046566, 6766216.099999999627471 ], [ 967801.900000000023283, 6766211.599999999627471 ], [ 967789.5, 6766202.599999999627471 ], [ 967787.699999999953434, 6766199.200000000186265 ], [ 967783.5, 6766191.0 ], [ 967778.099999999976717, 6766184.5 ], [ 967771.0, 6766180.599999999627471 ], [ 967762.599999999976717, 6766176.299999999813735 ], [ 967760.400000000023283, 6766175.400000000372529 ], [ 967749.400000000023283, 6766171.0 ], [ 967745.300000000046566, 6766166.400000000372529 ], [ 967741.199999999953434, 6766163.0 ], [ 967737.300000000046566, 6766159.799999999813735 ], [ 967729.900000000023283, 6766158.599999999627471 ], [ 967724.800000000046566, 6766157.799999999813735 ], [ 967714.400000000023283, 6766157.700000000186265 ], [ 967704.5, 6766160.900000000372529 ], [ 967694.800000000046566, 6766164.400000000372529 ], [ 967690.199999999953434, 6766161.799999999813735 ], [ 967682.5, 6766154.5 ], [ 967672.099999999976717, 6766146.0 ], [ 967660.099999999976717, 6766140.299999999813735 ], [ 967655.099999999976717, 6766135.299999999813735 ], [ 967654.400000000023283, 6766126.200000000186265 ], [ 967652.800000000046566, 6766117.799999999813735 ], [ 967647.699999999953434, 6766109.5 ], [ 967647.0, 6766108.799999999813735 ], [ 967640.199999999953434, 6766102.299999999813735 ], [ 967630.0, 6766099.0 ], [ 967622.400000000023283, 6766095.900000000372529 ], [ 967608.199999999953434, 6766088.200000000186265 ], [ 967602.300000000046566, 6766084.799999999813735 ], [ 967600.0, 6766083.099999999627471 ], [ 967587.300000000046566, 6766083.299999999813735 ], [ 967577.099999999976717, 6766080.599999999627471 ], [ 967559.599999999976717, 6766073.599999999627471 ], [ 967546.099999999976717, 6766068.700000000186265 ], [ 967531.099999999976717, 6766061.799999999813735 ], [ 967517.0, 6766057.099999999627471 ], [ 967505.199999999953434, 6766056.0 ], [ 967499.0, 6766053.400000000372529 ], [ 967490.900000000023283, 6766043.400000000372529 ], [ 967478.5, 6766020.400000000372529 ], [ 967469.599999999976717, 6766005.400000000372529 ], [ 967461.5, 6765989.700000000186265 ], [ 967459.800000000046566, 6765978.299999999813735 ], [ 967458.599999999976717, 6765970.0 ], [ 967455.699999999953434, 6765964.200000000186265 ], [ 967450.599999999976717, 6765954.599999999627471 ], [ 967437.199999999953434, 6765944.5 ], [ 967425.900000000023283, 6765939.599999999627471 ], [ 967417.300000000046566, 6765934.099999999627471 ], [ 967408.400000000023283, 6765929.0 ], [ 967392.900000000023283, 6765919.700000000186265 ], [ 967368.699999999953434, 6765913.900000000372529 ], [ 967342.5, 6765904.700000000186265 ], [ 967321.900000000023283, 6765894.5 ], [ 967296.800000000046566, 6765883.299999999813735 ], [ 967278.699999999953434, 6765876.700000000186265 ], [ 967259.400000000023283, 6765866.700000000186265 ], [ 967241.300000000046566, 6765858.700000000186265 ], [ 967225.099999999976717, 6765854.299999999813735 ], [ 967214.0, 6765849.700000000186265 ], [ 967195.099999999976717, 6765837.299999999813735 ], [ 967160.099999999976717, 6765809.599999999627471 ], [ 967140.099999999976717, 6765787.299999999813735 ], [ 967131.800000000046566, 6765777.599999999627471 ], [ 967124.0, 6765772.5 ], [ 967118.900000000023283, 6765770.099999999627471 ], [ 967111.199999999953434, 6765763.900000000372529 ], [ 967101.0, 6765754.900000000372529 ], [ 967090.699999999953434, 6765748.099999999627471 ], [ 967081.099999999976717, 6765739.700000000186265 ], [ 967071.800000000046566, 6765731.700000000186265 ], [ 966994.199999999953434, 6765669.5 ], [ 966951.699999999953434, 6765635.5 ], [ 966848.300000000046566, 6765589.599999999627471 ], [ 966826.800000000046566, 6765585.900000000372529 ], [ 966787.300000000046566, 6765579.200000000186265 ], [ 966698.099999999976717, 6765554.900000000372529 ], [ 966434.800000000046566, 6765413.5 ], [ 966408.5, 6765396.400000000372529 ], [ 966359.400000000023283, 6765364.200000000186265 ], [ 966218.199999999953434, 6765215.5 ], [ 966182.800000000046566, 6765170.900000000372529 ], [ 966011.5, 6765002.5 ], [ 965950.699999999953434, 6764908.099999999627471 ], [ 965930.300000000046566, 6764853.299999999813735 ], [ 965843.5, 6764644.200000000186265 ], [ 965808.199999999953434, 6764485.900000000372529 ], [ 965795.300000000046566, 6764439.099999999627471 ], [ 965784.5, 6764399.700000000186265 ], [ 965780.800000000046566, 6764386.599999999627471 ], [ 965780.699999999953434, 6764386.200000000186265 ], [ 965758.199999999953434, 6764297.400000000372529 ], [ 965748.300000000046566, 6764238.200000000186265 ], [ 965740.599999999976717, 6764221.599999999627471 ], [ 965740.199999999953434, 6764220.599999999627471 ], [ 965722.800000000046566, 6764182.099999999627471 ], [ 965694.5, 6764160.599999999627471 ], [ 965682.099999999976717, 6764136.099999999627471 ], [ 965679.5, 6764117.799999999813735 ], [ 965674.800000000046566, 6764089.299999999813735 ], [ 965673.0, 6764078.799999999813735 ], [ 965662.800000000046566, 6764056.599999999627471 ], [ 965347.800000000046566, 6763364.299999999813735 ], [ 965241.5, 6763200.400000000372529 ], [ 965243.0, 6763086.5 ], [ 965244.599999999976717, 6762980.5 ], [ 965257.099999999976717, 6762944.099999999627471 ], [ 965257.900000000023283, 6762941.799999999813735 ], [ 965268.900000000023283, 6762910.299999999813735 ], [ 965273.400000000023283, 6762824.599999999627471 ], [ 965274.199999999953434, 6762809.5 ], [ 965286.400000000023283, 6762785.0 ], [ 965280.0, 6762772.5 ], [ 965264.300000000046566, 6762757.0 ], [ 965252.400000000023283, 6762735.599999999627471 ], [ 965177.300000000046566, 6762716.299999999813735 ], [ 965028.099999999976717, 6762638.599999999627471 ], [ 964780.800000000046566, 6762509.799999999813735 ], [ 964705.300000000046566, 6762445.5 ], [ 964674.900000000023283, 6762390.799999999813735 ], [ 964679.199999999953434, 6762315.900000000372529 ], [ 964731.900000000023283, 6762050.599999999627471 ], [ 964731.5, 6762004.0 ], [ 964731.099999999976717, 6761965.700000000186265 ], [ 964704.699999999953434, 6761796.0 ], [ 964684.599999999976717, 6761781.200000000186265 ], [ 964569.300000000046566, 6761737.200000000186265 ], [ 964559.199999999953434, 6761727.299999999813735 ], [ 964544.199999999953434, 6761727.400000000372529 ], [ 964478.900000000023283, 6761683.0 ], [ 964438.900000000023283, 6761683.400000000372529 ], [ 964314.300000000046566, 6761714.400000000372529 ], [ 964254.300000000046566, 6761715.0 ], [ 964184.0, 6761675.599999999627471 ], [ 964103.400000000023283, 6761601.299999999813735 ], [ 964033.300000000046566, 6761577.0 ], [ 963275.0, 6761415.200000000186265 ], [ 963267.400000000023283, 6761413.700000000186265 ], [ 963182.400000000023283, 6761409.400000000372529 ], [ 963127.199999999953434, 6761404.799999999813735 ], [ 963017.400000000023283, 6761395.900000000372529 ], [ 962892.199999999953434, 6761362.0 ], [ 962756.699999999953434, 6761298.200000000186265 ], [ 962415.800000000046566, 6761156.200000000186265 ], [ 962401.099999999976717, 6761147.299999999813735 ], [ 962375.599999999976717, 6761131.599999999627471 ], [ 962195.099999999976717, 6761058.200000000186265 ], [ 961879.5, 6760966.0 ], [ 961694.0, 6760897.700000000186265 ], [ 961595.300000000046566, 6760847.299999999813735 ], [ 961583.099999999976717, 6760841.200000000186265 ], [ 961568.599999999976717, 6760833.799999999813735 ], [ 961513.099999999976717, 6760779.299999999813735 ], [ 961488.900000000023283, 6760764.400000000372529 ], [ 961487.300000000046566, 6760763.400000000372529 ], [ 961256.900000000023283, 6760621.599999999627471 ], [ 961211.599999999976717, 6760577.099999999627471 ], [ 961136.199999999953434, 6760527.700000000186265 ], [ 961020.300000000046566, 6760408.799999999813735 ], [ 960879.5, 6760315.099999999627471 ], [ 960809.300000000046566, 6760275.700000000186265 ], [ 960718.699999999953434, 6760206.599999999627471 ], [ 960512.900000000023283, 6760093.400000000372529 ], [ 960397.300000000046566, 6760019.5 ], [ 960336.900000000023283, 6759965.0 ], [ 960316.800000000046566, 6759950.200000000186265 ], [ 960281.5, 6759915.599999999627471 ], [ 960100.400000000023283, 6759767.200000000186265 ], [ 960083.0, 6759760.0 ], [ 960057.199999999953434, 6759749.400000000372529 ], [ 960052.199999999953434, 6759749.200000000186265 ], [ 960048.099999999976717, 6759749.099999999627471 ], [ 960041.099999999976717, 6759748.5 ], [ 960036.800000000046566, 6759748.0 ], [ 960033.599999999976717, 6759746.599999999627471 ], [ 960027.800000000046566, 6759744.0 ], [ 960020.699999999953434, 6759741.5 ], [ 960008.900000000023283, 6759730.900000000372529 ], [ 959999.0, 6759722.400000000372529 ], [ 959989.400000000023283, 6759710.299999999813735 ], [ 959981.300000000046566, 6759694.400000000372529 ], [ 959979.300000000046566, 6759691.400000000372529 ], [ 959974.900000000023283, 6759685.0 ], [ 959965.400000000023283, 6759674.799999999813735 ], [ 959962.5, 6759672.099999999627471 ], [ 959953.099999999976717, 6759663.799999999813735 ], [ 959930.400000000023283, 6759646.099999999627471 ], [ 959912.199999999953434, 6759630.5 ], [ 959909.300000000046566, 6759629.0 ], [ 959884.199999999953434, 6759619.200000000186265 ], [ 959755.5, 6759840.900000000372529 ], [ 959754.699999999953434, 6759858.900000000372529 ], [ 959754.400000000023283, 6759859.200000000186265 ], [ 959741.5, 6759865.299999999813735 ], [ 959687.099999999976717, 6759930.700000000186265 ], [ 959669.5, 6759980.799999999813735 ], [ 959668.5, 6759982.799999999813735 ], [ 959667.5, 6759985.799999999813735 ], [ 959666.599999999976717, 6759988.799999999813735 ], [ 959664.599999999976717, 6759991.799999999813735 ], [ 959662.599999999976717, 6759994.799999999813735 ], [ 959657.699999999953434, 6760005.900000000372529 ], [ 959655.699999999953434, 6760007.900000000372529 ], [ 959651.800000000046566, 6760014.900000000372529 ], [ 959650.800000000046566, 6760018.900000000372529 ], [ 959648.900000000023283, 6760021.900000000372529 ], [ 959642.0, 6760036.0 ], [ 959640.0, 6760038.0 ], [ 959635.099999999976717, 6760049.0 ], [ 959633.099999999976717, 6760052.099999999627471 ], [ 959628.199999999953434, 6760062.099999999627471 ], [ 959626.300000000046566, 6760065.099999999627471 ], [ 959621.400000000023283, 6760075.099999999627471 ], [ 959619.400000000023283, 6760078.200000000186265 ], [ 959612.5, 6760092.200000000186265 ], [ 959610.5, 6760095.200000000186265 ], [ 959605.599999999976717, 6760105.299999999813735 ], [ 959603.599999999976717, 6760108.299999999813735 ], [ 959601.699999999953434, 6760112.299999999813735 ], [ 959599.699999999953434, 6760115.299999999813735 ], [ 959597.699999999953434, 6760119.299999999813735 ], [ 959596.800000000046566, 6760121.299999999813735 ], [ 959590.900000000023283, 6760132.400000000372529 ], [ 959589.900000000023283, 6760135.400000000372529 ], [ 959584.0, 6760145.400000000372529 ], [ 959583.0, 6760148.400000000372529 ], [ 959575.099999999976717, 6760162.5 ], [ 959574.199999999953434, 6760165.5 ], [ 959568.300000000046566, 6760175.5 ], [ 959567.300000000046566, 6760178.5 ], [ 959561.400000000023283, 6760188.599999999627471 ], [ 959560.400000000023283, 6760191.599999999627471 ], [ 959554.5, 6760202.599999999627471 ], [ 959553.5, 6760204.599999999627471 ], [ 959551.599999999976717, 6760208.700000000186265 ], [ 959549.599999999976717, 6760211.700000000186265 ], [ 959547.599999999976717, 6760215.700000000186265 ], [ 959546.599999999976717, 6760218.700000000186265 ], [ 959544.699999999953434, 6760221.700000000186265 ], [ 959544.800000000046566, 6760241.700000000186265 ], [ 959547.800000000046566, 6760242.700000000186265 ], [ 959551.900000000023283, 6760244.599999999627471 ], [ 959554.900000000023283, 6760245.599999999627471 ], [ 959558.900000000023283, 6760247.599999999627471 ], [ 959560.900000000023283, 6760247.5 ], [ 959564.900000000023283, 6760249.5 ], [ 959567.900000000023283, 6760250.5 ], [ 959571.900000000023283, 6760252.5 ], [ 959573.900000000023283, 6760253.400000000372529 ], [ 959577.900000000023283, 6760254.400000000372529 ], [ 959579.900000000023283, 6760255.400000000372529 ], [ 959584.0, 6760257.299999999813735 ], [ 959585.900000000023283, 6760257.299999999813735 ], [ 959590.0, 6760259.299999999813735 ], [ 959593.0, 6760260.299999999813735 ], [ 959597.0, 6760262.200000000186265 ], [ 959599.0, 6760263.200000000186265 ], [ 959603.0, 6760264.200000000186265 ], [ 959606.0, 6760266.099999999627471 ], [ 959610.0, 6760267.099999999627471 ], [ 959613.0, 6760268.099999999627471 ], [ 959617.0, 6760270.0 ], [ 959620.0, 6760271.0 ], [ 959691.0, 6760270.400000000372529 ], [ 959693.0, 6760270.400000000372529 ], [ 959696.0, 6760270.400000000372529 ], [ 959698.0, 6760269.299999999813735 ], [ 959701.0, 6760269.299999999813735 ], [ 959704.0, 6760269.299999999813735 ], [ 959707.0, 6760268.299999999813735 ], [ 959711.0, 6760268.200000000186265 ], [ 959713.0, 6760268.200000000186265 ], [ 959716.0, 6760268.200000000186265 ], [ 959718.900000000023283, 6760267.200000000186265 ], [ 959722.900000000023283, 6760267.099999999627471 ], [ 959725.900000000023283, 6760267.099999999627471 ], [ 959736.699999999953434, 6760264.200000000186265 ], [ 959766.400000000023283, 6760229.599999999627471 ], [ 959776.099999999976717, 6760225.799999999813735 ], [ 959787.199999999953434, 6760221.599999999627471 ], [ 959812.699999999953434, 6760212.700000000186265 ], [ 959843.800000000046566, 6760205.400000000372529 ], [ 959865.0, 6760215.400000000372529 ], [ 959863.800000000046566, 6760245.200000000186265 ], [ 959831.099999999976717, 6760286.900000000372529 ], [ 959804.199999999953434, 6760334.0 ], [ 959803.800000000046566, 6760369.900000000372529 ], [ 959813.199999999953434, 6760387.799999999813735 ], [ 959826.300000000046566, 6760461.799999999813735 ], [ 959818.800000000046566, 6760471.5 ], [ 959770.0, 6760534.799999999813735 ], [ 959726.699999999953434, 6760493.900000000372529 ], [ 959671.800000000046566, 6760480.400000000372529 ], [ 959613.300000000046566, 6760477.0 ], [ 959521.800000000046566, 6760471.700000000186265 ], [ 959412.099999999976717, 6760497.700000000186265 ], [ 959238.199999999953434, 6760604.099999999627471 ], [ 959064.400000000023283, 6760735.5 ], [ 959024.699999999953434, 6760760.799999999813735 ], [ 958875.800000000046566, 6760872.0 ], [ 958861.0, 6760897.099999999627471 ], [ 958850.300000000046566, 6760911.400000000372529 ], [ 958828.099999999976717, 6760942.200000000186265 ], [ 958806.5, 6760969.900000000372529 ], [ 958786.0, 6760989.5 ], [ 958761.900000000023283, 6761015.200000000186265 ], [ 958703.300000000046566, 6761052.900000000372529 ], [ 958702.400000000023283, 6761053.400000000372529 ], [ 958644.5, 6761101.200000000186265 ], [ 958623.099999999976717, 6761119.0 ], [ 958588.699999999953434, 6761189.299999999813735 ], [ 958549.099999999976717, 6761402.0 ], [ 958546.599999999976717, 6761406.0 ], [ 958534.199999999953434, 6761425.599999999627471 ], [ 958520.800000000046566, 6761447.5 ], [ 958513.599999999976717, 6761457.400000000372529 ], [ 958510.099999999976717, 6761465.0 ], [ 958506.5, 6761468.599999999627471 ], [ 958501.199999999953434, 6761472.5 ], [ 958496.300000000046566, 6761473.900000000372529 ], [ 958489.400000000023283, 6761472.200000000186265 ], [ 958467.800000000046566, 6761462.799999999813735 ], [ 958443.300000000046566, 6761448.200000000186265 ], [ 958432.0, 6761560.400000000372529 ], [ 958348.199999999953434, 6761696.0 ], [ 958323.800000000046566, 6761756.200000000186265 ], [ 958304.099999999976717, 6761791.299999999813735 ], [ 958294.300000000046566, 6761816.400000000372529 ], [ 958264.599999999976717, 6761851.599999999627471 ], [ 958244.699999999953434, 6761851.799999999813735 ], [ 958122.599999999976717, 6761896.799999999813735 ], [ 958120.099999999976717, 6761897.799999999813735 ], [ 958115.300000000046566, 6761912.900000000372529 ], [ 958140.300000000046566, 6762017.799999999813735 ], [ 958169.099999999976717, 6762138.0 ], [ 958174.400000000023283, 6762140.5 ], [ 958178.300000000046566, 6762143.0 ], [ 958182.800000000046566, 6762145.099999999627471 ], [ 958187.800000000046566, 6762150.900000000372529 ], [ 958196.699999999953434, 6762162.299999999813735 ], [ 958213.599999999976717, 6762184.299999999813735 ], [ 958230.099999999976717, 6762200.5 ], [ 958242.400000000023283, 6762211.099999999627471 ], [ 958256.599999999976717, 6762221.200000000186265 ], [ 958248.699999999953434, 6762334.400000000372529 ], [ 958254.300000000046566, 6762338.200000000186265 ], [ 958259.599999999976717, 6762343.0 ], [ 958266.0, 6762349.900000000372529 ], [ 958271.599999999976717, 6762356.799999999813735 ], [ 958276.099999999976717, 6762364.200000000186265 ], [ 958280.400000000023283, 6762373.799999999813735 ], [ 958284.099999999976717, 6762383.200000000186265 ], [ 958286.599999999976717, 6762391.900000000372529 ], [ 958286.800000000046566, 6762392.599999999627471 ], [ 958287.0, 6762398.200000000186265 ], [ 958288.199999999953434, 6762405.5 ], [ 958291.699999999953434, 6762414.099999999627471 ], [ 958297.099999999976717, 6762424.099999999627471 ], [ 958302.099999999976717, 6762432.200000000186265 ], [ 958304.0, 6762437.099999999627471 ], [ 958304.400000000023283, 6762445.200000000186265 ], [ 958306.800000000046566, 6762450.5 ], [ 958308.900000000023283, 6762454.099999999627471 ], [ 958313.199999999953434, 6762457.599999999627471 ], [ 958317.199999999953434, 6762457.299999999813735 ], [ 958322.400000000023283, 6762455.299999999813735 ], [ 958339.800000000046566, 6762494.599999999627471 ], [ 958340.199999999953434, 6762495.5 ], [ 958416.599999999976717, 6762669.700000000186265 ], [ 958451.800000000046566, 6762694.400000000372529 ], [ 958512.0, 6762718.900000000372529 ], [ 958586.800000000046566, 6762708.200000000186265 ], [ 958637.0, 6762737.799999999813735 ], [ 958637.099999999976717, 6762747.799999999813735 ], [ 958583.099999999976717, 6762853.200000000186265 ], [ 958543.199999999953434, 6762858.5 ], [ 958518.400000000023283, 6762888.700000000186265 ], [ 958503.800000000046566, 6762928.799999999813735 ], [ 958445.099999999976717, 6763000.099999999627471 ], [ 958455.099999999976717, 6763011.799999999813735 ], [ 958469.0, 6763032.599999999627471 ], [ 958475.5, 6763042.0 ], [ 958480.699999999953434, 6763046.200000000186265 ], [ 958491.900000000023283, 6763048.599999999627471 ], [ 958511.400000000023283, 6763053.400000000372529 ], [ 958524.300000000046566, 6763057.299999999813735 ], [ 958529.5, 6763061.799999999813735 ], [ 958540.400000000023283, 6763071.0 ], [ 958556.0, 6763092.900000000372529 ], [ 958564.0, 6763102.400000000372529 ], [ 958510.599999999976717, 6763133.599999999627471 ], [ 958460.699999999953434, 6763149.0 ], [ 958271.599999999976717, 6763230.599999999627471 ], [ 958287.300000000046566, 6763315.400000000372529 ], [ 958277.599999999976717, 6763350.5 ], [ 958223.199999999953434, 6763420.900000000372529 ], [ 958183.5, 6763446.200000000186265 ], [ 958128.5, 6763446.700000000186265 ], [ 958078.5, 6763437.099999999627471 ], [ 958018.300000000046566, 6763407.700000000186265 ], [ 957918.099999999976717, 6763378.5 ], [ 957823.099999999976717, 6763374.400000000372529 ], [ 957743.300000000046566, 6763395.0 ], [ 957683.699999999953434, 6763430.5 ], [ 957634.099999999976717, 6763475.900000000372529 ], [ 957534.800000000046566, 6763551.700000000186265 ], [ 957505.300000000046566, 6763597.0 ], [ 957495.699999999953434, 6763642.0 ], [ 957440.800000000046566, 6763652.5 ], [ 957435.900000000023283, 6763662.5 ], [ 957451.199999999953434, 6763707.400000000372529 ], [ 957410.599999999976717, 6763737.299999999813735 ], [ 957414.199999999953434, 6763777.799999999813735 ], [ 957420.800000000046566, 6763827.700000000186265 ], [ 957421.5, 6763902.700000000186265 ], [ 957437.400000000023283, 6763943.099999999627471 ], [ 957447.199999999953434, 6763989.900000000372529 ], [ 957444.400000000023283, 6764021.0 ], [ 957435.199999999953434, 6764052.400000000372529 ], [ 957391.900000000023283, 6764087.200000000186265 ], [ 957373.300000000046566, 6764112.299999999813735 ], [ 957358.0, 6764131.200000000186265 ], [ 957342.5, 6764153.099999999627471 ], [ 957340.0, 6764166.200000000186265 ], [ 957336.199999999953434, 6764173.799999999813735 ], [ 957327.300000000046566, 6764184.700000000186265 ], [ 957323.699999999953434, 6764186.700000000186265 ], [ 957315.699999999953434, 6764189.0 ], [ 957302.400000000023283, 6764192.0 ], [ 957284.199999999953434, 6764195.099999999627471 ], [ 957262.900000000023283, 6764197.900000000372529 ], [ 957240.5, 6764201.099999999627471 ], [ 957195.800000000046566, 6764214.200000000186265 ], [ 957196.0, 6764234.200000000186265 ], [ 957206.099999999976717, 6764254.099999999627471 ], [ 957226.599999999976717, 6764308.900000000372529 ], [ 957072.400000000023283, 6764390.099999999627471 ], [ 957047.0, 6764440.299999999813735 ], [ 957038.699999999953434, 6764447.700000000186265 ], [ 957021.900000000023283, 6764457.799999999813735 ], [ 956999.400000000023283, 6764467.5 ], [ 956985.099999999976717, 6764476.5 ], [ 956974.800000000046566, 6764484.0 ], [ 956948.800000000046566, 6764506.700000000186265 ], [ 956927.599999999976717, 6764529.299999999813735 ], [ 956902.5, 6764562.299999999813735 ], [ 956892.099999999976717, 6764580.900000000372529 ], [ 956889.800000000046566, 6764586.799999999813735 ], [ 956889.099999999976717, 6764590.900000000372529 ], [ 956888.699999999953434, 6764594.700000000186265 ], [ 956889.599999999976717, 6764600.799999999813735 ], [ 956895.599999999976717, 6764613.700000000186265 ], [ 956910.5, 6764643.700000000186265 ], [ 956920.199999999953434, 6764663.599999999627471 ], [ 956921.0, 6764666.599999999627471 ], [ 956921.800000000046566, 6764670.299999999813735 ], [ 956920.5, 6764676.599999999627471 ], [ 956935.0, 6764680.200000000186265 ], [ 956930.800000000046566, 6764688.799999999813735 ], [ 956923.300000000046566, 6764699.799999999813735 ], [ 956912.300000000046566, 6764710.599999999627471 ], [ 956900.400000000023283, 6764722.0 ], [ 956890.800000000046566, 6764735.700000000186265 ], [ 956884.199999999953434, 6764745.299999999813735 ], [ 956880.400000000023283, 6764756.700000000186265 ], [ 956878.800000000046566, 6764769.099999999627471 ], [ 956878.199999999953434, 6764780.5 ], [ 956880.199999999953434, 6764791.5 ], [ 956805.800000000046566, 6764862.299999999813735 ], [ 956522.900000000023283, 6765131.700000000186265 ], [ 956504.400000000023283, 6765149.5 ], [ 956504.5, 6765166.299999999813735 ], [ 956504.5, 6765169.5 ], [ 956524.699999999953434, 6765189.299999999813735 ], [ 956539.900000000023283, 6765209.200000000186265 ], [ 956515.099999999976717, 6765239.400000000372529 ], [ 956505.900000000023283, 6765329.400000000372529 ], [ 956476.300000000046566, 6765374.599999999627471 ], [ 956398.0, 6765560.200000000186265 ], [ 956403.400000000023283, 6765610.099999999627471 ], [ 956399.099999999976717, 6765690.099999999627471 ], [ 956359.199999999953434, 6765700.400000000372529 ], [ 956344.5, 6765725.5 ], [ 956339.900000000023283, 6765775.5 ], [ 956361.300000000046566, 6765858.099999999627471 ], [ 956310.800000000046566, 6765875.700000000186265 ], [ 956244.5, 6765898.0 ], [ 956148.800000000046566, 6765937.099999999627471 ], [ 956117.099999999976717, 6765950.799999999813735 ], [ 956040.300000000046566, 6765915.599999999627471 ], [ 955951.0, 6765886.599999999627471 ], [ 955873.0, 6765888.799999999813735 ], [ 955754.599999999976717, 6765924.299999999813735 ], [ 955670.400000000023283, 6765931.299999999813735 ], [ 955587.300000000046566, 6765889.700000000186265 ], [ 955579.900000000023283, 6765892.5 ], [ 955560.300000000046566, 6765882.400000000372529 ], [ 955539.199999999953434, 6765874.200000000186265 ], [ 955517.099999999976717, 6765871.599999999627471 ], [ 955507.099999999976717, 6765870.900000000372529 ], [ 955496.5, 6765870.799999999813735 ], [ 955486.300000000046566, 6765870.400000000372529 ], [ 955482.300000000046566, 6765869.599999999627471 ], [ 955473.199999999953434, 6765865.700000000186265 ], [ 955460.699999999953434, 6765859.299999999813735 ], [ 955452.5, 6765852.900000000372529 ], [ 955444.5, 6765849.200000000186265 ], [ 955428.5, 6765844.299999999813735 ], [ 955419.5, 6765842.0 ], [ 955410.199999999953434, 6765839.700000000186265 ], [ 955393.300000000046566, 6765836.599999999627471 ], [ 955376.0, 6765836.099999999627471 ], [ 955349.099999999976717, 6765834.799999999813735 ], [ 955327.300000000046566, 6765835.299999999813735 ], [ 955309.699999999953434, 6765834.099999999627471 ], [ 955294.199999999953434, 6765831.599999999627471 ], [ 955287.599999999976717, 6765828.599999999627471 ], [ 955281.199999999953434, 6765823.599999999627471 ], [ 955274.199999999953434, 6765819.200000000186265 ], [ 955270.300000000046566, 6765816.5 ], [ 955264.800000000046566, 6765812.299999999813735 ], [ 955260.900000000023283, 6765809.5 ], [ 955254.800000000046566, 6765806.099999999627471 ], [ 955242.099999999976717, 6765802.5 ], [ 955234.300000000046566, 6765799.599999999627471 ], [ 955217.800000000046566, 6765797.0 ], [ 955205.699999999953434, 6765793.400000000372529 ], [ 955188.599999999976717, 6765788.700000000186265 ], [ 955163.699999999953434, 6765783.0 ], [ 955137.099999999976717, 6765780.099999999627471 ], [ 955125.5, 6765779.099999999627471 ], [ 955116.699999999953434, 6765778.799999999813735 ], [ 955103.099999999976717, 6765779.0 ], [ 955092.599999999976717, 6765780.099999999627471 ], [ 955068.699999999953434, 6765789.099999999627471 ], [ 955056.300000000046566, 6765795.700000000186265 ], [ 955040.199999999953434, 6765799.0 ], [ 954990.900000000023283, 6765811.900000000372529 ], [ 954976.300000000046566, 6765817.0 ], [ 954961.199999999953434, 6765821.200000000186265 ], [ 954946.0, 6765827.799999999813735 ], [ 954931.400000000023283, 6765832.900000000372529 ], [ 954918.400000000023283, 6765837.400000000372529 ], [ 954909.5, 6765845.5 ], [ 954905.900000000023283, 6765848.099999999627471 ], [ 954898.900000000023283, 6765851.0 ], [ 954895.199999999953434, 6765850.400000000372529 ], [ 954889.400000000023283, 6765848.299999999813735 ], [ 954882.900000000023283, 6765848.299999999813735 ], [ 954878.800000000046566, 6765848.799999999813735 ], [ 954875.5, 6765849.299999999813735 ], [ 954870.599999999976717, 6765849.099999999627471 ], [ 954861.900000000023283, 6765848.0 ], [ 954849.599999999976717, 6765845.599999999627471 ], [ 954834.599999999976717, 6765843.200000000186265 ], [ 954819.900000000023283, 6765840.299999999813735 ], [ 954809.900000000023283, 6765838.400000000372529 ], [ 954798.599999999976717, 6765838.5 ], [ 954786.900000000023283, 6765838.599999999627471 ], [ 954782.099999999976717, 6765838.400000000372529 ], [ 954775.0, 6765835.799999999813735 ], [ 954768.400000000023283, 6765832.299999999813735 ], [ 954761.699999999953434, 6765827.099999999627471 ], [ 954751.900000000023283, 6765826.5 ], [ 954737.099999999976717, 6765826.299999999813735 ], [ 954722.300000000046566, 6765826.599999999627471 ], [ 954699.599999999976717, 6765826.400000000372529 ], [ 954689.800000000046566, 6765826.0 ], [ 954673.300000000046566, 6765825.700000000186265 ], [ 954656.5, 6765824.700000000186265 ], [ 954640.900000000023283, 6765823.299999999813735 ], [ 954625.599999999976717, 6765819.5 ], [ 954610.599999999976717, 6765814.700000000186265 ], [ 954598.300000000046566, 6765813.099999999627471 ], [ 954583.300000000046566, 6765812.400000000372529 ], [ 954568.199999999953434, 6765812.900000000372529 ], [ 954550.0, 6765813.900000000372529 ], [ 954540.400000000023283, 6765813.799999999813735 ], [ 954525.0, 6765817.400000000372529 ], [ 954514.800000000046566, 6765820.5 ], [ 954496.800000000046566, 6765825.099999999627471 ], [ 954474.5, 6765828.200000000186265 ], [ 954457.0, 6765829.400000000372529 ], [ 954446.400000000023283, 6765829.0 ], [ 954428.800000000046566, 6765826.799999999813735 ], [ 954416.699999999953434, 6765823.900000000372529 ], [ 954404.0, 6765820.700000000186265 ], [ 954394.400000000023283, 6765820.099999999627471 ], [ 954390.599999999976717, 6765818.900000000372529 ], [ 954385.5, 6765812.799999999813735 ], [ 954366.800000000046566, 6765842.5 ], [ 954352.5, 6765917.599999999627471 ], [ 954327.699999999953434, 6765942.799999999813735 ], [ 954303.0, 6765973.0 ], [ 954313.5, 6766032.799999999813735 ], [ 954299.0, 6766082.900000000372529 ], [ 954314.199999999953434, 6766117.799999999813735 ], [ 954294.599999999976717, 6766152.900000000372529 ], [ 954325.0, 6766207.599999999627471 ], [ 954315.800000000046566, 6766292.599999999627471 ], [ 954286.599999999976717, 6766392.799999999813735 ], [ 954167.699999999953434, 6766503.799999999813735 ], [ 954168.0, 6766543.700000000186265 ], [ 954153.5, 6766593.799999999813735 ], [ 954159.0, 6766653.700000000186265 ], [ 954154.5, 6766718.700000000186265 ], [ 954120.5, 6766823.900000000372529 ], [ 954116.099999999976717, 6766893.900000000372529 ], [ 953915.699999999953434, 6766997.599999999627471 ], [ 953855.0, 6767012.200000000186265 ], [ 953799.0, 6767036.099999999627471 ], [ 953747.699999999953434, 6767061.5 ], [ 953701.0, 6767079.099999999627471 ], [ 953627.900000000023283, 6767114.099999999627471 ], [ 953568.0, 6767068.5 ], [ 953298.199999999953434, 6767070.900000000372529 ], [ 953273.300000000046566, 6767086.099999999627471 ], [ 953119.400000000023283, 6767197.299999999813735 ], [ 953080.0, 6767262.599999999627471 ], [ 953055.400000000023283, 6767307.799999999813735 ], [ 952967.300000000046566, 6767523.400000000372529 ], [ 953010.800000000046566, 6767669.900000000372529 ], [ 952923.800000000046566, 6767679.0 ], [ 952867.400000000023283, 6767689.0 ], [ 952849.699999999953434, 6767670.299999999813735 ], [ 952826.400000000023283, 6767652.799999999813735 ], [ 952783.900000000023283, 6767622.099999999627471 ], [ 952751.199999999953434, 6767601.400000000372529 ], [ 952718.599999999976717, 6767583.700000000186265 ], [ 952691.699999999953434, 6767569.400000000372529 ], [ 952670.300000000046566, 6767554.099999999627471 ], [ 952635.099999999976717, 6767528.099999999627471 ], [ 952608.0, 6767505.599999999627471 ], [ 952601.0, 6767496.400000000372529 ], [ 952596.0, 6767486.200000000186265 ], [ 952591.400000000023283, 6767472.400000000372529 ], [ 952587.300000000046566, 6767453.0 ], [ 952584.300000000046566, 6767435.799999999813735 ], [ 952342.199999999953434, 6767453.900000000372529 ], [ 952232.300000000046566, 6767427.900000000372529 ], [ 952147.300000000046566, 6767424.200000000186265 ], [ 952046.900000000023283, 6767440.700000000186265 ], [ 951973.599999999976717, 6767488.200000000186265 ], [ 951913.300000000046566, 6767543.099999999627471 ], [ 951892.0, 6767551.200000000186265 ], [ 951870.099999999976717, 6767556.5 ], [ 951846.300000000046566, 6767557.599999999627471 ], [ 951826.800000000046566, 6767560.5 ], [ 951804.800000000046566, 6767566.0 ], [ 951782.699999999953434, 6767560.799999999813735 ], [ 951757.599999999976717, 6767556.799999999813735 ], [ 951732.199999999953434, 6767559.400000000372529 ], [ 951710.400000000023283, 6767564.299999999813735 ], [ 951695.400000000023283, 6767566.900000000372529 ], [ 951650.699999999953434, 6767604.900000000372529 ], [ 951597.199999999953434, 6767623.299999999813735 ], [ 951499.099999999976717, 6767637.5 ], [ 951472.300000000046566, 6767644.400000000372529 ], [ 951443.300000000046566, 6767647.0 ], [ 951378.900000000023283, 6767678.799999999813735 ], [ 951316.699999999953434, 6767719.5 ], [ 951269.800000000046566, 6767735.599999999627471 ], [ 951205.099999999976717, 6767740.599999999627471 ], [ 951164.800000000046566, 6767740.900000000372529 ], [ 951098.199999999953434, 6767777.200000000186265 ], [ 951061.199999999953434, 6767814.700000000186265 ], [ 951065.099999999976717, 6767851.099999999627471 ], [ 951098.199999999953434, 6767892.900000000372529 ], [ 951159.5, 6767937.700000000186265 ], [ 951239.5, 6767988.5 ], [ 951282.199999999953434, 6768045.900000000372529 ], [ 951284.300000000046566, 6768105.200000000186265 ], [ 951298.699999999953434, 6768137.900000000372529 ], [ 951353.699999999953434, 6768189.0 ], [ 951400.800000000046566, 6768223.0 ], [ 951426.099999999976717, 6768253.900000000372529 ], [ 951449.900000000023283, 6768288.099999999627471 ], [ 951479.599999999976717, 6768303.400000000372529 ], [ 951515.599999999976717, 6768309.400000000372529 ], [ 951551.599999999976717, 6768323.099999999627471 ], [ 951581.300000000046566, 6768324.400000000372529 ], [ 951618.800000000046566, 6768331.799999999813735 ], [ 951645.5, 6768341.099999999627471 ], [ 951684.599999999976717, 6768356.200000000186265 ], [ 951725.400000000023283, 6768370.099999999627471 ], [ 951767.699999999953434, 6768396.200000000186265 ], [ 951802.099999999976717, 6768405.200000000186265 ], [ 951835.0, 6768415.900000000372529 ], [ 951891.5, 6768438.900000000372529 ], [ 951927.400000000023283, 6768443.299999999813735 ], [ 951933.699999999953434, 6768443.200000000186265 ], [ 951966.5, 6768442.900000000372529 ], [ 951992.900000000023283, 6768442.700000000186265 ], [ 952027.400000000023283, 6768454.900000000372529 ], [ 952065.0, 6768468.5 ], [ 952097.800000000046566, 6768469.900000000372529 ], [ 952152.400000000023283, 6768464.599999999627471 ], [ 952189.900000000023283, 6768469.099999999627471 ], [ 952215.0, 6768482.799999999813735 ], [ 952229.300000000046566, 6768501.400000000372529 ], [ 952240.599999999976717, 6768524.799999999813735 ], [ 952270.5, 6768554.299999999813735 ], [ 952303.5, 6768575.900000000372529 ], [ 952310.0, 6768618.0 ], [ 952296.300000000046566, 6768643.099999999627471 ], [ 952262.400000000023283, 6768704.299999999813735 ], [ 952247.5, 6768777.900000000372529 ], [ 952237.0, 6768835.599999999627471 ], [ 952234.300000000046566, 6768885.599999999627471 ], [ 952245.699999999953434, 6768943.400000000372529 ], [ 952250.800000000046566, 6768988.599999999627471 ], [ 952258.800000000046566, 6769021.299999999813735 ], [ 952243.800000000046566, 6769079.200000000186265 ], [ 952227.0, 6769129.299999999813735 ], [ 952227.300000000046566, 6769159.0 ], [ 952233.699999999953434, 6769177.700000000186265 ], [ 952248.0, 6769215.0 ], [ 952272.099999999976717, 6769278.799999999813735 ], [ 952294.199999999953434, 6769306.700000000186265 ], [ 952303.800000000046566, 6769341.0 ], [ 952296.199999999953434, 6769370.700000000186265 ], [ 952290.300000000046566, 6769391.200000000186265 ], [ 952279.699999999953434, 6769419.299999999813735 ], [ 952273.599999999976717, 6769447.400000000372529 ], [ 952280.199999999953434, 6769480.200000000186265 ], [ 952280.5, 6769520.799999999813735 ], [ 952280.900000000023283, 6769559.700000000186265 ], [ 952288.900000000023283, 6769587.799999999813735 ], [ 952293.800000000046566, 6769611.299999999813735 ], [ 952311.199999999953434, 6769644.599999999627471 ], [ 952366.5, 6769724.599999999627471 ], [ 952383.199999999953434, 6769754.099999999627471 ], [ 952403.900000000023283, 6769808.5 ], [ 952416.099999999976717, 6769847.400000000372529 ], [ 952437.400000000023283, 6769875.5 ], [ 952479.800000000046566, 6769908.700000000186265 ], [ 952516.0, 6769943.400000000372529 ], [ 952560.599999999976717, 6769954.0 ], [ 952607.5, 6769962.900000000372529 ], [ 952652.099999999976717, 6769971.900000000372529 ], [ 952694.199999999953434, 6769970.799999999813735 ], [ 952728.5, 6769953.299999999813735 ], [ 952754.099999999976717, 6769940.599999999627471 ], [ 952792.400000000023283, 6769949.5 ], [ 952824.5, 6769956.299999999813735 ], [ 952895.599999999976717, 6769961.099999999627471 ], [ 952927.699999999953434, 6769970.400000000372529 ], [ 952940.300000000046566, 6769981.900000000372529 ], [ 952952.099999999976717, 6769982.799999999813735 ], [ 952995.800000000046566, 6769984.0 ], [ 953027.0, 6769984.400000000372529 ], [ 953076.300000000046566, 6769992.599999999627471 ], [ 953146.699999999953434, 6770010.700000000186265 ], [ 953190.599999999976717, 6770026.700000000186265 ], [ 953225.900000000023283, 6770049.700000000186265 ], [ 953259.599999999976717, 6770069.099999999627471 ], [ 953311.099999999976717, 6770091.0 ], [ 953337.199999999953434, 6770113.5 ], [ 953379.199999999953434, 6770159.0 ], [ 953388.599999999976717, 6770172.400000000372529 ], [ 953392.300000000046566, 6770198.700000000186265 ], [ 953408.599999999976717, 6770199.5 ], [ 953430.400000000023283, 6770196.900000000372529 ], [ 953451.599999999976717, 6770190.700000000186265 ], [ 953574.900000000023283, 6770186.299999999813735 ], [ 953631.0, 6770178.799999999813735 ], [ 953646.800000000046566, 6770199.799999999813735 ], [ 953654.699999999953434, 6770208.599999999627471 ], [ 953658.400000000023283, 6770217.700000000186265 ], [ 953661.800000000046566, 6770228.299999999813735 ], [ 953666.400000000023283, 6770240.599999999627471 ], [ 953670.800000000046566, 6770251.700000000186265 ], [ 953666.800000000046566, 6770260.799999999813735 ], [ 953663.699999999953434, 6770269.200000000186265 ], [ 953666.099999999976717, 6770280.599999999627471 ], [ 953681.800000000046566, 6770323.099999999627471 ], [ 953694.099999999976717, 6770343.0 ], [ 953708.599999999976717, 6770365.299999999813735 ], [ 953725.099999999976717, 6770388.900000000372529 ], [ 953741.199999999953434, 6770416.400000000372529 ], [ 953757.300000000046566, 6770440.400000000372529 ], [ 953775.599999999976717, 6770453.700000000186265 ], [ 953790.900000000023283, 6770465.799999999813735 ], [ 953804.400000000023283, 6770481.200000000186265 ], [ 953817.699999999953434, 6770501.099999999627471 ], [ 953822.800000000046566, 6770519.599999999627471 ], [ 953824.599999999976717, 6770536.200000000186265 ], [ 953824.400000000023283, 6770545.700000000186265 ], [ 953824.300000000046566, 6770548.099999999627471 ], [ 953818.099999999976717, 6770617.599999999627471 ], [ 953813.400000000023283, 6770644.099999999627471 ], [ 953802.400000000023283, 6770666.799999999813735 ], [ 953769.599999999976717, 6770709.599999999627471 ], [ 953707.800000000046566, 6770788.400000000372529 ], [ 953669.800000000046566, 6770838.799999999813735 ], [ 953660.699999999953434, 6770855.400000000372529 ], [ 953656.400000000023283, 6770874.900000000372529 ], [ 953648.0, 6770912.900000000372529 ], [ 953648.599999999976717, 6770984.799999999813735 ], [ 953659.699999999953434, 6771040.599999999627471 ], [ 953699.099999999976717, 6771104.900000000372529 ], [ 953732.900000000023283, 6771178.299999999813735 ], [ 953784.900000000023283, 6771223.0 ], [ 953797.900000000023283, 6771227.5 ], [ 953847.400000000023283, 6771241.900000000372529 ], [ 953876.699999999953434, 6771266.0 ], [ 953902.900000000023283, 6771286.700000000186265 ], [ 953935.099999999976717, 6771304.700000000186265 ], [ 953946.300000000046566, 6771314.0 ], [ 953956.599999999976717, 6771322.5 ], [ 953980.0, 6771346.700000000186265 ], [ 954005.0, 6771375.299999999813735 ], [ 954037.400000000023283, 6771421.599999999627471 ], [ 954047.5, 6771436.099999999627471 ], [ 954104.5, 6771496.5 ], [ 954169.099999999976717, 6771490.299999999813735 ], [ 954222.599999999976717, 6771395.5 ], [ 954232.599999999976717, 6771354.599999999627471 ], [ 954255.599999999976717, 6771246.900000000372529 ], [ 954287.699999999953434, 6771168.599999999627471 ], [ 954321.5, 6771107.400000000372529 ], [ 954356.199999999953434, 6771059.099999999627471 ], [ 954370.699999999953434, 6770923.900000000372529 ], [ 954513.0, 6770617.900000000372529 ], [ 954594.099999999976717, 6770442.400000000372529 ], [ 954603.699999999953434, 6770441.5 ], [ 954610.599999999976717, 6770435.799999999813735 ], [ 954615.5, 6770426.799999999813735 ], [ 954618.800000000046566, 6770408.299999999813735 ], [ 954631.5, 6770367.400000000372529 ], [ 954648.800000000046566, 6770318.900000000372529 ], [ 954651.599999999976717, 6770301.200000000186265 ], [ 954712.699999999953434, 6770026.599999999627471 ], [ 954781.900000000023283, 6769904.400000000372529 ], [ 954791.099999999976717, 6769901.700000000186265 ], [ 954840.800000000046566, 6769787.900000000372529 ], [ 954903.599999999976717, 6769827.900000000372529 ], [ 954921.0, 6769848.099999999627471 ], [ 954935.599999999976717, 6769916.5 ], [ 954965.5, 6769950.799999999813735 ], [ 954965.699999999953434, 6769968.0 ], [ 954958.199999999953434, 6770010.200000000186265 ], [ 954983.599999999976717, 6770053.5 ], [ 955021.199999999953434, 6770075.200000000186265 ], [ 955059.0, 6770112.299999999813735 ], [ 955117.5, 6770188.299999999813735 ], [ 955163.400000000023283, 6770256.599999999627471 ], [ 955195.400000000023283, 6770321.900000000372529 ], [ 955215.0, 6770355.099999999627471 ], [ 955228.0, 6770377.400000000372529 ], [ 955217.300000000046566, 6770399.299999999813735 ], [ 955221.099999999976717, 6770424.200000000186265 ], [ 955235.599999999976717, 6770426.599999999627471 ], [ 955247.300000000046566, 6770431.900000000372529 ], [ 955252.199999999953434, 6770448.900000000372529 ], [ 955263.199999999953434, 6770477.0 ], [ 955277.099999999976717, 6770501.200000000186265 ], [ 955297.699999999953434, 6770534.5 ], [ 955317.199999999953434, 6770557.200000000186265 ], [ 955340.099999999976717, 6770578.0 ], [ 955370.400000000023283, 6770596.799999999813735 ], [ 955391.199999999953434, 6770607.099999999627471 ], [ 955400.699999999953434, 6770617.400000000372529 ], [ 955405.0, 6770638.799999999813735 ], [ 955638.5, 6770763.099999999627471 ], [ 955819.400000000023283, 6770886.400000000372529 ], [ 955885.5, 6770910.0 ], [ 955970.0, 6770977.799999999813735 ], [ 955993.599999999976717, 6770984.900000000372529 ], [ 956010.300000000046566, 6770994.0 ], [ 956022.300000000046566, 6771003.599999999627471 ], [ 956038.800000000046566, 6771018.299999999813735 ], [ 956305.599999999976717, 6771062.099999999627471 ], [ 956595.699999999953434, 6771099.599999999627471 ], [ 956950.699999999953434, 6771121.5 ], [ 957225.400000000023283, 6771114.099999999627471 ], [ 957719.199999999953434, 6771009.900000000372529 ], [ 957913.699999999953434, 6770973.299999999813735 ], [ 958185.800000000046566, 6770970.700000000186265 ], [ 958250.699999999953434, 6770987.400000000372529 ], [ 958333.199999999953434, 6771006.400000000372529 ], [ 958373.099999999976717, 6771016.599999999627471 ], [ 958462.300000000046566, 6771037.799999999813735 ], [ 958497.0, 6771047.200000000186265 ], [ 958551.800000000046566, 6771060.400000000372529 ], [ 958575.400000000023283, 6771092.599999999627471 ], [ 958628.900000000023283, 6771126.5 ], [ 958682.0, 6771138.5 ], [ 958749.199999999953434, 6771139.599999999627471 ], [ 958810.0, 6771132.700000000186265 ], [ 958889.599999999976717, 6771130.5 ], [ 959067.5, 6771125.799999999813735 ], [ 959169.199999999953434, 6771132.299999999813735 ], [ 959258.099999999976717, 6771129.400000000372529 ], [ 959490.800000000046566, 6771128.599999999627471 ], [ 959608.0, 6771116.299999999813735 ], [ 959617.400000000023283, 6771108.599999999627471 ], [ 959631.0, 6771108.599999999627471 ], [ 959639.300000000046566, 6771106.0 ], [ 959645.099999999976717, 6771100.0 ], [ 959651.400000000023283, 6771098.900000000372529 ], [ 959679.300000000046566, 6771095.599999999627471 ], [ 959740.900000000023283, 6771093.200000000186265 ], [ 959749.400000000023283, 6771057.599999999627471 ], [ 959622.300000000046566, 6770948.5 ], [ 959577.0, 6770904.0 ], [ 959406.800000000046566, 6770870.5 ], [ 959386.599999999976717, 6770850.599999999627471 ], [ 959338.900000000023283, 6770789.200000000186265 ], [ 959315.0, 6770781.299999999813735 ], [ 959397.800000000046566, 6770738.799999999813735 ], [ 959393.400000000023283, 6770670.099999999627471 ], [ 959394.300000000046566, 6770584.200000000186265 ], [ 959436.5, 6770531.400000000372529 ], [ 959526.400000000023283, 6770506.700000000186265 ], [ 959528.5, 6770463.799999999813735 ], [ 959519.699999999953434, 6770405.799999999813735 ], [ 959443.300000000046566, 6770385.5 ], [ 959403.599999999976717, 6770357.299999999813735 ], [ 959390.5, 6770321.900000000372529 ], [ 959374.199999999953434, 6770292.5 ], [ 959346.300000000046566, 6770228.900000000372529 ], [ 959400.0, 6770206.299999999813735 ], [ 959438.199999999953434, 6770203.099999999627471 ], [ 959436.300000000046566, 6770267.900000000372529 ], [ 959487.599999999976717, 6770285.700000000186265 ], [ 959590.300000000046566, 6770466.799999999813735 ], [ 959717.400000000023283, 6770541.799999999813735 ], [ 959852.5, 6770586.700000000186265 ], [ 959951.099999999976717, 6770657.0 ], [ 960004.900000000023283, 6770565.200000000186265 ], [ 959950.400000000023283, 6770475.799999999813735 ], [ 959964.800000000046566, 6770415.799999999813735 ], [ 959963.199999999953434, 6770333.200000000186265 ], [ 960088.300000000046566, 6770370.400000000372529 ], [ 960347.099999999976717, 6770425.200000000186265 ], [ 960464.5, 6770441.5 ], [ 960522.199999999953434, 6770397.400000000372529 ], [ 960546.0, 6770410.200000000186265 ], [ 960585.699999999953434, 6770440.900000000372529 ], [ 960643.599999999976717, 6770482.099999999627471 ], [ 960659.099999999976717, 6770494.200000000186265 ], [ 960692.0, 6770519.900000000372529 ], [ 960720.099999999976717, 6770543.599999999627471 ], [ 960740.099999999976717, 6770554.700000000186265 ], [ 960766.400000000023283, 6770576.900000000372529 ], [ 960808.800000000046566, 6770601.5 ], [ 960871.5, 6770629.099999999627471 ], [ 960913.800000000046566, 6770645.900000000372529 ], [ 960976.5, 6770673.299999999813735 ], [ 961031.300000000046566, 6770688.5 ], [ 961134.800000000046566, 6770742.299999999813735 ], [ 961160.0, 6770762.400000000372529 ], [ 961197.800000000046566, 6770807.299999999813735 ], [ 961243.199999999953434, 6770824.099999999627471 ], [ 961283.400000000023283, 6770823.799999999813735 ], [ 961319.599999999976717, 6770842.700000000186265 ], [ 961356.0, 6770860.700000000186265 ], [ 961404.900000000023283, 6770882.0 ], [ 961450.5, 6770902.5 ], [ 961530.5, 6770892.099999999627471 ], [ 961570.400000000023283, 6770881.799999999813735 ], [ 961615.400000000023283, 6770886.400000000372529 ], [ 961660.599999999976717, 6770915.900000000372529 ], [ 961681.900000000023283, 6770951.700000000186265 ], [ 961710.300000000046566, 6770993.5 ], [ 961742.900000000023283, 6771024.299999999813735 ], [ 961765.199999999953434, 6771034.299999999813735 ], [ 961779.0, 6771039.299999999813735 ], [ 961860.099999999976717, 6771074.400000000372529 ], [ 961876.300000000046566, 6771135.099999999627471 ], [ 961982.0, 6771103.0 ], [ 962041.900000000023283, 6771087.5 ], [ 962106.900000000023283, 6771097.0 ], [ 962146.900000000023283, 6771096.599999999627471 ], [ 962171.699999999953434, 6771081.400000000372529 ], [ 962231.699999999953434, 6771085.900000000372529 ], [ 962337.400000000023283, 6771169.900000000372529 ], [ 962437.800000000046566, 6771224.0 ], [ 962518.099999999976717, 6771273.299999999813735 ], [ 962485.5, 6771308.299999999813735 ], [ 962330.0, 6771474.799999999813735 ], [ 962305.400000000023283, 6771515.0 ], [ 962211.0, 6771617.400000000372529 ], [ 962190.800000000046566, 6771666.799999999813735 ], [ 962173.900000000023283, 6771693.700000000186265 ], [ 962166.800000000046566, 6771702.0 ], [ 962125.400000000023283, 6771736.700000000186265 ], [ 962048.099999999976717, 6771802.799999999813735 ], [ 962033.199999999953434, 6771815.299999999813735 ], [ 962022.900000000023283, 6771823.900000000372529 ], [ 961972.400000000023283, 6771863.099999999627471 ], [ 961924.099999999976717, 6771898.799999999813735 ], [ 961817.0, 6771971.5 ], [ 961804.300000000046566, 6771980.599999999627471 ], [ 961747.0, 6772012.700000000186265 ], [ 961676.800000000046566, 6772052.700000000186265 ], [ 961621.099999999976717, 6772125.400000000372529 ], [ 961606.599999999976717, 6772180.5 ], [ 961567.099999999976717, 6772230.799999999813735 ], [ 961463.800000000046566, 6772416.599999999627471 ], [ 961350.699999999953434, 6772733.5 ], [ 961359.800000000046566, 6772771.900000000372529 ], [ 961411.5, 6772800.799999999813735 ], [ 961457.800000000046566, 6772881.299999999813735 ], [ 961564.599999999976717, 6773105.299999999813735 ], [ 961610.900000000023283, 6773249.799999999813735 ], [ 961629.800000000046566, 6773576.900000000372529 ], [ 961649.5, 6774236.700000000186265 ], [ 961650.0, 6774245.299999999813735 ], [ 961650.199999999953434, 6774254.0 ], [ 961651.0, 6774268.5 ], [ 961651.900000000023283, 6774296.400000000372529 ], [ 961651.699999999953434, 6774329.5 ], [ 961649.5, 6774358.799999999813735 ], [ 961646.300000000046566, 6774387.900000000372529 ], [ 961643.400000000023283, 6774415.799999999813735 ], [ 961640.699999999953434, 6774444.0 ], [ 961638.900000000023283, 6774457.700000000186265 ], [ 961636.199999999953434, 6774475.0 ], [ 961632.900000000023283, 6774487.5 ], [ 961627.300000000046566, 6774501.799999999813735 ], [ 961625.400000000023283, 6774511.5 ], [ 961625.199999999953434, 6774517.5 ], [ 961625.599999999976717, 6774523.900000000372529 ], [ 961626.900000000023283, 6774528.900000000372529 ], [ 961630.800000000046566, 6774536.900000000372529 ], [ 961638.400000000023283, 6774552.900000000372529 ], [ 961644.800000000046566, 6774572.099999999627471 ], [ 961651.199999999953434, 6774592.099999999627471 ], [ 961653.0, 6774605.099999999627471 ], [ 961653.5, 6774618.099999999627471 ], [ 961653.699999999953434, 6774636.200000000186265 ], [ 961653.5, 6774654.099999999627471 ], [ 961654.599999999976717, 6774668.700000000186265 ], [ 961656.099999999976717, 6774679.5 ], [ 961658.699999999953434, 6774691.299999999813735 ], [ 961662.5, 6774699.599999999627471 ], [ 961667.699999999953434, 6774706.599999999627471 ], [ 961671.699999999953434, 6774710.700000000186265 ], [ 961676.5, 6774713.900000000372529 ], [ 961679.5, 6774715.299999999813735 ], [ 961670.199999999953434, 6774785.200000000186265 ], [ 961646.099999999976717, 6774893.099999999627471 ], [ 961625.699999999953434, 6774963.400000000372529 ], [ 961592.0, 6775113.599999999627471 ], [ 961552.699999999953434, 6775188.900000000372529 ], [ 961508.199999999953434, 6775244.299999999813735 ], [ 961454.300000000046566, 6775337.900000000372529 ], [ 961446.699999999953434, 6775362.900000000372529 ], [ 961432.900000000023283, 6775388.0 ], [ 961412.699999999953434, 6775402.200000000186265 ], [ 961375.400000000023283, 6775421.299999999813735 ], [ 961330.300000000046566, 6775448.299999999813735 ], [ 961299.300000000046566, 6775471.900000000372529 ], [ 961273.0, 6775500.200000000186265 ], [ 961238.300000000046566, 6775585.700000000186265 ], [ 961236.699999999953434, 6775589.200000000186265 ], [ 961237.599999999976717, 6775597.099999999627471 ], [ 961238.699999999953434, 6775604.900000000372529 ], [ 961239.599999999976717, 6775613.599999999627471 ], [ 961241.699999999953434, 6775624.299999999813735 ], [ 961232.0, 6775671.400000000372529 ], [ 961217.400000000023283, 6775711.5 ], [ 961212.900000000023283, 6775766.5 ], [ 961231.300000000046566, 6775815.400000000372529 ], [ 961232.400000000023283, 6775823.099999999627471 ], [ 961232.900000000023283, 6775831.5 ], [ 961234.099999999976717, 6775841.0 ], [ 961235.199999999953434, 6775850.200000000186265 ], [ 961236.699999999953434, 6775859.400000000372529 ], [ 961237.199999999953434, 6775869.200000000186265 ], [ 961236.800000000046566, 6775880.5 ], [ 961237.199999999953434, 6775888.799999999813735 ], [ 961239.699999999953434, 6775896.099999999627471 ], [ 961240.599999999976717, 6775897.900000000372529 ], [ 961242.199999999953434, 6775901.200000000186265 ], [ 961245.099999999976717, 6775904.400000000372529 ], [ 961248.900000000023283, 6775907.099999999627471 ], [ 961253.300000000046566, 6775909.700000000186265 ], [ 961258.300000000046566, 6775912.799999999813735 ], [ 961263.599999999976717, 6775916.0 ], [ 961266.0, 6775919.5 ], [ 961269.800000000046566, 6775929.5 ], [ 961271.699999999953434, 6775937.0 ], [ 961275.599999999976717, 6775947.5 ], [ 961278.400000000023283, 6775953.099999999627471 ], [ 961280.300000000046566, 6775959.900000000372529 ], [ 961283.099999999976717, 6775965.900000000372529 ], [ 961286.599999999976717, 6775971.400000000372529 ], [ 961290.300000000046566, 6775976.099999999627471 ], [ 961294.099999999976717, 6775980.700000000186265 ], [ 961298.400000000023283, 6775984.900000000372529 ], [ 961301.300000000046566, 6775991.299999999813735 ], [ 961303.300000000046566, 6775995.799999999813735 ], [ 961304.5, 6775999.599999999627471 ], [ 961303.800000000046566, 6776005.099999999627471 ], [ 961300.699999999953434, 6776009.0 ], [ 961298.400000000023283, 6776011.599999999627471 ], [ 961299.699999999953434, 6776015.099999999627471 ], [ 961303.599999999976717, 6776018.099999999627471 ], [ 961306.800000000046566, 6776023.200000000186265 ], [ 961308.800000000046566, 6776028.799999999813735 ], [ 961308.900000000023283, 6776035.400000000372529 ], [ 961307.900000000023283, 6776041.200000000186265 ], [ 961305.5, 6776048.799999999813735 ], [ 961302.699999999953434, 6776055.799999999813735 ], [ 961301.699999999953434, 6776065.5 ], [ 961302.400000000023283, 6776075.0 ], [ 961304.199999999953434, 6776083.099999999627471 ], [ 961305.199999999953434, 6776091.0 ], [ 961305.900000000023283, 6776099.700000000186265 ], [ 961305.300000000046566, 6776111.599999999627471 ], [ 961304.800000000046566, 6776119.900000000372529 ], [ 961305.300000000046566, 6776127.700000000186265 ], [ 961307.199999999953434, 6776136.200000000186265 ], [ 961309.599999999976717, 6776142.700000000186265 ], [ 961312.400000000023283, 6776150.0 ], [ 961314.300000000046566, 6776159.0 ], [ 961316.400000000023283, 6776168.299999999813735 ], [ 961317.099999999976717, 6776177.099999999627471 ], [ 961317.800000000046566, 6776184.900000000372529 ], [ 961317.599999999976717, 6776192.400000000372529 ], [ 961316.5, 6776202.0 ], [ 961315.5, 6776209.400000000372529 ], [ 961315.400000000023283, 6776216.599999999627471 ], [ 961316.5, 6776223.400000000372529 ], [ 961318.300000000046566, 6776229.299999999813735 ], [ 961319.800000000046566, 6776235.299999999813735 ], [ 961320.800000000046566, 6776241.400000000372529 ], [ 961320.900000000023283, 6776247.5 ], [ 961319.900000000023283, 6776255.5 ], [ 961317.099999999976717, 6776272.400000000372529 ], [ 961315.699999999953434, 6776282.299999999813735 ], [ 961315.099999999976717, 6776290.0 ], [ 961315.099999999976717, 6776296.5 ], [ 961316.199999999953434, 6776303.200000000186265 ], [ 961318.599999999976717, 6776307.0 ], [ 961320.099999999976717, 6776313.5 ], [ 961321.0, 6776319.900000000372529 ], [ 961321.699999999953434, 6776326.599999999627471 ], [ 961324.0, 6776333.799999999813735 ], [ 961328.199999999953434, 6776339.799999999813735 ], [ 961477.699999999953434, 6776348.799999999813735 ], [ 962048.0, 6776342.900000000372529 ], [ 962061.0, 6776341.799999999813735 ], [ 962732.800000000046566, 6776288.599999999627471 ], [ 962747.099999999976717, 6776287.400000000372529 ], [ 963095.099999999976717, 6776240.200000000186265 ], [ 963213.5, 6776203.200000000186265 ], [ 963356.599999999976717, 6776168.799999999813735 ], [ 963366.199999999953434, 6776166.099999999627471 ], [ 963377.599999999976717, 6776161.299999999813735 ], [ 963387.5, 6776156.0 ], [ 963396.0, 6776150.599999999627471 ], [ 963455.199999999953434, 6776174.599999999627471 ], [ 963568.199999999953434, 6776570.5 ], [ 963640.0, 6776784.799999999813735 ], [ 963656.300000000046566, 6776934.5 ], [ 963681.699999999953434, 6776984.299999999813735 ], [ 963761.800000000046566, 6777022.200000000186265 ], [ 963870.5, 6777093.400000000372529 ], [ 964021.199999999953434, 6777161.799999999813735 ], [ 964030.199999999953434, 6777165.900000000372529 ], [ 964118.699999999953434, 6777206.200000000186265 ], [ 964344.099999999976717, 6777308.599999999627471 ], [ 964329.199999999953434, 6777539.5 ], [ 964338.199999999953434, 6777783.099999999627471 ], [ 964341.0, 6777884.0 ], [ 964318.800000000046566, 6778437.799999999813735 ], [ 964319.800000000046566, 6778542.700000000186265 ], [ 964296.599999999976717, 6778757.700000000186265 ], [ 964307.400000000023283, 6778842.599999999627471 ], [ 964348.199999999953434, 6778942.200000000186265 ], [ 964376.5, 6779010.400000000372529 ], [ 964338.800000000046566, 6779306.0 ], [ 964313.0, 6779577.799999999813735 ], [ 964320.699999999953434, 6779593.5 ], [ 964370.300000000046566, 6779694.5 ], [ 964446.300000000046566, 6779885.700000000186265 ], [ 964502.599999999976717, 6780044.299999999813735 ], [ 964657.199999999953434, 6780138.700000000186265 ], [ 964770.099999999976717, 6780190.900000000372529 ], [ 964825.0, 6780223.200000000186265 ], [ 964945.699999999953434, 6780278.299999999813735 ], [ 965099.699999999953434, 6780366.5 ], [ 965210.699999999953434, 6780459.5 ], [ 965375.099999999976717, 6780601.900000000372529 ], [ 965517.099999999976717, 6780728.900000000372529 ], [ 965580.0, 6780777.599999999627471 ], [ 965546.0, 6780819.299999999813735 ], [ 965558.699999999953434, 6780835.400000000372529 ], [ 965592.800000000046566, 6780893.200000000186265 ], [ 965618.300000000046566, 6780948.400000000372529 ], [ 965654.900000000023283, 6780933.200000000186265 ], [ 965744.199999999953434, 6780877.799999999813735 ], [ 965759.099999999976717, 6780872.299999999813735 ], [ 965853.0, 6780903.5 ], [ 966123.800000000046566, 6780956.700000000186265 ], [ 966174.400000000023283, 6781114.099999999627471 ], [ 966243.300000000046566, 6781205.700000000186265 ], [ 966711.099999999976717, 6781203.400000000372529 ], [ 966756.400000000023283, 6781206.900000000372529 ], [ 966754.099999999976717, 6781329.0 ], [ 966749.5, 6781344.799999999813735 ], [ 966751.400000000023283, 6781377.5 ], [ 966743.900000000023283, 6781412.0 ], [ 966747.5, 6781474.400000000372529 ], [ 966748.099999999976717, 6781535.200000000186265 ], [ 966745.400000000023283, 6781583.599999999627471 ], [ 966745.800000000046566, 6781625.799999999813735 ], [ 966749.0, 6781647.700000000186265 ], [ 966783.900000000023283, 6781703.5 ], [ 966799.699999999953434, 6781726.900000000372529 ], [ 966803.0, 6781747.099999999627471 ], [ 966810.900000000023283, 6781765.700000000186265 ], [ 966822.199999999953434, 6781799.599999999627471 ], [ 966834.699999999953434, 6782014.400000000372529 ], [ 966824.199999999953434, 6782063.400000000372529 ], [ 966783.599999999976717, 6782148.200000000186265 ], [ 966785.599999999976717, 6782278.599999999627471 ], [ 966823.099999999976717, 6782297.299999999813735 ], [ 966829.800000000046566, 6782353.400000000372529 ], [ 966860.0, 6782410.900000000372529 ], [ 966868.5, 6782501.200000000186265 ], [ 966881.300000000046566, 6782534.099999999627471 ], [ 966909.699999999953434, 6782569.700000000186265 ], [ 966922.599999999976717, 6782619.599999999627471 ], [ 966944.900000000023283, 6782660.0 ], [ 966967.0, 6782684.799999999813735 ], [ 966990.699999999953434, 6782726.700000000186265 ], [ 967026.900000000023283, 6782751.400000000372529 ], [ 967036.5, 6782784.099999999627471 ], [ 967055.599999999976717, 6782822.900000000372529 ], [ 967068.5, 6782880.5 ], [ 967084.699999999953434, 6782947.599999999627471 ], [ 967129.099999999976717, 6783209.5 ], [ 967134.099999999976717, 6783245.400000000372529 ], [ 967112.599999999976717, 6783289.299999999813735 ], [ 967089.099999999976717, 6783319.599999999627471 ], [ 967077.099999999976717, 6783329.900000000372529 ], [ 967077.699999999953434, 6783339.599999999627471 ], [ 967076.900000000023283, 6783346.400000000372529 ], [ 967073.099999999976717, 6783357.299999999813735 ], [ 967067.300000000046566, 6783373.299999999813735 ], [ 967060.400000000023283, 6783398.200000000186265 ], [ 967056.599999999976717, 6783423.0 ], [ 967056.0, 6783438.5 ], [ 967057.199999999953434, 6783443.900000000372529 ], [ 967061.0, 6783525.599999999627471 ], [ 967116.300000000046566, 6783565.099999999627471 ], [ 967146.300000000046566, 6783569.799999999813735 ], [ 967220.900000000023283, 6783524.200000000186265 ], [ 967285.599999999976717, 6783503.599999999627471 ], [ 967410.300000000046566, 6783477.599999999627471 ], [ 967489.400000000023283, 6783476.900000000372529 ], [ 967489.599999999976717, 6783503.200000000186265 ], [ 967497.699999999953434, 6783548.099999999627471 ], [ 967524.900000000023283, 6783631.299999999813735 ], [ 967536.900000000023283, 6783646.099999999627471 ], [ 967613.099999999976717, 6783694.0 ], [ 967658.5, 6783717.0 ], [ 967693.699999999953434, 6783744.200000000186265 ], [ 967724.599999999976717, 6783785.299999999813735 ], [ 967751.800000000046566, 6783834.0 ], [ 967762.699999999953434, 6783858.099999999627471 ], [ 967770.099999999976717, 6783904.0 ], [ 967767.300000000046566, 6783940.900000000372529 ], [ 967764.199999999953434, 6783959.5 ], [ 967744.300000000046566, 6783992.900000000372529 ], [ 967725.199999999953434, 6784023.0 ], [ 967699.699999999953434, 6784062.799999999813735 ], [ 967690.900000000023283, 6784080.299999999813735 ], [ 967650.599999999976717, 6784162.5 ], [ 967603.300000000046566, 6784267.099999999627471 ], [ 967565.800000000046566, 6784326.5 ], [ 967545.199999999953434, 6784330.400000000372529 ], [ 967564.099999999976717, 6784510.5 ], [ 967570.199999999953434, 6784630.400000000372529 ], [ 967583.099999999976717, 6784727.5 ], [ 967595.900000000023283, 6784763.299999999813735 ], [ 967646.5, 6784837.799999999813735 ], [ 967707.699999999953434, 6784877.799999999813735 ], [ 967765.699999999953434, 6784900.799999999813735 ], [ 967835.199999999953434, 6784918.700000000186265 ], [ 967831.599999999976717, 6784933.900000000372529 ], [ 968075.699999999953434, 6784964.900000000372529 ], [ 968299.900000000023283, 6784992.5 ], [ 968398.0, 6784992.799999999813735 ], [ 968534.400000000023283, 6785010.0 ], [ 968567.5, 6784981.700000000186265 ], [ 968593.400000000023283, 6784963.599999999627471 ], [ 968624.5, 6784947.900000000372529 ], [ 968660.5, 6784932.0 ], [ 968688.5, 6784921.799999999813735 ], [ 968715.0, 6784915.799999999813735 ], [ 968733.300000000046566, 6784915.400000000372529 ], [ 968749.0, 6784916.5 ], [ 968774.5, 6784919.900000000372529 ], [ 968792.0, 6784924.099999999627471 ], [ 968808.699999999953434, 6784929.099999999627471 ], [ 968821.900000000023283, 6784933.099999999627471 ], [ 968872.300000000046566, 6784948.0 ], [ 968960.5, 6784972.599999999627471 ], [ 969032.699999999953434, 6784997.700000000186265 ], [ 969043.400000000023283, 6785002.099999999627471 ], [ 969059.099999999976717, 6785008.599999999627471 ], [ 969095.199999999953434, 6785024.900000000372529 ], [ 969100.099999999976717, 6785027.200000000186265 ], [ 969127.400000000023283, 6785039.700000000186265 ], [ 969183.800000000046566, 6785057.900000000372529 ], [ 969203.300000000046566, 6785063.700000000186265 ], [ 969232.0, 6784975.799999999813735 ], [ 969264.300000000046566, 6784932.200000000186265 ], [ 969380.900000000023283, 6784862.599999999627471 ], [ 969395.599999999976717, 6784824.5 ], [ 969407.900000000023283, 6784677.799999999813735 ], [ 969443.800000000046566, 6784675.900000000372529 ], [ 969481.400000000023283, 6784666.299999999813735 ], [ 969521.699999999953434, 6784657.299999999813735 ], [ 969565.599999999976717, 6784647.900000000372529 ], [ 969577.400000000023283, 6784645.299999999813735 ], [ 969620.099999999976717, 6784638.0 ], [ 969664.800000000046566, 6784631.5 ], [ 969697.0, 6784631.5 ], [ 969714.800000000046566, 6784630.0 ], [ 969728.5, 6784626.200000000186265 ], [ 969748.099999999976717, 6784616.900000000372529 ], [ 969769.699999999953434, 6784606.900000000372529 ], [ 969784.599999999976717, 6784601.099999999627471 ], [ 969843.199999999953434, 6784843.900000000372529 ], [ 969917.699999999953434, 6784844.5 ], [ 969876.699999999953434, 6784895.5 ], [ 969746.300000000046566, 6785015.099999999627471 ], [ 969698.199999999953434, 6785046.700000000186265 ], [ 969677.5, 6785066.900000000372529 ], [ 969759.400000000023283, 6785243.099999999627471 ], [ 969673.599999999976717, 6785267.099999999627471 ], [ 969659.300000000046566, 6785240.700000000186265 ], [ 969652.599999999976717, 6785183.099999999627471 ], [ 969602.699999999953434, 6785185.099999999627471 ], [ 969463.699999999953434, 6785183.599999999627471 ], [ 969404.900000000023283, 6785319.099999999627471 ], [ 969395.5, 6785389.099999999627471 ], [ 969421.5, 6785508.799999999813735 ], [ 969336.900000000023283, 6785544.5 ], [ 969294.199999999953434, 6785568.400000000372529 ], [ 969253.800000000046566, 6785583.5 ], [ 969135.599999999976717, 6785597.299999999813735 ], [ 969085.400000000023283, 6785572.0 ], [ 969033.599999999976717, 6785570.700000000186265 ], [ 968949.599999999976717, 6785601.099999999627471 ], [ 968893.400000000023283, 6785623.799999999813735 ], [ 968836.0, 6785654.599999999627471 ], [ 968790.699999999953434, 6785659.599999999627471 ], [ 968745.400000000023283, 6785666.200000000186265 ], [ 968705.0, 6785682.200000000186265 ], [ 968600.699999999953434, 6785717.5 ], [ 968518.199999999953434, 6785752.5 ], [ 968472.900000000023283, 6785749.799999999813735 ], [ 968425.400000000023283, 6785778.5 ], [ 968418.599999999976717, 6785782.599999999627471 ], [ 968396.5, 6785799.5 ], [ 968383.400000000023283, 6785807.200000000186265 ], [ 968372.0, 6785810.5 ], [ 968363.199999999953434, 6785812.700000000186265 ], [ 968353.699999999953434, 6785811.900000000372529 ], [ 968341.599999999976717, 6785808.700000000186265 ], [ 968333.0, 6785799.599999999627471 ], [ 968318.900000000023283, 6785781.299999999813735 ], [ 968298.300000000046566, 6785763.900000000372529 ], [ 968252.599999999976717, 6785733.400000000372529 ], [ 968114.0, 6785695.0 ], [ 968086.199999999953434, 6785712.5 ], [ 968048.599999999976717, 6785787.099999999627471 ], [ 967995.099999999976717, 6785839.0 ], [ 967958.699999999953434, 6785870.5 ], [ 967918.900000000023283, 6785925.799999999813735 ], [ 967913.099999999976717, 6785933.900000000372529 ], [ 967904.0, 6785938.200000000186265 ], [ 967892.300000000046566, 6785942.700000000186265 ], [ 967887.400000000023283, 6785947.0 ], [ 967883.0, 6785954.0 ], [ 967879.800000000046566, 6785960.099999999627471 ], [ 967876.099999999976717, 6785967.400000000372529 ], [ 967869.900000000023283, 6785970.200000000186265 ], [ 967864.900000000023283, 6785970.900000000372529 ], [ 967860.0, 6785973.799999999813735 ], [ 967856.300000000046566, 6785981.700000000186265 ], [ 967852.0, 6785988.599999999627471 ], [ 967849.599999999976717, 6785997.700000000186265 ], [ 967846.400000000023283, 6786007.700000000186265 ], [ 967846.199999999953434, 6786015.099999999627471 ], [ 967839.900000000023283, 6786033.299999999813735 ], [ 967840.5, 6786043.299999999813735 ], [ 967840.5, 6786048.299999999813735 ], [ 967837.599999999976717, 6786050.900000000372529 ], [ 967829.800000000046566, 6786052.0 ], [ 967826.800000000046566, 6786057.200000000186265 ], [ 967827.800000000046566, 6786063.299999999813735 ], [ 967831.300000000046566, 6786068.5 ], [ 967826.199999999953434, 6786075.700000000186265 ], [ 967824.800000000046566, 6786080.299999999813735 ], [ 967806.900000000023283, 6786141.599999999627471 ], [ 967762.0, 6786184.200000000186265 ], [ 967701.5, 6786234.700000000186265 ], [ 967673.699999999953434, 6786270.700000000186265 ], [ 967624.400000000023283, 6786344.599999999627471 ], [ 967560.900000000023283, 6786403.0 ], [ 967544.0, 6786432.700000000186265 ], [ 967478.400000000023283, 6786445.799999999813735 ], [ 967450.5, 6786461.700000000186265 ], [ 967425.900000000023283, 6786502.5 ], [ 967391.900000000023283, 6786544.900000000372529 ], [ 967356.599999999976717, 6786612.400000000372529 ], [ 967314.599999999976717, 6786637.799999999813735 ], [ 967260.199999999953434, 6786664.700000000186265 ], [ 967203.199999999953434, 6786679.200000000186265 ], [ 967148.400000000023283, 6786702.599999999627471 ], [ 967106.900000000023283, 6786725.599999999627471 ], [ 967099.800000000046566, 6786711.900000000372529 ], [ 967086.199999999953434, 6786685.299999999813735 ], [ 967079.0, 6786655.299999999813735 ], [ 967070.599999999976717, 6786629.400000000372529 ], [ 967066.300000000046566, 6786608.900000000372529 ], [ 967059.599999999976717, 6786587.700000000186265 ], [ 967029.300000000046566, 6786558.599999999627471 ], [ 967015.199999999953434, 6786545.400000000372529 ], [ 966897.900000000023283, 6786526.099999999627471 ], [ 966853.599999999976717, 6786548.400000000372529 ], [ 966801.900000000023283, 6786601.299999999813735 ], [ 966772.0, 6786643.5 ], [ 966679.099999999976717, 6786656.299999999813735 ], [ 966646.199999999953434, 6786662.700000000186265 ], [ 966580.800000000046566, 6786689.900000000372529 ], [ 966567.099999999976717, 6786705.5 ], [ 966511.099999999976717, 6786752.900000000372529 ], [ 966478.400000000023283, 6786770.400000000372529 ], [ 966459.900000000023283, 6786786.099999999627471 ], [ 966435.300000000046566, 6786837.900000000372529 ], [ 966375.300000000046566, 6786939.900000000372529 ], [ 966345.699999999953434, 6786952.599999999627471 ], [ 966281.800000000046566, 6786962.599999999627471 ], [ 966214.800000000046566, 6786972.5 ], [ 966154.099999999976717, 6786996.299999999813735 ], [ 966090.300000000046566, 6787021.900000000372529 ], [ 966025.099999999976717, 6787066.299999999813735 ], [ 966007.400000000023283, 6787082.5 ], [ 966042.599999999976717, 6787117.700000000186265 ], [ 966176.199999999953434, 6787048.0 ], [ 966325.0, 6787077.099999999627471 ], [ 966436.099999999976717, 6787099.5 ], [ 966498.900000000023283, 6787100.200000000186265 ], [ 966497.400000000023283, 6787112.700000000186265 ], [ 966516.300000000046566, 6787176.900000000372529 ], [ 966532.199999999953434, 6787201.700000000186265 ], [ 966584.0, 6787232.5 ], [ 966593.800000000046566, 6787284.0 ], [ 966601.900000000023283, 6787316.799999999813735 ], [ 966630.099999999976717, 6787336.799999999813735 ], [ 966611.900000000023283, 6787390.0 ], [ 966584.599999999976717, 6787482.299999999813735 ], [ 966580.900000000023283, 6787538.5 ], [ 966643.599999999976717, 6787555.400000000372529 ], [ 966645.900000000023283, 6787566.700000000186265 ], [ 966648.199999999953434, 6787584.200000000186265 ], [ 966647.699999999953434, 6787601.099999999627471 ], [ 966647.400000000023283, 6787615.5 ], [ 966645.5, 6787639.200000000186265 ], [ 966642.699999999953434, 6787661.400000000372529 ], [ 966641.800000000046566, 6787670.700000000186265 ], [ 966640.300000000046566, 6787682.200000000186265 ], [ 966637.400000000023283, 6787698.700000000186265 ], [ 966631.400000000023283, 6787724.700000000186265 ], [ 966625.0, 6787748.599999999627471 ], [ 966620.0, 6787772.200000000186265 ], [ 966607.599999999976717, 6787828.099999999627471 ], [ 966639.400000000023283, 6787838.099999999627471 ], [ 966660.900000000023283, 6787846.299999999813735 ], [ 966642.800000000046566, 6787970.5 ], [ 966605.099999999976717, 6787990.5 ], [ 966604.099999999976717, 6788046.700000000186265 ], [ 966515.400000000023283, 6788042.200000000186265 ], [ 966481.099999999976717, 6788117.5 ], [ 966410.699999999953434, 6788073.099999999627471 ], [ 966395.699999999953434, 6788073.200000000186265 ], [ 966381.0, 6788103.299999999813735 ], [ 966386.199999999953434, 6788123.299999999813735 ], [ 966501.300000000046566, 6788375.599999999627471 ], [ 966469.0, 6788426.700000000186265 ], [ 966449.099999999976717, 6788476.799999999813735 ], [ 966262.699999999953434, 6788589.200000000186265 ], [ 966215.300000000046566, 6788616.900000000372529 ], [ 966121.800000000046566, 6788755.099999999627471 ], [ 966144.800000000046566, 6788807.900000000372529 ], [ 966030.5, 6788854.900000000372529 ], [ 965997.5, 6788831.799999999813735 ], [ 965903.199999999953434, 6788774.799999999813735 ], [ 965837.800000000046566, 6788727.400000000372529 ], [ 965724.300000000046566, 6788697.200000000186265 ], [ 965621.199999999953434, 6788692.700000000186265 ], [ 965429.099999999976717, 6788711.400000000372529 ], [ 965370.5, 6788724.400000000372529 ], [ 965382.699999999953434, 6788801.5 ], [ 965408.300000000046566, 6788871.200000000186265 ], [ 965557.199999999953434, 6789329.599999999627471 ], [ 965582.800000000046566, 6789399.400000000372529 ], [ 965634.199999999953434, 6789568.799999999813735 ], [ 965635.699999999953434, 6789597.5 ], [ 965767.900000000023283, 6789532.299999999813735 ], [ 965822.400000000023283, 6789513.0 ], [ 965813.699999999953434, 6789558.400000000372529 ], [ 965815.300000000046566, 6789598.5 ], [ 965729.400000000023283, 6789602.900000000372529 ], [ 965630.0, 6789663.799999999813735 ], [ 965620.199999999953434, 6789678.799999999813735 ], [ 965725.800000000046566, 6789762.900000000372529 ], [ 965781.300000000046566, 6789827.299999999813735 ], [ 965847.400000000023283, 6789961.700000000186265 ], [ 965833.599999999976717, 6790091.700000000186265 ], [ 965889.099999999976717, 6790151.200000000186265 ], [ 965889.599999999976717, 6790208.400000000372529 ], [ 965938.300000000046566, 6790254.799999999813735 ], [ 965968.400000000023283, 6790296.700000000186265 ], [ 965983.5, 6790317.599999999627471 ], [ 965987.0, 6790325.099999999627471 ], [ 965992.900000000023283, 6790330.099999999627471 ], [ 966005.0, 6790332.799999999813735 ], [ 966003.199999999953434, 6790340.700000000186265 ], [ 966003.300000000046566, 6790351.099999999627471 ], [ 966004.400000000023283, 6790361.299999999813735 ], [ 966007.5, 6790379.0 ], [ 966015.900000000023283, 6790401.599999999627471 ], [ 966021.199999999953434, 6790421.5 ], [ 966022.900000000023283, 6790434.900000000372529 ], [ 966022.599999999976717, 6790451.599999999627471 ], [ 966012.5, 6790458.400000000372529 ], [ 966011.0, 6790465.200000000186265 ], [ 966008.699999999953434, 6790470.0 ], [ 966007.300000000046566, 6790473.299999999813735 ], [ 966007.099999999976717, 6790476.299999999813735 ], [ 966011.300000000046566, 6790481.200000000186265 ], [ 966017.5, 6790487.200000000186265 ], [ 966036.199999999953434, 6790503.299999999813735 ], [ 966053.5, 6790516.299999999813735 ], [ 966059.599999999976717, 6790522.599999999627471 ], [ 966063.599999999976717, 6790527.0 ], [ 966068.199999999953434, 6790533.5 ], [ 966071.599999999976717, 6790536.400000000372529 ], [ 966073.400000000023283, 6790540.0 ], [ 966074.900000000023283, 6790544.599999999627471 ], [ 966077.199999999953434, 6790549.900000000372529 ], [ 966081.900000000023283, 6790555.0 ], [ 966085.400000000023283, 6790559.700000000186265 ], [ 966085.099999999976717, 6790563.0 ], [ 966082.900000000023283, 6790565.900000000372529 ], [ 966081.300000000046566, 6790567.900000000372529 ], [ 966078.900000000023283, 6790568.900000000372529 ], [ 966075.099999999976717, 6790570.099999999627471 ], [ 966071.800000000046566, 6790571.0 ], [ 966068.5, 6790572.900000000372529 ], [ 966064.5, 6790576.700000000186265 ], [ 966061.699999999953434, 6790579.5 ], [ 966061.599999999976717, 6790582.700000000186265 ], [ 966063.300000000046566, 6790585.200000000186265 ], [ 966065.699999999953434, 6790589.200000000186265 ], [ 966066.900000000023283, 6790595.599999999627471 ], [ 966069.5, 6790604.0 ], [ 966076.099999999976717, 6790618.400000000372529 ], [ 966081.300000000046566, 6790635.900000000372529 ], [ 966083.699999999953434, 6790651.299999999813735 ], [ 966091.599999999976717, 6790682.799999999813735 ], [ 966101.599999999976717, 6790717.799999999813735 ], [ 966106.5, 6790735.099999999627471 ], [ 966112.5, 6790752.200000000186265 ], [ 966115.699999999953434, 6790765.099999999627471 ], [ 966117.699999999953434, 6790770.099999999627471 ], [ 966119.599999999976717, 6790776.799999999813735 ], [ 966120.0, 6790783.900000000372529 ], [ 966122.800000000046566, 6790787.799999999813735 ], [ 966126.800000000046566, 6790797.5 ], [ 966128.099999999976717, 6790806.299999999813735 ], [ 966129.5, 6790812.0 ], [ 966133.099999999976717, 6790822.700000000186265 ], [ 966137.300000000046566, 6790832.900000000372529 ], [ 966144.900000000023283, 6790845.299999999813735 ], [ 966148.800000000046566, 6790852.799999999813735 ], [ 966156.199999999953434, 6790866.700000000186265 ], [ 966178.599999999976717, 6790929.0 ], [ 966208.800000000046566, 6790989.599999999627471 ], [ 966207.400000000023283, 6791011.5 ], [ 966224.900000000023283, 6791037.0 ], [ 966293.699999999953434, 6791301.900000000372529 ], [ 966307.900000000023283, 6791343.599999999627471 ], [ 966271.800000000046566, 6791359.700000000186265 ], [ 966237.599999999976717, 6791378.700000000186265 ], [ 966206.599999999976717, 6791396.099999999627471 ], [ 966184.800000000046566, 6791402.5 ], [ 966145.900000000023283, 6791412.200000000186265 ], [ 966060.5, 6791481.599999999627471 ], [ 966022.0, 6791527.299999999813735 ], [ 966001.900000000023283, 6791568.099999999627471 ], [ 965976.199999999953434, 6791658.700000000186265 ], [ 965960.199999999953434, 6791763.700000000186265 ], [ 965933.800000000046566, 6791864.700000000186265 ], [ 965937.599999999976717, 6791911.200000000186265 ], [ 966004.5, 6792060.5 ], [ 966036.599999999976717, 6792140.700000000186265 ], [ 966047.300000000046566, 6792157.700000000186265 ], [ 966065.400000000023283, 6792187.400000000372529 ], [ 966085.800000000046566, 6792224.900000000372529 ], [ 966095.099999999976717, 6792241.700000000186265 ], [ 966105.0, 6792258.099999999627471 ], [ 966114.5, 6792272.099999999627471 ], [ 966122.0, 6792281.0 ], [ 966130.0, 6792289.5 ], [ 966148.400000000023283, 6792306.599999999627471 ], [ 966163.0, 6792320.900000000372529 ], [ 966168.800000000046566, 6792326.799999999813735 ], [ 966173.5, 6792333.599999999627471 ], [ 966178.5, 6792342.400000000372529 ], [ 966187.800000000046566, 6792368.299999999813735 ], [ 966210.199999999953434, 6792433.5 ], [ 966238.5, 6792513.099999999627471 ], [ 966256.0, 6792561.5 ], [ 966260.0, 6792575.099999999627471 ], [ 966261.199999999953434, 6792589.299999999813735 ], [ 966261.0, 6792607.599999999627471 ], [ 966262.0, 6792625.900000000372529 ], [ 966261.400000000023283, 6792647.599999999627471 ], [ 966262.400000000023283, 6792668.0 ], [ 966265.800000000046566, 6792685.5 ], [ 966273.400000000023283, 6792697.900000000372529 ], [ 966239.400000000023283, 6792780.200000000186265 ], [ 966224.400000000023283, 6792841.299999999813735 ], [ 966203.300000000046566, 6792932.200000000186265 ], [ 966168.099999999976717, 6793015.099999999627471 ], [ 966133.099999999976717, 6793124.799999999813735 ], [ 966118.300000000046566, 6793210.799999999813735 ], [ 966119.099999999976717, 6793309.200000000186265 ], [ 966112.099999999976717, 6793375.900000000372529 ], [ 966111.900000000023283, 6793377.900000000372529 ], [ 966105.699999999953434, 6793405.700000000186265 ], [ 966087.099999999976717, 6793429.299999999813735 ], [ 966051.5, 6793468.599999999627471 ], [ 966005.0, 6793509.599999999627471 ], [ 965977.300000000046566, 6793551.900000000372529 ], [ 965944.300000000046566, 6793653.400000000372529 ], [ 965942.300000000046566, 6793708.099999999627471 ], [ 965931.199999999953434, 6793714.599999999627471 ], [ 965940.199999999953434, 6793753.299999999813735 ], [ 965960.199999999953434, 6793753.099999999627471 ], [ 966077.599999999976717, 6793630.799999999813735 ], [ 966101.400000000023283, 6793639.200000000186265 ], [ 966119.099999999976717, 6793643.099999999627471 ], [ 966135.800000000046566, 6793645.700000000186265 ], [ 966165.300000000046566, 6793650.099999999627471 ], [ 966198.199999999953434, 6793653.799999999813735 ], [ 966219.0, 6793654.299999999813735 ], [ 966252.800000000046566, 6793656.299999999813735 ], [ 966290.099999999976717, 6793658.0 ], [ 966324.300000000046566, 6793659.400000000372529 ], [ 966414.400000000023283, 6793666.299999999813735 ], [ 966431.400000000023283, 6793666.200000000186265 ], [ 966449.599999999976717, 6793663.700000000186265 ], [ 966471.5, 6793660.099999999627471 ], [ 966496.300000000046566, 6793654.900000000372529 ], [ 966514.599999999976717, 6793650.700000000186265 ], [ 966527.199999999953434, 6793650.599999999627471 ], [ 966538.300000000046566, 6793651.799999999813735 ], [ 966557.300000000046566, 6793657.599999999627471 ], [ 966576.800000000046566, 6793663.099999999627471 ], [ 966589.599999999976717, 6793668.099999999627471 ], [ 966605.0, 6793672.700000000186265 ], [ 966618.400000000023283, 6793675.0 ], [ 966629.699999999953434, 6793677.200000000186265 ], [ 966635.699999999953434, 6793681.400000000372529 ], [ 966640.400000000023283, 6793688.599999999627471 ], [ 966645.099999999976717, 6793699.400000000372529 ], [ 966683.900000000023283, 6793666.900000000372529 ], [ 966668.400000000023283, 6793602.099999999627471 ], [ 966673.0, 6793562.099999999627471 ], [ 966687.800000000046566, 6793537.0 ], [ 966723.800000000046566, 6793544.299999999813735 ], [ 966982.900000000023283, 6793670.700000000186265 ], [ 967372.900000000023283, 6793843.900000000372529 ], [ 967395.099999999976717, 6793853.5 ], [ 967471.800000000046566, 6793887.5 ], [ 967467.0, 6793898.0 ], [ 967459.0, 6793915.799999999813735 ], [ 967244.5, 6794389.599999999627471 ], [ 967238.800000000046566, 6794401.900000000372529 ], [ 966963.599999999976717, 6795008.400000000372529 ], [ 966685.5, 6795618.400000000372529 ], [ 966547.800000000046566, 6795895.700000000186265 ], [ 966545.099999999976717, 6796002.599999999627471 ], [ 966532.099999999976717, 6796011.799999999813735 ], [ 966525.099999999976717, 6796018.5 ], [ 966516.199999999953434, 6796027.099999999627471 ], [ 966510.900000000023283, 6796035.900000000372529 ], [ 966509.199999999953434, 6796042.599999999627471 ], [ 966345.199999999953434, 6796098.200000000186265 ], [ 966300.5, 6796133.599999999627471 ], [ 966270.900000000023283, 6796178.799999999813735 ], [ 966068.099999999976717, 6796415.400000000372529 ], [ 966009.0, 6796510.900000000372529 ], [ 965954.5, 6796571.299999999813735 ], [ 965882.300000000046566, 6796657.200000000186265 ], [ 965875.800000000046566, 6796664.0 ], [ 965872.699999999953434, 6796670.5 ], [ 965865.900000000023283, 6796685.799999999813735 ], [ 965863.800000000046566, 6796695.5 ], [ 965862.0, 6796706.099999999627471 ], [ 965827.300000000046566, 6796737.400000000372529 ], [ 965791.400000000023283, 6796772.599999999627471 ], [ 965770.199999999953434, 6796931.400000000372529 ], [ 965757.699999999953434, 6796922.799999999813735 ], [ 965727.599999999976717, 6796908.0 ], [ 965647.400000000023283, 6796883.799999999813735 ], [ 965588.400000000023283, 6796989.200000000186265 ], [ 965568.800000000046566, 6797039.299999999813735 ], [ 965593.900000000023283, 6797049.099999999627471 ], [ 965617.5, 6797059.900000000372529 ], [ 965564.699999999953434, 6797134.299999999813735 ], [ 965535.5, 6797185.299999999813735 ], [ 965580.199999999953434, 6797209.200000000186265 ], [ 965560.699999999953434, 6797259.200000000186265 ], [ 965545.699999999953434, 6797259.400000000372529 ], [ 965466.400000000023283, 6797231.299999999813735 ], [ 965395.900000000023283, 6797210.0 ], [ 965359.800000000046566, 6797296.099999999627471 ], [ 965350.599999999976717, 6797323.299999999813735 ], [ 965370.300000000046566, 6797338.099999999627471 ], [ 965286.400000000023283, 6797479.299999999813735 ], [ 965228.099999999976717, 6797600.099999999627471 ], [ 965267.300000000046566, 6797616.099999999627471 ], [ 965257.400000000023283, 6797644.299999999813735 ], [ 965309.400000000023283, 6797661.200000000186265 ], [ 965270.099999999976717, 6797736.400000000372529 ], [ 965217.099999999976717, 6797879.099999999627471 ], [ 965203.0, 6797879.099999999627471 ], [ 965188.900000000023283, 6797880.700000000186265 ], [ 965172.800000000046566, 6797881.900000000372529 ], [ 965155.199999999953434, 6797883.299999999813735 ], [ 965139.800000000046566, 6797885.299999999813735 ], [ 965129.800000000046566, 6797887.799999999813735 ], [ 965117.0, 6797891.900000000372529 ], [ 965108.300000000046566, 6797895.799999999813735 ], [ 965099.099999999976717, 6797903.099999999627471 ], [ 965082.300000000046566, 6797918.599999999627471 ], [ 965058.199999999953434, 6797969.099999999627471 ], [ 965033.400000000023283, 6797992.599999999627471 ], [ 965007.0, 6798013.200000000186265 ], [ 964977.599999999976717, 6798038.5 ], [ 964959.099999999976717, 6798060.5 ], [ 964946.599999999976717, 6798060.599999999627471 ], [ 964943.199999999953434, 6798038.799999999813735 ], [ 964924.5, 6798040.5 ], [ 964915.699999999953434, 6798045.599999999627471 ], [ 964895.599999999976717, 6798077.0 ], [ 964875.800000000046566, 6798125.400000000372529 ], [ 964862.199999999953434, 6798185.0 ], [ 964856.199999999953434, 6798221.0 ], [ 964846.0, 6798240.900000000372529 ], [ 964840.900000000023283, 6798250.599999999627471 ], [ 964838.099999999976717, 6798288.099999999627471 ], [ 964841.699999999953434, 6798346.0 ], [ 964839.300000000046566, 6798359.599999999627471 ], [ 964837.5, 6798382.400000000372529 ], [ 964928.599999999976717, 6798420.599999999627471 ], [ 965121.199999999953434, 6798479.900000000372529 ], [ 965182.5, 6798529.400000000372529 ], [ 965210.699999999953434, 6798536.900000000372529 ], [ 965219.800000000046566, 6798513.5 ], [ 965248.099999999976717, 6798525.700000000186265 ], [ 965407.599999999976717, 6798619.700000000186265 ], [ 965422.699999999953434, 6798634.5 ], [ 965403.0, 6798664.700000000186265 ], [ 965408.099999999976717, 6798674.599999999627471 ], [ 965669.300000000046566, 6798832.299999999813735 ], [ 965734.599999999976717, 6798889.900000000372529 ], [ 965783.900000000023283, 6798947.099999999627471 ], [ 965823.400000000023283, 6798982.299999999813735 ], [ 965876.599999999976717, 6799021.5 ], [ 965906.199999999953434, 6799051.900000000372529 ], [ 965911.400000000023283, 6799102.700000000186265 ], [ 965951.099999999976717, 6799148.400000000372529 ], [ 965966.599999999976717, 6799159.0 ], [ 965990.900000000023283, 6799131.799999999813735 ], [ 966018.900000000023283, 6799155.400000000372529 ], [ 966016.900000000023283, 6799169.0 ], [ 965942.900000000023283, 6799274.599999999627471 ], [ 965933.199999999953434, 6799291.5 ], [ 965920.5, 6799270.599999999627471 ], [ 965908.699999999953434, 6799255.900000000372529 ], [ 965885.400000000023283, 6799278.799999999813735 ], [ 965850.300000000046566, 6799310.400000000372529 ], [ 965854.5, 6799319.400000000372529 ], [ 965898.099999999976717, 6799410.900000000372529 ], [ 965889.099999999976717, 6799520.900000000372529 ], [ 965869.099999999976717, 6799521.099999999627471 ], [ 965864.199999999953434, 6799531.099999999627471 ], [ 965863.199999999953434, 6799740.200000000186265 ], [ 965866.300000000046566, 6799780.900000000372529 ], [ 965905.599999999976717, 6799816.099999999627471 ], [ 965908.199999999953434, 6799890.5 ], [ 965853.300000000046566, 6799896.0 ], [ 965770.300000000046566, 6799913.0 ], [ 965725.199999999953434, 6799995.5 ], [ 965725.0, 6800014.0 ], [ 965723.400000000023283, 6800022.799999999813735 ], [ 965702.099999999976717, 6800064.700000000186265 ], [ 965704.900000000023283, 6800103.900000000372529 ], [ 965835.900000000023283, 6800082.299999999813735 ], [ 965904.599999999976717, 6800081.200000000186265 ], [ 965973.300000000046566, 6800257.200000000186265 ], [ 965952.5, 6800274.799999999813735 ], [ 965973.199999999953434, 6800354.599999999627471 ], [ 965947.900000000023283, 6800393.900000000372529 ], [ 965980.800000000046566, 6800408.700000000186265 ], [ 966015.599999999976717, 6800455.799999999813735 ], [ 965984.099999999976717, 6800454.5 ], [ 966008.800000000046566, 6800884.0 ], [ 966070.199999999953434, 6800929.200000000186265 ], [ 966060.699999999953434, 6801085.400000000372529 ], [ 966020.900000000023283, 6801549.5 ], [ 966041.5, 6801553.200000000186265 ], [ 966037.300000000046566, 6801638.200000000186265 ], [ 966022.300000000046566, 6801643.299999999813735 ], [ 966012.400000000023283, 6801653.400000000372529 ], [ 966004.5, 6801898.299999999813735 ], [ 966361.300000000046566, 6801997.299999999813735 ], [ 966401.099999999976717, 6801993.799999999813735 ], [ 966494.599999999976717, 6801968.200000000186265 ], [ 966582.0, 6801967.299999999813735 ], [ 966615.099999999976717, 6801968.599999999627471 ], [ 966607.0, 6801999.299999999813735 ], [ 966597.800000000046566, 6802030.400000000372529 ], [ 966577.300000000046566, 6802077.0 ], [ 966797.400000000023283, 6802179.299999999813735 ], [ 966886.300000000046566, 6802246.599999999627471 ], [ 966922.0, 6802229.0 ], [ 966959.300000000046566, 6802229.599999999627471 ], [ 966993.0, 6802195.299999999813735 ], [ 967002.400000000023283, 6802192.5 ], [ 967022.599999999976717, 6802212.299999999813735 ], [ 967052.699999999953434, 6802232.0 ], [ 967127.800000000046566, 6802241.400000000372529 ], [ 967088.5, 6802326.700000000186265 ], [ 967067.099999999976717, 6802621.599999999627471 ], [ 966950.300000000046566, 6802786.5 ], [ 966933.900000000023283, 6802776.799999999813735 ], [ 966924.0, 6802773.799999999813735 ], [ 966874.599999999976717, 6802763.299999999813735 ], [ 966884.800000000046566, 6802808.099999999627471 ], [ 966920.199999999953434, 6802925.400000000372529 ], [ 966935.199999999953434, 6803002.0 ], [ 966887.300000000046566, 6803097.900000000372529 ], [ 966837.599999999976717, 6803123.299999999813735 ], [ 966838.0, 6803173.299999999813735 ], [ 966832.300000000046566, 6803199.599999999627471 ], [ 966848.5, 6803266.599999999627471 ], [ 966915.199999999953434, 6803322.5 ], [ 967017.099999999976717, 6803424.5 ], [ 967042.0, 6803416.5 ], [ 967060.599999999976717, 6803402.299999999813735 ], [ 967081.199999999953434, 6803431.799999999813735 ], [ 967111.400000000023283, 6803494.0 ], [ 967132.199999999953434, 6803560.5 ], [ 967127.400000000023283, 6803585.5 ], [ 967092.400000000023283, 6803585.799999999813735 ], [ 967087.199999999953434, 6803632.799999999813735 ], [ 967092.400000000023283, 6803633.900000000372529 ], [ 967124.199999999953434, 6803643.299999999813735 ], [ 967144.199999999953434, 6803651.099999999627471 ], [ 967167.199999999953434, 6803665.400000000372529 ], [ 967187.800000000046566, 6803681.5 ], [ 967207.800000000046566, 6803707.900000000372529 ], [ 967220.199999999953434, 6803726.099999999627471 ], [ 967230.400000000023283, 6803743.799999999813735 ], [ 967246.400000000023283, 6803757.099999999627471 ], [ 967255.900000000023283, 6803759.599999999627471 ], [ 967264.300000000046566, 6803760.799999999813735 ], [ 967272.900000000023283, 6803760.200000000186265 ], [ 967280.400000000023283, 6803757.599999999627471 ], [ 967308.699999999953434, 6803739.299999999813735 ], [ 967354.800000000046566, 6803705.700000000186265 ], [ 967413.800000000046566, 6803666.700000000186265 ], [ 967452.400000000023283, 6803642.799999999813735 ], [ 967471.099999999976717, 6803634.299999999813735 ], [ 967482.599999999976717, 6803631.200000000186265 ], [ 967493.5, 6803627.599999999627471 ], [ 967525.599999999976717, 6803613.0 ], [ 967624.400000000023283, 6803740.099999999627471 ], [ 967714.599999999976717, 6803768.299999999813735 ], [ 967820.699999999953434, 6803912.299999999813735 ], [ 967841.099999999976717, 6803952.099999999627471 ], [ 967871.0, 6803941.799999999813735 ], [ 967955.5, 6803891.099999999627471 ], [ 968005.699999999953434, 6803925.700000000186265 ], [ 968020.900000000023283, 6803940.5 ], [ 968016.199999999953434, 6803980.5 ], [ 968107.699999999953434, 6804049.700000000186265 ], [ 968127.699999999953434, 6804043.5 ], [ 968142.599999999976717, 6804033.400000000372529 ], [ 968231.5, 6804170.299999999813735 ], [ 968249.400000000023283, 6804176.099999999627471 ], [ 968264.800000000046566, 6804181.5 ], [ 968269.5, 6804183.900000000372529 ], [ 968272.800000000046566, 6804185.299999999813735 ], [ 968276.699999999953434, 6804187.299999999813735 ], [ 968280.199999999953434, 6804189.799999999813735 ], [ 968284.699999999953434, 6804191.099999999627471 ], [ 968288.400000000023283, 6804192.599999999627471 ], [ 968291.900000000023283, 6804194.299999999813735 ], [ 968296.300000000046566, 6804196.299999999813735 ], [ 968301.099999999976717, 6804197.700000000186265 ], [ 968306.800000000046566, 6804199.099999999627471 ], [ 968311.0, 6804199.5 ], [ 968315.900000000023283, 6804200.5 ], [ 968320.900000000023283, 6804200.900000000372529 ], [ 968324.300000000046566, 6804201.700000000186265 ], [ 968328.099999999976717, 6804203.200000000186265 ], [ 968332.0, 6804204.900000000372529 ], [ 968336.099999999976717, 6804206.700000000186265 ], [ 968340.400000000023283, 6804208.400000000372529 ], [ 968345.599999999976717, 6804210.5 ], [ 968350.099999999976717, 6804213.799999999813735 ], [ 968353.800000000046566, 6804216.400000000372529 ], [ 968358.400000000023283, 6804220.700000000186265 ], [ 968363.0, 6804225.200000000186265 ], [ 968367.0, 6804228.099999999627471 ], [ 968370.400000000023283, 6804231.799999999813735 ], [ 968374.199999999953434, 6804235.400000000372529 ], [ 968377.0, 6804238.5 ], [ 968385.699999999953434, 6804245.099999999627471 ], [ 968470.199999999953434, 6804365.299999999813735 ], [ 968480.400000000023283, 6804380.200000000186265 ], [ 968520.199999999953434, 6804369.900000000372529 ], [ 968584.0, 6804494.0 ], [ 968587.400000000023283, 6804494.200000000186265 ], [ 968592.400000000023283, 6804494.5 ], [ 968597.900000000023283, 6804495.299999999813735 ], [ 968603.400000000023283, 6804496.599999999627471 ], [ 968607.800000000046566, 6804498.099999999627471 ], [ 968614.099999999976717, 6804499.799999999813735 ], [ 968619.900000000023283, 6804501.099999999627471 ], [ 968626.099999999976717, 6804503.0 ], [ 968631.699999999953434, 6804505.599999999627471 ], [ 968639.599999999976717, 6804507.400000000372529 ], [ 968645.0, 6804508.700000000186265 ], [ 968655.0, 6804511.099999999627471 ], [ 968660.800000000046566, 6804512.799999999813735 ], [ 968666.699999999953434, 6804513.599999999627471 ], [ 968671.5, 6804513.5 ], [ 968680.099999999976717, 6804511.700000000186265 ], [ 968687.699999999953434, 6804510.200000000186265 ], [ 968711.800000000046566, 6804495.200000000186265 ], [ 968748.400000000023283, 6804485.5 ], [ 968771.699999999953434, 6804482.900000000372529 ], [ 968807.699999999953434, 6804484.099999999627471 ], [ 968856.199999999953434, 6804496.200000000186265 ], [ 968926.699999999953434, 6804513.599999999627471 ], [ 968958.0, 6804523.599999999627471 ], [ 968969.900000000023283, 6804512.200000000186265 ], [ 969050.900000000023283, 6804373.299999999813735 ], [ 969064.599999999976717, 6804366.299999999813735 ], [ 969079.699999999953434, 6804381.099999999627471 ], [ 969098.099999999976717, 6804401.200000000186265 ], [ 969349.599999999976717, 6804247.5 ], [ 969423.400000000023283, 6804231.0 ], [ 969423.900000000023283, 6804195.0 ], [ 969408.300000000046566, 6804187.299999999813735 ], [ 969400.400000000023283, 6804174.900000000372529 ], [ 969404.800000000046566, 6804146.700000000186265 ], [ 969412.400000000023283, 6804121.599999999627471 ], [ 969413.800000000046566, 6804093.599999999627471 ], [ 969404.199999999953434, 6804071.799999999813735 ], [ 969390.099999999976717, 6804068.799999999813735 ], [ 969382.199999999953434, 6804056.400000000372529 ], [ 969375.800000000046566, 6804033.0 ], [ 969372.400000000023283, 6804011.099999999627471 ], [ 969381.599999999976717, 6803987.700000000186265 ], [ 969409.699999999953434, 6803989.0 ], [ 969428.400000000023283, 6803987.299999999813735 ], [ 969434.5, 6803974.799999999813735 ], [ 969428.099999999976717, 6803949.799999999813735 ], [ 969424.599999999976717, 6803904.5 ], [ 969431.199999999953434, 6803835.099999999627471 ], [ 969433.800000000046566, 6803836.599999999627471 ], [ 969443.300000000046566, 6803839.599999999627471 ], [ 969456.599999999976717, 6803839.799999999813735 ], [ 969476.0, 6803834.299999999813735 ], [ 969494.599999999976717, 6803827.5 ], [ 969494.699999999953434, 6803819.5 ], [ 969503.900000000023283, 6803796.599999999627471 ], [ 969509.599999999976717, 6803773.0 ], [ 969513.800000000046566, 6803760.0 ], [ 969530.5, 6803756.200000000186265 ], [ 969544.099999999976717, 6803755.200000000186265 ], [ 969601.800000000046566, 6803739.299999999813735 ], [ 969639.199999999953434, 6803732.599999999627471 ], [ 969704.699999999953434, 6803722.700000000186265 ], [ 969776.5, 6803719.0 ], [ 969823.400000000023283, 6803724.900000000372529 ], [ 969867.099999999976717, 6803733.799999999813735 ], [ 969939.199999999953434, 6803762.799999999813735 ], [ 969979.5, 6803728.200000000186265 ], [ 970083.099999999976717, 6803777.799999999813735 ], [ 970108.0, 6803772.599999999627471 ], [ 970117.699999999953434, 6803742.5 ], [ 970087.599999999976717, 6803717.799999999813735 ], [ 970146.599999999976717, 6803617.299999999813735 ], [ 970181.800000000046566, 6803632.0 ], [ 970201.699999999953434, 6803626.799999999813735 ], [ 970241.099999999976717, 6803560.5 ], [ 970270.800000000046566, 6803525.299999999813735 ], [ 970270.699999999953434, 6803515.299999999813735 ], [ 970297.5, 6803543.099999999627471 ], [ 970332.0, 6803558.400000000372529 ], [ 970345.800000000046566, 6803539.700000000186265 ], [ 970376.699999999953434, 6803487.700000000186265 ], [ 970394.900000000023283, 6803434.299999999813735 ], [ 970430.0, 6803444.0 ], [ 970441.900000000023283, 6803403.900000000372529 ], [ 970463.5, 6803417.200000000186265 ], [ 970492.099999999976717, 6803435.599999999627471 ], [ 970504.800000000046566, 6803428.400000000372529 ], [ 970528.5, 6803398.200000000186265 ], [ 970566.699999999953434, 6803431.400000000372529 ], [ 970649.400000000023283, 6803518.5 ], [ 970664.599999999976717, 6803473.099999999627471 ], [ 970701.599999999976717, 6803428.900000000372529 ], [ 970933.599999999976717, 6803523.900000000372529 ], [ 971065.400000000023283, 6803547.400000000372529 ], [ 971105.300000000046566, 6803541.099999999627471 ], [ 971211.699999999953434, 6803488.5 ], [ 971221.199999999953434, 6803489.299999999813735 ], [ 971228.400000000023283, 6803488.799999999813735 ], [ 971238.5, 6803486.700000000186265 ], [ 971261.5, 6803479.0 ], [ 971295.400000000023283, 6803463.799999999813735 ], [ 971346.300000000046566, 6803440.400000000372529 ], [ 971408.0, 6803418.200000000186265 ], [ 971406.199999999953434, 6803393.299999999813735 ], [ 971459.199999999953434, 6803378.700000000186265 ], [ 971543.5, 6803361.400000000372529 ], [ 971561.0, 6803420.0 ], [ 971675.099999999976717, 6803429.900000000372529 ], [ 971811.599999999976717, 6803427.0 ], [ 971812.800000000046566, 6803417.099999999627471 ], [ 971811.400000000023283, 6803413.0 ], [ 971808.699999999953434, 6803407.799999999813735 ], [ 971807.400000000023283, 6803403.099999999627471 ], [ 971807.099999999976717, 6803399.400000000372529 ], [ 971808.199999999953434, 6803395.900000000372529 ], [ 971810.099999999976717, 6803392.200000000186265 ], [ 971811.800000000046566, 6803389.200000000186265 ], [ 971816.199999999953434, 6803386.799999999813735 ], [ 971819.900000000023283, 6803384.299999999813735 ], [ 971822.199999999953434, 6803380.5 ], [ 971822.599999999976717, 6803377.0 ], [ 971823.0, 6803374.299999999813735 ], [ 971823.099999999976717, 6803370.799999999813735 ], [ 971822.800000000046566, 6803354.0 ], [ 971819.400000000023283, 6803171.700000000186265 ], [ 971825.199999999953434, 6803167.900000000372529 ], [ 971831.199999999953434, 6803163.799999999813735 ], [ 971834.5, 6803162.0 ], [ 971851.900000000023283, 6803158.0 ], [ 971857.599999999976717, 6803156.900000000372529 ], [ 971869.099999999976717, 6803154.400000000372529 ], [ 971874.900000000023283, 6803154.200000000186265 ], [ 971880.0, 6803154.200000000186265 ], [ 971884.900000000023283, 6803154.200000000186265 ], [ 971890.099999999976717, 6803154.299999999813735 ], [ 971894.900000000023283, 6803155.700000000186265 ], [ 971899.599999999976717, 6803157.0 ], [ 971905.0, 6803158.400000000372529 ], [ 971909.0, 6803160.200000000186265 ], [ 971913.199999999953434, 6803162.099999999627471 ], [ 971917.599999999976717, 6803163.900000000372529 ], [ 971921.199999999953434, 6803165.599999999627471 ], [ 971926.0, 6803165.900000000372529 ], [ 971932.0, 6803167.299999999813735 ], [ 971936.099999999976717, 6803167.299999999813735 ], [ 971939.699999999953434, 6803166.400000000372529 ], [ 971944.300000000046566, 6803165.400000000372529 ], [ 971951.5, 6803164.799999999813735 ], [ 971957.599999999976717, 6803164.099999999627471 ], [ 971962.5, 6803163.700000000186265 ], [ 971969.699999999953434, 6803162.400000000372529 ], [ 971974.400000000023283, 6803162.099999999627471 ], [ 971980.699999999953434, 6803162.299999999813735 ], [ 971985.599999999976717, 6803161.400000000372529 ], [ 971991.400000000023283, 6803160.700000000186265 ], [ 971997.699999999953434, 6803160.400000000372529 ], [ 972002.5, 6803158.900000000372529 ], [ 972007.5, 6803157.099999999627471 ], [ 972011.699999999953434, 6803156.0 ], [ 972017.5, 6803154.700000000186265 ], [ 972021.300000000046566, 6803154.099999999627471 ], [ 972025.699999999953434, 6803155.200000000186265 ], [ 972030.0, 6803156.599999999627471 ], [ 972035.400000000023283, 6803156.099999999627471 ], [ 972039.300000000046566, 6803154.5 ], [ 972042.900000000023283, 6803151.900000000372529 ], [ 972045.5, 6803148.5 ], [ 972049.099999999976717, 6803144.5 ], [ 972052.699999999953434, 6803141.700000000186265 ], [ 972055.5, 6803139.200000000186265 ], [ 972062.300000000046566, 6803135.700000000186265 ], [ 972067.199999999953434, 6803134.700000000186265 ], [ 972071.300000000046566, 6803133.200000000186265 ], [ 972077.099999999976717, 6803128.700000000186265 ], [ 972080.800000000046566, 6803126.200000000186265 ], [ 972083.099999999976717, 6803123.599999999627471 ], [ 972084.699999999953434, 6803122.700000000186265 ], [ 972086.699999999953434, 6803123.0 ], [ 972089.699999999953434, 6803124.299999999813735 ], [ 972091.800000000046566, 6803129.299999999813735 ], [ 972092.900000000023283, 6803131.799999999813735 ], [ 972094.099999999976717, 6803134.299999999813735 ], [ 972097.199999999953434, 6803135.099999999627471 ], [ 972100.300000000046566, 6803135.0 ], [ 972106.699999999953434, 6803134.700000000186265 ], [ 972115.300000000046566, 6803133.900000000372529 ], [ 972124.699999999953434, 6803132.5 ], [ 972132.300000000046566, 6803132.299999999813735 ], [ 972140.0, 6803131.700000000186265 ], [ 972147.5, 6803130.099999999627471 ], [ 972154.0, 6803126.599999999627471 ], [ 972162.0, 6803120.5 ], [ 972168.900000000023283, 6803115.700000000186265 ], [ 972176.5, 6803108.900000000372529 ], [ 972185.0, 6803100.0 ], [ 972195.099999999976717, 6803089.5 ], [ 972202.599999999976717, 6803084.200000000186265 ], [ 972223.0, 6803087.700000000186265 ], [ 972231.0, 6803088.900000000372529 ], [ 972254.599999999976717, 6803102.900000000372529 ], [ 972256.400000000023283, 6803106.200000000186265 ], [ 972284.5, 6803135.400000000372529 ], [ 972321.800000000046566, 6803122.599999999627471 ], [ 972346.800000000046566, 6803119.200000000186265 ], [ 972381.300000000046566, 6803133.0 ], [ 972404.900000000023283, 6803153.099999999627471 ], [ 972425.199999999953434, 6803152.900000000372529 ], [ 972442.5, 6803160.599999999627471 ], [ 972467.5, 6803161.799999999813735 ], [ 972495.5, 6803161.599999999627471 ], [ 972515.800000000046566, 6803163.099999999627471 ], [ 972536.199999999953434, 6803166.0 ], [ 972553.400000000023283, 6803178.400000000372529 ], [ 972570.699999999953434, 6803190.700000000186265 ], [ 972584.800000000046566, 6803198.299999999813735 ], [ 972609.900000000023283, 6803216.900000000372529 ], [ 972640.0, 6803223.0 ], [ 972644.300000000046566, 6803221.5 ], [ 972648.400000000023283, 6803220.200000000186265 ], [ 972655.199999999953434, 6803220.900000000372529 ], [ 972659.300000000046566, 6803222.599999999627471 ], [ 972663.400000000023283, 6803225.099999999627471 ], [ 972668.400000000023283, 6803226.0 ], [ 972672.5, 6803225.0 ], [ 972675.400000000023283, 6803223.200000000186265 ], [ 972680.099999999976717, 6803221.200000000186265 ], [ 972685.099999999976717, 6803220.900000000372529 ], [ 972693.199999999953434, 6803221.200000000186265 ], [ 972698.900000000023283, 6803222.200000000186265 ], [ 972703.900000000023283, 6803224.900000000372529 ], [ 972710.0, 6803226.5 ], [ 972714.699999999953434, 6803227.200000000186265 ], [ 972728.300000000046566, 6803233.799999999813735 ], [ 972731.300000000046566, 6803236.0 ], [ 972733.099999999976717, 6803238.5 ], [ 972735.900000000023283, 6803241.700000000186265 ], [ 972738.300000000046566, 6803245.200000000186265 ], [ 972740.900000000023283, 6803249.400000000372529 ], [ 972743.099999999976717, 6803255.400000000372529 ], [ 972745.300000000046566, 6803258.400000000372529 ], [ 972748.400000000023283, 6803260.5 ], [ 972751.699999999953434, 6803263.0 ], [ 972755.0, 6803264.700000000186265 ], [ 972758.5, 6803265.0 ], [ 972761.900000000023283, 6803264.5 ], [ 972764.800000000046566, 6803263.400000000372529 ], [ 972767.0, 6803261.400000000372529 ], [ 972769.5, 6803259.200000000186265 ], [ 972773.0, 6803259.299999999813735 ], [ 972777.300000000046566, 6803259.299999999813735 ], [ 972782.199999999953434, 6803260.200000000186265 ], [ 972787.400000000023283, 6803261.299999999813735 ], [ 972791.199999999953434, 6803260.700000000186265 ], [ 972796.400000000023283, 6803259.200000000186265 ], [ 972802.0, 6803257.299999999813735 ], [ 972806.900000000023283, 6803257.200000000186265 ], [ 972811.900000000023283, 6803258.0 ], [ 972816.300000000046566, 6803259.299999999813735 ], [ 972820.300000000046566, 6803261.700000000186265 ], [ 972824.699999999953434, 6803263.700000000186265 ], [ 972828.0, 6803266.099999999627471 ], [ 972832.0, 6803270.0 ], [ 972834.699999999953434, 6803273.299999999813735 ], [ 972838.199999999953434, 6803275.0 ], [ 972842.300000000046566, 6803276.5 ], [ 972846.400000000023283, 6803277.799999999813735 ], [ 972850.800000000046566, 6803278.900000000372529 ], [ 972857.0, 6803278.400000000372529 ], [ 972861.0, 6803277.900000000372529 ], [ 972866.199999999953434, 6803276.299999999813735 ], [ 972870.400000000023283, 6803276.599999999627471 ], [ 972873.599999999976717, 6803278.200000000186265 ], [ 972876.099999999976717, 6803280.599999999627471 ], [ 972877.599999999976717, 6803282.599999999627471 ], [ 972881.800000000046566, 6803284.200000000186265 ], [ 972885.599999999976717, 6803284.900000000372529 ], [ 972890.400000000023283, 6803285.900000000372529 ], [ 972894.599999999976717, 6803286.0 ], [ 972898.400000000023283, 6803285.900000000372529 ], [ 972903.5, 6803286.700000000186265 ], [ 972907.900000000023283, 6803288.200000000186265 ], [ 972911.699999999953434, 6803290.099999999627471 ], [ 972916.599999999976717, 6803293.599999999627471 ], [ 972921.0, 6803298.0 ], [ 972924.400000000023283, 6803301.200000000186265 ], [ 972928.400000000023283, 6803305.099999999627471 ], [ 972931.900000000023283, 6803309.200000000186265 ], [ 972936.400000000023283, 6803313.099999999627471 ], [ 972940.199999999953434, 6803315.0 ], [ 972944.300000000046566, 6803316.0 ], [ 972946.800000000046566, 6803315.599999999627471 ], [ 972950.199999999953434, 6803314.099999999627471 ], [ 972952.099999999976717, 6803311.5 ], [ 972954.199999999953434, 6803309.400000000372529 ], [ 972956.099999999976717, 6803307.0 ], [ 972958.099999999976717, 6803304.799999999813735 ], [ 972960.699999999953434, 6803302.299999999813735 ], [ 972963.0, 6803300.299999999813735 ], [ 972965.300000000046566, 6803296.799999999813735 ], [ 972968.900000000023283, 6803284.599999999627471 ], [ 972971.599999999976717, 6803287.700000000186265 ], [ 972974.199999999953434, 6803295.200000000186265 ], [ 972973.900000000023283, 6803299.900000000372529 ], [ 972973.900000000023283, 6803305.599999999627471 ], [ 972973.300000000046566, 6803310.700000000186265 ], [ 972972.5, 6803314.799999999813735 ], [ 972975.599999999976717, 6803321.700000000186265 ], [ 972992.199999999953434, 6803349.900000000372529 ], [ 972995.199999999953434, 6803353.0 ], [ 972999.400000000023283, 6803356.5 ], [ 973011.699999999953434, 6803371.0 ], [ 973023.900000000023283, 6803385.099999999627471 ], [ 973026.800000000046566, 6803389.299999999813735 ], [ 973028.199999999953434, 6803394.299999999813735 ], [ 973028.300000000046566, 6803397.299999999813735 ], [ 973026.699999999953434, 6803399.200000000186265 ], [ 973027.900000000023283, 6803400.799999999813735 ], [ 973029.300000000046566, 6803403.099999999627471 ], [ 973032.099999999976717, 6803407.299999999813735 ], [ 973046.300000000046566, 6803429.0 ], [ 973067.599999999976717, 6803460.900000000372529 ], [ 973074.199999999953434, 6803468.799999999813735 ], [ 973092.300000000046566, 6803483.5 ], [ 973099.300000000046566, 6803491.0 ], [ 973107.099999999976717, 6803497.599999999627471 ], [ 973111.0, 6803500.200000000186265 ], [ 973116.800000000046566, 6803504.200000000186265 ], [ 973122.0, 6803506.799999999813735 ], [ 973127.199999999953434, 6803508.900000000372529 ], [ 973131.400000000023283, 6803509.900000000372529 ], [ 973134.900000000023283, 6803509.799999999813735 ], [ 973138.699999999953434, 6803509.799999999813735 ], [ 973142.5, 6803510.0 ], [ 973150.400000000023283, 6803508.400000000372529 ], [ 973154.099999999976717, 6803508.5 ], [ 973158.5, 6803510.099999999627471 ], [ 973162.800000000046566, 6803513.900000000372529 ], [ 973167.800000000046566, 6803517.0 ], [ 973170.300000000046566, 6803519.5 ], [ 973173.599999999976717, 6803523.0 ], [ 973177.300000000046566, 6803527.099999999627471 ], [ 973181.400000000023283, 6803530.700000000186265 ], [ 973185.599999999976717, 6803533.400000000372529 ], [ 973191.5, 6803537.299999999813735 ], [ 973201.0, 6803544.700000000186265 ], [ 973209.099999999976717, 6803549.0 ], [ 973215.599999999976717, 6803551.099999999627471 ], [ 973222.0, 6803554.0 ], [ 973228.5, 6803557.799999999813735 ], [ 973234.699999999953434, 6803560.400000000372529 ], [ 973240.599999999976717, 6803563.099999999627471 ], [ 973245.0, 6803564.799999999813735 ], [ 973249.800000000046566, 6803566.299999999813735 ], [ 973256.400000000023283, 6803568.599999999627471 ], [ 973261.5, 6803570.0 ], [ 973265.5, 6803571.099999999627471 ], [ 973270.099999999976717, 6803572.5 ], [ 973277.400000000023283, 6803574.5 ], [ 973282.300000000046566, 6803576.0 ], [ 973286.599999999976717, 6803577.400000000372529 ], [ 973291.699999999953434, 6803578.900000000372529 ], [ 973296.800000000046566, 6803580.700000000186265 ], [ 973301.0, 6803582.799999999813735 ], [ 973307.099999999976717, 6803586.0 ], [ 973311.300000000046566, 6803587.700000000186265 ], [ 973316.699999999953434, 6803590.5 ], [ 973320.599999999976717, 6803593.0 ], [ 973326.099999999976717, 6803596.400000000372529 ], [ 973330.900000000023283, 6803598.599999999627471 ], [ 973336.099999999976717, 6803601.0 ], [ 973340.599999999976717, 6803603.200000000186265 ], [ 973344.599999999976717, 6803604.599999999627471 ], [ 973349.0, 6803606.299999999813735 ], [ 973352.5, 6803608.900000000372529 ], [ 973356.199999999953434, 6803611.700000000186265 ], [ 973360.199999999953434, 6803614.099999999627471 ], [ 973363.599999999976717, 6803615.299999999813735 ], [ 973367.599999999976717, 6803616.599999999627471 ], [ 973371.699999999953434, 6803620.400000000372529 ], [ 973376.5, 6803624.099999999627471 ], [ 973381.699999999953434, 6803627.799999999813735 ], [ 973385.599999999976717, 6803631.5 ], [ 973388.800000000046566, 6803633.799999999813735 ], [ 973392.900000000023283, 6803636.900000000372529 ], [ 973396.900000000023283, 6803639.700000000186265 ], [ 973401.0, 6803643.299999999813735 ], [ 973405.699999999953434, 6803647.200000000186265 ], [ 973409.199999999953434, 6803649.400000000372529 ], [ 973412.699999999953434, 6803652.299999999813735 ], [ 973415.400000000023283, 6803655.599999999627471 ], [ 973418.800000000046566, 6803658.299999999813735 ], [ 973422.099999999976717, 6803659.700000000186265 ], [ 973425.699999999953434, 6803661.5 ], [ 973429.199999999953434, 6803663.700000000186265 ], [ 973432.900000000023283, 6803666.299999999813735 ], [ 973435.400000000023283, 6803668.5 ], [ 973438.099999999976717, 6803671.099999999627471 ], [ 973440.599999999976717, 6803674.099999999627471 ], [ 973443.699999999953434, 6803677.5 ], [ 973447.900000000023283, 6803680.400000000372529 ], [ 973451.900000000023283, 6803683.900000000372529 ], [ 973455.300000000046566, 6803687.700000000186265 ], [ 973457.800000000046566, 6803691.799999999813735 ], [ 973460.199999999953434, 6803694.900000000372529 ], [ 973462.800000000046566, 6803696.900000000372529 ], [ 973466.199999999953434, 6803699.299999999813735 ], [ 973470.300000000046566, 6803702.700000000186265 ], [ 973474.800000000046566, 6803706.799999999813735 ], [ 973481.900000000023283, 6803711.700000000186265 ], [ 973489.800000000046566, 6803715.400000000372529 ], [ 973507.800000000046566, 6803723.0 ], [ 973535.0, 6803735.5 ], [ 973560.400000000023283, 6803748.200000000186265 ], [ 973582.099999999976717, 6803762.599999999627471 ], [ 973607.599999999976717, 6803778.799999999813735 ], [ 973631.199999999953434, 6803794.799999999813735 ], [ 973635.900000000023283, 6803799.099999999627471 ], [ 973643.199999999953434, 6803802.200000000186265 ], [ 973650.0, 6803804.400000000372529 ], [ 973663.800000000046566, 6803808.5 ], [ 973672.599999999976717, 6803812.0 ], [ 973688.300000000046566, 6803817.799999999813735 ], [ 973697.800000000046566, 6803821.400000000372529 ], [ 973708.699999999953434, 6803824.799999999813735 ], [ 973730.5, 6803830.0 ], [ 973743.099999999976717, 6803832.599999999627471 ], [ 973751.5, 6803834.799999999813735 ], [ 973757.099999999976717, 6803836.900000000372529 ], [ 973762.699999999953434, 6803839.0 ], [ 973766.900000000023283, 6803841.0 ], [ 973772.0, 6803844.099999999627471 ], [ 973777.0, 6803846.5 ], [ 973781.599999999976717, 6803849.400000000372529 ], [ 973784.900000000023283, 6803851.700000000186265 ], [ 973805.400000000023283, 6803867.799999999813735 ], [ 973818.099999999976717, 6803875.700000000186265 ], [ 973828.699999999953434, 6803880.799999999813735 ], [ 973836.400000000023283, 6803884.0 ], [ 973844.199999999953434, 6803885.900000000372529 ], [ 973853.199999999953434, 6803887.400000000372529 ], [ 973916.699999999953434, 6803906.5 ], [ 973963.599999999976717, 6803906.099999999627471 ], [ 974047.400000000023283, 6803850.700000000186265 ], [ 974109.5, 6803815.700000000186265 ], [ 974207.800000000046566, 6803800.799999999813735 ], [ 974343.599999999976717, 6803790.400000000372529 ], [ 974481.400000000023283, 6803803.700000000186265 ], [ 974541.5, 6803828.099999999627471 ], [ 974677.5, 6803951.900000000372529 ], [ 974704.599999999976717, 6803982.5 ], [ 974757.099999999976717, 6803990.0 ], [ 974944.300000000046566, 6803782.200000000186265 ], [ 974986.5, 6803786.5 ], [ 975045.699999999953434, 6803753.299999999813735 ], [ 975067.400000000023283, 6803742.200000000186265 ], [ 975087.5, 6803720.200000000186265 ], [ 975093.599999999976717, 6803692.0 ], [ 975113.699999999953434, 6803676.299999999813735 ], [ 975137.0, 6803657.299999999813735 ], [ 975151.099999999976717, 6803657.200000000186265 ], [ 975176.0, 6803649.099999999627471 ], [ 975194.599999999976717, 6803645.900000000372529 ], [ 975225.800000000046566, 6803628.400000000372529 ], [ 975250.5, 6803597.0 ], [ 975262.199999999953434, 6803576.299999999813735 ], [ 975286.900000000023283, 6803571.099999999627471 ], [ 975295.0, 6803572.0 ], [ 975298.300000000046566, 6803573.099999999627471 ], [ 975305.599999999976717, 6803573.0 ], [ 975308.699999999953434, 6803571.5 ], [ 975313.300000000046566, 6803569.099999999627471 ], [ 975316.900000000023283, 6803565.400000000372529 ], [ 975319.900000000023283, 6803562.099999999627471 ], [ 975322.5, 6803558.400000000372529 ], [ 975324.0, 6803555.299999999813735 ], [ 975325.5, 6803551.5 ], [ 975326.800000000046566, 6803547.700000000186265 ], [ 975327.300000000046566, 6803543.299999999813735 ], [ 975327.199999999953434, 6803540.200000000186265 ], [ 975327.400000000023283, 6803534.599999999627471 ], [ 975326.599999999976717, 6803529.799999999813735 ], [ 975326.599999999976717, 6803525.299999999813735 ], [ 975328.300000000046566, 6803520.5 ], [ 975330.0, 6803516.799999999813735 ], [ 975331.800000000046566, 6803512.299999999813735 ], [ 975333.0, 6803507.099999999627471 ], [ 975333.800000000046566, 6803502.5 ], [ 975335.0, 6803497.599999999627471 ], [ 975336.699999999953434, 6803493.299999999813735 ], [ 975338.5, 6803488.599999999627471 ], [ 975340.400000000023283, 6803484.200000000186265 ], [ 975343.300000000046566, 6803480.200000000186265 ], [ 975347.199999999953434, 6803476.700000000186265 ], [ 975351.199999999953434, 6803474.200000000186265 ], [ 975355.400000000023283, 6803472.599999999627471 ], [ 975359.300000000046566, 6803470.599999999627471 ], [ 975364.300000000046566, 6803468.099999999627471 ], [ 975369.0, 6803465.200000000186265 ], [ 975372.0, 6803461.799999999813735 ], [ 975405.300000000046566, 6803445.700000000186265 ], [ 975430.199999999953434, 6803442.400000000372529 ], [ 975452.199999999953434, 6803450.0 ], [ 975486.800000000046566, 6803477.799999999813735 ], [ 975518.099999999976717, 6803496.200000000186265 ], [ 975544.800000000046566, 6803502.299999999813735 ], [ 975568.099999999976717, 6803494.299999999813735 ], [ 975596.199999999953434, 6803489.299999999813735 ], [ 975608.699999999953434, 6803492.400000000372529 ], [ 975618.0, 6803489.099999999627471 ], [ 975633.599999999976717, 6803478.099999999627471 ], [ 975658.5, 6803468.5 ], [ 975675.599999999976717, 6803459.099999999627471 ], [ 975692.599999999976717, 6803447.900000000372529 ], [ 975742.0, 6803436.5 ], [ 975749.099999999976717, 6803423.700000000186265 ], [ 975754.800000000046566, 6803414.200000000186265 ], [ 975758.800000000046566, 6803408.400000000372529 ], [ 975765.400000000023283, 6803402.5 ], [ 975773.0, 6803400.599999999627471 ], [ 975783.300000000046566, 6803395.700000000186265 ], [ 975795.699999999953434, 6803385.799999999813735 ], [ 975814.599999999976717, 6803377.200000000186265 ], [ 975820.400000000023283, 6803374.0 ], [ 975826.099999999976717, 6803372.299999999813735 ], [ 975830.900000000023283, 6803370.299999999813735 ], [ 975834.400000000023283, 6803367.0 ], [ 975837.300000000046566, 6803362.5 ], [ 975839.300000000046566, 6803358.200000000186265 ], [ 975842.5, 6803352.5 ], [ 975845.699999999953434, 6803349.0 ], [ 975849.699999999953434, 6803346.099999999627471 ], [ 975854.0, 6803345.299999999813735 ], [ 975858.800000000046566, 6803342.799999999813735 ], [ 975864.0, 6803340.5 ], [ 975869.099999999976717, 6803339.200000000186265 ], [ 975873.199999999953434, 6803337.400000000372529 ], [ 975879.0, 6803336.0 ], [ 975884.900000000023283, 6803335.400000000372529 ], [ 975892.0, 6803336.599999999627471 ], [ 975897.0, 6803339.0 ], [ 975901.300000000046566, 6803340.299999999813735 ], [ 975906.199999999953434, 6803340.599999999627471 ], [ 975909.199999999953434, 6803338.900000000372529 ], [ 975913.0, 6803335.900000000372529 ], [ 975917.300000000046566, 6803333.799999999813735 ], [ 975921.5, 6803331.099999999627471 ], [ 975925.800000000046566, 6803328.200000000186265 ], [ 975929.699999999953434, 6803326.200000000186265 ], [ 975933.900000000023283, 6803326.700000000186265 ], [ 975938.0, 6803325.599999999627471 ], [ 975942.400000000023283, 6803323.099999999627471 ], [ 975947.699999999953434, 6803321.900000000372529 ], [ 975955.699999999953434, 6803304.5 ], [ 975947.800000000046566, 6803298.299999999813735 ], [ 975947.699999999953434, 6803287.400000000372529 ], [ 975953.800000000046566, 6803278.0 ], [ 975952.199999999953434, 6803260.799999999813735 ], [ 975958.300000000046566, 6803246.799999999813735 ], [ 975958.099999999976717, 6803232.599999999627471 ], [ 975954.900000000023283, 6803214.0 ], [ 975957.900000000023283, 6803201.5 ], [ 975967.099999999976717, 6803182.5 ], [ 975962.199999999953434, 6803160.799999999813735 ], [ 975960.5, 6803139.0 ], [ 975960.400000000023283, 6803120.099999999627471 ], [ 975969.5, 6803106.099999999627471 ], [ 975986.599999999976717, 6803094.900000000372529 ], [ 976002.099999999976717, 6803085.5 ], [ 976014.5, 6803071.400000000372529 ], [ 976016.0, 6803058.900000000372529 ], [ 976029.900000000023283, 6803041.599999999627471 ], [ 976043.800000000046566, 6803027.400000000372529 ], [ 976059.400000000023283, 6803011.599999999627471 ], [ 976077.900000000023283, 6802978.700000000186265 ], [ 976078.900000000023283, 6802974.700000000186265 ], [ 976103.5, 6802875.5 ], [ 976122.0, 6802850.400000000372529 ], [ 976203.0, 6802883.900000000372529 ], [ 976293.5, 6802916.200000000186265 ], [ 976301.199999999953434, 6802917.599999999627471 ], [ 976306.199999999953434, 6802917.799999999813735 ], [ 976316.0, 6802915.700000000186265 ], [ 976335.0, 6802909.0 ], [ 976347.800000000046566, 6802905.400000000372529 ], [ 976360.0, 6802903.200000000186265 ], [ 976371.199999999953434, 6802902.099999999627471 ], [ 976383.800000000046566, 6802902.099999999627471 ], [ 976396.099999999976717, 6802903.799999999813735 ], [ 976409.5, 6802906.700000000186265 ], [ 976428.199999999953434, 6802912.400000000372529 ], [ 976445.699999999953434, 6802921.299999999813735 ], [ 976464.0, 6802931.400000000372529 ], [ 976485.300000000046566, 6802945.400000000372529 ], [ 976500.199999999953434, 6802956.599999999627471 ], [ 976519.199999999953434, 6802972.400000000372529 ], [ 976536.800000000046566, 6802989.200000000186265 ], [ 976548.5, 6803000.599999999627471 ], [ 976566.5, 6803019.299999999813735 ], [ 976584.599999999976717, 6803039.799999999813735 ], [ 976609.300000000046566, 6803065.700000000186265 ], [ 976634.199999999953434, 6803087.099999999627471 ], [ 976659.0, 6803106.599999999627471 ], [ 976681.199999999953434, 6803121.799999999813735 ], [ 976698.0, 6803133.099999999627471 ], [ 976718.900000000023283, 6803146.0 ], [ 976735.0, 6803154.299999999813735 ], [ 976754.099999999976717, 6803164.200000000186265 ], [ 976791.400000000023283, 6803182.799999999813735 ], [ 976812.699999999953434, 6803195.200000000186265 ], [ 976837.099999999976717, 6803210.0 ], [ 976861.900000000023283, 6803226.700000000186265 ], [ 976918.300000000046566, 6803262.200000000186265 ], [ 976922.199999999953434, 6803264.700000000186265 ], [ 976933.300000000046566, 6803271.099999999627471 ], [ 976950.599999999976717, 6803281.299999999813735 ], [ 976978.099999999976717, 6803297.5 ], [ 976996.599999999976717, 6803308.299999999813735 ], [ 977042.599999999976717, 6803333.599999999627471 ], [ 977052.5, 6803341.400000000372529 ], [ 977061.0, 6803349.599999999627471 ], [ 977071.900000000023283, 6803363.0 ], [ 977079.0, 6803371.299999999813735 ], [ 977082.099999999976717, 6803375.599999999627471 ], [ 977097.099999999976717, 6803378.299999999813735 ], [ 977118.400000000023283, 6803383.599999999627471 ], [ 977137.0, 6803388.299999999813735 ], [ 977156.800000000046566, 6803396.099999999627471 ], [ 977179.800000000046566, 6803405.099999999627471 ], [ 977203.400000000023283, 6803415.700000000186265 ], [ 977228.400000000023283, 6803428.099999999627471 ], [ 977252.699999999953434, 6803441.200000000186265 ], [ 977277.0, 6803452.5 ], [ 977297.900000000023283, 6803459.5 ], [ 977323.699999999953434, 6803466.5 ], [ 977358.199999999953434, 6803483.700000000186265 ], [ 977384.400000000023283, 6803495.200000000186265 ], [ 977399.800000000046566, 6803505.099999999627471 ], [ 977408.400000000023283, 6803515.5 ], [ 977412.900000000023283, 6803524.5 ], [ 977421.0, 6803549.900000000372529 ], [ 977427.0, 6803559.299999999813735 ], [ 977451.400000000023283, 6803550.900000000372529 ], [ 977471.5, 6803548.700000000186265 ], [ 977488.800000000046566, 6803548.099999999627471 ], [ 977498.599999999976717, 6803548.799999999813735 ], [ 977508.800000000046566, 6803551.400000000372529 ], [ 977525.400000000023283, 6803556.299999999813735 ], [ 977546.699999999953434, 6803567.099999999627471 ], [ 977564.699999999953434, 6803573.700000000186265 ], [ 977573.599999999976717, 6803577.299999999813735 ], [ 977588.699999999953434, 6803578.400000000372529 ], [ 977614.5, 6803580.700000000186265 ], [ 977634.400000000023283, 6803582.299999999813735 ], [ 977642.400000000023283, 6803584.400000000372529 ], [ 977680.300000000046566, 6803591.400000000372529 ], [ 977697.699999999953434, 6803598.099999999627471 ], [ 977715.900000000023283, 6803607.900000000372529 ], [ 977733.800000000046566, 6803617.900000000372529 ], [ 977749.099999999976717, 6803619.5 ], [ 977769.5, 6803620.799999999813735 ], [ 977785.5, 6803622.400000000372529 ], [ 977811.599999999976717, 6803627.599999999627471 ], [ 977852.599999999976717, 6803638.200000000186265 ], [ 977894.599999999976717, 6803647.799999999813735 ], [ 977919.0, 6803653.099999999627471 ], [ 977931.900000000023283, 6803653.900000000372529 ], [ 977959.599999999976717, 6803653.799999999813735 ], [ 977983.5, 6803652.200000000186265 ], [ 978000.800000000046566, 6803652.099999999627471 ], [ 978025.599999999976717, 6803650.900000000372529 ], [ 978042.199999999953434, 6803650.200000000186265 ], [ 978067.199999999953434, 6803652.5 ], [ 978090.699999999953434, 6803657.299999999813735 ], [ 978100.599999999976717, 6803660.599999999627471 ], [ 978118.400000000023283, 6803670.299999999813735 ], [ 978138.900000000023283, 6803677.400000000372529 ], [ 978171.199999999953434, 6803683.599999999627471 ], [ 978210.800000000046566, 6803690.5 ], [ 978248.800000000046566, 6803696.400000000372529 ], [ 978284.900000000023283, 6803700.0 ], [ 978310.699999999953434, 6803703.799999999813735 ], [ 978336.099999999976717, 6803707.599999999627471 ], [ 978367.099999999976717, 6803710.299999999813735 ], [ 978393.5, 6803712.700000000186265 ], [ 978425.0, 6803716.900000000372529 ], [ 978452.400000000023283, 6803725.299999999813735 ], [ 978488.199999999953434, 6803737.799999999813735 ], [ 978500.300000000046566, 6803741.900000000372529 ], [ 978500.300000000046566, 6803746.700000000186265 ], [ 978501.699999999953434, 6803754.200000000186265 ], [ 978506.599999999976717, 6803758.599999999627471 ], [ 978521.599999999976717, 6803765.5 ], [ 978555.5, 6803776.400000000372529 ], [ 978600.300000000046566, 6803787.299999999813735 ], [ 978630.599999999976717, 6803795.5 ], [ 978658.300000000046566, 6803801.200000000186265 ], [ 978677.699999999953434, 6803807.0 ], [ 978693.099999999976717, 6803815.400000000372529 ], [ 978717.800000000046566, 6803845.0 ], [ 978756.199999999953434, 6803838.900000000372529 ], [ 978772.5, 6803845.599999999627471 ], [ 978799.900000000023283, 6803860.900000000372529 ], [ 978814.699999999953434, 6803874.400000000372529 ], [ 978842.0, 6803895.400000000372529 ], [ 978870.099999999976717, 6803911.400000000372529 ], [ 978890.099999999976717, 6803925.700000000186265 ], [ 978917.400000000023283, 6803944.0 ], [ 978955.400000000023283, 6803961.799999999813735 ], [ 978979.199999999953434, 6803973.400000000372529 ], [ 979010.699999999953434, 6803984.599999999627471 ], [ 979036.900000000023283, 6803994.599999999627471 ], [ 979061.5, 6804003.200000000186265 ], [ 979084.400000000023283, 6804010.799999999813735 ], [ 979123.699999999953434, 6804022.0 ], [ 979147.599999999976717, 6804027.200000000186265 ], [ 979170.699999999953434, 6804032.599999999627471 ], [ 979189.599999999976717, 6804038.799999999813735 ], [ 979210.199999999953434, 6804051.400000000372529 ], [ 979248.199999999953434, 6804083.0 ], [ 979291.300000000046566, 6804122.0 ], [ 979349.800000000046566, 6804156.099999999627471 ], [ 979385.800000000046566, 6804173.0 ], [ 979410.0, 6804184.299999999813735 ], [ 979446.099999999976717, 6804206.599999999627471 ], [ 979481.199999999953434, 6804227.400000000372529 ], [ 979497.099999999976717, 6804238.400000000372529 ], [ 979513.699999999953434, 6804251.900000000372529 ], [ 979533.400000000023283, 6804269.700000000186265 ], [ 979551.300000000046566, 6804286.5 ], [ 979577.199999999953434, 6804310.5 ], [ 979595.599999999976717, 6804329.0 ], [ 979619.199999999953434, 6804350.099999999627471 ], [ 979636.699999999953434, 6804358.200000000186265 ], [ 979655.800000000046566, 6804373.0 ], [ 979665.199999999953434, 6804385.900000000372529 ], [ 979675.699999999953434, 6804397.799999999813735 ], [ 979681.5, 6804406.5 ], [ 979685.400000000023283, 6804417.799999999813735 ], [ 979686.400000000023283, 6804433.200000000186265 ], [ 979690.099999999976717, 6804446.900000000372529 ], [ 979697.0, 6804464.099999999627471 ], [ 979719.599999999976717, 6804456.400000000372529 ], [ 979741.900000000023283, 6804448.5 ], [ 979761.900000000023283, 6804441.200000000186265 ], [ 979793.199999999953434, 6804429.900000000372529 ], [ 979826.400000000023283, 6804414.299999999813735 ], [ 979846.800000000046566, 6804406.599999999627471 ], [ 979873.400000000023283, 6804398.799999999813735 ], [ 979892.5, 6804394.700000000186265 ], [ 979912.400000000023283, 6804392.700000000186265 ], [ 979924.0, 6804392.400000000372529 ], [ 979932.900000000023283, 6804395.400000000372529 ], [ 979947.0, 6804404.200000000186265 ], [ 979960.900000000023283, 6804415.0 ], [ 979961.900000000023283, 6804416.099999999627471 ], [ 979982.099999999976717, 6804411.400000000372529 ], [ 980018.099999999976717, 6804467.0 ], [ 980045.199999999953434, 6804521.299999999813735 ], [ 980081.599999999976717, 6804582.0 ], [ 980125.800000000046566, 6804633.0 ], [ 980169.800000000046566, 6804673.299999999813735 ], [ 980198.5, 6804729.200000000186265 ], [ 980209.599999999976717, 6804761.900000000372529 ], [ 980274.199999999953434, 6804856.0 ], [ 980395.199999999953434, 6804951.700000000186265 ], [ 980617.699999999953434, 6805130.599999999627471 ], [ 980648.0, 6805160.400000000372529 ], [ 980441.300000000046566, 6805407.0 ], [ 980386.699999999953434, 6805457.400000000372529 ], [ 980287.0, 6805475.599999999627471 ], [ 980182.199999999953434, 6805456.299999999813735 ], [ 980085.400000000023283, 6805458.599999999627471 ], [ 980053.400000000023283, 6805541.799999999813735 ], [ 980066.099999999976717, 6805668.400000000372529 ], [ 980070.699999999953434, 6805678.5 ], [ 980082.300000000046566, 6805705.599999999627471 ], [ 980087.0, 6805713.400000000372529 ], [ 980119.5, 6805765.799999999813735 ], [ 980153.400000000023283, 6805824.5 ], [ 980181.599999999976717, 6805873.900000000372529 ], [ 980189.300000000046566, 6805883.900000000372529 ], [ 980230.400000000023283, 6805922.200000000186265 ], [ 980240.699999999953434, 6805935.200000000186265 ], [ 980243.800000000046566, 6805946.900000000372529 ], [ 980242.0, 6805970.900000000372529 ], [ 980238.699999999953434, 6806001.599999999627471 ], [ 980235.5, 6806046.099999999627471 ], [ 980230.699999999953434, 6806069.599999999627471 ], [ 980223.400000000023283, 6806092.400000000372529 ], [ 980213.400000000023283, 6806111.5 ], [ 980201.699999999953434, 6806134.299999999813735 ], [ 980190.199999999953434, 6806150.200000000186265 ], [ 980166.800000000046566, 6806177.700000000186265 ], [ 980146.900000000023283, 6806198.099999999627471 ], [ 980127.199999999953434, 6806213.200000000186265 ], [ 980105.599999999976717, 6806228.200000000186265 ], [ 980047.099999999976717, 6806265.0 ], [ 980031.699999999953434, 6806290.200000000186265 ], [ 980008.300000000046566, 6806296.5 ], [ 979997.699999999953434, 6806326.299999999813735 ], [ 979998.599999999976717, 6806375.400000000372529 ], [ 979993.699999999953434, 6806386.900000000372529 ], [ 979991.699999999953434, 6806394.799999999813735 ], [ 979992.0, 6806403.400000000372529 ], [ 979993.0, 6806417.0 ], [ 979996.099999999976717, 6806433.0 ], [ 979996.699999999953434, 6806448.400000000372529 ], [ 979996.699999999953434, 6806458.799999999813735 ], [ 979995.099999999976717, 6806468.799999999813735 ], [ 979991.699999999953434, 6806479.5 ], [ 979987.699999999953434, 6806489.0 ], [ 979984.699999999953434, 6806497.5 ], [ 979982.599999999976717, 6806511.799999999813735 ], [ 979980.0, 6806534.400000000372529 ], [ 979980.0, 6806545.0 ], [ 979979.800000000046566, 6806556.200000000186265 ], [ 979981.099999999976717, 6806569.5 ], [ 979983.199999999953434, 6806583.400000000372529 ], [ 979984.599999999976717, 6806597.0 ], [ 979982.5, 6806626.0 ], [ 979981.300000000046566, 6806637.0 ], [ 979980.599999999976717, 6806643.799999999813735 ], [ 979974.900000000023283, 6806658.200000000186265 ], [ 979964.599999999976717, 6806683.799999999813735 ], [ 979958.800000000046566, 6806717.599999999627471 ], [ 979760.900000000023283, 6806792.299999999813735 ], [ 979704.400000000023283, 6806839.700000000186265 ], [ 979687.900000000023283, 6806850.799999999813735 ], [ 979679.099999999976717, 6806858.299999999813735 ], [ 979670.199999999953434, 6806869.0 ], [ 979666.699999999953434, 6806876.400000000372529 ], [ 979664.900000000023283, 6806883.5 ], [ 979644.300000000046566, 6806898.0 ], [ 979626.800000000046566, 6806913.900000000372529 ], [ 979677.5, 6806993.099999999627471 ], [ 979701.099999999976717, 6807022.5 ], [ 979703.099999999976717, 6807064.599999999627471 ], [ 979700.300000000046566, 6807097.5 ], [ 979697.400000000023283, 6807124.0 ], [ 979706.199999999953434, 6807155.0 ], [ 979702.400000000023283, 6807214.200000000186265 ], [ 979733.099999999976717, 6807251.5 ], [ 979800.099999999976717, 6807338.700000000186265 ], [ 979861.400000000023283, 6807413.0 ], [ 979871.699999999953434, 6807426.400000000372529 ], [ 979884.400000000023283, 6807442.0 ], [ 979893.099999999976717, 6807452.400000000372529 ], [ 979902.5, 6807462.0 ], [ 979966.199999999953434, 6807521.799999999813735 ], [ 979974.800000000046566, 6807529.900000000372529 ], [ 980014.199999999953434, 6807565.5 ], [ 980040.900000000023283, 6807587.099999999627471 ], [ 980068.0, 6807616.0 ], [ 980048.199999999953434, 6807696.099999999627471 ], [ 980027.900000000023283, 6807798.599999999627471 ], [ 979991.599999999976717, 6807963.0 ], [ 980076.699999999953434, 6808099.400000000372529 ], [ 980098.300000000046566, 6808136.400000000372529 ], [ 980135.099999999976717, 6808194.0 ], [ 980192.699999999953434, 6808291.5 ], [ 980220.199999999953434, 6808420.299999999813735 ], [ 980237.400000000023283, 6808497.799999999813735 ], [ 980290.599999999976717, 6808563.5 ], [ 980322.099999999976717, 6808598.799999999813735 ], [ 980410.300000000046566, 6808704.200000000186265 ], [ 980556.900000000023283, 6808779.0 ], [ 980700.199999999953434, 6808848.200000000186265 ], [ 980707.0, 6808902.599999999627471 ], [ 980710.800000000046566, 6808929.799999999813735 ], [ 980715.099999999976717, 6808978.0 ], [ 980720.800000000046566, 6809008.799999999813735 ], [ 980731.800000000046566, 6809019.599999999627471 ], [ 980716.400000000023283, 6809021.900000000372529 ], [ 980651.300000000046566, 6809052.599999999627471 ], [ 980601.599999999976717, 6809092.0 ], [ 980575.400000000023283, 6809129.700000000186265 ], [ 980556.300000000046566, 6809170.799999999813735 ], [ 980551.199999999953434, 6809200.599999999627471 ], [ 980548.0, 6809238.799999999813735 ], [ 980545.5, 6809286.799999999813735 ], [ 980496.199999999953434, 6809449.900000000372529 ], [ 980471.900000000023283, 6809525.0 ], [ 980427.199999999953434, 6809555.400000000372529 ], [ 980373.400000000023283, 6809695.799999999813735 ], [ 980323.900000000023283, 6809746.099999999627471 ], [ 980234.300000000046566, 6809791.900000000372529 ], [ 980101.699999999953434, 6809934.0 ], [ 980116.0, 6810023.099999999627471 ], [ 980096.199999999953434, 6810035.200000000186265 ], [ 980076.0, 6810045.099999999627471 ], [ 980046.900000000023283, 6810051.799999999813735 ], [ 980023.800000000046566, 6810056.099999999627471 ], [ 980008.300000000046566, 6810064.799999999813735 ], [ 979999.199999999953434, 6810077.5 ], [ 979994.099999999976717, 6810096.099999999627471 ], [ 979994.699999999953434, 6810108.400000000372529 ], [ 979998.900000000023283, 6810122.700000000186265 ], [ 980022.900000000023283, 6810159.799999999813735 ], [ 980037.800000000046566, 6810186.400000000372529 ], [ 980047.599999999976717, 6810220.5 ], [ 980050.599999999976717, 6810243.700000000186265 ], [ 980048.099999999976717, 6810262.299999999813735 ], [ 980042.199999999953434, 6810279.5 ], [ 980032.300000000046566, 6810289.900000000372529 ], [ 980012.900000000023283, 6810302.099999999627471 ], [ 979984.5, 6810308.700000000186265 ], [ 980033.800000000046566, 6810333.900000000372529 ], [ 980076.099999999976717, 6810358.5 ], [ 980091.699999999953434, 6810408.299999999813735 ], [ 980109.300000000046566, 6810502.099999999627471 ], [ 980105.300000000046566, 6810555.099999999627471 ], [ 980099.199999999953434, 6810622.5 ], [ 980189.099999999976717, 6810748.900000000372529 ], [ 980327.199999999953434, 6811019.5 ], [ 980314.699999999953434, 6811251.599999999627471 ], [ 980301.699999999953434, 6811461.200000000186265 ], [ 980357.800000000046566, 6811474.700000000186265 ], [ 980359.900000000023283, 6811594.599999999627471 ], [ 980343.099999999976717, 6811647.5 ], [ 980345.599999999976717, 6811656.700000000186265 ], [ 980345.900000000023283, 6811664.200000000186265 ], [ 980340.800000000046566, 6811677.0 ], [ 980325.199999999953434, 6811713.099999999627471 ], [ 980306.900000000023283, 6811764.799999999813735 ], [ 980282.300000000046566, 6811818.099999999627471 ], [ 980290.300000000046566, 6811830.599999999627471 ], [ 980309.400000000023283, 6811869.5 ], [ 980345.800000000046566, 6811937.799999999813735 ], [ 980414.5, 6812066.599999999627471 ], [ 980416.300000000046566, 6812091.099999999627471 ], [ 980424.599999999976717, 6812152.0 ], [ 980433.300000000046566, 6812248.700000000186265 ], [ 980432.5, 6812343.900000000372529 ], [ 980436.0, 6812375.200000000186265 ], [ 980453.400000000023283, 6812415.599999999627471 ], [ 980486.900000000023283, 6812485.5 ], [ 980503.0, 6812549.5 ], [ 980497.099999999976717, 6812591.599999999627471 ], [ 980491.300000000046566, 6812635.400000000372529 ], [ 980481.400000000023283, 6812684.700000000186265 ], [ 980477.300000000046566, 6812702.200000000186265 ], [ 980476.0, 6812720.900000000372529 ], [ 980475.0, 6812741.5 ], [ 980473.099999999976717, 6812762.200000000186265 ], [ 980471.900000000023283, 6812778.200000000186265 ], [ 980474.400000000023283, 6812795.0 ], [ 980502.199999999953434, 6812872.599999999627471 ], [ 980507.5, 6812901.299999999813735 ], [ 980506.300000000046566, 6812924.799999999813735 ], [ 980501.099999999976717, 6812950.599999999627471 ], [ 980490.199999999953434, 6812974.900000000372529 ], [ 980476.900000000023283, 6812991.200000000186265 ], [ 980462.099999999976717, 6813007.299999999813735 ], [ 980449.0, 6813029.0 ], [ 980422.900000000023283, 6813085.599999999627471 ], [ 980412.699999999953434, 6813109.0 ], [ 980400.599999999976717, 6813124.5 ], [ 980381.900000000023283, 6813137.900000000372529 ], [ 980377.599999999976717, 6813138.700000000186265 ], [ 980343.099999999976717, 6813144.400000000372529 ], [ 980297.5, 6813151.900000000372529 ], [ 980256.199999999953434, 6813158.0 ], [ 980213.199999999953434, 6813165.700000000186265 ], [ 980170.400000000023283, 6813176.299999999813735 ], [ 980145.900000000023283, 6813183.099999999627471 ], [ 980128.099999999976717, 6813186.299999999813735 ], [ 980111.300000000046566, 6813188.0 ], [ 980087.0, 6813192.0 ], [ 980029.199999999953434, 6813207.099999999627471 ], [ 979963.599999999976717, 6813229.799999999813735 ], [ 979917.400000000023283, 6813250.0 ], [ 979894.699999999953434, 6813263.400000000372529 ], [ 979884.699999999953434, 6813271.400000000372529 ], [ 979877.099999999976717, 6813280.900000000372529 ], [ 979865.800000000046566, 6813297.799999999813735 ], [ 979864.599999999976717, 6813304.799999999813735 ], [ 979857.800000000046566, 6813350.0 ], [ 979847.300000000046566, 6813444.700000000186265 ], [ 979846.0, 6813466.099999999627471 ], [ 979843.900000000023283, 6813482.900000000372529 ], [ 979840.400000000023283, 6813496.5 ], [ 979834.900000000023283, 6813509.5 ], [ 979827.199999999953434, 6813519.5 ], [ 979813.0, 6813527.900000000372529 ], [ 979799.599999999976717, 6813532.200000000186265 ], [ 979782.400000000023283, 6813537.700000000186265 ], [ 979765.5, 6813545.5 ], [ 979751.699999999953434, 6813552.200000000186265 ], [ 979732.300000000046566, 6813574.799999999813735 ], [ 979716.199999999953434, 6813595.700000000186265 ], [ 979700.699999999953434, 6813614.799999999813735 ], [ 979668.900000000023283, 6813640.599999999627471 ], [ 979641.0, 6813661.099999999627471 ], [ 979615.400000000023283, 6813688.799999999813735 ], [ 979607.199999999953434, 6813697.099999999627471 ], [ 979597.800000000046566, 6813709.900000000372529 ], [ 979588.400000000023283, 6813725.5 ], [ 979582.199999999953434, 6813741.200000000186265 ], [ 979573.0, 6813762.299999999813735 ], [ 979558.300000000046566, 6813786.400000000372529 ], [ 979541.199999999953434, 6813808.599999999627471 ], [ 979526.900000000023283, 6813825.400000000372529 ], [ 979516.099999999976717, 6813834.099999999627471 ], [ 979518.199999999953434, 6813839.599999999627471 ], [ 979526.199999999953434, 6813860.700000000186265 ], [ 979530.300000000046566, 6813886.5 ], [ 979533.300000000046566, 6813917.799999999813735 ], [ 979539.699999999953434, 6813950.400000000372529 ], [ 979551.800000000046566, 6813984.200000000186265 ], [ 979561.400000000023283, 6814005.5 ], [ 979575.199999999953434, 6814023.0 ], [ 979584.5, 6814038.900000000372529 ], [ 979589.099999999976717, 6814055.5 ], [ 979589.599999999976717, 6814064.200000000186265 ], [ 979600.199999999953434, 6814213.599999999627471 ], [ 979606.099999999976717, 6814264.200000000186265 ], [ 979607.199999999953434, 6814287.900000000372529 ], [ 979613.5, 6814306.099999999627471 ], [ 979634.400000000023283, 6814335.799999999813735 ], [ 979641.699999999953434, 6814352.700000000186265 ], [ 979721.099999999976717, 6814388.599999999627471 ], [ 979834.800000000046566, 6814444.299999999813735 ], [ 979854.5, 6814457.400000000372529 ], [ 979872.199999999953434, 6814473.799999999813735 ], [ 979898.0, 6814507.299999999813735 ], [ 979909.599999999976717, 6814522.099999999627471 ], [ 979913.400000000023283, 6814527.200000000186265 ], [ 979925.599999999976717, 6814536.299999999813735 ], [ 979954.800000000046566, 6814552.0 ], [ 979971.5, 6814563.700000000186265 ], [ 979985.099999999976717, 6814564.400000000372529 ], [ 979993.400000000023283, 6814565.900000000372529 ], [ 980014.0, 6814575.900000000372529 ], [ 980048.199999999953434, 6814603.900000000372529 ], [ 980074.300000000046566, 6814631.400000000372529 ], [ 980106.0, 6814674.099999999627471 ], [ 980123.699999999953434, 6814694.900000000372529 ], [ 980148.0, 6814714.599999999627471 ], [ 980215.400000000023283, 6814750.599999999627471 ], [ 980292.5, 6814782.400000000372529 ], [ 980310.099999999976717, 6814787.0 ], [ 980370.5, 6814796.599999999627471 ], [ 980399.5, 6814793.0 ], [ 980431.900000000023283, 6814784.200000000186265 ], [ 980466.199999999953434, 6814773.900000000372529 ], [ 980486.400000000023283, 6814771.400000000372529 ], [ 980508.800000000046566, 6814773.5 ], [ 980532.099999999976717, 6814781.700000000186265 ], [ 980567.900000000023283, 6814799.200000000186265 ], [ 980623.400000000023283, 6814822.299999999813735 ], [ 980679.0, 6814839.299999999813735 ], [ 980785.599999999976717, 6814911.799999999813735 ], [ 980812.199999999953434, 6814928.700000000186265 ], [ 980886.099999999976717, 6814976.599999999627471 ], [ 980935.5, 6814938.200000000186265 ], [ 980960.400000000023283, 6814915.200000000186265 ], [ 980967.099999999976717, 6814911.700000000186265 ], [ 980981.400000000023283, 6814897.599999999627471 ], [ 980991.5, 6814890.799999999813735 ], [ 981003.900000000023283, 6814891.200000000186265 ], [ 981020.800000000046566, 6814892.400000000372529 ], [ 981044.699999999953434, 6814887.299999999813735 ], [ 981066.5, 6814881.200000000186265 ], [ 981082.699999999953434, 6814876.5 ], [ 981125.400000000023283, 6814846.400000000372529 ], [ 981226.199999999953434, 6814792.200000000186265 ], [ 981249.0, 6814780.5 ], [ 981256.400000000023283, 6814766.599999999627471 ], [ 981266.199999999953434, 6814756.5 ], [ 981284.599999999976717, 6814748.700000000186265 ], [ 981303.400000000023283, 6814744.599999999627471 ], [ 981328.400000000023283, 6814724.5 ], [ 981362.599999999976717, 6814697.200000000186265 ], [ 981375.800000000046566, 6814683.799999999813735 ], [ 981393.599999999976717, 6814669.299999999813735 ], [ 981506.0, 6814719.099999999627471 ], [ 981667.699999999953434, 6814787.400000000372529 ], [ 981788.699999999953434, 6814688.200000000186265 ], [ 981824.199999999953434, 6814746.900000000372529 ], [ 981874.900000000023283, 6814841.400000000372529 ], [ 981869.400000000023283, 6814981.400000000372529 ], [ 981811.599999999976717, 6815039.799999999813735 ], [ 981799.199999999953434, 6815058.700000000186265 ], [ 981774.599999999976717, 6815104.200000000186265 ], [ 981761.400000000023283, 6815153.200000000186265 ], [ 981797.599999999976717, 6815222.099999999627471 ], [ 981855.199999999953434, 6815325.599999999627471 ], [ 981896.0, 6815399.700000000186265 ], [ 981925.699999999953434, 6815454.0 ], [ 981939.099999999976717, 6815490.400000000372529 ], [ 981943.599999999976717, 6815513.400000000372529 ], [ 981947.0, 6815532.599999999627471 ], [ 981960.5, 6815559.200000000186265 ], [ 981967.300000000046566, 6815580.900000000372529 ], [ 981973.900000000023283, 6815613.299999999813735 ], [ 981972.0, 6815628.599999999627471 ], [ 981961.199999999953434, 6815651.099999999627471 ], [ 981929.400000000023283, 6815674.599999999627471 ], [ 981899.199999999953434, 6815704.799999999813735 ], [ 981869.0, 6815755.200000000186265 ], [ 981848.199999999953434, 6815805.700000000186265 ], [ 981855.300000000046566, 6815859.400000000372529 ], [ 981836.599999999976717, 6815892.700000000186265 ], [ 981841.5, 6815925.5 ], [ 981875.599999999976717, 6816014.5 ], [ 981924.400000000023283, 6816128.5 ], [ 982011.300000000046566, 6816231.599999999627471 ], [ 982081.099999999976717, 6816337.099999999627471 ], [ 982092.5, 6816418.299999999813735 ], [ 982090.099999999976717, 6816488.5 ], [ 982079.599999999976717, 6816552.700000000186265 ], [ 982061.699999999953434, 6816601.400000000372529 ], [ 982085.800000000046566, 6816684.0 ], [ 982100.800000000046566, 6816791.599999999627471 ], [ 982123.199999999953434, 6816866.400000000372529 ], [ 982121.800000000046566, 6816880.700000000186265 ], [ 982120.599999999976717, 6816893.700000000186265 ], [ 982119.0, 6816911.700000000186265 ], [ 982109.300000000046566, 6816946.200000000186265 ], [ 982116.099999999976717, 6817008.599999999627471 ], [ 982150.900000000023283, 6817061.299999999813735 ], [ 982189.0, 6817137.5 ], [ 982230.199999999953434, 6817193.5 ], [ 982271.099999999976717, 6817235.200000000186265 ], [ 982296.599999999976717, 6817289.700000000186265 ], [ 982296.599999999976717, 6817340.900000000372529 ], [ 982288.900000000023283, 6817491.099999999627471 ], [ 982285.5, 6817631.0 ], [ 982282.0, 6817770.900000000372529 ], [ 982343.800000000046566, 6817870.299999999813735 ], [ 982577.0, 6818115.799999999813735 ], [ 982583.300000000046566, 6818125.599999999627471 ], [ 982588.5, 6818133.900000000372529 ], [ 982592.300000000046566, 6818140.5 ], [ 982596.699999999953434, 6818148.0 ], [ 982604.5, 6818157.200000000186265 ], [ 982618.599999999976717, 6818170.400000000372529 ], [ 982627.800000000046566, 6818182.700000000186265 ], [ 982630.400000000023283, 6818186.200000000186265 ], [ 982630.699999999953434, 6818186.700000000186265 ], [ 982634.400000000023283, 6818191.400000000372529 ], [ 982640.300000000046566, 6818199.400000000372529 ], [ 982640.5, 6818199.799999999813735 ], [ 982644.300000000046566, 6818204.799999999813735 ], [ 982650.900000000023283, 6818211.299999999813735 ], [ 982668.900000000023283, 6818227.799999999813735 ], [ 982674.900000000023283, 6818232.5 ], [ 982682.5, 6818241.0 ], [ 982686.099999999976717, 6818245.200000000186265 ], [ 982686.5, 6818245.700000000186265 ], [ 982691.199999999953434, 6818251.400000000372529 ], [ 982699.099999999976717, 6818260.700000000186265 ], [ 982705.5, 6818268.299999999813735 ], [ 982716.400000000023283, 6818281.099999999627471 ], [ 982722.099999999976717, 6818288.099999999627471 ], [ 982729.599999999976717, 6818297.0 ], [ 982736.400000000023283, 6818306.5 ], [ 982737.199999999953434, 6818307.799999999813735 ], [ 982739.699999999953434, 6818311.099999999627471 ], [ 982744.800000000046566, 6818318.700000000186265 ], [ 982747.800000000046566, 6818325.299999999813735 ], [ 982751.0, 6818331.299999999813735 ], [ 982753.599999999976717, 6818336.799999999813735 ], [ 982757.400000000023283, 6818343.0 ], [ 982760.699999999953434, 6818348.599999999627471 ], [ 982765.099999999976717, 6818355.700000000186265 ], [ 982770.400000000023283, 6818364.599999999627471 ], [ 982771.300000000046566, 6818366.0 ], [ 982774.699999999953434, 6818371.599999999627471 ], [ 982779.5, 6818377.799999999813735 ], [ 982784.199999999953434, 6818382.700000000186265 ], [ 982789.300000000046566, 6818387.200000000186265 ], [ 982794.699999999953434, 6818394.299999999813735 ], [ 982800.699999999953434, 6818402.299999999813735 ], [ 982804.199999999953434, 6818410.5 ], [ 982807.800000000046566, 6818419.799999999813735 ], [ 982811.599999999976717, 6818427.900000000372529 ], [ 982815.199999999953434, 6818439.099999999627471 ], [ 982817.5, 6818448.200000000186265 ], [ 982821.400000000023283, 6818457.099999999627471 ], [ 982826.800000000046566, 6818463.099999999627471 ], [ 982829.900000000023283, 6818467.599999999627471 ], [ 982833.0, 6818471.900000000372529 ], [ 982837.599999999976717, 6818481.799999999813735 ], [ 982840.300000000046566, 6818486.900000000372529 ], [ 982841.900000000023283, 6818490.299999999813735 ], [ 982845.699999999953434, 6818499.799999999813735 ], [ 982848.800000000046566, 6818506.799999999813735 ], [ 982838.699999999953434, 6818512.400000000372529 ], [ 982822.5, 6818521.599999999627471 ], [ 982821.300000000046566, 6818672.799999999813735 ], [ 982895.099999999976717, 6818826.700000000186265 ], [ 982909.099999999976717, 6818882.599999999627471 ], [ 982911.0, 6818890.099999999627471 ], [ 982912.599999999976717, 6818896.299999999813735 ], [ 982931.599999999976717, 6818972.299999999813735 ], [ 982937.900000000023283, 6818997.299999999813735 ], [ 982958.699999999953434, 6819070.0 ], [ 982965.400000000023283, 6819093.299999999813735 ], [ 982970.099999999976717, 6819109.700000000186265 ], [ 982973.599999999976717, 6819121.900000000372529 ], [ 982975.599999999976717, 6819129.299999999813735 ], [ 982986.699999999953434, 6819167.900000000372529 ], [ 983010.0, 6819262.5 ], [ 983051.400000000023283, 6819428.5 ], [ 983063.900000000023283, 6819474.700000000186265 ], [ 983065.599999999976717, 6819480.799999999813735 ], [ 983081.800000000046566, 6819540.900000000372529 ], [ 983111.699999999953434, 6819670.200000000186265 ], [ 983113.699999999953434, 6819678.900000000372529 ], [ 983115.0, 6819685.299999999813735 ], [ 983132.099999999976717, 6819773.799999999813735 ], [ 983134.599999999976717, 6819776.0 ], [ 983142.400000000023283, 6819782.900000000372529 ], [ 983168.400000000023283, 6819805.700000000186265 ], [ 983197.099999999976717, 6819829.0 ], [ 983210.300000000046566, 6819839.599999999627471 ], [ 983236.699999999953434, 6819861.299999999813735 ], [ 983251.800000000046566, 6819873.799999999813735 ], [ 983264.300000000046566, 6819884.099999999627471 ], [ 983275.0, 6819889.599999999627471 ], [ 983288.699999999953434, 6819895.5 ], [ 983300.599999999976717, 6819900.799999999813735 ], [ 983314.599999999976717, 6819906.599999999627471 ], [ 983327.0, 6819912.099999999627471 ], [ 983338.400000000023283, 6819916.700000000186265 ], [ 983346.800000000046566, 6819920.400000000372529 ], [ 983354.5, 6819923.799999999813735 ], [ 983360.800000000046566, 6819926.0 ], [ 983497.0, 6820051.900000000372529 ], [ 983582.599999999976717, 6820125.099999999627471 ], [ 983653.599999999976717, 6820184.5 ], [ 983756.0, 6820245.599999999627471 ], [ 983813.699999999953434, 6820273.099999999627471 ], [ 983929.099999999976717, 6820327.099999999627471 ], [ 984068.300000000046566, 6820471.5 ], [ 984086.599999999976717, 6820494.299999999813735 ], [ 984317.199999999953434, 6820573.200000000186265 ], [ 984459.699999999953434, 6820586.099999999627471 ], [ 984616.300000000046566, 6820653.5 ], [ 984659.099999999976717, 6820698.799999999813735 ], [ 984685.699999999953434, 6820747.700000000186265 ], [ 984726.599999999976717, 6820857.5 ], [ 984803.199999999953434, 6821045.299999999813735 ], [ 984832.5, 6821100.0 ], [ 984848.900000000023283, 6821128.0 ], [ 984883.699999999953434, 6821244.900000000372529 ], [ 984921.099999999976717, 6821383.900000000372529 ], [ 984975.0, 6821556.799999999813735 ], [ 984976.900000000023283, 6821561.400000000372529 ], [ 984990.400000000023283, 6821595.299999999813735 ], [ 985005.699999999953434, 6821639.599999999627471 ], [ 985040.0, 6821693.299999999813735 ], [ 985069.900000000023283, 6821688.400000000372529 ], [ 985112.400000000023283, 6821686.799999999813735 ], [ 985156.199999999953434, 6821693.400000000372529 ], [ 985187.5, 6821708.400000000372529 ], [ 985233.900000000023283, 6821739.099999999627471 ], [ 985242.0, 6821747.099999999627471 ], [ 985278.199999999953434, 6821773.400000000372529 ], [ 985309.400000000023283, 6821795.900000000372529 ], [ 985335.0, 6821815.0 ], [ 985357.099999999976717, 6821832.5 ], [ 985376.699999999953434, 6821847.599999999627471 ], [ 985397.5, 6821861.400000000372529 ], [ 985404.199999999953434, 6821864.900000000372529 ], [ 985409.699999999953434, 6821867.099999999627471 ], [ 985415.0, 6821867.700000000186265 ], [ 985423.199999999953434, 6821881.0 ], [ 985435.400000000023283, 6821899.299999999813735 ], [ 985451.400000000023283, 6821923.799999999813735 ], [ 985471.800000000046566, 6821953.799999999813735 ], [ 985483.199999999953434, 6821968.5 ], [ 985489.300000000046566, 6821975.5 ], [ 985494.199999999953434, 6821980.200000000186265 ], [ 985499.5, 6821983.5 ], [ 985510.5, 6821988.799999999813735 ], [ 985527.699999999953434, 6821998.599999999627471 ], [ 985552.5, 6822010.900000000372529 ], [ 985566.800000000046566, 6822017.599999999627471 ], [ 985578.400000000023283, 6822025.200000000186265 ], [ 985583.099999999976717, 6822030.299999999813735 ], [ 985587.900000000023283, 6822036.799999999813735 ], [ 985590.699999999953434, 6822042.5 ], [ 985593.300000000046566, 6822046.700000000186265 ], [ 985612.5, 6822062.0 ], [ 985625.400000000023283, 6822074.0 ], [ 985647.5, 6822093.900000000372529 ], [ 985669.599999999976717, 6822112.599999999627471 ], [ 985691.800000000046566, 6822132.299999999813735 ], [ 985699.199999999953434, 6822141.5 ], [ 985710.400000000023283, 6822155.799999999813735 ], [ 985713.800000000046566, 6822158.400000000372529 ], [ 985717.0, 6822159.299999999813735 ], [ 985721.599999999976717, 6822158.400000000372529 ], [ 985725.300000000046566, 6822157.799999999813735 ], [ 985726.400000000023283, 6822157.599999999627471 ], [ 985730.199999999953434, 6822157.299999999813735 ], [ 985734.199999999953434, 6822157.5 ], [ 985737.599999999976717, 6822158.099999999627471 ], [ 985740.599999999976717, 6822148.400000000372529 ], [ 985749.800000000046566, 6822108.700000000186265 ], [ 985754.900000000023283, 6822087.5 ], [ 985760.199999999953434, 6822070.799999999813735 ], [ 985768.900000000023283, 6822051.5 ], [ 985775.900000000023283, 6822038.599999999627471 ], [ 985805.599999999976717, 6821989.299999999813735 ], [ 985847.099999999976717, 6821925.400000000372529 ], [ 985866.5, 6821898.700000000186265 ], [ 985882.099999999976717, 6821873.5 ], [ 985892.0, 6821860.599999999627471 ], [ 985897.599999999976717, 6821849.900000000372529 ], [ 985898.5, 6821845.299999999813735 ], [ 985898.5, 6821834.5 ], [ 985896.0, 6821818.5 ], [ 985894.800000000046566, 6821802.400000000372529 ], [ 985895.199999999953434, 6821789.599999999627471 ], [ 985896.699999999953434, 6821773.799999999813735 ], [ 985901.199999999953434, 6821751.299999999813735 ], [ 985907.300000000046566, 6821727.799999999813735 ], [ 985909.0, 6821720.0 ], [ 985910.599999999976717, 6821710.599999999627471 ], [ 985911.599999999976717, 6821698.0 ], [ 985909.0, 6821679.0 ], [ 985902.300000000046566, 6821647.200000000186265 ], [ 985887.300000000046566, 6821594.5 ], [ 985875.199999999953434, 6821558.900000000372529 ], [ 985870.099999999976717, 6821541.0 ], [ 985869.400000000023283, 6821526.299999999813735 ], [ 985870.800000000046566, 6821512.0 ], [ 985874.199999999953434, 6821493.099999999627471 ], [ 985879.599999999976717, 6821472.299999999813735 ], [ 985886.099999999976717, 6821453.200000000186265 ], [ 985891.300000000046566, 6821438.200000000186265 ], [ 985894.099999999976717, 6821425.0 ], [ 985896.400000000023283, 6821405.400000000372529 ], [ 985899.900000000023283, 6821371.0 ], [ 985901.300000000046566, 6821311.799999999813735 ], [ 985901.800000000046566, 6821296.5 ], [ 985902.400000000023283, 6821281.200000000186265 ], [ 985903.199999999953434, 6821266.5 ], [ 985904.800000000046566, 6821255.700000000186265 ], [ 985906.900000000023283, 6821246.200000000186265 ], [ 985910.800000000046566, 6821234.700000000186265 ], [ 985917.599999999976717, 6821219.099999999627471 ], [ 985925.699999999953434, 6821200.599999999627471 ], [ 985937.699999999953434, 6821173.5 ], [ 985952.099999999976717, 6821141.0 ], [ 985964.599999999976717, 6821109.900000000372529 ], [ 985975.099999999976717, 6821082.799999999813735 ], [ 985983.199999999953434, 6821061.400000000372529 ], [ 985986.900000000023283, 6821049.5 ], [ 985989.900000000023283, 6821034.599999999627471 ], [ 985994.099999999976717, 6821015.299999999813735 ], [ 985998.699999999953434, 6821000.299999999813735 ], [ 986006.599999999976717, 6820985.0 ], [ 986012.099999999976717, 6820976.5 ], [ 986019.099999999976717, 6820969.099999999627471 ], [ 986025.199999999953434, 6820962.799999999813735 ], [ 986032.900000000023283, 6820952.299999999813735 ], [ 986040.400000000023283, 6820939.099999999627471 ], [ 986048.699999999953434, 6820924.700000000186265 ], [ 986076.900000000023283, 6820879.400000000372529 ], [ 986090.5, 6820849.5 ], [ 986097.300000000046566, 6820832.700000000186265 ], [ 986106.599999999976717, 6820799.900000000372529 ], [ 986119.199999999953434, 6820710.799999999813735 ], [ 986120.0, 6820706.700000000186265 ], [ 986123.099999999976717, 6820690.599999999627471 ], [ 986125.199999999953434, 6820669.400000000372529 ], [ 986127.800000000046566, 6820651.400000000372529 ], [ 986134.099999999976717, 6820638.5 ], [ 986140.400000000023283, 6820626.299999999813735 ], [ 986147.400000000023283, 6820609.0 ], [ 986155.199999999953434, 6820589.700000000186265 ], [ 986170.0, 6820562.5 ], [ 986181.599999999976717, 6820543.200000000186265 ], [ 986196.800000000046566, 6820525.400000000372529 ], [ 986210.099999999976717, 6820501.200000000186265 ], [ 986216.800000000046566, 6820484.599999999627471 ], [ 986226.199999999953434, 6820459.599999999627471 ], [ 986232.800000000046566, 6820434.099999999627471 ], [ 986236.5, 6820407.200000000186265 ], [ 986239.0, 6820369.700000000186265 ], [ 986272.800000000046566, 6820349.599999999627471 ], [ 986378.800000000046566, 6820324.099999999627471 ], [ 986417.699999999953434, 6820344.799999999813735 ], [ 986475.199999999953434, 6820350.5 ], [ 986483.199999999953434, 6820349.5 ], [ 986502.199999999953434, 6820348.400000000372529 ], [ 986517.400000000023283, 6820348.099999999627471 ], [ 986543.300000000046566, 6820349.5 ], [ 986560.900000000023283, 6820350.700000000186265 ], [ 986582.800000000046566, 6820352.799999999813735 ], [ 986612.900000000023283, 6820355.0 ], [ 986641.800000000046566, 6820356.400000000372529 ], [ 986657.099999999976717, 6820358.799999999813735 ], [ 986668.900000000023283, 6820361.299999999813735 ], [ 986686.300000000046566, 6820367.5 ], [ 986707.900000000023283, 6820374.599999999627471 ], [ 986788.0, 6820387.299999999813735 ], [ 986857.400000000023283, 6820346.5 ], [ 986856.699999999953434, 6820341.099999999627471 ], [ 986848.099999999976717, 6820276.400000000372529 ], [ 986831.0, 6820182.799999999813735 ], [ 986825.900000000023283, 6820168.799999999813735 ], [ 986817.0, 6820146.599999999627471 ], [ 986809.5, 6819980.799999999813735 ], [ 986832.099999999976717, 6819991.099999999627471 ], [ 986875.199999999953434, 6819988.700000000186265 ], [ 986955.699999999953434, 6819987.700000000186265 ], [ 987059.300000000046566, 6819983.299999999813735 ], [ 987096.900000000023283, 6819990.0 ], [ 987193.699999999953434, 6820060.599999999627471 ], [ 987312.400000000023283, 6820040.799999999813735 ], [ 987322.099999999976717, 6820045.200000000186265 ], [ 987343.699999999953434, 6820054.400000000372529 ], [ 987353.099999999976717, 6820060.900000000372529 ], [ 987359.699999999953434, 6820067.200000000186265 ], [ 987363.199999999953434, 6820071.400000000372529 ], [ 987368.599999999976717, 6820083.900000000372529 ], [ 987372.400000000023283, 6820092.0 ], [ 987377.800000000046566, 6820099.799999999813735 ], [ 987384.199999999953434, 6820108.099999999627471 ], [ 987403.300000000046566, 6820122.5 ], [ 987436.0, 6820146.200000000186265 ], [ 987440.900000000023283, 6820148.700000000186265 ], [ 987451.599999999976717, 6820154.200000000186265 ], [ 987462.900000000023283, 6820159.299999999813735 ], [ 987472.900000000023283, 6820167.0 ], [ 987485.199999999953434, 6820173.599999999627471 ], [ 987496.599999999976717, 6820178.400000000372529 ], [ 987513.5, 6820184.5 ], [ 987527.400000000023283, 6820187.599999999627471 ], [ 987537.599999999976717, 6820189.799999999813735 ], [ 987549.400000000023283, 6820190.400000000372529 ], [ 987560.099999999976717, 6820188.799999999813735 ], [ 987567.800000000046566, 6820184.099999999627471 ], [ 987569.5, 6820183.099999999627471 ], [ 987583.699999999953434, 6820177.900000000372529 ], [ 987599.699999999953434, 6820169.0 ], [ 987610.599999999976717, 6820164.200000000186265 ], [ 987617.900000000023283, 6820163.700000000186265 ], [ 987628.800000000046566, 6820166.799999999813735 ], [ 987651.199999999953434, 6820175.799999999813735 ], [ 987668.599999999976717, 6820183.200000000186265 ], [ 987678.599999999976717, 6820185.099999999627471 ], [ 987689.599999999976717, 6820185.0 ], [ 987708.099999999976717, 6820182.0 ], [ 987727.099999999976717, 6820178.400000000372529 ], [ 987736.0, 6820178.0 ], [ 987743.699999999953434, 6820180.299999999813735 ], [ 987749.199999999953434, 6820186.0 ], [ 987751.900000000023283, 6820191.200000000186265 ], [ 987751.699999999953434, 6820195.200000000186265 ], [ 987751.199999999953434, 6820197.599999999627471 ], [ 987750.199999999953434, 6820199.599999999627471 ], [ 987745.900000000023283, 6820202.299999999813735 ], [ 987740.900000000023283, 6820203.700000000186265 ], [ 987738.699999999953434, 6820205.0 ], [ 987737.400000000023283, 6820208.700000000186265 ], [ 987738.199999999953434, 6820211.099999999627471 ], [ 987740.099999999976717, 6820212.700000000186265 ], [ 987743.5, 6820217.200000000186265 ], [ 987746.199999999953434, 6820219.599999999627471 ], [ 987749.5, 6820222.799999999813735 ], [ 987754.0, 6820223.700000000186265 ], [ 987760.0, 6820223.5 ], [ 987767.0, 6820221.099999999627471 ], [ 987773.099999999976717, 6820218.0 ], [ 987779.199999999953434, 6820211.5 ], [ 987785.800000000046566, 6820201.200000000186265 ], [ 987790.099999999976717, 6820188.900000000372529 ], [ 987793.900000000023283, 6820177.400000000372529 ], [ 987799.0, 6820164.700000000186265 ], [ 987804.0, 6820152.0 ], [ 987809.300000000046566, 6820139.299999999813735 ], [ 987809.800000000046566, 6820138.599999999627471 ], [ 987814.5, 6820132.0 ], [ 987820.099999999976717, 6820127.5 ], [ 987825.800000000046566, 6820126.299999999813735 ], [ 987831.099999999976717, 6820126.599999999627471 ], [ 987836.699999999953434, 6820128.799999999813735 ], [ 987840.900000000023283, 6820133.200000000186265 ], [ 987843.800000000046566, 6820136.099999999627471 ], [ 987851.199999999953434, 6820143.400000000372529 ], [ 987871.099999999976717, 6820161.0 ], [ 987915.400000000023283, 6820195.299999999813735 ], [ 987953.900000000023283, 6820229.099999999627471 ], [ 987978.199999999953434, 6820253.900000000372529 ], [ 987987.900000000023283, 6820265.900000000372529 ], [ 987994.599999999976717, 6820276.400000000372529 ], [ 988002.800000000046566, 6820288.700000000186265 ], [ 988013.400000000023283, 6820306.0 ], [ 988021.099999999976717, 6820322.400000000372529 ], [ 988031.0, 6820337.099999999627471 ], [ 988031.300000000046566, 6820337.599999999627471 ], [ 988041.300000000046566, 6820354.400000000372529 ], [ 988050.699999999953434, 6820372.400000000372529 ], [ 988060.599999999976717, 6820396.099999999627471 ], [ 988062.699999999953434, 6820400.599999999627471 ], [ 988073.599999999976717, 6820423.700000000186265 ], [ 988078.0, 6820435.700000000186265 ], [ 988082.0, 6820449.700000000186265 ], [ 988092.699999999953434, 6820472.299999999813735 ], [ 988104.699999999953434, 6820496.0 ], [ 988113.900000000023283, 6820514.700000000186265 ], [ 988117.300000000046566, 6820521.599999999627471 ], [ 988125.400000000023283, 6820539.400000000372529 ], [ 988130.199999999953434, 6820549.900000000372529 ], [ 988132.5, 6820557.900000000372529 ], [ 988134.800000000046566, 6820567.200000000186265 ], [ 988138.699999999953434, 6820577.0 ], [ 988141.900000000023283, 6820585.599999999627471 ], [ 988145.199999999953434, 6820589.5 ], [ 988151.0, 6820593.900000000372529 ], [ 988158.0, 6820600.200000000186265 ], [ 988163.300000000046566, 6820606.299999999813735 ], [ 988166.900000000023283, 6820613.0 ], [ 988169.0, 6820619.0 ], [ 988171.400000000023283, 6820632.700000000186265 ], [ 988172.099999999976717, 6820645.099999999627471 ], [ 988173.300000000046566, 6820660.200000000186265 ], [ 988174.099999999976717, 6820674.400000000372529 ], [ 988175.099999999976717, 6820689.400000000372529 ], [ 988178.300000000046566, 6820700.700000000186265 ], [ 988183.699999999953434, 6820713.5 ], [ 988190.0, 6820722.799999999813735 ], [ 988196.099999999976717, 6820729.200000000186265 ], [ 988203.400000000023283, 6820734.799999999813735 ], [ 988217.300000000046566, 6820743.5 ], [ 988233.0, 6820754.299999999813735 ], [ 988249.5, 6820765.400000000372529 ], [ 988273.099999999976717, 6820788.400000000372529 ], [ 988298.0, 6820813.200000000186265 ], [ 988324.599999999976717, 6820836.099999999627471 ], [ 988337.599999999976717, 6820843.0 ], [ 988350.099999999976717, 6820846.099999999627471 ], [ 988365.300000000046566, 6820848.900000000372529 ], [ 988376.0, 6820849.599999999627471 ], [ 988377.199999999953434, 6820849.5 ], [ 988390.0, 6820850.099999999627471 ], [ 988404.300000000046566, 6820850.799999999813735 ], [ 988425.699999999953434, 6820849.700000000186265 ], [ 988443.900000000023283, 6820848.400000000372529 ], [ 988462.800000000046566, 6820845.200000000186265 ], [ 988474.800000000046566, 6820843.799999999813735 ], [ 988487.300000000046566, 6820843.700000000186265 ], [ 988491.0, 6820844.599999999627471 ], [ 988493.599999999976717, 6820846.0 ], [ 988498.800000000046566, 6820852.0 ], [ 988510.599999999976717, 6820872.5 ], [ 988522.599999999976717, 6820901.5 ], [ 988528.5, 6820918.900000000372529 ], [ 988533.599999999976717, 6820930.299999999813735 ], [ 988540.0, 6820939.5 ], [ 988544.599999999976717, 6820944.799999999813735 ], [ 988549.0, 6820950.900000000372529 ], [ 988551.5, 6820961.0 ], [ 988552.800000000046566, 6820973.700000000186265 ], [ 988554.300000000046566, 6820996.700000000186265 ], [ 988555.300000000046566, 6821026.799999999813735 ], [ 988555.599999999976717, 6821049.900000000372529 ], [ 988555.699999999953434, 6821072.0 ], [ 988554.400000000023283, 6821097.200000000186265 ], [ 988553.300000000046566, 6821114.299999999813735 ], [ 988552.699999999953434, 6821121.799999999813735 ], [ 988552.800000000046566, 6821144.900000000372529 ], [ 988558.0, 6821173.0 ], [ 988562.599999999976717, 6821196.0 ], [ 988566.199999999953434, 6821210.5 ], [ 988569.400000000023283, 6821223.200000000186265 ], [ 988574.199999999953434, 6821231.200000000186265 ], [ 988581.099999999976717, 6821238.200000000186265 ], [ 988593.599999999976717, 6821247.700000000186265 ], [ 988605.5, 6821252.299999999813735 ], [ 988615.0, 6821254.700000000186265 ], [ 988627.199999999953434, 6821255.299999999813735 ], [ 988637.699999999953434, 6821254.900000000372529 ], [ 988640.300000000046566, 6821254.299999999813735 ], [ 988648.300000000046566, 6821252.5 ], [ 988651.599999999976717, 6821250.900000000372529 ], [ 988660.0, 6821246.700000000186265 ], [ 988672.5, 6821237.900000000372529 ], [ 988683.699999999953434, 6821230.099999999627471 ], [ 988689.099999999976717, 6821228.200000000186265 ], [ 988703.099999999976717, 6821226.599999999627471 ], [ 988710.199999999953434, 6821227.5 ], [ 988715.400000000023283, 6821230.5 ], [ 988717.0, 6821233.200000000186265 ], [ 988723.5, 6821242.200000000186265 ], [ 988727.0, 6821245.299999999813735 ], [ 988736.699999999953434, 6821251.5 ], [ 988740.400000000023283, 6821253.799999999813735 ], [ 988747.599999999976717, 6821258.900000000372529 ], [ 988754.699999999953434, 6821268.299999999813735 ], [ 988759.900000000023283, 6821279.200000000186265 ], [ 988762.300000000046566, 6821288.299999999813735 ], [ 988763.800000000046566, 6821303.799999999813735 ], [ 988764.599999999976717, 6821322.299999999813735 ], [ 988764.300000000046566, 6821331.099999999627471 ], [ 988764.800000000046566, 6821337.200000000186265 ], [ 988767.400000000023283, 6821340.5 ], [ 988773.699999999953434, 6821344.900000000372529 ], [ 988782.599999999976717, 6821348.099999999627471 ], [ 988789.5, 6821349.900000000372529 ], [ 988793.099999999976717, 6821351.700000000186265 ], [ 988797.900000000023283, 6821359.0 ], [ 988804.599999999976717, 6821367.5 ], [ 988817.699999999953434, 6821376.299999999813735 ], [ 988831.099999999976717, 6821384.400000000372529 ], [ 988844.900000000023283, 6821390.900000000372529 ], [ 988857.800000000046566, 6821396.799999999813735 ], [ 988874.300000000046566, 6821406.900000000372529 ], [ 988885.199999999953434, 6821414.700000000186265 ], [ 988895.400000000023283, 6821424.5 ], [ 988902.699999999953434, 6821434.200000000186265 ], [ 988910.699999999953434, 6821450.599999999627471 ], [ 988913.800000000046566, 6821458.799999999813735 ], [ 988917.400000000023283, 6821468.200000000186265 ], [ 988918.699999999953434, 6821476.900000000372529 ], [ 988919.800000000046566, 6821482.200000000186265 ], [ 988920.400000000023283, 6821489.599999999627471 ], [ 988921.400000000023283, 6821498.299999999813735 ], [ 988926.800000000046566, 6821506.700000000186265 ], [ 988927.699999999953434, 6821508.200000000186265 ], [ 988932.300000000046566, 6821515.099999999627471 ], [ 988939.199999999953434, 6821525.400000000372529 ], [ 988947.699999999953434, 6821534.099999999627471 ], [ 988953.199999999953434, 6821542.900000000372529 ], [ 988961.300000000046566, 6821552.900000000372529 ], [ 988971.599999999976717, 6821562.599999999627471 ], [ 988980.199999999953434, 6821568.400000000372529 ], [ 988991.300000000046566, 6821573.700000000186265 ], [ 989000.0, 6821581.0 ], [ 989008.099999999976717, 6821589.799999999813735 ], [ 989014.5, 6821599.700000000186265 ], [ 989022.599999999976717, 6821605.799999999813735 ], [ 989029.699999999953434, 6821609.5 ], [ 989038.400000000023283, 6821613.0 ], [ 989046.699999999953434, 6821617.5 ], [ 989055.400000000023283, 6821621.700000000186265 ], [ 989067.300000000046566, 6821626.900000000372529 ], [ 989075.5, 6821634.799999999813735 ], [ 989087.099999999976717, 6821643.0 ], [ 989097.900000000023283, 6821647.299999999813735 ], [ 989106.900000000023283, 6821653.299999999813735 ], [ 989119.0, 6821656.799999999813735 ], [ 989127.5, 6821661.400000000372529 ], [ 989136.900000000023283, 6821666.5 ], [ 989145.5, 6821670.400000000372529 ], [ 989153.400000000023283, 6821669.799999999813735 ], [ 989157.900000000023283, 6821667.400000000372529 ], [ 989160.699999999953434, 6821665.700000000186265 ], [ 989166.5, 6821660.599999999627471 ], [ 989172.900000000023283, 6821657.799999999813735 ], [ 989179.400000000023283, 6821656.700000000186265 ], [ 989184.400000000023283, 6821657.599999999627471 ], [ 989192.300000000046566, 6821659.099999999627471 ], [ 989200.300000000046566, 6821658.5 ], [ 989209.199999999953434, 6821659.900000000372529 ], [ 989218.0, 6821662.200000000186265 ], [ 989225.5, 6821664.0 ], [ 989234.199999999953434, 6821664.0 ], [ 989243.199999999953434, 6821664.099999999627471 ], [ 989250.099999999976717, 6821665.5 ], [ 989253.400000000023283, 6821665.700000000186265 ], [ 989267.900000000023283, 6821668.0 ], [ 989277.800000000046566, 6821670.099999999627471 ], [ 989291.5, 6821674.799999999813735 ], [ 989301.400000000023283, 6821677.5 ], [ 989315.300000000046566, 6821681.5 ], [ 989325.5, 6821686.599999999627471 ], [ 989335.599999999976717, 6821694.0 ], [ 989345.5, 6821701.799999999813735 ], [ 989353.0, 6821710.400000000372529 ], [ 989363.099999999976717, 6821719.0 ], [ 989368.599999999976717, 6821730.799999999813735 ], [ 989369.0, 6821743.700000000186265 ], [ 989370.800000000046566, 6821755.200000000186265 ], [ 989376.800000000046566, 6821765.599999999627471 ], [ 989385.699999999953434, 6821776.400000000372529 ], [ 989395.300000000046566, 6821789.099999999627471 ], [ 989405.699999999953434, 6821801.400000000372529 ], [ 989416.300000000046566, 6821813.0 ], [ 989424.599999999976717, 6821823.5 ], [ 989434.0, 6821833.099999999627471 ], [ 989439.800000000046566, 6821838.700000000186265 ], [ 989444.599999999976717, 6821844.200000000186265 ], [ 989454.300000000046566, 6821845.200000000186265 ], [ 989462.400000000023283, 6821848.700000000186265 ], [ 989468.900000000023283, 6821860.099999999627471 ], [ 989475.099999999976717, 6821876.799999999813735 ], [ 989481.800000000046566, 6821890.700000000186265 ], [ 989482.599999999976717, 6821892.400000000372529 ], [ 989489.099999999976717, 6821905.200000000186265 ], [ 989494.400000000023283, 6821918.299999999813735 ], [ 989500.699999999953434, 6821930.200000000186265 ], [ 989503.5, 6821938.5 ], [ 989506.0, 6821943.900000000372529 ], [ 989510.400000000023283, 6821948.900000000372529 ], [ 989511.900000000023283, 6821949.900000000372529 ], [ 989517.900000000023283, 6821952.0 ], [ 989526.699999999953434, 6821956.0 ], [ 989536.800000000046566, 6821965.0 ], [ 989544.5, 6821974.5 ], [ 989552.699999999953434, 6821985.599999999627471 ], [ 989562.099999999976717, 6821996.200000000186265 ], [ 989568.599999999976717, 6822007.700000000186265 ], [ 989578.199999999953434, 6822020.0 ], [ 989585.0, 6822032.099999999627471 ], [ 989588.099999999976717, 6822044.200000000186265 ], [ 989589.199999999953434, 6822056.099999999627471 ], [ 989594.0, 6822067.599999999627471 ], [ 989604.900000000023283, 6822077.299999999813735 ], [ 989614.599999999976717, 6822085.099999999627471 ], [ 989626.699999999953434, 6822094.0 ], [ 989633.0, 6822104.599999999627471 ], [ 989640.699999999953434, 6822112.299999999813735 ], [ 989647.400000000023283, 6822123.599999999627471 ], [ 989656.599999999976717, 6822128.700000000186265 ], [ 989666.0, 6822132.400000000372529 ], [ 989673.400000000023283, 6822141.0 ], [ 989678.400000000023283, 6822152.299999999813735 ], [ 989684.400000000023283, 6822162.0 ], [ 989693.699999999953434, 6822167.799999999813735 ], [ 989701.900000000023283, 6822176.5 ], [ 989709.099999999976717, 6822185.099999999627471 ], [ 989712.300000000046566, 6822195.200000000186265 ], [ 989710.599999999976717, 6822206.200000000186265 ], [ 989709.300000000046566, 6822210.200000000186265 ], [ 989707.5, 6822216.900000000372529 ], [ 989703.5, 6822228.900000000372529 ], [ 989700.699999999953434, 6822240.799999999813735 ], [ 989704.199999999953434, 6822251.299999999813735 ], [ 989710.5, 6822258.900000000372529 ], [ 989720.599999999976717, 6822268.200000000186265 ], [ 989729.599999999976717, 6822274.099999999627471 ], [ 989751.0, 6822281.299999999813735 ], [ 989767.0, 6822298.200000000186265 ], [ 989772.800000000046566, 6822301.099999999627471 ], [ 989780.099999999976717, 6822304.599999999627471 ], [ 989788.199999999953434, 6822310.299999999813735 ], [ 989795.099999999976717, 6822317.599999999627471 ], [ 989802.400000000023283, 6822322.099999999627471 ], [ 989810.099999999976717, 6822324.299999999813735 ], [ 989816.400000000023283, 6822330.799999999813735 ], [ 989821.099999999976717, 6822338.5 ], [ 989823.099999999976717, 6822345.299999999813735 ], [ 989824.400000000023283, 6822352.400000000372529 ], [ 989824.599999999976717, 6822358.599999999627471 ], [ 989824.699999999953434, 6822365.099999999627471 ], [ 989824.699999999953434, 6822371.799999999813735 ], [ 989824.599999999976717, 6822374.400000000372529 ], [ 989824.5, 6822378.599999999627471 ], [ 989824.199999999953434, 6822386.900000000372529 ], [ 989824.099999999976717, 6822400.700000000186265 ], [ 989824.0, 6822424.200000000186265 ], [ 989823.900000000023283, 6822427.400000000372529 ], [ 989823.5, 6822445.799999999813735 ], [ 989823.400000000023283, 6822449.400000000372529 ], [ 989823.400000000023283, 6822460.599999999627471 ], [ 989825.0, 6822468.299999999813735 ], [ 989828.199999999953434, 6822480.200000000186265 ], [ 989829.0, 6822486.299999999813735 ], [ 989830.900000000023283, 6822494.299999999813735 ], [ 989833.599999999976717, 6822504.799999999813735 ], [ 989838.400000000023283, 6822517.900000000372529 ], [ 989843.400000000023283, 6822531.700000000186265 ], [ 989848.699999999953434, 6822543.0 ], [ 989855.400000000023283, 6822554.799999999813735 ], [ 989862.400000000023283, 6822568.0 ], [ 989878.099999999976717, 6822589.599999999627471 ], [ 989903.300000000046566, 6822625.099999999627471 ], [ 989908.300000000046566, 6822630.400000000372529 ], [ 989911.400000000023283, 6822633.799999999813735 ], [ 989914.099999999976717, 6822635.700000000186265 ], [ 989905.300000000046566, 6822647.5 ], [ 989900.5, 6822652.299999999813735 ], [ 989894.199999999953434, 6822659.0 ], [ 989886.0, 6822666.799999999813735 ], [ 989882.599999999976717, 6822671.0 ], [ 989875.5, 6822676.5 ], [ 989865.300000000046566, 6822684.099999999627471 ], [ 989852.5, 6822690.700000000186265 ], [ 989840.900000000023283, 6822695.299999999813735 ], [ 989827.199999999953434, 6822699.5 ], [ 989812.400000000023283, 6822705.400000000372529 ], [ 989797.300000000046566, 6822771.900000000372529 ], [ 989669.0, 6822802.599999999627471 ], [ 989672.099999999976717, 6822827.0 ], [ 989672.099999999976717, 6822863.200000000186265 ], [ 989797.5, 6822863.700000000186265 ], [ 989811.5, 6822900.400000000372529 ], [ 989826.699999999953434, 6822920.299999999813735 ], [ 989861.900000000023283, 6822948.900000000372529 ], [ 989902.0, 6822968.599999999627471 ], [ 989912.300000000046566, 6823003.5 ], [ 989914.199999999953434, 6823074.700000000186265 ], [ 989890.0, 6823173.200000000186265 ], [ 989868.099999999976717, 6823235.5 ], [ 989831.199999999953434, 6823302.599999999627471 ], [ 989825.199999999953434, 6823326.099999999627471 ], [ 989860.5, 6823480.700000000186265 ], [ 989857.699999999953434, 6823492.400000000372529 ], [ 989856.099999999976717, 6823505.299999999813735 ], [ 989855.099999999976717, 6823521.5 ], [ 989854.699999999953434, 6823538.5 ], [ 989857.599999999976717, 6823625.200000000186265 ], [ 989858.0, 6823678.299999999813735 ], [ 989856.699999999953434, 6823727.299999999813735 ], [ 989853.099999999976717, 6823803.599999999627471 ], [ 989851.400000000023283, 6823840.400000000372529 ], [ 989846.800000000046566, 6823897.599999999627471 ], [ 989846.5, 6823903.599999999627471 ], [ 989846.0, 6823909.5 ], [ 989844.300000000046566, 6823918.900000000372529 ], [ 989842.0, 6823926.200000000186265 ], [ 989839.300000000046566, 6823931.200000000186265 ], [ 989835.800000000046566, 6823934.400000000372529 ], [ 989832.099999999976717, 6823940.0 ], [ 989819.5, 6823964.5 ], [ 989812.699999999953434, 6823977.400000000372529 ], [ 989797.900000000023283, 6824008.599999999627471 ], [ 989781.099999999976717, 6824062.400000000372529 ], [ 989732.699999999953434, 6824134.0 ], [ 989650.0, 6824228.5 ], [ 989640.699999999953434, 6824244.099999999627471 ], [ 989562.900000000023283, 6824373.200000000186265 ], [ 989560.199999999953434, 6824478.400000000372529 ], [ 989573.099999999976717, 6824514.599999999627471 ], [ 989603.400000000023283, 6824560.0 ], [ 989647.800000000046566, 6824625.200000000186265 ], [ 989652.300000000046566, 6824721.200000000186265 ], [ 989573.0, 6824938.5 ], [ 989549.300000000046566, 6825084.0 ], [ 989546.900000000023283, 6825248.0 ], [ 989543.699999999953434, 6825306.599999999627471 ], [ 989563.199999999953434, 6825359.700000000186265 ], [ 989573.800000000046566, 6825426.299999999813735 ], [ 989573.099999999976717, 6825486.099999999627471 ], [ 989566.0, 6825531.799999999813735 ], [ 989553.699999999953434, 6825562.299999999813735 ], [ 989531.599999999976717, 6825601.200000000186265 ], [ 989502.099999999976717, 6825661.200000000186265 ], [ 989491.199999999953434, 6825705.799999999813735 ], [ 989491.5, 6825731.5 ], [ 989495.5, 6825765.5 ], [ 989512.099999999976717, 6825812.099999999627471 ], [ 989530.199999999953434, 6825872.900000000372529 ], [ 989545.800000000046566, 6825947.700000000186265 ], [ 989553.699999999953434, 6825990.900000000372529 ], [ 989565.900000000023283, 6826102.200000000186265 ], [ 989576.5, 6826166.400000000372529 ], [ 989593.099999999976717, 6826214.400000000372529 ], [ 989609.599999999976717, 6826237.599999999627471 ], [ 989649.699999999953434, 6826259.5 ], [ 989671.0, 6826265.099999999627471 ], [ 989712.400000000023283, 6826283.599999999627471 ], [ 989770.0, 6826304.200000000186265 ], [ 989818.800000000046566, 6826315.400000000372529 ], [ 989877.699999999953434, 6826337.099999999627471 ], [ 989959.300000000046566, 6826378.599999999627471 ], [ 990133.800000000046566, 6826474.299999999813735 ], [ 990153.900000000023283, 6826487.0 ], [ 990186.800000000046566, 6826542.900000000372529 ], [ 990223.599999999976717, 6826611.700000000186265 ], [ 990231.5, 6826652.599999999627471 ], [ 990212.400000000023283, 6826661.299999999813735 ], [ 990210.199999999953434, 6826689.400000000372529 ], [ 990211.699999999953434, 6826730.400000000372529 ], [ 990212.0, 6826765.5 ], [ 990218.599999999976717, 6826794.799999999813735 ], [ 990284.199999999953434, 6826800.900000000372529 ], [ 990288.5, 6826756.400000000372529 ], [ 990400.800000000046566, 6826754.900000000372529 ], [ 990513.199999999953434, 6826753.5 ], [ 990625.699999999953434, 6826752.099999999627471 ], [ 990612.599999999976717, 6826776.5 ], [ 990603.199999999953434, 6826793.799999999813735 ], [ 990596.5, 6826809.599999999627471 ], [ 990593.0, 6826823.900000000372529 ], [ 990589.800000000046566, 6826849.099999999627471 ], [ 990587.400000000023283, 6826872.099999999627471 ], [ 990588.300000000046566, 6826888.5 ], [ 990591.0, 6826901.799999999813735 ], [ 990597.0, 6826915.0 ], [ 990605.5, 6826930.0 ], [ 990620.900000000023283, 6826949.5 ], [ 990636.5, 6826969.599999999627471 ], [ 990655.300000000046566, 6826992.900000000372529 ], [ 990679.400000000023283, 6827018.799999999813735 ], [ 990703.900000000023283, 6827043.099999999627471 ], [ 990724.699999999953434, 6827060.299999999813735 ], [ 990746.099999999976717, 6827076.099999999627471 ], [ 990761.5, 6827086.299999999813735 ], [ 990782.699999999953434, 6827096.200000000186265 ], [ 990799.900000000023283, 6827102.599999999627471 ], [ 990814.5, 6827109.900000000372529 ], [ 990826.0, 6827119.099999999627471 ], [ 990835.599999999976717, 6827128.900000000372529 ], [ 990846.800000000046566, 6827144.299999999813735 ], [ 990858.300000000046566, 6827163.0 ], [ 990870.400000000023283, 6827184.5 ], [ 990879.900000000023283, 6827207.5 ], [ 990885.0, 6827222.299999999813735 ], [ 990887.800000000046566, 6827235.099999999627471 ], [ 990888.900000000023283, 6827253.0 ], [ 990889.400000000023283, 6827279.0 ], [ 990888.300000000046566, 6827311.599999999627471 ], [ 990887.0, 6827339.5 ], [ 990883.699999999953434, 6827364.799999999813735 ], [ 990879.0, 6827394.700000000186265 ], [ 990874.699999999953434, 6827422.0 ], [ 990872.900000000023283, 6827437.400000000372529 ], [ 990872.699999999953434, 6827457.200000000186265 ], [ 990874.199999999953434, 6827471.200000000186265 ], [ 990877.099999999976717, 6827493.299999999813735 ], [ 990881.400000000023283, 6827512.900000000372529 ], [ 990887.699999999953434, 6827538.400000000372529 ], [ 990895.900000000023283, 6827568.200000000186265 ], [ 990900.800000000046566, 6827591.0 ], [ 990903.099999999976717, 6827616.0 ], [ 990902.599999999976717, 6827631.400000000372529 ], [ 990913.599999999976717, 6827631.400000000372529 ], [ 990922.5, 6827633.5 ], [ 990935.599999999976717, 6827639.099999999627471 ], [ 990954.699999999953434, 6827649.599999999627471 ], [ 990970.199999999953434, 6827656.400000000372529 ], [ 990983.699999999953434, 6827659.200000000186265 ], [ 990998.900000000023283, 6827659.799999999813735 ], [ 991002.099999999976717, 6827659.5 ], [ 991018.099999999976717, 6827658.299999999813735 ], [ 991046.199999999953434, 6827657.599999999627471 ], [ 991080.199999999953434, 6827659.5 ], [ 991131.900000000023283, 6827660.299999999813735 ], [ 991166.199999999953434, 6827658.0 ], [ 991202.0, 6827655.200000000186265 ], [ 991232.5, 6827650.900000000372529 ], [ 991269.300000000046566, 6827642.799999999813735 ], [ 991299.599999999976717, 6827634.700000000186265 ], [ 991320.400000000023283, 6827627.799999999813735 ], [ 991340.199999999953434, 6827619.400000000372529 ], [ 991358.5, 6827610.799999999813735 ], [ 991385.300000000046566, 6827600.900000000372529 ], [ 991406.699999999953434, 6827598.099999999627471 ], [ 991418.099999999976717, 6827598.200000000186265 ], [ 991430.5, 6827600.200000000186265 ], [ 991443.5, 6827604.900000000372529 ], [ 991457.199999999953434, 6827610.700000000186265 ], [ 991473.5, 6827618.700000000186265 ], [ 991488.800000000046566, 6827625.200000000186265 ], [ 991510.900000000023283, 6827633.900000000372529 ], [ 991574.599999999976717, 6827658.900000000372529 ], [ 991593.400000000023283, 6827665.700000000186265 ], [ 991613.300000000046566, 6827672.599999999627471 ], [ 991631.599999999976717, 6827680.099999999627471 ], [ 991646.800000000046566, 6827685.599999999627471 ], [ 991658.900000000023283, 6827690.799999999813735 ], [ 991670.400000000023283, 6827697.200000000186265 ], [ 991681.900000000023283, 6827705.900000000372529 ], [ 991693.800000000046566, 6827712.099999999627471 ], [ 991704.400000000023283, 6827716.900000000372529 ], [ 991717.0, 6827722.299999999813735 ], [ 991728.400000000023283, 6827726.200000000186265 ], [ 991738.900000000023283, 6827728.299999999813735 ], [ 991749.699999999953434, 6827728.5 ], [ 991760.400000000023283, 6827726.299999999813735 ], [ 991770.599999999976717, 6827723.099999999627471 ], [ 991779.5, 6827719.200000000186265 ], [ 991788.0, 6827715.400000000372529 ], [ 991795.900000000023283, 6827711.400000000372529 ], [ 991802.300000000046566, 6827708.900000000372529 ], [ 991806.800000000046566, 6827704.5 ], [ 991808.0, 6827698.900000000372529 ], [ 991812.800000000046566, 6827695.299999999813735 ], [ 991825.300000000046566, 6827691.299999999813735 ], [ 991835.199999999953434, 6827687.299999999813735 ], [ 991850.5, 6827679.799999999813735 ], [ 991863.199999999953434, 6827671.700000000186265 ], [ 991879.800000000046566, 6827656.400000000372529 ], [ 991889.599999999976717, 6827642.5 ], [ 991893.800000000046566, 6827633.299999999813735 ], [ 991898.800000000046566, 6827623.299999999813735 ], [ 991905.800000000046566, 6827613.700000000186265 ], [ 991912.400000000023283, 6827605.900000000372529 ], [ 991920.400000000023283, 6827596.400000000372529 ], [ 991927.5, 6827586.0 ], [ 991933.900000000023283, 6827575.400000000372529 ], [ 991939.099999999976717, 6827563.799999999813735 ], [ 991941.400000000023283, 6827553.5 ], [ 991940.699999999953434, 6827541.599999999627471 ], [ 991938.900000000023283, 6827530.700000000186265 ], [ 991939.599999999976717, 6827520.200000000186265 ], [ 991943.5, 6827510.599999999627471 ], [ 991950.599999999976717, 6827503.0 ], [ 991959.199999999953434, 6827497.099999999627471 ], [ 991967.5, 6827488.400000000372529 ], [ 991973.800000000046566, 6827478.799999999813735 ], [ 991979.5, 6827468.200000000186265 ], [ 992118.099999999976717, 6827514.200000000186265 ], [ 992128.099999999976717, 6827524.900000000372529 ], [ 992141.400000000023283, 6827537.599999999627471 ], [ 992154.699999999953434, 6827550.200000000186265 ], [ 992167.099999999976717, 6827566.200000000186265 ], [ 992179.900000000023283, 6827585.599999999627471 ], [ 992189.199999999953434, 6827602.5 ], [ 992195.099999999976717, 6827618.099999999627471 ], [ 992199.400000000023283, 6827638.400000000372529 ], [ 992204.099999999976717, 6827653.700000000186265 ], [ 992207.900000000023283, 6827659.5 ], [ 992212.599999999976717, 6827662.700000000186265 ], [ 992214.699999999953434, 6827668.599999999627471 ], [ 992229.0, 6827695.700000000186265 ], [ 992251.0, 6827700.0 ], [ 992266.800000000046566, 6827683.299999999813735 ], [ 992277.800000000046566, 6827654.0 ], [ 992288.800000000046566, 6827634.0 ], [ 992307.400000000023283, 6827613.900000000372529 ], [ 992324.800000000046566, 6827596.200000000186265 ], [ 992339.699999999953434, 6827584.400000000372529 ], [ 992360.800000000046566, 6827576.0 ], [ 992375.699999999953434, 6827570.0 ], [ 992394.400000000023283, 6827561.599999999627471 ], [ 992413.099999999976717, 6827559.200000000186265 ], [ 992425.599999999976717, 6827559.099999999627471 ], [ 992439.400000000023283, 6827557.700000000186265 ], [ 992473.199999999953434, 6827542.299999999813735 ], [ 992483.5, 6827540.299999999813735 ], [ 992492.800000000046566, 6827534.799999999813735 ], [ 992503.400000000023283, 6827526.700000000186265 ], [ 992514.099999999976717, 6827517.200000000186265 ], [ 992523.099999999976717, 6827508.799999999813735 ], [ 992532.5, 6827499.599999999627471 ], [ 992542.099999999976717, 6827489.700000000186265 ], [ 992551.099999999976717, 6827480.400000000372529 ], [ 992560.5, 6827471.700000000186265 ], [ 992570.199999999953434, 6827462.400000000372529 ], [ 992574.599999999976717, 6827458.299999999813735 ], [ 992582.900000000023283, 6827450.0 ], [ 992590.800000000046566, 6827441.900000000372529 ], [ 992599.0, 6827432.5 ], [ 992608.699999999953434, 6827422.799999999813735 ], [ 992617.099999999976717, 6827414.099999999627471 ], [ 992626.400000000023283, 6827404.799999999813735 ], [ 992634.099999999976717, 6827397.5 ], [ 992638.599999999976717, 6827394.599999999627471 ], [ 992650.5, 6827384.400000000372529 ], [ 992659.800000000046566, 6827374.400000000372529 ], [ 992671.300000000046566, 6827362.799999999813735 ], [ 992681.900000000023283, 6827353.5 ], [ 992690.599999999976717, 6827345.200000000186265 ], [ 992698.900000000023283, 6827337.799999999813735 ], [ 992709.699999999953434, 6827328.099999999627471 ], [ 992719.5, 6827321.099999999627471 ], [ 992729.5, 6827311.5 ], [ 992737.0, 6827301.700000000186265 ], [ 992745.099999999976717, 6827291.5 ], [ 992752.300000000046566, 6827282.799999999813735 ], [ 992757.599999999976717, 6827273.700000000186265 ], [ 992760.5, 6827265.299999999813735 ], [ 992762.599999999976717, 6827256.599999999627471 ], [ 992766.5, 6827252.200000000186265 ], [ 992773.099999999976717, 6827247.799999999813735 ], [ 992781.800000000046566, 6827239.599999999627471 ], [ 992785.300000000046566, 6827219.700000000186265 ], [ 992802.199999999953434, 6827153.900000000372529 ], [ 992824.300000000046566, 6827111.599999999627471 ], [ 992845.300000000046566, 6827075.0 ], [ 992858.800000000046566, 6827051.5 ], [ 992962.099999999976717, 6827133.400000000372529 ], [ 993084.300000000046566, 6827272.200000000186265 ], [ 993119.800000000046566, 6827331.900000000372529 ], [ 993180.699999999953434, 6827440.299999999813735 ], [ 993253.5, 6827527.0 ], [ 993298.900000000023283, 6827580.5 ], [ 993320.400000000023283, 6827608.400000000372529 ], [ 993336.900000000023283, 6827641.0 ], [ 993354.699999999953434, 6827673.599999999627471 ], [ 993392.900000000023283, 6827758.799999999813735 ], [ 993405.599999999976717, 6827785.599999999627471 ], [ 993420.800000000046566, 6827812.5 ], [ 993443.5, 6827829.900000000372529 ], [ 993507.900000000023283, 6827922.900000000372529 ], [ 993546.900000000023283, 6827944.900000000372529 ], [ 993534.5, 6827960.200000000186265 ], [ 993497.199999999953434, 6827980.5 ], [ 993407.699999999953434, 6828031.5 ], [ 993356.800000000046566, 6828060.200000000186265 ], [ 993338.099999999976717, 6828069.599999999627471 ], [ 993328.199999999953434, 6828080.299999999813735 ], [ 993317.099999999976717, 6828092.099999999627471 ], [ 993310.900000000023283, 6828103.799999999813735 ], [ 993293.599999999976717, 6828118.099999999627471 ], [ 993290.0, 6828132.200000000186265 ], [ 993290.099999999976717, 6828146.200000000186265 ], [ 993290.199999999953434, 6828159.099999999627471 ], [ 993296.5, 6828173.099999999627471 ], [ 993309.099999999976717, 6828187.0 ], [ 993331.800000000046566, 6828205.599999999627471 ], [ 993372.199999999953434, 6828255.599999999627471 ], [ 993413.800000000046566, 6828292.700000000186265 ], [ 993447.800000000046566, 6828328.700000000186265 ], [ 993474.400000000023283, 6828362.400000000372529 ], [ 993499.699999999953434, 6828402.0 ], [ 993526.099999999976717, 6828433.5 ], [ 993550.199999999953434, 6828466.900000000372529 ], [ 993641.900000000023283, 6828552.200000000186265 ], [ 993723.099999999976717, 6828526.599999999627471 ], [ 993737.800000000046566, 6828533.799999999813735 ], [ 993758.0, 6828558.599999999627471 ], [ 993774.5, 6828623.400000000372529 ], [ 993789.900000000023283, 6828663.200000000186265 ], [ 993833.0, 6828700.599999999627471 ], [ 993950.0, 6828784.099999999627471 ], [ 993983.099999999976717, 6828778.799999999813735 ], [ 994088.800000000046566, 6828759.900000000372529 ], [ 994207.199999999953434, 6828808.0 ], [ 994268.5, 6828810.0 ], [ 994358.800000000046566, 6828836.299999999813735 ], [ 994529.900000000023283, 6828798.900000000372529 ], [ 994535.400000000023283, 6828773.099999999627471 ], [ 994539.699999999953434, 6828752.5 ], [ 994546.800000000046566, 6828716.200000000186265 ], [ 994550.099999999976717, 6828701.700000000186265 ], [ 994552.900000000023283, 6828685.799999999813735 ], [ 994621.0, 6828702.5 ], [ 994632.400000000023283, 6828722.299999999813735 ], [ 994650.099999999976717, 6828749.099999999627471 ], [ 994664.0, 6828766.5 ], [ 994676.599999999976717, 6828781.700000000186265 ], [ 994679.199999999953434, 6828795.599999999627471 ], [ 994683.300000000046566, 6828821.400000000372529 ], [ 994677.199999999953434, 6828844.099999999627471 ], [ 994712.400000000023283, 6828898.200000000186265 ], [ 994717.199999999953434, 6828901.900000000372529 ], [ 994722.599999999976717, 6828906.700000000186265 ], [ 994727.099999999976717, 6828910.0 ], [ 994732.199999999953434, 6828912.700000000186265 ], [ 994733.5, 6828913.200000000186265 ], [ 994736.199999999953434, 6828914.299999999813735 ], [ 994740.800000000046566, 6828916.400000000372529 ], [ 994744.5, 6828920.200000000186265 ], [ 994748.5, 6828924.700000000186265 ], [ 994753.800000000046566, 6828930.299999999813735 ], [ 994759.5, 6828935.0 ], [ 994766.0, 6828939.599999999627471 ], [ 994773.0, 6828943.799999999813735 ], [ 994779.5, 6828947.799999999813735 ], [ 994789.300000000046566, 6828954.400000000372529 ], [ 994793.900000000023283, 6828957.900000000372529 ], [ 994841.900000000023283, 6828979.599999999627471 ], [ 994908.5, 6828991.299999999813735 ], [ 995013.599999999976717, 6829010.099999999627471 ], [ 995099.800000000046566, 6829035.599999999627471 ], [ 995148.800000000046566, 6829070.400000000372529 ], [ 995155.199999999953434, 6829076.099999999627471 ], [ 995199.800000000046566, 6829077.700000000186265 ], [ 995228.5, 6829102.599999999627471 ], [ 995239.900000000023283, 6829111.200000000186265 ], [ 995245.699999999953434, 6829111.299999999813735 ], [ 995268.400000000023283, 6829111.099999999627471 ], [ 995307.400000000023283, 6829110.0 ], [ 995348.599999999976717, 6829107.799999999813735 ], [ 995361.400000000023283, 6829108.5 ], [ 995370.900000000023283, 6829108.5 ], [ 995382.0, 6829114.099999999627471 ], [ 995387.099999999976717, 6829115.299999999813735 ], [ 995393.699999999953434, 6829114.700000000186265 ], [ 995403.699999999953434, 6829108.900000000372529 ], [ 995433.400000000023283, 6829095.799999999813735 ], [ 995443.5, 6829091.799999999813735 ], [ 995456.800000000046566, 6829086.5 ], [ 995494.199999999953434, 6829071.400000000372529 ], [ 995640.099999999976717, 6829064.5 ], [ 995651.400000000023283, 6829050.5 ], [ 995666.599999999976717, 6828988.099999999627471 ], [ 995610.800000000046566, 6828886.700000000186265 ], [ 995608.900000000023283, 6828872.0 ], [ 995608.400000000023283, 6828859.0 ], [ 995609.0, 6828850.299999999813735 ], [ 995597.599999999976717, 6828829.900000000372529 ], [ 995606.300000000046566, 6828816.900000000372529 ], [ 995614.900000000023283, 6828805.099999999627471 ], [ 995638.599999999976717, 6828795.5 ], [ 995683.5, 6828788.099999999627471 ], [ 995714.699999999953434, 6828786.700000000186265 ], [ 995767.099999999976717, 6828786.200000000186265 ], [ 995788.5, 6828789.5 ], [ 995818.5, 6828801.099999999627471 ], [ 995831.099999999976717, 6828810.200000000186265 ], [ 995840.099999999976717, 6828841.799999999813735 ], [ 995854.199999999953434, 6828880.400000000372529 ], [ 995865.599999999976717, 6828900.200000000186265 ], [ 995879.5, 6828918.799999999813735 ], [ 995893.400000000023283, 6828936.200000000186265 ], [ 995902.400000000023283, 6828965.400000000372529 ], [ 995906.300000000046566, 6828987.700000000186265 ], [ 995906.400000000023283, 6829004.099999999627471 ], [ 995907.900000000023283, 6829018.0 ], [ 995923.0, 6829040.200000000186265 ], [ 995938.300000000046566, 6829065.799999999813735 ], [ 995968.400000000023283, 6829086.700000000186265 ], [ 996009.900000000023283, 6829126.099999999627471 ], [ 995991.199999999953434, 6829126.299999999813735 ], [ 996002.800000000046566, 6829162.099999999627471 ], [ 996012.900000000023283, 6829172.0 ], [ 996024.400000000023283, 6829184.099999999627471 ], [ 996037.599999999976717, 6829199.700000000186265 ], [ 996051.400000000023283, 6829218.0 ], [ 996061.800000000046566, 6829232.599999999627471 ], [ 996070.599999999976717, 6829245.400000000372529 ], [ 996080.599999999976717, 6829258.400000000372529 ], [ 996090.400000000023283, 6829268.799999999813735 ], [ 996097.400000000023283, 6829274.400000000372529 ], [ 996106.699999999953434, 6829280.400000000372529 ], [ 996116.800000000046566, 6829285.299999999813735 ], [ 996130.300000000046566, 6829292.5 ], [ 996140.199999999953434, 6829300.700000000186265 ], [ 996149.300000000046566, 6829310.599999999627471 ], [ 996159.300000000046566, 6829321.900000000372529 ], [ 996166.599999999976717, 6829328.400000000372529 ], [ 996180.699999999953434, 6829336.700000000186265 ], [ 996191.900000000023283, 6829341.400000000372529 ], [ 996204.199999999953434, 6829346.900000000372529 ], [ 996212.699999999953434, 6829352.099999999627471 ], [ 996218.5, 6829356.900000000372529 ], [ 996221.900000000023283, 6829357.200000000186265 ], [ 996227.0, 6829356.900000000372529 ], [ 996232.599999999976717, 6829357.5 ], [ 996239.599999999976717, 6829358.799999999813735 ], [ 996247.0, 6829360.700000000186265 ], [ 996257.699999999953434, 6829364.200000000186265 ], [ 996266.199999999953434, 6829368.299999999813735 ], [ 996290.099999999976717, 6829365.299999999813735 ], [ 996317.099999999976717, 6829355.200000000186265 ], [ 996350.099999999976717, 6829323.799999999813735 ], [ 996372.5, 6829293.200000000186265 ], [ 996388.800000000046566, 6829252.900000000372529 ], [ 996397.400000000023283, 6829230.799999999813735 ], [ 996409.099999999976717, 6829209.299999999813735 ], [ 996421.5, 6829202.200000000186265 ], [ 996431.599999999976717, 6829208.0 ], [ 996441.599999999976717, 6829217.200000000186265 ], [ 996451.800000000046566, 6829232.400000000372529 ], [ 996459.400000000023283, 6829246.299999999813735 ], [ 996473.400000000023283, 6829267.299999999813735 ], [ 996483.699999999953434, 6829307.099999999627471 ], [ 996485.099999999976717, 6829329.200000000186265 ], [ 996489.0, 6829344.5 ], [ 996502.900000000023283, 6829367.799999999813735 ], [ 996521.900000000023283, 6829391.0 ], [ 996533.300000000046566, 6829410.900000000372529 ], [ 996546.099999999976717, 6829449.299999999813735 ], [ 996552.599999999976717, 6829479.799999999813735 ], [ 996566.699999999953434, 6829520.599999999627471 ], [ 996581.800000000046566, 6829532.200000000186265 ], [ 996594.400000000023283, 6829541.5 ], [ 996610.800000000046566, 6829556.5 ], [ 996627.199999999953434, 6829585.599999999627471 ], [ 996674.0, 6829639.099999999627471 ], [ 996670.400000000023283, 6829655.299999999813735 ], [ 996686.0, 6829669.299999999813735 ], [ 996699.699999999953434, 6829681.099999999627471 ], [ 996712.800000000046566, 6829689.900000000372529 ], [ 996723.599999999976717, 6829697.599999999627471 ], [ 996731.599999999976717, 6829702.599999999627471 ], [ 996738.800000000046566, 6829707.400000000372529 ], [ 996745.699999999953434, 6829712.5 ], [ 996753.0, 6829717.099999999627471 ], [ 996758.900000000023283, 6829719.400000000372529 ], [ 996764.699999999953434, 6829724.200000000186265 ], [ 996774.199999999953434, 6829732.799999999813735 ], [ 996781.199999999953434, 6829740.5 ], [ 996789.099999999976717, 6829747.799999999813735 ], [ 996797.599999999976717, 6829753.799999999813735 ], [ 996806.400000000023283, 6829759.0 ], [ 996817.199999999953434, 6829761.400000000372529 ], [ 996830.5, 6829763.200000000186265 ], [ 996846.0, 6829764.0 ], [ 996861.599999999976717, 6829763.599999999627471 ], [ 996876.199999999953434, 6829764.0 ], [ 996893.199999999953434, 6829763.900000000372529 ], [ 996902.699999999953434, 6829769.0 ], [ 996905.599999999976717, 6829795.299999999813735 ], [ 996911.099999999976717, 6829803.099999999627471 ], [ 996919.900000000023283, 6829810.0 ], [ 996930.199999999953434, 6829819.799999999813735 ], [ 996942.199999999953434, 6829827.900000000372529 ], [ 996953.900000000023283, 6829838.0 ], [ 996969.5, 6829853.900000000372529 ], [ 996992.300000000046566, 6829883.0 ], [ 997008.900000000023283, 6829904.599999999627471 ], [ 997016.199999999953434, 6829913.5 ], [ 997026.099999999976717, 6829923.0 ], [ 997038.5, 6829943.400000000372529 ], [ 997047.5, 6829962.0 ], [ 997057.800000000046566, 6829981.299999999813735 ], [ 997066.900000000023283, 6830001.400000000372529 ], [ 997072.0, 6830016.299999999813735 ], [ 997074.900000000023283, 6830027.5 ], [ 997080.5, 6830040.799999999813735 ], [ 997085.0, 6830060.5 ], [ 997089.199999999953434, 6830094.5 ], [ 997091.099999999976717, 6830125.799999999813735 ], [ 997085.099999999976717, 6830157.400000000372529 ], [ 997072.800000000046566, 6830182.200000000186265 ], [ 997053.5, 6830199.099999999627471 ], [ 997173.300000000046566, 6830276.099999999627471 ], [ 997208.099999999976717, 6830259.400000000372529 ], [ 997357.199999999953434, 6830298.900000000372529 ], [ 997359.900000000023283, 6830295.599999999627471 ], [ 997505.099999999976717, 6830380.900000000372529 ], [ 997689.099999999976717, 6830408.599999999627471 ], [ 997912.0, 6830477.0 ], [ 998016.5, 6830514.400000000372529 ], [ 998025.800000000046566, 6830519.900000000372529 ], [ 998035.199999999953434, 6830524.0 ], [ 998050.400000000023283, 6830528.200000000186265 ], [ 998063.199999999953434, 6830532.400000000372529 ], [ 998079.099999999976717, 6830536.200000000186265 ], [ 998097.0, 6830539.599999999627471 ], [ 998110.099999999976717, 6830541.900000000372529 ], [ 998127.400000000023283, 6830546.700000000186265 ], [ 998138.699999999953434, 6830552.799999999813735 ], [ 998149.699999999953434, 6830563.0 ], [ 998155.199999999953434, 6830572.400000000372529 ], [ 998158.800000000046566, 6830583.099999999627471 ], [ 998159.800000000046566, 6830595.900000000372529 ], [ 998217.0, 6830647.700000000186265 ], [ 998225.800000000046566, 6830713.5 ], [ 998245.199999999953434, 6830728.299999999813735 ], [ 998282.5, 6830801.900000000372529 ], [ 998317.599999999976717, 6830852.400000000372529 ], [ 998336.199999999953434, 6830848.299999999813735 ], [ 998348.099999999976717, 6830855.900000000372529 ], [ 998356.800000000046566, 6830860.700000000186265 ], [ 998372.0, 6830867.900000000372529 ], [ 998382.5, 6830873.099999999627471 ], [ 998395.199999999953434, 6830877.400000000372529 ], [ 998407.5, 6830880.200000000186265 ], [ 998420.800000000046566, 6830883.299999999813735 ], [ 998434.400000000023283, 6830887.200000000186265 ], [ 998449.199999999953434, 6830891.5 ], [ 998463.300000000046566, 6830897.799999999813735 ], [ 998476.5, 6830905.599999999627471 ], [ 998489.0, 6830914.400000000372529 ], [ 998501.400000000023283, 6830924.299999999813735 ], [ 998511.900000000023283, 6830934.400000000372529 ], [ 998523.300000000046566, 6830945.900000000372529 ], [ 998530.300000000046566, 6830955.299999999813735 ], [ 998541.0, 6830967.299999999813735 ], [ 998548.199999999953434, 6830973.700000000186265 ], [ 998555.699999999953434, 6830980.599999999627471 ], [ 998562.599999999976717, 6830990.5 ], [ 998570.099999999976717, 6831000.0 ], [ 998578.599999999976717, 6831010.900000000372529 ], [ 998587.900000000023283, 6831020.5 ], [ 998597.0, 6831028.200000000186265 ], [ 998610.699999999953434, 6831035.700000000186265 ], [ 998622.5, 6831039.700000000186265 ], [ 998636.0, 6831044.200000000186265 ], [ 998645.699999999953434, 6831048.700000000186265 ], [ 998655.099999999976717, 6831054.700000000186265 ], [ 998664.199999999953434, 6831060.900000000372529 ], [ 998682.300000000046566, 6831073.599999999627471 ], [ 998695.900000000023283, 6831086.0 ], [ 998711.800000000046566, 6831097.900000000372529 ], [ 998819.099999999976717, 6830935.200000000186265 ], [ 998863.0, 6830960.599999999627471 ], [ 998984.199999999953434, 6831107.099999999627471 ], [ 999072.300000000046566, 6831183.599999999627471 ], [ 999142.599999999976717, 6831221.700000000186265 ], [ 999301.699999999953434, 6831273.0 ], [ 999492.199999999953434, 6831344.0 ], [ 999612.900000000023283, 6831435.5 ], [ 999659.0, 6831421.599999999627471 ], [ 999772.5, 6831394.200000000186265 ], [ 999899.599999999976717, 6831362.700000000186265 ], [ 1000106.5, 6831308.200000000186265 ], [ 1000389.6, 6831402.799999999813735 ], [ 1000398.6, 6831397.900000000372529 ], [ 1000406.3, 6831394.200000000186265 ], [ 1000414.4, 6831393.200000000186265 ], [ 1000420.5, 6831393.799999999813735 ], [ 1000427.6, 6831397.5 ], [ 1000435.8, 6831404.900000000372529 ], [ 1000445.6, 6831413.400000000372529 ], [ 1000455.7, 6831423.900000000372529 ], [ 1000466.1, 6831431.900000000372529 ], [ 1000477.4, 6831439.900000000372529 ], [ 1000486.2, 6831446.5 ], [ 1000494.6, 6831453.299999999813735 ], [ 1000501.6, 6831460.900000000372529 ], [ 1000508.0, 6831467.400000000372529 ], [ 1000512.2, 6831472.799999999813735 ], [ 1000520.3, 6831481.599999999627471 ], [ 1000529.0, 6831489.900000000372529 ], [ 1000533.3, 6831494.0 ], [ 1000538.5, 6831498.099999999627471 ], [ 1000543.1, 6831501.400000000372529 ], [ 1000548.5, 6831503.400000000372529 ], [ 1000554.9, 6831504.700000000186265 ], [ 1000562.6, 6831504.599999999627471 ], [ 1000570.5, 6831504.400000000372529 ], [ 1000578.4, 6831504.299999999813735 ], [ 1000585.7, 6831504.900000000372529 ], [ 1000593.0, 6831506.700000000186265 ], [ 1000600.6, 6831510.0 ], [ 1000607.1, 6831513.900000000372529 ], [ 1000613.1, 6831517.200000000186265 ], [ 1000619.2, 6831519.5 ], [ 1000626.7, 6831520.900000000372529 ], [ 1000635.1, 6831522.900000000372529 ], [ 1000643.1, 6831525.599999999627471 ], [ 1000652.0, 6831529.400000000372529 ], [ 1000661.9, 6831534.200000000186265 ], [ 1000671.0, 6831539.599999999627471 ], [ 1000679.1, 6831545.599999999627471 ], [ 1000687.7, 6831552.099999999627471 ], [ 1000694.1, 6831557.299999999813735 ], [ 1000699.5, 6831563.099999999627471 ], [ 1000705.1, 6831568.700000000186265 ], [ 1000710.1, 6831573.5 ], [ 1000715.8, 6831579.299999999813735 ], [ 1000720.1, 6831585.900000000372529 ], [ 1000723.6, 6831593.099999999627471 ], [ 1000727.5, 6831600.799999999813735 ], [ 1000732.4, 6831611.700000000186265 ], [ 1000744.2, 6831640.5 ], [ 1000749.7, 6831653.5 ], [ 1000754.2, 6831665.700000000186265 ], [ 1000758.5, 6831674.099999999627471 ], [ 1000762.7, 6831681.200000000186265 ], [ 1000767.3, 6831687.099999999627471 ], [ 1000772.9, 6831692.599999999627471 ], [ 1000779.1, 6831697.099999999627471 ], [ 1000786.2, 6831701.299999999813735 ], [ 1000793.9, 6831705.299999999813735 ], [ 1000802.1, 6831709.900000000372529 ], [ 1000811.0, 6831715.599999999627471 ], [ 1000819.6, 6831721.0 ], [ 1000827.2, 6831727.900000000372529 ], [ 1000834.5, 6831733.200000000186265 ], [ 1000842.5, 6831738.799999999813735 ], [ 1000851.8, 6831744.0 ], [ 1000861.4, 6831746.700000000186265 ], [ 1000871.6, 6831747.799999999813735 ], [ 1000881.5, 6831748.299999999813735 ], [ 1000894.2, 6831749.099999999627471 ], [ 1000903.8, 6831750.700000000186265 ], [ 1000912.1, 6831754.099999999627471 ], [ 1000921.4, 6831758.400000000372529 ], [ 1000930.6, 6831763.700000000186265 ], [ 1000940.1, 6831768.900000000372529 ], [ 1000947.6, 6831772.799999999813735 ], [ 1000955.5, 6831778.700000000186265 ], [ 1000962.8, 6831786.099999999627471 ], [ 1001076.3, 6831633.0 ], [ 1001161.4, 6831511.599999999627471 ], [ 1001228.2, 6831425.599999999627471 ], [ 1001260.2, 6831384.299999999813735 ], [ 1001321.6, 6831467.799999999813735 ], [ 1001376.8, 6831580.799999999813735 ], [ 1001411.4, 6831668.400000000372529 ], [ 1001425.8, 6831751.400000000372529 ], [ 1001426.3, 6831811.099999999627471 ], [ 1001373.1, 6831865.5 ], [ 1001391.0, 6831909.799999999813735 ], [ 1001406.2, 6831904.700000000186265 ], [ 1001452.0, 6831889.400000000372529 ], [ 1001511.3, 6831812.799999999813735 ], [ 1001585.8, 6831760.599999999627471 ], [ 1001690.5, 6831738.599999999627471 ], [ 1001873.0, 6831748.700000000186265 ], [ 1001930.9, 6831803.299999999813735 ], [ 1001954.4, 6831799.799999999813735 ], [ 1001980.8, 6831795.799999999813735 ], [ 1002069.2, 6831757.599999999627471 ], [ 1002142.9, 6831761.599999999627471 ], [ 1002227.9, 6831757.299999999813735 ], [ 1002234.6, 6831744.5 ], [ 1002243.9, 6831726.799999999813735 ], [ 1002380.9, 6831735.799999999813735 ], [ 1002495.3, 6831763.200000000186265 ], [ 1002537.5, 6831811.599999999627471 ], [ 1002583.6, 6831864.400000000372529 ], [ 1002587.0, 6831908.799999999813735 ], [ 1002599.6, 6831922.5 ], [ 1002609.0, 6831937.700000000186265 ], [ 1002697.4, 6832015.599999999627471 ], [ 1002737.3, 6832008.200000000186265 ], [ 1002814.9, 6832180.900000000372529 ], [ 1002897.6, 6832207.099999999627471 ], [ 1002897.3, 6832171.900000000372529 ], [ 1002911.0, 6832165.700000000186265 ], [ 1002971.2, 6832138.400000000372529 ], [ 1002989.4, 6832130.200000000186265 ], [ 1003010.4, 6831966.099999999627471 ], [ 1003108.9, 6831967.299999999813735 ], [ 1003110.2, 6831955.299999999813735 ], [ 1003113.6, 6831941.400000000372529 ], [ 1003119.0, 6831926.5 ], [ 1003137.7, 6831828.799999999813735 ], [ 1003155.9, 6831773.700000000186265 ], [ 1003205.3, 6831798.400000000372529 ], [ 1003213.3, 6831792.099999999627471 ], [ 1003223.7, 6831787.400000000372529 ], [ 1003239.3, 6831774.900000000372529 ], [ 1003265.9, 6831758.099999999627471 ], [ 1003297.8, 6831741.799999999813735 ], [ 1003330.9, 6831726.700000000186265 ], [ 1003345.7, 6831694.0 ], [ 1003420.1, 6831691.700000000186265 ], [ 1003413.1, 6831643.700000000186265 ], [ 1003457.4, 6831635.400000000372529 ], [ 1003586.1, 6831650.700000000186265 ], [ 1003607.1, 6831658.299999999813735 ], [ 1003612.4, 6831673.599999999627471 ], [ 1003684.5, 6831686.5 ], [ 1003697.4, 6831654.200000000186265 ], [ 1003732.5, 6831663.0 ], [ 1003779.4, 6831672.400000000372529 ], [ 1003806.3, 6831686.5 ], [ 1003838.0, 6831714.599999999627471 ], [ 1003871.7, 6831743.599999999627471 ], [ 1003892.0, 6831777.299999999813735 ], [ 1003918.4, 6831795.799999999813735 ], [ 1003949.8, 6831813.200000000186265 ], [ 1003986.2, 6831838.599999999627471 ], [ 1003978.3, 6831785.5 ], [ 1003957.9, 6831738.799999999813735 ], [ 1003950.5, 6831604.299999999813735 ], [ 1004040.6, 6831626.900000000372529 ], [ 1004094.7, 6831663.900000000372529 ], [ 1004105.2, 6831716.5 ], [ 1004134.9, 6831692.799999999813735 ], [ 1004127.9, 6831741.0 ], [ 1004129.6, 6831803.0 ], [ 1004142.1, 6831810.900000000372529 ], [ 1004162.3, 6831823.799999999813735 ], [ 1004215.5, 6831704.900000000372529 ], [ 1004332.7, 6831702.299999999813735 ], [ 1004362.6, 6831679.200000000186265 ], [ 1004383.7, 6831662.599999999627471 ], [ 1004386.9, 6831659.700000000186265 ], [ 1004391.4, 6831657.700000000186265 ], [ 1004403.2, 6831647.799999999813735 ], [ 1004413.4, 6831635.599999999627471 ], [ 1004428.5, 6831627.599999999627471 ], [ 1004452.5, 6831624.900000000372529 ], [ 1004482.5, 6831611.900000000372529 ], [ 1004524.5, 6831586.5 ], [ 1004564.9, 6831565.900000000372529 ], [ 1004553.6, 6831530.099999999627471 ], [ 1004529.9, 6831500.599999999627471 ], [ 1004504.7, 6831472.799999999813735 ], [ 1004640.1, 6831348.400000000372529 ], [ 1004739.8, 6831256.900000000372529 ], [ 1004772.2, 6831227.200000000186265 ], [ 1004759.4, 6831210.099999999627471 ], [ 1004743.3, 6831200.299999999813735 ], [ 1004706.6, 6831184.5 ], [ 1004668.7, 6831167.400000000372529 ], [ 1004651.7, 6831155.5 ], [ 1004641.5, 6831145.900000000372529 ], [ 1004608.0, 6831113.799999999813735 ], [ 1004554.5, 6831047.400000000372529 ], [ 1004274.1, 6830736.5 ], [ 1004263.4, 6830725.700000000186265 ], [ 1004252.8, 6830713.200000000186265 ], [ 1004260.5, 6830710.900000000372529 ], [ 1004362.8, 6830679.299999999813735 ], [ 1004417.0, 6830663.900000000372529 ], [ 1004531.0, 6830640.099999999627471 ], [ 1004548.0, 6830636.700000000186265 ], [ 1004647.6, 6830617.200000000186265 ], [ 1004719.6, 6830602.900000000372529 ], [ 1004734.1, 6830602.799999999813735 ], [ 1004748.2, 6830606.0 ], [ 1004753.7, 6830587.200000000186265 ], [ 1004760.1, 6830567.0 ], [ 1004769.7, 6830542.099999999627471 ], [ 1004779.6, 6830515.299999999813735 ], [ 1004791.6, 6830491.900000000372529 ], [ 1004807.0, 6830464.700000000186265 ], [ 1004824.3, 6830441.5 ], [ 1004840.1, 6830422.200000000186265 ], [ 1004859.4, 6830393.099999999627471 ], [ 1004985.7, 6830407.099999999627471 ], [ 1005140.7, 6830419.700000000186265 ], [ 1005145.5, 6830389.700000000186265 ], [ 1005138.6, 6830294.799999999813735 ], [ 1005058.6, 6830281.5 ], [ 1005043.0, 6830216.700000000186265 ], [ 1005028.0, 6830216.799999999813735 ], [ 1004998.1, 6830222.099999999627471 ], [ 1004963.1, 6830217.400000000372529 ], [ 1004932.6, 6830162.700000000186265 ], [ 1004982.3, 6830127.299999999813735 ], [ 1005042.1, 6830111.799999999813735 ], [ 1005142.0, 6830099.900000000372529 ], [ 1005186.6, 6830059.599999999627471 ], [ 1005389.8, 6830092.700000000186265 ], [ 1005396.3, 6830074.799999999813735 ], [ 1005410.0, 6830023.299999999813735 ], [ 1005417.1, 6830002.700000000186265 ], [ 1005421.8, 6829980.5 ], [ 1005424.2, 6829963.700000000186265 ], [ 1005422.6, 6829948.700000000186265 ], [ 1005394.0, 6829903.299999999813735 ], [ 1005225.4, 6829929.299999999813735 ], [ 1005215.5, 6829934.400000000372529 ], [ 1005156.0, 6829994.900000000372529 ], [ 1005136.2, 6830010.0 ], [ 1005076.1, 6830000.599999999627471 ], [ 1005011.7, 6830057.099999999627471 ], [ 1004986.7, 6830057.299999999813735 ], [ 1004951.6, 6830047.599999999627471 ], [ 1004936.7, 6830057.700000000186265 ], [ 1004887.4, 6830128.099999999627471 ], [ 1004817.7, 6830163.700000000186265 ], [ 1004792.7, 6830163.900000000372529 ], [ 1004792.6, 6830153.900000000372529 ], [ 1004812.3, 6830113.799999999813735 ], [ 1004812.0, 6830083.799999999813735 ], [ 1004801.8, 6830058.900000000372529 ], [ 1004786.7, 6830044.0 ], [ 1004751.7, 6830044.299999999813735 ], [ 1004707.0, 6830074.700000000186265 ], [ 1004607.5, 6830121.5 ], [ 1004507.8, 6830152.400000000372529 ], [ 1004474.6, 6830169.299999999813735 ], [ 1004378.5, 6830218.5 ], [ 1004298.5, 6830220.200000000186265 ], [ 1004193.4, 6830201.099999999627471 ], [ 1004113.1, 6830151.799999999813735 ], [ 1004037.8, 6830112.5 ], [ 1004027.8, 6830117.599999999627471 ], [ 1004018.2, 6830162.599999999627471 ], [ 1004008.4, 6830177.700000000186265 ], [ 1003968.3, 6830173.0 ], [ 1003816.8, 6830095.400000000372529 ], [ 1003781.6, 6830070.700000000186265 ], [ 1003771.4, 6830050.799999999813735 ], [ 1003781.2, 6830030.799999999813735 ], [ 1003841.1, 6830015.299999999813735 ], [ 1003900.8, 6829994.700000000186265 ], [ 1003905.8, 6829984.700000000186265 ], [ 1003890.6, 6829964.900000000372529 ], [ 1003860.5, 6829950.099999999627471 ], [ 1003765.9, 6829995.900000000372529 ], [ 1003641.4, 6830037.0 ], [ 1003606.4, 6830042.299999999813735 ], [ 1003566.3, 6830022.599999999627471 ], [ 1003500.8, 6830019.700000000186265 ], [ 1003491.3, 6830019.299999999813735 ], [ 1003351.6, 6830035.5 ], [ 1003126.7, 6830038.400000000372529 ], [ 1003041.8, 6830044.200000000186265 ], [ 1002993.6, 6830048.799999999813735 ], [ 1002964.3, 6830092.700000000186265 ], [ 1002933.5, 6830133.5 ], [ 1002910.3, 6830168.099999999627471 ], [ 1002887.1, 6830190.200000000186265 ], [ 1002881.2, 6830211.900000000372529 ], [ 1002877.4, 6830226.299999999813735 ], [ 1002849.0, 6830271.700000000186265 ], [ 1002815.4, 6830328.299999999813735 ], [ 1002777.9, 6830374.400000000372529 ], [ 1002783.0, 6830405.0 ], [ 1002756.4, 6830461.5 ], [ 1002742.5, 6830456.200000000186265 ], [ 1002713.5, 6830520.799999999813735 ], [ 1002744.2, 6830524.0 ], [ 1002732.3, 6830570.599999999627471 ], [ 1002691.4, 6830550.200000000186265 ], [ 1002746.1, 6830418.200000000186265 ], [ 1002726.0, 6830382.700000000186265 ], [ 1002715.7, 6830347.799999999813735 ], [ 1002715.2, 6830287.799999999813735 ], [ 1002688.7, 6830228.099999999627471 ], [ 1002658.3, 6830183.400000000372529 ], [ 1002638.3, 6830183.599999999627471 ], [ 1002509.0, 6830254.599999999627471 ], [ 1002485.2, 6830274.799999999813735 ], [ 1002440.2, 6830270.200000000186265 ], [ 1002399.0, 6830251.599999999627471 ], [ 1002384.1, 6830251.700000000186265 ], [ 1002379.1, 6830261.799999999813735 ], [ 1002380.6, 6830311.700000000186265 ], [ 1002390.8, 6830336.599999999627471 ], [ 1002426.1, 6830376.299999999813735 ], [ 1002423.9, 6830408.099999999627471 ], [ 1002421.7, 6830441.299999999813735 ], [ 1002402.6, 6830546.400000000372529 ], [ 1002393.0, 6830586.400000000372529 ], [ 1002368.6, 6830656.599999999627471 ], [ 1002330.1, 6830711.900000000372529 ], [ 1002296.7, 6830721.099999999627471 ], [ 1002295.0, 6830721.5 ], [ 1002284.8, 6830677.299999999813735 ], [ 1002256.5, 6830628.900000000372529 ], [ 1002228.1, 6830598.0 ], [ 1002133.8, 6830519.0 ], [ 1002092.2, 6830474.099999999627471 ], [ 1002080.2, 6830462.5 ], [ 1002041.8, 6830425.599999999627471 ], [ 1002065.9, 6830329.400000000372529 ], [ 1002074.3, 6830259.400000000372529 ], [ 1002087.7, 6830074.400000000372529 ], [ 1002092.7, 6829896.799999999813735 ], [ 1002094.6, 6829829.5 ], [ 1002104.5, 6829819.400000000372529 ], [ 1002203.9, 6829763.599999999627471 ], [ 1002258.5, 6829718.200000000186265 ], [ 1002322.9, 6829647.700000000186265 ], [ 1002367.0, 6829556.299999999813735 ], [ 1002376.8, 6829531.299999999813735 ], [ 1002370.1, 6829451.400000000372529 ], [ 1002339.0, 6829372.900000000372529 ], [ 1002329.7, 6829272.5 ], [ 1002329.2, 6829112.599999999627471 ], [ 1002340.4, 6829016.900000000372529 ], [ 1002345.1, 6828986.900000000372529 ], [ 1002348.8, 6828841.900000000372529 ], [ 1002576.6, 6828715.099999999627471 ], [ 1002656.2, 6828673.400000000372529 ], [ 1002878.8, 6828684.099999999627471 ], [ 1002971.9, 6828654.0 ], [ 1003062.4, 6828667.900000000372529 ], [ 1003202.1, 6828652.400000000372529 ], [ 1003228.1, 6828644.400000000372529 ], [ 1003299.7, 6828624.099999999627471 ], [ 1003337.1, 6828609.099999999627471 ], [ 1003368.1, 6828591.799999999813735 ], [ 1003419.6, 6828573.400000000372529 ], [ 1003468.3, 6828555.700000000186265 ], [ 1003488.3, 6828544.599999999627471 ], [ 1003509.2, 6828535.599999999627471 ], [ 1003536.1, 6828531.599999999627471 ], [ 1003569.0, 6828531.799999999813735 ], [ 1003675.1, 6828535.700000000186265 ], [ 1003688.7, 6828534.599999999627471 ], [ 1003695.7, 6828531.099999999627471 ], [ 1003733.6, 6828522.400000000372529 ], [ 1004088.3, 6828443.099999999627471 ], [ 1004147.9, 6828411.599999999627471 ], [ 1004192.7, 6828381.299999999813735 ], [ 1004237.1, 6828320.900000000372529 ], [ 1004251.9, 6828295.799999999813735 ], [ 1004251.7, 6828280.799999999813735 ], [ 1004110.9, 6828172.099999999627471 ], [ 1004114.4, 6828036.299999999813735 ], [ 1004115.9, 6828015.0 ], [ 1004123.5, 6827910.299999999813735 ], [ 1004118.5, 6827825.0 ], [ 1004134.3, 6827742.400000000372529 ], [ 1004138.3, 6827728.400000000372529 ], [ 1004145.0, 6827705.099999999627471 ], [ 1004149.9, 6827687.200000000186265 ], [ 1004151.6, 6827676.099999999627471 ], [ 1004151.6, 6827664.900000000372529 ], [ 1004158.1, 6827659.200000000186265 ], [ 1004163.2, 6827644.700000000186265 ], [ 1004178.4, 6827607.900000000372529 ], [ 1004191.9, 6827567.900000000372529 ], [ 1004202.3, 6827534.0 ], [ 1004224.3, 6827475.400000000372529 ], [ 1004239.4, 6827429.5 ], [ 1004261.2, 6827360.799999999813735 ], [ 1004270.4, 6827337.700000000186265 ], [ 1004279.9, 6827314.200000000186265 ], [ 1004288.8, 6827300.599999999627471 ], [ 1004285.8, 6827264.700000000186265 ], [ 1004284.8, 6827251.200000000186265 ], [ 1004274.5, 6827216.299999999813735 ], [ 1004254.3, 6827196.5 ], [ 1003988.2, 6827043.900000000372529 ], [ 1003956.6, 6826979.200000000186265 ], [ 1003855.0, 6826781.200000000186265 ], [ 1003711.4, 6826472.700000000186265 ], [ 1003675.9, 6826413.0 ], [ 1003670.6, 6826373.099999999627471 ], [ 1003647.3, 6826310.400000000372529 ], [ 1003651.6, 6826304.799999999813735 ], [ 1003657.4, 6826299.200000000186265 ], [ 1003681.7, 6826266.799999999813735 ], [ 1003708.4, 6826232.099999999627471 ], [ 1003721.7, 6826210.400000000372529 ], [ 1003728.4, 6826200.700000000186265 ], [ 1003732.8, 6826193.099999999627471 ], [ 1003741.8, 6826172.400000000372529 ], [ 1003743.2, 6826165.099999999627471 ], [ 1003743.9, 6826161.900000000372529 ], [ 1003746.1, 6826150.400000000372529 ], [ 1003747.3, 6826143.400000000372529 ], [ 1003749.2, 6826130.299999999813735 ], [ 1003750.0, 6826115.099999999627471 ], [ 1003750.8, 6826111.0 ], [ 1003752.6, 6826079.099999999627471 ], [ 1003753.3, 6826068.599999999627471 ], [ 1003753.4, 6826064.799999999813735 ], [ 1003753.6, 6826057.900000000372529 ], [ 1003753.6, 6826049.900000000372529 ], [ 1003752.6, 6826039.900000000372529 ], [ 1003752.0, 6826032.099999999627471 ], [ 1003750.0, 6826009.799999999813735 ], [ 1003748.4, 6825999.400000000372529 ], [ 1003745.6, 6825986.5 ], [ 1003742.1, 6825966.700000000186265 ], [ 1003736.1, 6825942.599999999627471 ], [ 1003728.0, 6825913.5 ], [ 1003708.6, 6825864.099999999627471 ], [ 1003695.7, 6825828.0 ], [ 1003689.4, 6825809.599999999627471 ], [ 1003681.6, 6825785.599999999627471 ], [ 1003652.5, 6825728.099999999627471 ], [ 1003628.4, 6825687.0 ], [ 1003606.1, 6825660.400000000372529 ], [ 1003580.8, 6825630.5 ], [ 1003560.6, 6825603.700000000186265 ], [ 1003534.3, 6825574.900000000372529 ], [ 1003513.6, 6825551.299999999813735 ], [ 1003489.8, 6825515.299999999813735 ], [ 1003471.4, 6825484.0 ], [ 1003468.2, 6825473.099999999627471 ], [ 1003465.8, 6825462.200000000186265 ], [ 1003464.9, 6825457.0 ], [ 1003464.5, 6825453.700000000186265 ], [ 1003463.9, 6825449.799999999813735 ], [ 1003462.1, 6825444.599999999627471 ], [ 1003460.0, 6825439.5 ], [ 1003456.4, 6825433.099999999627471 ], [ 1003452.5, 6825426.400000000372529 ], [ 1003449.5, 6825420.900000000372529 ], [ 1003445.8, 6825413.799999999813735 ], [ 1003439.0, 6825398.900000000372529 ], [ 1003433.7, 6825386.099999999627471 ], [ 1003430.6, 6825382.099999999627471 ], [ 1003427.5, 6825377.099999999627471 ], [ 1003424.3, 6825372.599999999627471 ], [ 1003421.5, 6825368.200000000186265 ], [ 1003419.2, 6825363.5 ], [ 1003417.6, 6825359.700000000186265 ], [ 1003415.5, 6825352.700000000186265 ], [ 1003414.6, 6825348.5 ], [ 1003413.8, 6825342.200000000186265 ], [ 1003413.2, 6825336.299999999813735 ], [ 1003412.6, 6825330.5 ], [ 1003411.9, 6825324.5 ], [ 1003411.2, 6825319.299999999813735 ], [ 1003408.0, 6825309.799999999813735 ], [ 1003404.4, 6825301.900000000372529 ], [ 1003400.3, 6825292.099999999627471 ], [ 1003397.6, 6825285.200000000186265 ], [ 1003395.1, 6825279.5 ], [ 1003390.2, 6825257.400000000372529 ], [ 1003387.1, 6825245.5 ], [ 1003381.1, 6825219.0 ], [ 1003379.3, 6825203.900000000372529 ], [ 1003378.1, 6825198.099999999627471 ], [ 1003375.9, 6825186.200000000186265 ], [ 1003374.4, 6825180.200000000186265 ], [ 1003373.4, 6825175.200000000186265 ], [ 1003371.8, 6825169.900000000372529 ], [ 1003369.1, 6825159.700000000186265 ], [ 1003358.2, 6825132.299999999813735 ], [ 1003380.0, 6825016.5 ], [ 1003359.1, 6824916.700000000186265 ], [ 1003343.7, 6824861.900000000372529 ], [ 1003328.4, 6824832.0 ], [ 1003176.1, 6824669.5 ], [ 1003176.0, 6824659.5 ], [ 1003220.3, 6824579.099999999627471 ], [ 1003259.8, 6824528.799999999813735 ], [ 1003279.7, 6824518.700000000186265 ], [ 1003314.6, 6824512.400000000372529 ], [ 1003349.4, 6824482.099999999627471 ], [ 1003387.6, 6824396.799999999813735 ], [ 1003412.4, 6824371.599999999627471 ], [ 1003497.0, 6824335.900000000372529 ], [ 1003561.9, 6824325.299999999813735 ], [ 1003571.6, 6824295.299999999813735 ], [ 1003576.1, 6824240.299999999813735 ], [ 1003570.4, 6824155.400000000372529 ], [ 1003550.1, 6824125.599999999627471 ], [ 1003466.3, 6824043.099999999627471 ], [ 1003454.4, 6824031.5 ], [ 1003448.2, 6824006.5 ], [ 1003430.6, 6823924.5 ], [ 1003433.6, 6823923.200000000186265 ], [ 1003467.4, 6823907.700000000186265 ], [ 1003485.3, 6823901.599999999627471 ], [ 1003504.9, 6823896.700000000186265 ], [ 1003521.6, 6823887.700000000186265 ], [ 1003532.9, 6823878.099999999627471 ], [ 1003543.2, 6823865.0 ], [ 1003547.6, 6823865.400000000372529 ], [ 1003551.5, 6823864.299999999813735 ], [ 1003557.0, 6823860.5 ], [ 1003567.1, 6823848.900000000372529 ], [ 1003569.2, 6823837.799999999813735 ], [ 1003571.7, 6823814.799999999813735 ], [ 1003574.2, 6823791.599999999627471 ], [ 1003574.1, 6823780.599999999627471 ], [ 1003568.8, 6823763.299999999813735 ], [ 1003563.1, 6823748.200000000186265 ], [ 1003555.5, 6823725.299999999813735 ], [ 1003552.3, 6823710.5 ], [ 1003550.9, 6823690.599999999627471 ], [ 1003547.5, 6823661.200000000186265 ], [ 1003532.6, 6823630.099999999627471 ], [ 1003526.4, 6823618.400000000372529 ], [ 1003563.2, 6823560.799999999813735 ], [ 1003575.9, 6823548.5 ], [ 1003638.7, 6823504.200000000186265 ], [ 1003698.4, 6823458.099999999627471 ], [ 1003815.0, 6823391.0 ], [ 1003805.2, 6823351.299999999813735 ], [ 1003795.8, 6823323.099999999627471 ], [ 1003790.9, 6823297.700000000186265 ], [ 1003785.2, 6823266.700000000186265 ], [ 1003786.9, 6823259.799999999813735 ], [ 1003787.3, 6823252.900000000372529 ], [ 1003797.1, 6823192.099999999627471 ], [ 1003764.5, 6823187.5 ], [ 1003688.1, 6823193.099999999627471 ], [ 1003641.0, 6823192.700000000186265 ], [ 1003605.4, 6823175.0 ], [ 1003575.5, 6823157.799999999813735 ], [ 1003530.6, 6823132.599999999627471 ], [ 1003488.9, 6823101.0 ], [ 1003456.7, 6823080.799999999813735 ], [ 1003419.6, 6823056.099999999627471 ], [ 1003412.6, 6823051.200000000186265 ], [ 1003402.0, 6823045.0 ], [ 1003385.9, 6823033.400000000372529 ], [ 1003366.6, 6823018.700000000186265 ], [ 1003347.2, 6823006.200000000186265 ], [ 1003326.0, 6822995.0 ], [ 1003311.3, 6822984.200000000186265 ], [ 1003298.3, 6822977.599999999627471 ], [ 1003281.5, 6822969.400000000372529 ], [ 1003273.9, 6822965.5 ], [ 1003268.8, 6822963.799999999813735 ], [ 1003263.4, 6822964.900000000372529 ], [ 1003220.2, 6822923.700000000186265 ], [ 1003165.2, 6822853.700000000186265 ], [ 1003162.1, 6822844.799999999813735 ], [ 1003158.1, 6822840.299999999813735 ], [ 1003153.2, 6822838.099999999627471 ], [ 1003143.6, 6822827.0 ], [ 1003118.3, 6822801.700000000186265 ], [ 1003095.3, 6822742.5 ], [ 1003096.6, 6822732.700000000186265 ], [ 1003094.2, 6822720.400000000372529 ], [ 1003087.4, 6822715.799999999813735 ], [ 1003070.4, 6822685.700000000186265 ], [ 1003070.8, 6822679.799999999813735 ], [ 1003070.1, 6822672.900000000372529 ], [ 1003064.5, 6822666.5 ], [ 1003060.4, 6822660.599999999627471 ], [ 1003058.5, 6822656.799999999813735 ], [ 1003058.2, 6822651.599999999627471 ], [ 1003058.5, 6822644.599999999627471 ], [ 1003059.7, 6822633.5 ], [ 1003057.9, 6822618.599999999627471 ], [ 1003056.4, 6822606.599999999627471 ], [ 1003047.5, 6822584.200000000186265 ], [ 1003043.9, 6822576.0 ], [ 1003045.5, 6822574.200000000186265 ], [ 1003046.5, 6822568.200000000186265 ], [ 1003042.6, 6822552.0 ], [ 1003034.0, 6822515.400000000372529 ], [ 1003029.5, 6822489.099999999627471 ], [ 1003021.7, 6822448.5 ], [ 1003016.6, 6822425.299999999813735 ], [ 1003012.1, 6822404.799999999813735 ], [ 1003012.5, 6822400.099999999627471 ], [ 1003013.7, 6822396.0 ], [ 1003016.4, 6822390.5 ], [ 1003018.6, 6822383.299999999813735 ], [ 1003019.5, 6822371.400000000372529 ], [ 1003018.0, 6822364.0 ], [ 1003011.0, 6822351.700000000186265 ], [ 1003001.7, 6822334.700000000186265 ], [ 1002994.9, 6822320.700000000186265 ], [ 1002993.2, 6822313.799999999813735 ], [ 1002993.4, 6822304.599999999627471 ], [ 1002991.3, 6822294.900000000372529 ], [ 1002986.9, 6822283.400000000372529 ], [ 1002976.0, 6822273.799999999813735 ], [ 1002939.1, 6822140.799999999813735 ], [ 1002915.4, 6822078.200000000186265 ], [ 1002914.7, 6822064.200000000186265 ], [ 1002909.7, 6822048.200000000186265 ], [ 1002900.3, 6822027.799999999813735 ], [ 1002890.4, 6822004.200000000186265 ], [ 1002879.3, 6821980.0 ], [ 1002873.7, 6821966.400000000372529 ], [ 1002871.6, 6821959.900000000372529 ], [ 1002868.9, 6821952.0 ], [ 1002869.4, 6821946.200000000186265 ], [ 1002873.3, 6821941.099999999627471 ], [ 1002878.4, 6821936.599999999627471 ], [ 1002881.7, 6821930.299999999813735 ], [ 1002883.1, 6821913.900000000372529 ], [ 1002885.3, 6821891.5 ], [ 1002884.9, 6821881.5 ], [ 1002884.3, 6821868.099999999627471 ], [ 1002884.9, 6821853.099999999627471 ], [ 1002886.0, 6821836.900000000372529 ], [ 1002888.3, 6821815.700000000186265 ], [ 1002890.3, 6821801.700000000186265 ], [ 1002891.5, 6821795.099999999627471 ], [ 1002894.2, 6821781.299999999813735 ], [ 1002897.6, 6821765.599999999627471 ], [ 1002903.4, 6821752.900000000372529 ], [ 1002910.6, 6821743.400000000372529 ], [ 1002916.5, 6821736.200000000186265 ], [ 1002925.4, 6821732.400000000372529 ], [ 1002932.2, 6821714.700000000186265 ], [ 1002931.3, 6821704.900000000372529 ], [ 1002930.4, 6821688.200000000186265 ], [ 1002932.5, 6821676.799999999813735 ], [ 1002937.4, 6821652.200000000186265 ], [ 1002939.3, 6821638.099999999627471 ], [ 1002941.0, 6821622.299999999813735 ], [ 1002942.4, 6821611.900000000372529 ], [ 1002946.1, 6821600.700000000186265 ], [ 1002949.5, 6821582.900000000372529 ], [ 1002952.0, 6821571.400000000372529 ], [ 1002955.2, 6821559.200000000186265 ], [ 1002956.6, 6821545.400000000372529 ], [ 1002962.1, 6821526.099999999627471 ], [ 1002967.6, 6821506.900000000372529 ], [ 1002970.9, 6821485.099999999627471 ], [ 1002975.5, 6821456.299999999813735 ], [ 1002981.6, 6821428.900000000372529 ], [ 1002985.9, 6821414.099999999627471 ], [ 1002992.7, 6821402.099999999627471 ], [ 1002999.5, 6821388.299999999813735 ], [ 1003003.4, 6821377.299999999813735 ], [ 1003007.6, 6821361.099999999627471 ], [ 1003008.0, 6821342.700000000186265 ], [ 1003009.5, 6821323.900000000372529 ], [ 1003008.8, 6821303.900000000372529 ], [ 1003011.5, 6821279.599999999627471 ], [ 1003012.3, 6821254.799999999813735 ], [ 1003011.8, 6821228.5 ], [ 1003011.2, 6821212.299999999813735 ], [ 1003013.1, 6821189.299999999813735 ], [ 1003013.7, 6821168.200000000186265 ], [ 1003015.3, 6821152.5 ], [ 1003018.3, 6821138.200000000186265 ], [ 1003024.6, 6821115.0 ], [ 1003031.3, 6821080.900000000372529 ], [ 1003038.6, 6821047.400000000372529 ], [ 1003042.3, 6821024.700000000186265 ], [ 1003045.8, 6821001.0 ], [ 1003050.3, 6820980.700000000186265 ], [ 1003055.1, 6820968.599999999627471 ], [ 1003057.6, 6820953.5 ], [ 1003058.5, 6820940.400000000372529 ], [ 1003057.8, 6820927.400000000372529 ], [ 1003057.3, 6820912.200000000186265 ], [ 1003055.4, 6820901.599999999627471 ], [ 1003053.6, 6820892.299999999813735 ], [ 1003053.3, 6820882.0 ], [ 1003054.7, 6820871.700000000186265 ], [ 1003056.5, 6820864.200000000186265 ], [ 1003057.6, 6820850.400000000372529 ], [ 1003055.6, 6820837.0 ], [ 1003051.9, 6820825.900000000372529 ], [ 1003048.3, 6820815.599999999627471 ], [ 1003042.7, 6820805.599999999627471 ], [ 1003038.1, 6820799.700000000186265 ], [ 1003036.0, 6820790.099999999627471 ], [ 1003036.6, 6820782.299999999813735 ], [ 1003034.5, 6820766.200000000186265 ], [ 1003031.6, 6820753.200000000186265 ], [ 1003027.6, 6820741.099999999627471 ], [ 1003022.2, 6820728.200000000186265 ], [ 1003019.6, 6820718.0 ], [ 1003016.2, 6820703.299999999813735 ], [ 1003013.5, 6820686.400000000372529 ], [ 1003010.1, 6820669.5 ], [ 1003006.8, 6820661.299999999813735 ], [ 1003003.6, 6820646.5 ], [ 1003001.6, 6820632.200000000186265 ], [ 1003001.3, 6820614.799999999813735 ], [ 1003001.3, 6820600.599999999627471 ], [ 1003002.5, 6820589.5 ], [ 1003004.0, 6820575.200000000186265 ], [ 1003001.9, 6820566.700000000186265 ], [ 1002996.0, 6820501.400000000372529 ], [ 1002997.5, 6820495.200000000186265 ], [ 1002997.3, 6820489.700000000186265 ], [ 1002995.3, 6820480.099999999627471 ], [ 1002984.5, 6820458.400000000372529 ], [ 1002970.1, 6820417.299999999813735 ], [ 1002955.8, 6820378.799999999813735 ], [ 1002948.6, 6820363.200000000186265 ], [ 1002944.7, 6820351.5 ], [ 1002907.4, 6820308.599999999627471 ], [ 1002791.5, 6820205.700000000186265 ], [ 1002785.0, 6820196.799999999813735 ], [ 1002775.3, 6820181.299999999813735 ], [ 1002751.3, 6820143.5 ], [ 1002734.5, 6820122.5 ], [ 1002708.4, 6820078.099999999627471 ], [ 1002696.5, 6820055.700000000186265 ], [ 1002804.0, 6819948.0 ], [ 1002857.9, 6819894.299999999813735 ], [ 1002901.5, 6819848.900000000372529 ], [ 1002927.8, 6819818.0 ], [ 1003000.4, 6819733.200000000186265 ], [ 1003074.4, 6819627.599999999627471 ], [ 1003114.2, 6819587.599999999627471 ], [ 1003098.1, 6819563.900000000372529 ], [ 1003067.7, 6819523.0 ], [ 1003046.7, 6819504.599999999627471 ], [ 1003035.6, 6819499.900000000372529 ], [ 1003022.2, 6819496.200000000186265 ], [ 1003008.1, 6819493.799999999813735 ], [ 1002993.0, 6819489.200000000186265 ], [ 1002981.0, 6819482.099999999627471 ], [ 1002972.8, 6819472.200000000186265 ], [ 1002965.8, 6819462.799999999813735 ], [ 1002962.0, 6819454.299999999813735 ], [ 1002957.2, 6819439.799999999813735 ], [ 1002947.7, 6819426.299999999813735 ], [ 1002941.3, 6819417.599999999627471 ], [ 1002904.3, 6819390.0 ], [ 1002851.3, 6819358.5 ], [ 1002811.9, 6819337.200000000186265 ], [ 1002777.3, 6819322.900000000372529 ], [ 1002745.9, 6819306.599999999627471 ], [ 1002735.6, 6819302.0 ], [ 1002721.6, 6819296.0 ], [ 1002684.5, 6819281.200000000186265 ], [ 1002672.5, 6819276.599999999627471 ], [ 1002665.4, 6819273.700000000186265 ], [ 1002630.0, 6819255.700000000186265 ], [ 1002596.0, 6819240.5 ], [ 1002577.3, 6819232.299999999813735 ], [ 1002560.2, 6819227.5 ], [ 1002536.0, 6819224.799999999813735 ], [ 1002496.9, 6819227.599999999627471 ], [ 1002473.6, 6819223.0 ], [ 1002422.3, 6819117.099999999627471 ], [ 1002377.6, 6819025.0 ], [ 1002274.5, 6818772.099999999627471 ], [ 1002269.4, 6818752.099999999627471 ], [ 1002233.6, 6818662.5 ], [ 1002308.4, 6818641.900000000372529 ], [ 1002338.1, 6818610.599999999627471 ], [ 1002402.2, 6818510.099999999627471 ], [ 1002412.0, 6818490.099999999627471 ], [ 1002446.5, 6818439.799999999813735 ], [ 1002451.4, 6818429.799999999813735 ], [ 1002571.6, 6818453.700000000186265 ], [ 1002616.5, 6818448.299999999813735 ], [ 1002755.6, 6818356.200000000186265 ], [ 1002876.7, 6818292.0 ], [ 1002881.1, 6818265.400000000372529 ], [ 1002886.8, 6818246.400000000372529 ], [ 1002892.4, 6818228.299999999813735 ], [ 1002897.4, 6818213.200000000186265 ], [ 1002903.2, 6818203.700000000186265 ], [ 1002920.7, 6818183.799999999813735 ], [ 1002946.9, 6818157.099999999627471 ], [ 1002974.0, 6818129.099999999627471 ], [ 1003097.6, 6818157.299999999813735 ], [ 1003112.5, 6818142.200000000186265 ], [ 1003127.1, 6818092.099999999627471 ], [ 1003121.6, 6818042.200000000186265 ], [ 1003132.0, 6818014.799999999813735 ], [ 1003146.7, 6817976.099999999627471 ], [ 1003150.5, 6817962.0 ], [ 1003154.4, 6817934.400000000372529 ], [ 1003156.3, 6817915.700000000186265 ], [ 1003163.3, 6817896.599999999627471 ], [ 1003169.6, 6817885.099999999627471 ], [ 1003177.3, 6817875.200000000186265 ], [ 1003189.9, 6817868.099999999627471 ], [ 1003203.9, 6817863.700000000186265 ], [ 1003216.3, 6817862.299999999813735 ], [ 1003232.0, 6817862.400000000372529 ], [ 1003251.8, 6817866.5 ], [ 1003279.7, 6817877.900000000372529 ], [ 1003317.1, 6817892.799999999813735 ], [ 1003336.7, 6817897.599999999627471 ], [ 1003355.3, 6817898.599999999627471 ], [ 1003391.3, 6817896.700000000186265 ], [ 1003420.8, 6817894.599999999627471 ], [ 1003437.2, 6817892.200000000186265 ], [ 1003447.8, 6817888.5 ], [ 1003466.9, 6817871.400000000372529 ], [ 1003493.1, 6817843.400000000372529 ], [ 1003518.1, 6817816.599999999627471 ], [ 1003538.3, 6817798.5 ], [ 1003565.0, 6817781.599999999627471 ], [ 1003588.8, 6817766.900000000372529 ], [ 1003604.7, 6817756.799999999813735 ], [ 1003608.8, 6817750.900000000372529 ], [ 1003609.0, 6817741.5 ], [ 1003624.7, 6817734.799999999813735 ], [ 1003635.2, 6817730.400000000372529 ], [ 1003661.9, 6817714.299999999813735 ], [ 1003688.1, 6817695.099999999627471 ], [ 1003698.7, 6817682.900000000372529 ], [ 1003708.7, 6817673.099999999627471 ], [ 1003724.0, 6817654.5 ], [ 1003738.0, 6817631.799999999813735 ], [ 1003749.9, 6817610.900000000372529 ], [ 1003760.1, 6817578.099999999627471 ], [ 1003768.4, 6817556.900000000372529 ], [ 1003771.3, 6817548.5 ], [ 1003774.5, 6817534.099999999627471 ], [ 1003778.5, 6817515.400000000372529 ], [ 1003784.7, 6817497.700000000186265 ], [ 1003791.0, 6817483.0 ], [ 1003801.4, 6817462.0 ], [ 1003810.9, 6817433.700000000186265 ], [ 1003815.5, 6817411.099999999627471 ], [ 1003819.5, 6817376.200000000186265 ], [ 1003821.0, 6817361.299999999813735 ], [ 1003821.1, 6817360.799999999813735 ], [ 1003822.5, 6817348.5 ], [ 1003823.3, 6817332.799999999813735 ], [ 1003821.6, 6817303.799999999813735 ], [ 1003819.6, 6817270.799999999813735 ], [ 1003817.3, 6817253.400000000372529 ], [ 1003814.8, 6817246.299999999813735 ], [ 1003861.5, 6817164.400000000372529 ], [ 1003941.1, 6817031.299999999813735 ], [ 1003978.8, 6816968.5 ], [ 1004125.2, 6816681.400000000372529 ], [ 1004143.9, 6816633.200000000186265 ], [ 1004144.7, 6816631.299999999813735 ], [ 1004139.5, 6816606.299999999813735 ], [ 1004083.2, 6816456.900000000372529 ], [ 1004068.0, 6816432.0 ], [ 1004058.0, 6816432.099999999627471 ], [ 1003903.5, 6816474.400000000372529 ], [ 1003903.3, 6816454.5 ], [ 1003904.9, 6816449.400000000372529 ], [ 1003913.1, 6816424.400000000372529 ], [ 1003957.4, 6816354.099999999627471 ], [ 1003959.7, 6816335.900000000372529 ], [ 1003961.2, 6816324.0 ], [ 1003925.9, 6816284.400000000372529 ], [ 1003900.5, 6816239.599999999627471 ], [ 1003875.3, 6816214.900000000372529 ], [ 1003835.1, 6816195.200000000186265 ], [ 1003720.0, 6816166.200000000186265 ], [ 1003684.6, 6816126.599999999627471 ], [ 1003589.5, 6816103.400000000372529 ], [ 1003549.3, 6816078.799999999813735 ], [ 1003544.2, 6816063.799999999813735 ], [ 1003544.0, 6816043.799999999813735 ], [ 1003535.1, 6816035.200000000186265 ], [ 1003444.7, 6815947.299999999813735 ], [ 1003435.0, 6815956.400000000372529 ], [ 1003429.9, 6815961.0 ], [ 1003387.8, 6815914.599999999627471 ], [ 1003303.6, 6815833.400000000372529 ], [ 1003266.6, 6815800.900000000372529 ], [ 1003215.7, 6815752.900000000372529 ], [ 1003180.3, 6815698.200000000186265 ], [ 1003122.6, 6815503.799999999813735 ], [ 1003102.3, 6815464.0 ], [ 1003072.0, 6815424.299999999813735 ], [ 1002981.3, 6815345.200000000186265 ], [ 1002951.0, 6815305.5 ], [ 1002818.3, 6815101.700000000186265 ], [ 1002772.5, 6815003.200000000186265 ], [ 1002747.1, 6814953.5 ], [ 1002674.6, 6814779.200000000186265 ], [ 1002638.7, 6814669.599999999627471 ], [ 1002618.4, 6814629.799999999813735 ], [ 1002552.7, 6814545.400000000372529 ], [ 1002501.1, 6814475.900000000372529 ], [ 1002398.3, 6814225.700000000186265 ], [ 1002401.0, 6814219.0 ], [ 1002402.8, 6814211.5 ], [ 1002404.0, 6814201.0 ], [ 1002404.7, 6814191.200000000186265 ], [ 1002403.2, 6814180.599999999627471 ], [ 1002398.1, 6814165.299999999813735 ], [ 1002391.9, 6814153.799999999813735 ], [ 1002388.7, 6814147.799999999813735 ], [ 1002380.2, 6814134.5 ], [ 1002371.8, 6814115.099999999627471 ], [ 1002359.8, 6814088.5 ], [ 1002355.4, 6814081.700000000186265 ], [ 1002331.2, 6814007.700000000186265 ], [ 1002220.7, 6813944.700000000186265 ], [ 1002194.8, 6813909.900000000372529 ], [ 1002136.2, 6813871.299999999813735 ], [ 1002091.8, 6813833.599999999627471 ], [ 1001980.3, 6813749.5 ], [ 1001936.3, 6813703.0 ], [ 1001867.4, 6813648.900000000372529 ], [ 1001819.8, 6813607.200000000186265 ], [ 1001851.5, 6813554.099999999627471 ], [ 1001891.2, 6813513.799999999813735 ], [ 1001945.8, 6813472.400000000372529 ], [ 1002025.4, 6813441.700000000186265 ], [ 1002468.4, 6813356.900000000372529 ], [ 1002847.0, 6813227.700000000186265 ], [ 1002916.8, 6813202.099999999627471 ], [ 1002951.8, 6813206.799999999813735 ], [ 1003041.9, 6813225.0 ], [ 1003106.6, 6813226.200000000186265 ], [ 1003166.8, 6813223.900000000372529 ], [ 1003214.5, 6813212.599999999627471 ], [ 1003268.3, 6813189.400000000372529 ], [ 1003321.0, 6813162.700000000186265 ], [ 1003390.6, 6813107.099999999627471 ], [ 1003465.4, 6813080.5 ], [ 1003506.2, 6813079.700000000186265 ], [ 1003514.8, 6813067.099999999627471 ], [ 1003517.2, 6813062.099999999627471 ], [ 1003518.2, 6813056.799999999813735 ], [ 1003518.5, 6813048.299999999813735 ], [ 1003517.7, 6813040.099999999627471 ], [ 1003510.2, 6813027.599999999627471 ], [ 1003498.5, 6813009.400000000372529 ], [ 1003487.8, 6812993.099999999627471 ], [ 1003622.3, 6812918.5 ], [ 1003687.6, 6812898.599999999627471 ], [ 1003692.1, 6812833.599999999627471 ], [ 1003807.4, 6812881.599999999627471 ], [ 1003836.7, 6812891.200000000186265 ], [ 1003857.4, 6812881.200000000186265 ], [ 1003956.0, 6812823.700000000186265 ], [ 1004041.4, 6812784.700000000186265 ], [ 1004071.3, 6812774.400000000372529 ], [ 1004087.9, 6812774.299999999813735 ], [ 1004096.3, 6812774.200000000186265 ], [ 1004211.1, 6812797.400000000372529 ], [ 1004230.5, 6812788.5 ], [ 1004253.7, 6812775.599999999627471 ], [ 1004277.1, 6812763.799999999813735 ], [ 1004293.6, 6812757.599999999627471 ], [ 1004304.1, 6812756.599999999627471 ], [ 1004312.0, 6812757.799999999813735 ], [ 1004330.8, 6812734.0 ], [ 1004353.9, 6812704.799999999813735 ], [ 1004370.0, 6812684.400000000372529 ], [ 1004379.3, 6812672.799999999813735 ], [ 1004390.1, 6812654.900000000372529 ], [ 1004397.2, 6812644.700000000186265 ], [ 1004410.6, 6812622.700000000186265 ], [ 1004413.7, 6812616.200000000186265 ], [ 1004421.5, 6812604.799999999813735 ], [ 1004429.7, 6812587.400000000372529 ], [ 1004435.5, 6812577.099999999627471 ], [ 1004448.1, 6812554.599999999627471 ], [ 1004450.3, 6812549.599999999627471 ], [ 1004455.4, 6812538.0 ], [ 1004464.1, 6812515.299999999813735 ], [ 1004470.7, 6812493.299999999813735 ], [ 1004473.8, 6812481.099999999627471 ], [ 1004479.3, 6812466.400000000372529 ], [ 1004486.7, 6812447.700000000186265 ], [ 1004494.3, 6812434.0 ], [ 1004499.5, 6812423.900000000372529 ], [ 1004505.6, 6812413.900000000372529 ], [ 1004511.1, 6812407.900000000372529 ], [ 1004519.7, 6812399.099999999627471 ], [ 1004529.0, 6812384.0 ], [ 1004536.7, 6812365.099999999627471 ], [ 1004546.8, 6812341.900000000372529 ], [ 1004555.7, 6812318.799999999813735 ], [ 1004559.5, 6812310.299999999813735 ], [ 1004566.0, 6812300.700000000186265 ], [ 1004570.8, 6812295.400000000372529 ], [ 1004578.8, 6812286.299999999813735 ], [ 1004594.2, 6812269.0 ], [ 1004609.8, 6812251.400000000372529 ], [ 1004619.8, 6812238.299999999813735 ], [ 1004624.3, 6812232.5 ], [ 1004628.9, 6812222.200000000186265 ], [ 1004631.7, 6812211.200000000186265 ], [ 1004632.1, 6812201.5 ], [ 1004632.1, 6812188.099999999627471 ], [ 1004631.9, 6812163.900000000372529 ], [ 1004634.8, 6812153.900000000372529 ], [ 1004638.3, 6812147.0 ], [ 1004650.6, 6812135.099999999627471 ], [ 1004660.1, 6812123.5 ], [ 1004668.6, 6812112.5 ], [ 1004672.8, 6812105.700000000186265 ], [ 1004675.1, 6812099.700000000186265 ], [ 1004675.9, 6812090.900000000372529 ], [ 1004675.9, 6812073.400000000372529 ], [ 1004669.3, 6812059.400000000372529 ], [ 1004661.2, 6812035.0 ], [ 1004651.8, 6811995.200000000186265 ], [ 1004649.2, 6811984.0 ], [ 1004643.6, 6811953.799999999813735 ], [ 1004639.3, 6811926.700000000186265 ], [ 1004637.0, 6811915.400000000372529 ], [ 1004637.9, 6811909.700000000186265 ], [ 1004642.9, 6811905.200000000186265 ], [ 1004659.3, 6811896.700000000186265 ], [ 1004677.2, 6811891.0 ], [ 1004700.8, 6811880.599999999627471 ], [ 1004690.8, 6811837.599999999627471 ], [ 1004720.6, 6811817.400000000372529 ], [ 1004810.2, 6811781.599999999627471 ], [ 1004890.4, 6811730.299999999813735 ], [ 1004916.2, 6811718.400000000372529 ], [ 1004928.3, 6811714.0 ], [ 1004939.2, 6811709.400000000372529 ], [ 1004946.6, 6811707.099999999627471 ], [ 1004960.9, 6811702.400000000372529 ], [ 1004990.8, 6811700.799999999813735 ], [ 1005009.5, 6811699.599999999627471 ], [ 1005018.2, 6811698.099999999627471 ], [ 1005099.1, 6811673.200000000186265 ], [ 1005188.9, 6811651.200000000186265 ], [ 1005412.6, 6811644.5 ], [ 1005589.8, 6811660.299999999813735 ], [ 1005640.5, 6811651.099999999627471 ], [ 1005729.3, 6811636.299999999813735 ], [ 1005835.6, 6811638.400000000372529 ], [ 1005897.5, 6811637.900000000372529 ], [ 1005906.0, 6811635.400000000372529 ], [ 1005917.5, 6811634.599999999627471 ], [ 1005935.1, 6811640.700000000186265 ], [ 1005958.9, 6811649.099999999627471 ], [ 1005964.3, 6811647.5 ], [ 1005982.3, 6811649.900000000372529 ], [ 1006011.7, 6811654.0 ], [ 1006036.8, 6811654.299999999813735 ], [ 1006066.4, 6811653.599999999627471 ], [ 1006100.1, 6811652.099999999627471 ], [ 1006128.3, 6811654.799999999813735 ], [ 1006148.6, 6811660.400000000372529 ], [ 1006166.0, 6811670.700000000186265 ], [ 1006177.9, 6811683.900000000372529 ], [ 1006273.1, 6811650.0 ], [ 1006379.0, 6811594.900000000372529 ], [ 1006402.7, 6811589.799999999813735 ], [ 1006424.3, 6811586.900000000372529 ], [ 1006437.0, 6811582.200000000186265 ], [ 1006475.3, 6811589.099999999627471 ], [ 1006507.3, 6811582.599999999627471 ], [ 1006538.2, 6811568.799999999813735 ], [ 1006560.8, 6811562.700000000186265 ], [ 1006598.4, 6811559.0 ], [ 1006654.9, 6811550.299999999813735 ], [ 1006697.5, 6811543.0 ], [ 1006724.5, 6811540.700000000186265 ], [ 1006745.1, 6811540.700000000186265 ], [ 1006779.1, 6811544.700000000186265 ], [ 1006789.0, 6811545.900000000372529 ], [ 1006810.1, 6811548.700000000186265 ], [ 1006840.7, 6811551.5 ], [ 1006864.1, 6811556.299999999813735 ], [ 1006888.3, 6811565.599999999627471 ], [ 1006919.3, 6811575.700000000186265 ], [ 1007002.1, 6811586.799999999813735 ], [ 1007082.2, 6811611.0 ], [ 1007197.6, 6811664.0 ], [ 1007263.2, 6811733.400000000372529 ], [ 1007333.4, 6811762.799999999813735 ], [ 1007398.5, 6811782.200000000186265 ], [ 1007453.4, 6811776.700000000186265 ], [ 1007558.0, 6811739.799999999813735 ], [ 1007608.0, 6811744.400000000372529 ], [ 1007673.2, 6811768.799999999813735 ], [ 1007783.9, 6811852.799999999813735 ], [ 1007850.1, 6811887.200000000186265 ], [ 1007910.5, 6811930.700000000186265 ], [ 1008020.8, 6811974.700000000186265 ], [ 1008086.0, 6812009.099999999627471 ], [ 1008272.1, 6812142.400000000372529 ], [ 1008438.8, 6812239.900000000372529 ], [ 1008489.2, 6812289.400000000372529 ], [ 1008537.5, 6812386.599999999627471 ], [ 1008548.7, 6812420.900000000372529 ], [ 1008574.0, 6812462.799999999813735 ], [ 1008636.9, 6812515.400000000372529 ], [ 1008655.9, 6812535.5 ], [ 1008679.8, 6812593.0 ], [ 1008720.8, 6812647.400000000372529 ], [ 1008762.1, 6812714.200000000186265 ], [ 1008783.4, 6812758.900000000372529 ], [ 1008810.0, 6812822.799999999813735 ], [ 1008857.3, 6812815.299999999813735 ], [ 1008876.2, 6812811.299999999813735 ], [ 1008892.3, 6812806.0 ], [ 1008905.2, 6812803.200000000186265 ], [ 1008921.0, 6812802.599999999627471 ], [ 1008934.3, 6812803.400000000372529 ], [ 1008961.4, 6812805.099999999627471 ], [ 1008982.7, 6812804.5 ], [ 1009007.2, 6812801.0 ], [ 1009035.3, 6812796.099999999627471 ], [ 1009062.8, 6812793.400000000372529 ], [ 1009088.5, 6812792.0 ], [ 1009126.3, 6812792.599999999627471 ], [ 1009147.5, 6812792.299999999813735 ], [ 1009170.4, 6812790.5 ], [ 1009191.3, 6812790.099999999627471 ], [ 1009213.9, 6812787.5 ], [ 1009232.7, 6812781.299999999813735 ], [ 1009251.1, 6812771.5 ], [ 1009266.9, 6812762.0 ], [ 1009280.9, 6812748.799999999813735 ], [ 1009298.1, 6812734.299999999813735 ], [ 1009319.5, 6812718.599999999627471 ], [ 1009353.2, 6812697.0 ], [ 1009376.4, 6812681.200000000186265 ], [ 1009394.1, 6812668.200000000186265 ], [ 1009411.6, 6812657.5 ], [ 1009429.8, 6812649.099999999627471 ], [ 1009452.6, 6812641.099999999627471 ], [ 1009471.5, 6812634.700000000186265 ], [ 1009493.5, 6812630.900000000372529 ], [ 1009516.8, 6812628.099999999627471 ], [ 1009552.4, 6812623.700000000186265 ], [ 1009591.6, 6812618.700000000186265 ], [ 1009628.3, 6812611.5 ], [ 1009664.4, 6812602.599999999627471 ], [ 1009706.8, 6812590.299999999813735 ], [ 1009753.6, 6812571.299999999813735 ], [ 1009788.1, 6812553.700000000186265 ], [ 1009804.8, 6812546.400000000372529 ], [ 1009821.4, 6812543.299999999813735 ], [ 1009849.7, 6812537.5 ], [ 1009879.8, 6812532.900000000372529 ], [ 1009889.4, 6812532.099999999627471 ], [ 1009973.2, 6812276.400000000372529 ], [ 1009973.9, 6812247.700000000186265 ], [ 1009973.1, 6812237.200000000186265 ], [ 1009969.7, 6812223.599999999627471 ], [ 1009966.9, 6812206.900000000372529 ], [ 1009962.5, 6812196.400000000372529 ], [ 1009955.8, 6812186.400000000372529 ], [ 1009943.8, 6812172.700000000186265 ], [ 1009933.2, 6812166.200000000186265 ], [ 1009922.4, 6812160.799999999813735 ], [ 1009916.0, 6812156.299999999813735 ], [ 1009902.8, 6812148.900000000372529 ], [ 1009874.9, 6812137.799999999813735 ], [ 1009833.4, 6812119.799999999813735 ], [ 1009796.8, 6812107.299999999813735 ], [ 1009690.5, 6812071.099999999627471 ], [ 1009700.1, 6812026.099999999627471 ], [ 1009714.8, 6811996.0 ], [ 1009725.6, 6811944.900000000372529 ], [ 1009723.9, 6811886.0 ], [ 1009713.4, 6811831.099999999627471 ], [ 1009715.7, 6811673.299999999813735 ], [ 1009699.8, 6811526.400000000372529 ], [ 1009698.8, 6811411.5 ], [ 1009603.5, 6811377.299999999813735 ], [ 1009583.5, 6811372.5 ], [ 1009560.8, 6811362.0 ], [ 1009443.4, 6811309.400000000372529 ], [ 1009468.5, 6811207.099999999627471 ], [ 1009488.7, 6811062.400000000372529 ], [ 1009495.4, 6811048.900000000372529 ], [ 1009501.7, 6811036.5 ], [ 1009489.6, 6811017.5 ], [ 1009487.8, 6811009.0 ], [ 1009487.7, 6811001.099999999627471 ], [ 1009489.0, 6810992.400000000372529 ], [ 1009493.3, 6810980.900000000372529 ], [ 1009502.7, 6810963.799999999813735 ], [ 1009526.5, 6810950.099999999627471 ], [ 1009562.1, 6810939.599999999627471 ], [ 1009579.1, 6810926.0 ], [ 1009590.1, 6810920.299999999813735 ], [ 1009602.8, 6810918.200000000186265 ], [ 1009618.3, 6810921.400000000372529 ], [ 1009634.5, 6810924.400000000372529 ], [ 1009653.6, 6810923.099999999627471 ], [ 1009673.4, 6810920.299999999813735 ], [ 1009698.8, 6810916.700000000186265 ], [ 1009718.3, 6810914.5 ], [ 1009748.3, 6810912.299999999813735 ], [ 1009772.9, 6810911.099999999627471 ], [ 1009816.7, 6810908.200000000186265 ], [ 1009858.6, 6810907.900000000372529 ], [ 1009890.1, 6810908.400000000372529 ], [ 1009924.4, 6810911.900000000372529 ], [ 1009946.9, 6810915.700000000186265 ], [ 1009965.5, 6810919.299999999813735 ], [ 1009991.7, 6810926.400000000372529 ], [ 1010019.0, 6810930.5 ], [ 1010044.3, 6810935.0 ], [ 1010064.4, 6810939.5 ], [ 1010106.6, 6810945.900000000372529 ], [ 1010146.9, 6810953.0 ], [ 1010188.7, 6810961.900000000372529 ], [ 1010207.1, 6810963.599999999627471 ], [ 1010226.5, 6810966.599999999627471 ], [ 1010242.0, 6810970.400000000372529 ], [ 1010256.9, 6810971.599999999627471 ], [ 1010286.8, 6810972.5 ], [ 1010304.5, 6810973.200000000186265 ], [ 1010328.2, 6810973.700000000186265 ], [ 1010353.5, 6810970.200000000186265 ], [ 1010376.0, 6810967.799999999813735 ], [ 1010402.9, 6810963.799999999813735 ], [ 1010416.7, 6810963.200000000186265 ], [ 1010429.7, 6810964.700000000186265 ], [ 1010445.9, 6810967.200000000186265 ], [ 1010464.1, 6810969.200000000186265 ], [ 1010495.1, 6810971.900000000372529 ], [ 1010515.7, 6810973.299999999813735 ], [ 1010541.0, 6810974.400000000372529 ], [ 1010561.9, 6810911.299999999813735 ], [ 1010546.2, 6810836.5 ], [ 1010545.3, 6810726.599999999627471 ], [ 1010554.9, 6810686.5 ], [ 1010554.2, 6810606.599999999627471 ], [ 1010544.0, 6810576.700000000186265 ], [ 1010487.2, 6810482.200000000186265 ], [ 1010481.3, 6810466.099999999627471 ], [ 1010451.3, 6810382.599999999627471 ], [ 1010440.9, 6810327.799999999813735 ], [ 1010445.5, 6810287.700000000186265 ], [ 1010470.3, 6810267.5 ], [ 1010599.8, 6810216.400000000372529 ], [ 1010649.5, 6810181.0 ], [ 1010742.7, 6810105.299999999813735 ], [ 1010966.7, 6809997.400000000372529 ], [ 1010976.0, 6809980.0 ], [ 1010987.7, 6809960.799999999813735 ], [ 1010995.1, 6809954.700000000186265 ], [ 1011006.9, 6809950.900000000372529 ], [ 1011019.2, 6809825.900000000372529 ], [ 1011018.0, 6809823.099999999627471 ], [ 1011018.0, 6809816.200000000186265 ], [ 1011020.6, 6809790.599999999627471 ], [ 1011021.8, 6809785.799999999813735 ], [ 1011019.7, 6809765.099999999627471 ], [ 1011022.2, 6809714.099999999627471 ], [ 1011029.7, 6809648.700000000186265 ], [ 1011038.7, 6809553.5 ], [ 1011040.3, 6809518.700000000186265 ], [ 1011042.4, 6809499.799999999813735 ], [ 1011046.3, 6809468.5 ], [ 1011048.9, 6809458.599999999627471 ], [ 1011054.4, 6809447.799999999813735 ], [ 1011130.7, 6809381.900000000372529 ], [ 1011121.1, 6809377.299999999813735 ], [ 1011111.5, 6809371.700000000186265 ], [ 1011102.1, 6809365.700000000186265 ], [ 1011095.2, 6809360.700000000186265 ], [ 1011090.8, 6809350.599999999627471 ], [ 1011052.9, 6809196.700000000186265 ], [ 1011031.2, 6809125.5 ], [ 1011025.8, 6809076.299999999813735 ], [ 1011019.5, 6809048.400000000372529 ], [ 1011024.9, 6808948.299999999813735 ], [ 1011008.9, 6808920.400000000372529 ], [ 1010996.2, 6808903.5 ], [ 1010989.3, 6808894.0 ], [ 1010972.9, 6808855.299999999813735 ], [ 1010938.1, 6808778.5 ], [ 1010872.5, 6808709.099999999627471 ], [ 1010852.2, 6808664.299999999813735 ], [ 1010840.7, 6808609.400000000372529 ], [ 1010829.3, 6808444.299999999813735 ], [ 1010822.8, 6808445.099999999627471 ], [ 1010807.7, 6808452.0 ], [ 1010797.1, 6808449.700000000186265 ], [ 1010785.3, 6808445.5 ], [ 1010772.7, 6808445.900000000372529 ], [ 1010762.0, 6808449.299999999813735 ], [ 1010755.2, 6808447.299999999813735 ], [ 1010742.5, 6808441.099999999627471 ], [ 1010733.9, 6808445.599999999627471 ], [ 1010722.5, 6808451.200000000186265 ], [ 1010708.5, 6808449.0 ], [ 1010697.4, 6808444.5 ], [ 1010671.0, 6808439.299999999813735 ], [ 1010660.7, 6808438.400000000372529 ], [ 1010647.9, 6808440.200000000186265 ], [ 1010627.9, 6808441.900000000372529 ], [ 1010611.3, 6808446.200000000186265 ], [ 1010569.4, 6808437.900000000372529 ], [ 1010484.1, 6808422.400000000372529 ], [ 1010398.2, 6808406.900000000372529 ], [ 1010316.5, 6808395.400000000372529 ], [ 1010253.9, 6808356.700000000186265 ], [ 1010201.8, 6808303.5 ], [ 1010127.1, 6808252.799999999813735 ], [ 1010061.9, 6808228.400000000372529 ], [ 1009961.9, 6808192.099999999627471 ], [ 1009930.8, 6808182.400000000372529 ], [ 1009907.5, 6808189.599999999627471 ], [ 1009887.9, 6808197.200000000186265 ], [ 1009877.2, 6808202.5 ], [ 1009829.1, 6808180.200000000186265 ], [ 1009787.3, 6808156.599999999627471 ], [ 1009737.6, 6808131.099999999627471 ], [ 1009682.4, 6808100.099999999627471 ], [ 1009662.2, 6808089.599999999627471 ], [ 1009652.2, 6808085.200000000186265 ], [ 1009642.6, 6808082.400000000372529 ], [ 1009627.9, 6808079.0 ], [ 1009611.0, 6808073.0 ], [ 1009594.2, 6808064.799999999813735 ], [ 1009571.4, 6808053.299999999813735 ], [ 1009557.7, 6808046.700000000186265 ], [ 1009548.9, 6808042.799999999813735 ], [ 1009538.7, 6808020.099999999627471 ], [ 1009530.9, 6808009.900000000372529 ], [ 1009520.9, 6807998.900000000372529 ], [ 1009503.6, 6807982.700000000186265 ], [ 1009493.7, 6807970.5 ], [ 1009489.5, 6807963.200000000186265 ], [ 1009487.9, 6807955.400000000372529 ], [ 1009477.8, 6807953.0 ], [ 1009463.0, 6807951.599999999627471 ], [ 1009448.4, 6807950.700000000186265 ], [ 1009440.1, 6807945.5 ], [ 1009288.2, 6807857.400000000372529 ], [ 1009351.6, 6807696.400000000372529 ], [ 1009382.2, 6807692.0 ], [ 1009365.9, 6807626.099999999627471 ], [ 1009295.4, 6807410.400000000372529 ], [ 1009415.3, 6807318.700000000186265 ], [ 1009422.9, 6807308.099999999627471 ], [ 1009437.3, 6807287.799999999813735 ], [ 1009451.6, 6807266.0 ], [ 1009464.8, 6807248.700000000186265 ], [ 1009491.1, 6807227.299999999813735 ], [ 1009517.7, 6807205.099999999627471 ], [ 1009543.1, 6807175.400000000372529 ], [ 1009554.6, 6807162.200000000186265 ], [ 1009559.0, 6807151.299999999813735 ], [ 1009561.0, 6807140.799999999813735 ], [ 1009561.1, 6807129.299999999813735 ], [ 1009560.3, 6807114.5 ], [ 1009678.4, 6806932.799999999813735 ], [ 1009639.9, 6806923.200000000186265 ], [ 1009587.2, 6806896.700000000186265 ], [ 1009538.6, 6806860.200000000186265 ], [ 1009495.7, 6806826.400000000372529 ], [ 1009444.2, 6806784.299999999813735 ], [ 1009415.3, 6806773.200000000186265 ], [ 1009403.6, 6806708.299999999813735 ], [ 1009385.9, 6806642.900000000372529 ], [ 1009366.7, 6806586.799999999813735 ], [ 1009338.2, 6806537.099999999627471 ], [ 1009196.2, 6806542.599999999627471 ], [ 1009166.5, 6806535.900000000372529 ], [ 1009149.4, 6806531.0 ], [ 1009130.6, 6806522.400000000372529 ], [ 1009119.9, 6806514.0 ], [ 1009115.4, 6806508.0 ], [ 1009090.1, 6806486.799999999813735 ], [ 1009061.8, 6806457.400000000372529 ], [ 1009031.9, 6806416.5 ], [ 1008991.3, 6806346.900000000372529 ], [ 1008965.8, 6806292.200000000186265 ], [ 1008915.2, 6806222.700000000186265 ], [ 1008823.3, 6806108.599999999627471 ], [ 1008762.6, 6806019.099999999627471 ], [ 1008727.0, 6805949.5 ], [ 1008697.8, 6805867.299999999813735 ], [ 1008690.3, 6805844.599999999627471 ], [ 1008678.5, 6805815.299999999813735 ], [ 1008674.8, 6805806.799999999813735 ], [ 1008659.8, 6805757.299999999813735 ], [ 1008650.1, 6805728.299999999813735 ], [ 1008628.8, 6805686.5 ], [ 1008552.8, 6805562.299999999813735 ], [ 1008522.2, 6805492.599999999627471 ], [ 1008511.9, 6805462.700000000186265 ], [ 1008463.0, 6805343.5 ], [ 1008459.8, 6805314.799999999813735 ], [ 1008454.7, 6805292.599999999627471 ], [ 1008447.8, 6805259.5 ], [ 1008436.7, 6805226.200000000186265 ], [ 1008419.7, 6805203.0 ], [ 1008412.0, 6805191.5 ], [ 1008395.6, 6805174.099999999627471 ], [ 1008407.0, 6805153.400000000372529 ], [ 1008418.4, 6805122.700000000186265 ], [ 1008439.0, 6805086.400000000372529 ], [ 1008467.4, 6805045.099999999627471 ], [ 1008523.7, 6804982.400000000372529 ], [ 1008565.8, 6804929.299999999813735 ], [ 1008571.8, 6804915.799999999813735 ], [ 1008577.5, 6804886.0 ], [ 1008576.3, 6804862.799999999813735 ], [ 1008567.2, 6804836.200000000186265 ], [ 1008555.6, 6804814.5 ], [ 1008551.6, 6804800.900000000372529 ], [ 1008551.7, 6804789.0 ], [ 1008515.1, 6804655.5 ], [ 1008498.8, 6804622.099999999627471 ], [ 1008484.4, 6804608.099999999627471 ], [ 1008459.3, 6804587.900000000372529 ], [ 1008430.4, 6804580.299999999813735 ], [ 1008426.5, 6804572.799999999813735 ], [ 1008375.4, 6804474.5 ], [ 1008324.8, 6804395.0 ], [ 1008264.2, 6804325.599999999627471 ], [ 1008187.7, 6804262.299999999813735 ], [ 1008112.3, 6804213.0 ], [ 1008082.2, 6804198.200000000186265 ], [ 1008042.3, 6804198.599999999627471 ], [ 1007982.4, 6804214.099999999627471 ], [ 1007927.5, 6804214.599999999627471 ], [ 1007720.1, 6804136.5 ], [ 1007700.7, 6804116.900000000372529 ], [ 1007678.3, 6804103.099999999627471 ], [ 1007657.5, 6804091.299999999813735 ], [ 1007648.3, 6804086.700000000186265 ], [ 1007643.9, 6804076.700000000186265 ], [ 1007646.4, 6804057.200000000186265 ], [ 1007645.1, 6804010.299999999813735 ], [ 1007642.7, 6803946.799999999813735 ], [ 1007638.0, 6803893.099999999627471 ], [ 1007634.2, 6803855.700000000186265 ], [ 1007635.0, 6803825.099999999627471 ], [ 1007632.4, 6803784.099999999627471 ], [ 1007624.8, 6803741.599999999627471 ], [ 1007609.1, 6803698.799999999813735 ], [ 1007596.3, 6803654.099999999627471 ], [ 1007582.0, 6803622.5 ], [ 1007555.3, 6803591.200000000186265 ], [ 1007534.8, 6803571.099999999627471 ], [ 1007519.0, 6803557.299999999813735 ], [ 1007509.4, 6803551.900000000372529 ], [ 1007483.0, 6803543.599999999627471 ], [ 1007454.6, 6803540.400000000372529 ], [ 1007437.8, 6803537.0 ], [ 1007424.3, 6803533.400000000372529 ], [ 1007407.6, 6803531.700000000186265 ], [ 1007367.3, 6803521.400000000372529 ], [ 1007340.1, 6803517.700000000186265 ], [ 1007317.5, 6803512.099999999627471 ], [ 1007306.9, 6803506.5 ], [ 1007300.9, 6803498.5 ], [ 1007273.0, 6803460.299999999813735 ], [ 1007251.0, 6803425.0 ], [ 1007234.5, 6803397.900000000372529 ], [ 1007230.1, 6803394.5 ], [ 1007221.8, 6803371.400000000372529 ], [ 1007213.0, 6803345.200000000186265 ], [ 1007211.3, 6803333.900000000372529 ], [ 1007211.0, 6803318.900000000372529 ], [ 1007211.1, 6803303.599999999627471 ], [ 1007213.4, 6803288.0 ], [ 1007211.7, 6803277.900000000372529 ], [ 1007215.6, 6803261.700000000186265 ], [ 1007222.7, 6803243.299999999813735 ], [ 1007224.9, 6803234.400000000372529 ], [ 1007228.2, 6803212.099999999627471 ], [ 1007230.1, 6803193.799999999813735 ], [ 1007230.7, 6803182.299999999813735 ], [ 1007228.2, 6803167.0 ], [ 1007223.6, 6803145.900000000372529 ], [ 1007219.3, 6803130.099999999627471 ], [ 1007207.6, 6803102.200000000186265 ], [ 1007190.2, 6803068.5 ], [ 1007178.3, 6803042.400000000372529 ], [ 1007172.4, 6803030.200000000186265 ], [ 1007162.5, 6803009.200000000186265 ], [ 1007146.2, 6802991.0 ], [ 1007137.8, 6802978.299999999813735 ], [ 1007124.2, 6802966.5 ], [ 1007115.5, 6802957.900000000372529 ], [ 1007108.5, 6802940.700000000186265 ], [ 1007100.9, 6802924.400000000372529 ], [ 1007088.2, 6802909.5 ], [ 1007078.2, 6802894.099999999627471 ], [ 1007074.0, 6802867.200000000186265 ], [ 1007073.3, 6802841.700000000186265 ], [ 1007073.5, 6802799.900000000372529 ], [ 1007072.1, 6802775.400000000372529 ], [ 1007069.2, 6802767.299999999813735 ], [ 1007071.2, 6802735.0 ], [ 1007091.0, 6802488.599999999627471 ], [ 1007080.4, 6802481.799999999813735 ], [ 1007053.7, 6802464.299999999813735 ], [ 1007035.8, 6802453.599999999627471 ], [ 1007010.9, 6802440.700000000186265 ], [ 1006997.1, 6802431.599999999627471 ], [ 1006989.0, 6802423.200000000186265 ], [ 1006978.8, 6802408.0 ], [ 1006968.1, 6802393.799999999813735 ], [ 1006963.0, 6802381.400000000372529 ], [ 1006956.1, 6802368.200000000186265 ], [ 1006943.8, 6802354.900000000372529 ], [ 1006938.2, 6802347.700000000186265 ], [ 1006924.5, 6802333.099999999627471 ], [ 1006909.6, 6802314.0 ], [ 1006897.1, 6802300.0 ], [ 1006887.9, 6802289.700000000186265 ], [ 1006880.6, 6802283.5 ], [ 1006866.2, 6802273.299999999813735 ], [ 1006852.5, 6802267.700000000186265 ], [ 1006833.3, 6802260.5 ], [ 1006815.9, 6802251.5 ], [ 1006807.4, 6802248.200000000186265 ], [ 1006798.9, 6802240.0 ], [ 1006782.1, 6802233.5 ], [ 1006771.3, 6802227.200000000186265 ], [ 1006675.6, 6802174.799999999813735 ], [ 1006660.5, 6802159.900000000372529 ], [ 1006665.1, 6802119.900000000372529 ], [ 1006688.6, 6802059.700000000186265 ], [ 1006707.9, 6801984.599999999627471 ], [ 1006702.2, 6801899.700000000186265 ], [ 1006676.6, 6801830.0 ], [ 1006680.8, 6801735.0 ], [ 1006670.1, 6801693.900000000372529 ], [ 1006667.7, 6801676.0 ], [ 1006661.9, 6801666.700000000186265 ], [ 1006669.4, 6801638.0 ], [ 1006751.5, 6801320.0 ], [ 1006807.7, 6801079.200000000186265 ], [ 1006550.1, 6800951.700000000186265 ], [ 1006534.8, 6800916.799999999813735 ], [ 1006537.1, 6800602.0 ], [ 1006514.9, 6800414.599999999627471 ], [ 1006511.4, 6800397.5 ], [ 1006511.0, 6800390.099999999627471 ], [ 1006510.1, 6800366.700000000186265 ], [ 1006510.6, 6800355.400000000372529 ], [ 1006514.8, 6800336.900000000372529 ], [ 1006523.4, 6800304.299999999813735 ], [ 1006527.0, 6800283.0 ], [ 1006528.4, 6800274.5 ], [ 1006527.4, 6800261.900000000372529 ], [ 1006527.6, 6800252.5 ], [ 1006528.9, 6800247.400000000372529 ], [ 1006531.3, 6800235.900000000372529 ], [ 1006532.9, 6800226.5 ], [ 1006536.3, 6800216.799999999813735 ], [ 1006546.4, 6800195.5 ], [ 1006558.2, 6800176.700000000186265 ], [ 1006528.4, 6800122.5 ], [ 1006529.9, 6800115.0 ], [ 1006531.1, 6800106.700000000186265 ], [ 1006531.5, 6800095.400000000372529 ], [ 1006531.4, 6800087.900000000372529 ], [ 1006530.8, 6800078.900000000372529 ], [ 1006529.6, 6800069.700000000186265 ], [ 1006528.0, 6800060.299999999813735 ], [ 1006527.8, 6800052.599999999627471 ], [ 1006527.1, 6800040.099999999627471 ], [ 1006525.0, 6800019.700000000186265 ], [ 1006522.8, 6800005.200000000186265 ], [ 1006521.2, 6799989.400000000372529 ], [ 1006516.7, 6799966.299999999813735 ], [ 1006512.8, 6799943.900000000372529 ], [ 1006507.1, 6799928.0 ], [ 1006502.4, 6799915.5 ], [ 1006496.3, 6799898.5 ], [ 1006490.1, 6799886.599999999627471 ], [ 1006482.9, 6799872.099999999627471 ], [ 1006471.9, 6799844.599999999627471 ], [ 1006463.2, 6799820.0 ], [ 1006457.3, 6799806.5 ], [ 1006452.8, 6799798.099999999627471 ], [ 1006448.0, 6799790.599999999627471 ], [ 1006440.9, 6799772.599999999627471 ], [ 1006436.4, 6799758.200000000186265 ], [ 1006431.0, 6799739.200000000186265 ], [ 1006425.0, 6799727.299999999813735 ], [ 1006420.1, 6799721.200000000186265 ], [ 1006415.7, 6799716.700000000186265 ], [ 1006406.4, 6799708.0 ], [ 1006374.4, 6799681.799999999813735 ], [ 1006337.7, 6799652.0 ], [ 1006317.6, 6799635.400000000372529 ], [ 1006300.7, 6799623.5 ], [ 1006299.7, 6799610.400000000372529 ], [ 1006297.6, 6799594.599999999627471 ], [ 1006295.8, 6799584.299999999813735 ], [ 1006294.4, 6799575.0 ], [ 1006294.2, 6799562.0 ], [ 1006294.2, 6799552.5 ], [ 1006294.8, 6799543.0 ], [ 1006295.3, 6799529.900000000372529 ], [ 1006294.6, 6799518.799999999813735 ], [ 1006293.6, 6799504.099999999627471 ], [ 1006293.6, 6799494.599999999627471 ], [ 1006293.3, 6799480.200000000186265 ], [ 1006292.5, 6799456.200000000186265 ], [ 1006292.2, 6799432.700000000186265 ], [ 1006292.3, 6799414.5 ], [ 1006290.9, 6799378.200000000186265 ], [ 1006290.0, 6799358.299999999813735 ], [ 1006288.3, 6799345.799999999813735 ], [ 1006287.1, 6799336.299999999813735 ], [ 1006286.0, 6799329.099999999627471 ], [ 1006283.7, 6799319.299999999813735 ], [ 1006280.5, 6799307.799999999813735 ], [ 1006277.1, 6799296.799999999813735 ], [ 1006272.0, 6799284.299999999813735 ], [ 1006270.1, 6799276.799999999813735 ], [ 1006267.3, 6799265.400000000372529 ], [ 1006263.3, 6799254.900000000372529 ], [ 1006260.4, 6799245.5 ], [ 1006256.8, 6799234.700000000186265 ], [ 1006253.4, 6799224.5 ], [ 1006250.4, 6799218.200000000186265 ], [ 1006247.1, 6799208.099999999627471 ], [ 1006244.6, 6799197.200000000186265 ], [ 1006240.7, 6799179.200000000186265 ], [ 1006235.4, 6799157.799999999813735 ], [ 1006231.4, 6799141.400000000372529 ], [ 1006225.6, 6799118.5 ], [ 1006220.9, 6799098.599999999627471 ], [ 1006215.4, 6799076.099999999627471 ], [ 1006209.7, 6799052.400000000372529 ], [ 1006205.3, 6799034.5 ], [ 1006201.7, 6799000.299999999813735 ], [ 1006193.9, 6798980.099999999627471 ], [ 1006191.9, 6798974.400000000372529 ], [ 1006186.8, 6798958.599999999627471 ], [ 1006182.3, 6798933.400000000372529 ], [ 1006177.8, 6798916.0 ], [ 1006173.1, 6798895.599999999627471 ], [ 1006169.7, 6798880.900000000372529 ], [ 1006166.0, 6798863.200000000186265 ], [ 1006162.5, 6798849.099999999627471 ], [ 1006158.7, 6798830.799999999813735 ], [ 1006153.0, 6798813.099999999627471 ], [ 1006147.9, 6798794.400000000372529 ], [ 1006143.5, 6798772.900000000372529 ], [ 1006139.7, 6798754.700000000186265 ], [ 1006130.8, 6798727.400000000372529 ], [ 1006124.0, 6798709.200000000186265 ], [ 1006121.2, 6798702.099999999627471 ], [ 1006117.8, 6798693.200000000186265 ], [ 1006113.1, 6798681.299999999813735 ], [ 1006109.9, 6798674.299999999813735 ], [ 1006106.6, 6798666.200000000186265 ], [ 1006102.3, 6798656.299999999813735 ], [ 1006099.3, 6798648.599999999627471 ], [ 1006093.3, 6798641.0 ], [ 1006089.8, 6798638.200000000186265 ], [ 1005973.3, 6798541.5 ], [ 1005955.9, 6798534.900000000372529 ], [ 1005943.0, 6798527.5 ], [ 1005930.0, 6798518.5 ], [ 1005918.3, 6798509.0 ], [ 1005906.0, 6798494.200000000186265 ], [ 1005891.1, 6798473.299999999813735 ], [ 1005879.7, 6798457.900000000372529 ], [ 1005871.1, 6798444.5 ], [ 1005862.0, 6798430.099999999627471 ], [ 1005854.8, 6798423.200000000186265 ], [ 1005846.2, 6798416.799999999813735 ], [ 1005835.7, 6798407.700000000186265 ], [ 1005828.0, 6798400.299999999813735 ], [ 1005822.2, 6798393.0 ], [ 1005815.7, 6798381.400000000372529 ], [ 1005772.0, 6798341.799999999813735 ], [ 1005732.9, 6798297.599999999627471 ], [ 1005682.3, 6798259.299999999813735 ], [ 1005627.8, 6798219.200000000186265 ], [ 1005581.2, 6798188.700000000186265 ], [ 1005557.8, 6798165.700000000186265 ], [ 1005557.6, 6798144.400000000372529 ], [ 1005566.5, 6798063.099999999627471 ], [ 1005568.0, 6798004.900000000372529 ], [ 1005581.2, 6797970.200000000186265 ], [ 1005602.2, 6797937.099999999627471 ], [ 1005629.0, 6797894.299999999813735 ], [ 1005676.1, 6797845.0 ], [ 1005722.9, 6797789.400000000372529 ], [ 1005765.1, 6797736.700000000186265 ], [ 1005724.2, 6797695.0 ], [ 1005691.0, 6797656.099999999627471 ], [ 1005651.5, 6797619.400000000372529 ], [ 1005650.1, 6797614.200000000186265 ], [ 1005644.8, 6797605.700000000186265 ], [ 1005632.5, 6797588.700000000186265 ], [ 1005615.6, 6797567.700000000186265 ], [ 1005606.1, 6797553.299999999813735 ], [ 1005587.1, 6797530.799999999813735 ], [ 1005572.5, 6797510.5 ], [ 1005560.8, 6797494.799999999813735 ], [ 1005534.6, 6797459.299999999813735 ], [ 1005518.9, 6797435.5 ], [ 1005504.1, 6797412.400000000372529 ], [ 1005488.9, 6797396.299999999813735 ], [ 1005479.4, 6797381.299999999813735 ], [ 1005473.1, 6797374.700000000186265 ], [ 1005465.7, 6797363.700000000186265 ], [ 1005458.4, 6797351.299999999813735 ], [ 1005454.9, 6797347.400000000372529 ], [ 1005449.2, 6797343.299999999813735 ], [ 1005429.7, 6797331.099999999627471 ], [ 1005404.1, 6797316.700000000186265 ], [ 1005381.1, 6797300.200000000186265 ], [ 1005355.1, 6797284.299999999813735 ], [ 1005337.0, 6797273.200000000186265 ], [ 1005313.3, 6797260.0 ], [ 1005296.8, 6797250.200000000186265 ], [ 1005284.1, 6797239.700000000186265 ], [ 1005275.1, 6797233.200000000186265 ], [ 1005265.8, 6797227.099999999627471 ], [ 1005108.1, 6797151.700000000186265 ], [ 1005067.8, 6797117.099999999627471 ], [ 1005047.4, 6797067.299999999813735 ], [ 1005030.5, 6797026.099999999627471 ], [ 1005007.7, 6796987.400000000372529 ], [ 1004999.2, 6796944.5 ], [ 1004848.8, 6796837.400000000372529 ], [ 1004910.2, 6796808.599999999627471 ], [ 1004954.9, 6796773.299999999813735 ], [ 1004985.5, 6796740.0 ], [ 1004987.9, 6796734.700000000186265 ], [ 1004993.6, 6796727.0 ], [ 1005001.9, 6796717.200000000186265 ], [ 1005010.2, 6796714.599999999627471 ], [ 1005006.0, 6796710.0 ], [ 1005003.3, 6796705.900000000372529 ], [ 1005001.1, 6796700.200000000186265 ], [ 1005009.6, 6796693.0 ], [ 1005020.8, 6796680.799999999813735 ], [ 1005037.1, 6796659.099999999627471 ], [ 1005049.9, 6796638.299999999813735 ], [ 1005064.1, 6796618.099999999627471 ], [ 1005085.7, 6796585.299999999813735 ], [ 1005100.3, 6796563.299999999813735 ], [ 1005106.6, 6796551.299999999813735 ], [ 1005108.5, 6796544.900000000372529 ], [ 1005109.1, 6796537.299999999813735 ], [ 1005106.7, 6796525.200000000186265 ], [ 1005096.1, 6796495.5 ], [ 1005080.5, 6796451.200000000186265 ], [ 1005070.4, 6796419.799999999813735 ], [ 1005059.9, 6796393.299999999813735 ], [ 1005044.3, 6796347.599999999627471 ], [ 1005034.9, 6796317.200000000186265 ], [ 1005026.0, 6796290.299999999813735 ], [ 1005017.3, 6796264.700000000186265 ], [ 1005007.3, 6796237.5 ], [ 1005000.0, 6796218.599999999627471 ], [ 1004993.3, 6796203.599999999627471 ], [ 1004973.8, 6796156.599999999627471 ], [ 1004913.9, 6796074.099999999627471 ], [ 1004833.4, 6796019.799999999813735 ], [ 1004788.0, 6795970.299999999813735 ], [ 1004696.7, 6795811.200000000186265 ], [ 1004666.4, 6795776.5 ], [ 1004614.7, 6795690.0 ], [ 1004539.6, 6795557.0 ], [ 1004358.6, 6795492.099999999627471 ], [ 1004252.8, 6795454.099999999627471 ], [ 1004210.8, 6795434.299999999813735 ], [ 1004163.9, 6795348.099999999627471 ], [ 1004096.3, 6795215.900000000372529 ], [ 1004046.2, 6795117.299999999813735 ], [ 1004015.7, 6795067.599999999627471 ], [ 1003995.4, 6795027.799999999813735 ], [ 1003955.0, 6794973.200000000186265 ], [ 1003919.8, 6794948.5 ], [ 1003856.3, 6794961.0 ], [ 1003845.2, 6794961.099999999627471 ], [ 1003808.5, 6794962.0 ], [ 1003798.3, 6794961.599999999627471 ], [ 1003782.9, 6794961.700000000186265 ], [ 1003762.8, 6794961.0 ], [ 1003748.3, 6794958.299999999813735 ], [ 1003732.5, 6794955.799999999813735 ], [ 1003721.5, 6794957.799999999813735 ], [ 1003710.1, 6794958.099999999627471 ], [ 1003699.5, 6794958.200000000186265 ], [ 1003693.6, 6794958.099999999627471 ], [ 1003686.2, 6794958.5 ], [ 1003673.4, 6794957.400000000372529 ], [ 1003650.1, 6794955.099999999627471 ], [ 1003625.9, 6794953.200000000186265 ], [ 1003600.5, 6794950.599999999627471 ], [ 1003557.4, 6794944.700000000186265 ], [ 1003537.0, 6794941.299999999813735 ], [ 1003529.8, 6794940.599999999627471 ], [ 1003526.4, 6794938.900000000372529 ], [ 1003524.5, 6794936.700000000186265 ], [ 1003522.2, 6794932.700000000186265 ], [ 1003519.0, 6794924.099999999627471 ], [ 1003502.8, 6794889.900000000372529 ], [ 1003496.5, 6794876.700000000186265 ], [ 1003451.4, 6794782.799999999813735 ], [ 1003496.4, 6794762.099999999627471 ], [ 1003507.4, 6794637.299999999813735 ], [ 1003471.3, 6794507.700000000186265 ], [ 1003440.1, 6794378.0 ], [ 1003383.5, 6794188.599999999627471 ], [ 1003378.5, 6794188.700000000186265 ], [ 1003238.9, 6793997.099999999627471 ], [ 1003255.1, 6793954.700000000186265 ], [ 1003320.3, 6793814.400000000372529 ], [ 1003398.8, 6793638.900000000372529 ], [ 1003193.1, 6793545.700000000186265 ], [ 1003007.7, 6793452.700000000186265 ], [ 1002987.3, 6793442.599999999627471 ], [ 1003001.6, 6793357.5 ], [ 1003050.7, 6793257.200000000186265 ], [ 1003095.1, 6793196.799999999813735 ], [ 1003153.2, 6792976.5 ], [ 1003185.0, 6792922.900000000372529 ], [ 1003220.7, 6792863.099999999627471 ], [ 1003193.7, 6792824.400000000372529 ], [ 1003182.6, 6792806.5 ], [ 1003167.1, 6792782.799999999813735 ], [ 1003153.6, 6792767.700000000186265 ], [ 1003145.0, 6792758.400000000372529 ], [ 1003142.0, 6792753.799999999813735 ], [ 1003140.1, 6792749.0 ], [ 1003137.0, 6792739.099999999627471 ], [ 1003135.9, 6792731.900000000372529 ], [ 1003134.0, 6792722.099999999627471 ], [ 1003132.6, 6792712.099999999627471 ], [ 1003130.7, 6792703.900000000372529 ], [ 1003127.9, 6792690.700000000186265 ], [ 1003123.4, 6792673.0 ], [ 1003118.2, 6792661.0 ], [ 1003035.2, 6792627.700000000186265 ], [ 1002964.9, 6792578.400000000372529 ], [ 1002909.3, 6792508.900000000372529 ], [ 1002888.6, 6792424.099999999627471 ], [ 1002882.5, 6792294.299999999813735 ], [ 1002861.9, 6792234.5 ], [ 1002811.3, 6792160.0 ], [ 1002690.5, 6792056.099999999627471 ], [ 1002593.7, 6791842.099999999627471 ], [ 1002597.9, 6791742.099999999627471 ], [ 1002612.0, 6791642.0 ], [ 1002613.8, 6791585.599999999627471 ], [ 1002600.9, 6791537.200000000186265 ], [ 1002581.8, 6791442.200000000186265 ], [ 1002558.7, 6791410.299999999813735 ], [ 1002539.7, 6791380.0 ], [ 1002510.3, 6791325.400000000372529 ], [ 1002455.4, 6791248.0 ], [ 1002384.0, 6791114.400000000372529 ], [ 1002316.3, 6790960.099999999627471 ], [ 1002301.0, 6790902.299999999813735 ], [ 1002290.2, 6790850.200000000186265 ], [ 1002285.1, 6790825.400000000372529 ], [ 1002254.6, 6790765.700000000186265 ], [ 1002184.9, 6790573.799999999813735 ], [ 1002171.6, 6790552.900000000372529 ], [ 1002157.6, 6790531.900000000372529 ], [ 1002135.5, 6790509.099999999627471 ], [ 1002118.1, 6790496.599999999627471 ], [ 1002092.0, 6790481.599999999627471 ], [ 1002067.5, 6790471.200000000186265 ], [ 1002044.5, 6790464.0 ], [ 1002015.3, 6790456.299999999813735 ], [ 1001990.4, 6790450.799999999813735 ], [ 1001964.7, 6790450.099999999627471 ], [ 1001928.8, 6790455.099999999627471 ], [ 1001892.9, 6790463.200000000186265 ], [ 1001821.3, 6790488.799999999813735 ], [ 1001835.1, 6790452.799999999813735 ], [ 1001823.9, 6790409.0 ], [ 1001825.4, 6790392.900000000372529 ], [ 1001820.8, 6790369.099999999627471 ], [ 1001817.5, 6790348.799999999813735 ], [ 1001816.6, 6790336.0 ], [ 1001817.4, 6790315.400000000372529 ], [ 1001815.4, 6790295.700000000186265 ], [ 1001815.9, 6790280.0 ], [ 1001813.7, 6790260.5 ], [ 1001810.4, 6790246.599999999627471 ], [ 1001807.8, 6790239.799999999813735 ], [ 1001805.0, 6790234.299999999813735 ], [ 1001799.7, 6790227.799999999813735 ], [ 1001795.2, 6790221.200000000186265 ], [ 1001791.9, 6790211.700000000186265 ], [ 1001788.1, 6790197.5 ], [ 1001784.3, 6790183.299999999813735 ], [ 1001779.8, 6790170.099999999627471 ], [ 1001777.7, 6790163.799999999813735 ], [ 1001772.2, 6790145.299999999813735 ], [ 1001764.1, 6790121.200000000186265 ], [ 1001754.0, 6790093.700000000186265 ], [ 1001752.5, 6790087.299999999813735 ], [ 1001741.4, 6790041.700000000186265 ], [ 1001736.4, 6789973.099999999627471 ], [ 1001732.6, 6789920.799999999813735 ], [ 1001730.0, 6789864.400000000372529 ], [ 1001728.3, 6789852.200000000186265 ], [ 1001727.8, 6789836.400000000372529 ], [ 1001728.5, 6789817.200000000186265 ], [ 1001729.4, 6789788.799999999813735 ], [ 1001730.1, 6789763.5 ], [ 1001728.9, 6789742.5 ], [ 1001726.4, 6789724.0 ], [ 1001724.7, 6789707.0 ], [ 1001724.6, 6789694.299999999813735 ], [ 1001974.0, 6789542.299999999813735 ], [ 1001978.4, 6789539.200000000186265 ], [ 1001983.3, 6789537.200000000186265 ], [ 1001987.5, 6789537.0 ], [ 1001992.9, 6789538.0 ], [ 1001998.6, 6789539.599999999627471 ], [ 1002005.4, 6789543.0 ], [ 1002063.8, 6789498.200000000186265 ], [ 1002272.0, 6789311.599999999627471 ], [ 1002316.7, 6789276.200000000186265 ], [ 1002395.6, 6789165.599999999627471 ], [ 1002432.7, 6789089.799999999813735 ], [ 1002459.5, 6789035.099999999627471 ], [ 1002541.4, 6788952.700000000186265 ], [ 1002667.1, 6788826.299999999813735 ], [ 1002676.1, 6788827.599999999627471 ], [ 1002688.3, 6788829.400000000372529 ], [ 1002701.3, 6788831.700000000186265 ], [ 1002721.8, 6788833.5 ], [ 1002753.4, 6788835.299999999813735 ], [ 1002807.3, 6788838.799999999813735 ], [ 1002947.5, 6788846.0 ], [ 1003027.4, 6788845.299999999813735 ], [ 1003067.1, 6788810.0 ], [ 1003132.1, 6788809.400000000372529 ], [ 1003147.1, 6788814.299999999813735 ], [ 1003341.9, 6788812.599999999627471 ], [ 1003472.4, 6788828.5 ], [ 1003533.4, 6788835.599999999627471 ], [ 1003543.4, 6788832.5 ], [ 1003549.5, 6788831.0 ], [ 1003554.5, 6788830.900000000372529 ], [ 1003559.9, 6788831.5 ], [ 1003566.7, 6788833.700000000186265 ], [ 1003575.7, 6788835.900000000372529 ], [ 1003589.6, 6788838.299999999813735 ], [ 1003611.2, 6788841.0 ], [ 1003632.9, 6788842.900000000372529 ], [ 1003644.6, 6788844.200000000186265 ], [ 1003654.0, 6788844.700000000186265 ], [ 1003660.8, 6788844.099999999627471 ], [ 1003669.3, 6788842.400000000372529 ], [ 1003679.4, 6788840.0 ], [ 1003685.0, 6788838.400000000372529 ], [ 1003690.9, 6788837.900000000372529 ], [ 1003697.1, 6788836.5 ], [ 1003707.9, 6788833.400000000372529 ], [ 1003707.8, 6788823.200000000186265 ], [ 1003708.5, 6788819.299999999813735 ], [ 1003710.9, 6788815.400000000372529 ], [ 1003713.8, 6788811.5 ], [ 1003715.3, 6788806.099999999627471 ], [ 1003716.7, 6788799.799999999813735 ], [ 1003717.7, 6788792.200000000186265 ], [ 1003718.8, 6788782.5 ], [ 1003719.2, 6788779.0 ], [ 1003720.9, 6788769.5 ], [ 1003722.6, 6788762.099999999627471 ], [ 1003722.7, 6788757.900000000372529 ], [ 1003722.4, 6788754.099999999627471 ], [ 1003723.3, 6788746.099999999627471 ], [ 1003725.2, 6788737.099999999627471 ], [ 1003725.7, 6788733.799999999813735 ], [ 1003725.4, 6788731.099999999627471 ], [ 1003725.0, 6788728.599999999627471 ], [ 1003726.7, 6788722.5 ], [ 1003727.1, 6788720.0 ], [ 1003726.7, 6788710.700000000186265 ], [ 1003727.4, 6788703.200000000186265 ], [ 1003727.6, 6788694.700000000186265 ], [ 1003726.8, 6788689.299999999813735 ], [ 1003725.8, 6788684.099999999627471 ], [ 1003725.5, 6788678.900000000372529 ], [ 1003725.2, 6788673.5 ], [ 1003726.6, 6788665.400000000372529 ], [ 1003726.9, 6788660.799999999813735 ], [ 1003726.7, 6788656.599999999627471 ], [ 1003727.6, 6788651.799999999813735 ], [ 1003729.5, 6788648.099999999627471 ], [ 1003731.6, 6788643.099999999627471 ], [ 1003732.6, 6788637.299999999813735 ], [ 1003733.1, 6788632.299999999813735 ], [ 1003733.2, 6788628.099999999627471 ], [ 1003732.9, 6788622.599999999627471 ], [ 1003733.5, 6788615.799999999813735 ], [ 1003734.6, 6788605.900000000372529 ], [ 1003736.5, 6788595.700000000186265 ], [ 1003738.5, 6788583.400000000372529 ], [ 1003739.1, 6788576.5 ], [ 1003741.1, 6788568.799999999813735 ], [ 1003742.3, 6788562.299999999813735 ], [ 1003743.7, 6788556.0 ], [ 1003743.6, 6788551.700000000186265 ], [ 1003742.7, 6788547.099999999627471 ], [ 1003742.2, 6788540.200000000186265 ], [ 1003742.4, 6788534.099999999627471 ], [ 1003742.8, 6788524.200000000186265 ], [ 1003743.3, 6788515.700000000186265 ], [ 1003742.8, 6788509.0 ], [ 1003741.9, 6788501.0 ], [ 1003742.2, 6788491.799999999813735 ], [ 1003743.9, 6788484.0 ], [ 1003745.7, 6788476.0 ], [ 1003747.2, 6788467.900000000372529 ], [ 1003747.0, 6788463.0 ], [ 1003745.9, 6788455.5 ], [ 1003744.3, 6788450.799999999813735 ], [ 1003740.2, 6788442.700000000186265 ], [ 1003735.9, 6788434.900000000372529 ], [ 1003733.9, 6788427.0 ], [ 1003732.7, 6788416.099999999627471 ], [ 1003732.6, 6788407.299999999813735 ], [ 1003732.5, 6788403.599999999627471 ], [ 1003733.0, 6788394.799999999813735 ], [ 1003734.5, 6788383.900000000372529 ], [ 1003736.2, 6788373.599999999627471 ], [ 1003737.5, 6788359.400000000372529 ], [ 1003738.9, 6788353.700000000186265 ], [ 1003739.8, 6788349.799999999813735 ], [ 1003744.3, 6788340.0 ], [ 1003747.5, 6788333.5 ], [ 1003749.6, 6788329.099999999627471 ], [ 1003750.1, 6788324.400000000372529 ], [ 1003749.9, 6788318.799999999813735 ], [ 1003748.3, 6788312.599999999627471 ], [ 1003746.4, 6788302.599999999627471 ], [ 1003746.0, 6788295.299999999813735 ], [ 1003746.4, 6788287.900000000372529 ], [ 1003745.3, 6788280.799999999813735 ], [ 1003744.2, 6788273.5 ], [ 1003743.6, 6788265.099999999627471 ], [ 1003738.9, 6788247.299999999813735 ], [ 1003736.5, 6788237.5 ], [ 1003735.6, 6788226.200000000186265 ], [ 1003734.7, 6788213.200000000186265 ], [ 1003735.4, 6788205.299999999813735 ], [ 1003736.9, 6788196.0 ], [ 1003737.4, 6788186.900000000372529 ], [ 1003737.6, 6788175.400000000372529 ], [ 1003737.6, 6788164.299999999813735 ], [ 1003736.1, 6788153.200000000186265 ], [ 1003734.5, 6788141.0 ], [ 1003732.0, 6788128.5 ], [ 1003729.4, 6788113.0 ], [ 1003725.6, 6788098.0 ], [ 1003723.8, 6788083.200000000186265 ], [ 1003721.6, 6788076.200000000186265 ], [ 1003719.7, 6788069.700000000186265 ], [ 1003718.8, 6788060.200000000186265 ], [ 1003718.6, 6788046.0 ], [ 1003718.9, 6788040.0 ], [ 1003718.4, 6788032.200000000186265 ], [ 1003715.3, 6788017.099999999627471 ], [ 1003711.0, 6788003.0 ], [ 1003706.4, 6787986.5 ], [ 1003701.7, 6787969.700000000186265 ], [ 1003697.2, 6787953.900000000372529 ], [ 1003694.8, 6787947.099999999627471 ], [ 1003691.0, 6787940.200000000186265 ], [ 1003687.1, 6787931.200000000186265 ], [ 1003684.9, 6787923.400000000372529 ], [ 1003682.3, 6787915.200000000186265 ], [ 1003679.9, 6787903.799999999813735 ], [ 1003677.0, 6787892.200000000186265 ], [ 1003673.2, 6787877.900000000372529 ], [ 1003668.2, 6787862.0 ], [ 1003663.4, 6787846.299999999813735 ], [ 1003659.7, 6787833.400000000372529 ], [ 1003656.4, 6787823.099999999627471 ], [ 1003653.0, 6787815.700000000186265 ], [ 1003650.0, 6787808.200000000186265 ], [ 1003645.5, 6787798.0 ], [ 1003641.2, 6787787.700000000186265 ], [ 1003633.0, 6787766.299999999813735 ], [ 1003627.7, 6787756.599999999627471 ], [ 1003624.8, 6787751.200000000186265 ], [ 1003623.1, 6787744.900000000372529 ], [ 1003622.0, 6787737.599999999627471 ], [ 1003621.2, 6787725.599999999627471 ], [ 1003620.0, 6787715.200000000186265 ], [ 1003618.9, 6787708.5 ], [ 1003616.7, 6787703.299999999813735 ], [ 1003612.6, 6787695.5 ], [ 1003608.9, 6787687.200000000186265 ], [ 1003606.2, 6787677.900000000372529 ], [ 1003602.7, 6787668.400000000372529 ], [ 1003599.6, 6787658.099999999627471 ], [ 1003596.4, 6787646.200000000186265 ], [ 1003594.2, 6787636.0 ], [ 1003593.0, 6787625.799999999813735 ], [ 1003593.3, 6787615.400000000372529 ], [ 1003593.3, 6787607.400000000372529 ], [ 1003592.6, 6787600.700000000186265 ], [ 1003590.0, 6787585.900000000372529 ], [ 1003587.2, 6787572.799999999813735 ], [ 1003584.9, 6787563.299999999813735 ], [ 1003578.8, 6787542.700000000186265 ], [ 1003573.4, 6787528.799999999813735 ], [ 1003564.5, 6787504.599999999627471 ], [ 1003556.9, 6787485.099999999627471 ], [ 1003547.3, 6787460.700000000186265 ], [ 1003541.4, 6787447.599999999627471 ], [ 1003543.7, 6787442.900000000372529 ], [ 1003546.4, 6787438.400000000372529 ], [ 1003547.8, 6787433.700000000186265 ], [ 1003549.0, 6787429.099999999627471 ], [ 1003549.5, 6787424.5 ], [ 1003549.7, 6787421.0 ], [ 1003549.3, 6787417.0 ], [ 1003548.0, 6787411.700000000186265 ], [ 1003546.9, 6787403.099999999627471 ], [ 1003545.8, 6787393.099999999627471 ], [ 1003546.8, 6787386.200000000186265 ], [ 1003545.4, 6787378.299999999813735 ], [ 1003543.3, 6787374.0 ], [ 1003540.7, 6787365.599999999627471 ], [ 1003538.5, 6787357.599999999627471 ], [ 1003536.9, 6787352.400000000372529 ], [ 1003534.9, 6787348.299999999813735 ], [ 1003532.0, 6787343.900000000372529 ], [ 1003527.5, 6787338.099999999627471 ], [ 1003525.0, 6787334.799999999813735 ], [ 1003521.9, 6787327.5 ], [ 1003518.7, 6787317.900000000372529 ], [ 1003512.3, 6787296.900000000372529 ], [ 1003506.6, 6787277.099999999627471 ], [ 1003500.2, 6787258.599999999627471 ], [ 1003492.6, 6787231.099999999627471 ], [ 1003457.1, 6787124.900000000372529 ], [ 1003419.6, 6787007.900000000372529 ], [ 1003393.9, 6786911.5 ], [ 1003374.6, 6786842.700000000186265 ], [ 1003356.5, 6786765.700000000186265 ], [ 1003354.5, 6786757.299999999813735 ], [ 1003341.5, 6786716.5 ], [ 1003329.6, 6786679.700000000186265 ], [ 1003305.1, 6786588.200000000186265 ], [ 1003303.7, 6786561.599999999627471 ], [ 1003282.8, 6786531.900000000372529 ], [ 1003266.4, 6786528.599999999627471 ], [ 1003238.8, 6786523.400000000372529 ], [ 1003203.9, 6786516.599999999627471 ], [ 1003171.3, 6786508.0 ], [ 1003133.6, 6786500.400000000372529 ], [ 1003096.1, 6786495.200000000186265 ], [ 1003065.2, 6786488.5 ], [ 1003025.7, 6786476.900000000372529 ], [ 1002991.9, 6786463.5 ], [ 1002983.8, 6786461.5 ], [ 1002975.5, 6786459.599999999627471 ], [ 1002962.0, 6786450.099999999627471 ], [ 1002949.6, 6786440.5 ], [ 1002919.1, 6786424.400000000372529 ], [ 1002896.8, 6786409.200000000186265 ], [ 1002888.7, 6786399.099999999627471 ], [ 1002883.3, 6786387.799999999813735 ], [ 1002874.6, 6786358.900000000372529 ], [ 1002865.5, 6786336.900000000372529 ], [ 1002853.0, 6786314.900000000372529 ], [ 1002836.1, 6786292.799999999813735 ], [ 1002814.3, 6786265.700000000186265 ], [ 1002813.6, 6786264.200000000186265 ], [ 1002804.7, 6786245.200000000186265 ], [ 1002795.4, 6786220.5 ], [ 1002778.6, 6786185.900000000372529 ], [ 1002762.4, 6786146.200000000186265 ], [ 1002747.1, 6786110.0 ], [ 1002732.5, 6786076.900000000372529 ], [ 1002715.3, 6786043.400000000372529 ], [ 1002699.8, 6786015.900000000372529 ], [ 1002686.8, 6785988.099999999627471 ], [ 1002679.4, 6785964.400000000372529 ], [ 1002675.7, 6785947.900000000372529 ], [ 1002674.8, 6785934.5 ], [ 1002676.7, 6785894.200000000186265 ], [ 1002689.3, 6785838.200000000186265 ], [ 1002690.2, 6785834.900000000372529 ], [ 1002693.4, 6785823.5 ], [ 1002693.5, 6785812.799999999813735 ], [ 1002688.4, 6785790.0 ], [ 1002684.2, 6785771.5 ], [ 1002682.7, 6785763.700000000186265 ], [ 1002682.1, 6785751.200000000186265 ], [ 1002673.2, 6785722.599999999627471 ], [ 1002662.0, 6785694.5 ], [ 1002652.8, 6785670.400000000372529 ], [ 1002645.9, 6785654.099999999627471 ], [ 1002641.9, 6785642.200000000186265 ], [ 1002637.4, 6785633.400000000372529 ], [ 1002627.4, 6785621.200000000186265 ], [ 1002610.3, 6785602.299999999813735 ], [ 1002594.3, 6785586.900000000372529 ], [ 1002574.3, 6785565.0 ], [ 1002556.5, 6785541.700000000186265 ], [ 1002526.3, 6785500.099999999627471 ], [ 1002491.4, 6785443.400000000372529 ], [ 1002470.7, 6785412.099999999627471 ], [ 1002453.0, 6785386.299999999813735 ], [ 1002443.0, 6785363.700000000186265 ], [ 1002425.7, 6785321.299999999813735 ], [ 1002395.8, 6785257.099999999627471 ], [ 1002357.5, 6785163.099999999627471 ], [ 1002337.5, 6785109.5 ], [ 1002324.5, 6785088.0 ], [ 1002318.1, 6785052.099999999627471 ], [ 1002300.6, 6785002.799999999813735 ], [ 1002277.1, 6784937.099999999627471 ], [ 1002255.9, 6784865.599999999627471 ], [ 1002237.2, 6784811.400000000372529 ], [ 1002217.4, 6784770.099999999627471 ], [ 1002202.5, 6784749.900000000372529 ], [ 1002175.4, 6784730.400000000372529 ], [ 1002172.2, 6784719.299999999813735 ], [ 1002169.1, 6784713.099999999627471 ], [ 1002159.4, 6784674.099999999627471 ], [ 1002123.1, 6784616.599999999627471 ], [ 1002075.6, 6784542.099999999627471 ], [ 1002042.4, 6784493.900000000372529 ], [ 1002029.9, 6784442.0 ], [ 1001994.0, 6784332.400000000372529 ], [ 1001953.1, 6784227.799999999813735 ], [ 1001864.1, 6784075.900000000372529 ], [ 1001842.9, 6784072.5 ], [ 1001783.8, 6784072.900000000372529 ], [ 1001759.2, 6784074.0 ], [ 1001744.4, 6784074.200000000186265 ], [ 1001729.8, 6784063.5 ], [ 1001717.2, 6784051.599999999627471 ], [ 1001679.9, 6784016.599999999627471 ], [ 1001673.2, 6784011.700000000186265 ], [ 1001664.2, 6783999.400000000372529 ], [ 1001655.3, 6783970.400000000372529 ], [ 1001630.5, 6783935.799999999813735 ], [ 1001609.8, 6783897.900000000372529 ], [ 1001598.8, 6783848.299999999813735 ], [ 1001601.1, 6783811.900000000372529 ], [ 1001607.0, 6783778.099999999627471 ], [ 1001603.2, 6783760.200000000186265 ], [ 1001599.0, 6783739.200000000186265 ], [ 1001596.2, 6783711.0 ], [ 1001597.4, 6783682.200000000186265 ], [ 1001599.5, 6783656.099999999627471 ], [ 1001600.3, 6783625.799999999813735 ], [ 1001586.3, 6783586.599999999627471 ], [ 1001578.3, 6783569.599999999627471 ], [ 1001566.2, 6783543.700000000186265 ], [ 1001536.3, 6783511.099999999627471 ], [ 1001467.1, 6783440.5 ], [ 1001431.7, 6783401.400000000372529 ], [ 1001365.3, 6783336.200000000186265 ], [ 1001335.4, 6783312.099999999627471 ], [ 1001307.6, 6783281.299999999813735 ], [ 1001279.2, 6783257.400000000372529 ], [ 1001237.6, 6783232.200000000186265 ], [ 1001200.8, 6783213.5 ], [ 1001169.4, 6783197.099999999627471 ], [ 1001155.9, 6783191.400000000372529 ], [ 1001143.2, 6783187.200000000186265 ], [ 1001132.8, 6783188.400000000372529 ], [ 1001117.1, 6783190.0 ], [ 1001098.6, 6783181.900000000372529 ], [ 1001060.1, 6783174.099999999627471 ], [ 1000982.7, 6783160.700000000186265 ], [ 1000908.4, 6783145.400000000372529 ], [ 1000847.7, 6783132.400000000372529 ], [ 1000836.7, 6783128.400000000372529 ], [ 1000767.1, 6783107.599999999627471 ], [ 1000737.5, 6783099.299999999813735 ], [ 1000707.9, 6783094.200000000186265 ], [ 1000681.7, 6783086.799999999813735 ], [ 1000644.8, 6783057.700000000186265 ], [ 1000602.1, 6783029.599999999627471 ], [ 1000570.0, 6783012.900000000372529 ], [ 1000551.9, 6783003.299999999813735 ], [ 1000538.3, 6782992.900000000372529 ], [ 1000513.1, 6782956.400000000372529 ], [ 1000493.1, 6782925.0 ], [ 1000485.0, 6782906.5 ], [ 1000482.6, 6782889.599999999627471 ], [ 1000481.9, 6782868.799999999813735 ], [ 1000478.1, 6782843.799999999813735 ], [ 1000472.8, 6782830.200000000186265 ], [ 1000468.2, 6782825.900000000372529 ], [ 1000464.9, 6782822.0 ], [ 1000459.1, 6782820.400000000372529 ], [ 1000453.5, 6782820.400000000372529 ], [ 1000446.0, 6782821.299999999813735 ], [ 1000439.5, 6782819.099999999627471 ], [ 1000434.6, 6782812.400000000372529 ], [ 1000431.5, 6782809.5 ], [ 1000427.9, 6782806.5 ], [ 1000421.3, 6782797.5 ], [ 1000411.7, 6782786.299999999813735 ], [ 1000402.3, 6782772.0 ], [ 1000389.4, 6782755.700000000186265 ], [ 1000372.1, 6782735.599999999627471 ], [ 1000361.0, 6782722.700000000186265 ], [ 1000349.2, 6782711.700000000186265 ], [ 1000336.9, 6782701.799999999813735 ], [ 1000321.5, 6782690.599999999627471 ], [ 1000306.4, 6782677.400000000372529 ], [ 1000297.2, 6782667.799999999813735 ], [ 1000291.9, 6782657.900000000372529 ], [ 1000288.7, 6782649.599999999627471 ], [ 1000287.7, 6782642.400000000372529 ], [ 1000285.6, 6782631.799999999813735 ], [ 1000220.1, 6782588.900000000372529 ], [ 1000182.2, 6782558.099999999627471 ], [ 1000171.5, 6782549.5 ], [ 1000165.5, 6782541.5 ], [ 1000160.6, 6782535.799999999813735 ], [ 1000149.2, 6782522.900000000372529 ], [ 1000139.0, 6782512.0 ], [ 1000134.0, 6782506.0 ], [ 1000124.6, 6782494.0 ], [ 1000115.9, 6782478.400000000372529 ], [ 1000107.7, 6782461.299999999813735 ], [ 1000097.5, 6782443.400000000372529 ], [ 1000086.5, 6782429.0 ], [ 1000079.0, 6782421.400000000372529 ], [ 1000078.1, 6782416.799999999813735 ], [ 1000078.1, 6782410.599999999627471 ], [ 1000076.8, 6782404.299999999813735 ], [ 1000073.5, 6782399.599999999627471 ], [ 1000064.8, 6782389.099999999627471 ], [ 1000052.0, 6782371.0 ], [ 1000047.6, 6782362.400000000372529 ], [ 1000044.1, 6782355.200000000186265 ], [ 1000034.8, 6782341.700000000186265 ], [ 1000024.8, 6782328.299999999813735 ], [ 1000019.5, 6782319.900000000372529 ], [ 1000015.6, 6782310.099999999627471 ], [ 1000014.0, 6782299.099999999627471 ], [ 1000014.1, 6782291.5 ], [ 1000013.2, 6782285.200000000186265 ], [ 1000009.0, 6782276.299999999813735 ], [ 1000000.2, 6782254.099999999627471 ], [ 999998.400000000023283, 6782243.400000000372529 ], [ 999998.400000000023283, 6782231.400000000372529 ], [ 1000000.0, 6782221.400000000372529 ], [ 1000001.4, 6782210.299999999813735 ], [ 1000004.5, 6782198.700000000186265 ], [ 1000008.3, 6782188.299999999813735 ], [ 1000007.7, 6782182.799999999813735 ], [ 1000005.7, 6782175.900000000372529 ], [ 1000003.3, 6782168.400000000372529 ], [ 1000003.8, 6782161.299999999813735 ], [ 1000006.1, 6782154.400000000372529 ], [ 1000010.8, 6782143.400000000372529 ], [ 1000012.3, 6782138.599999999627471 ], [ 1000012.9, 6782132.299999999813735 ], [ 1000012.8, 6782125.900000000372529 ], [ 1000012.5, 6782113.099999999627471 ], [ 1000010.7, 6782104.599999999627471 ], [ 1000011.2, 6782097.400000000372529 ], [ 1000012.9, 6782090.599999999627471 ], [ 1000014.6, 6782083.599999999627471 ], [ 1000014.7, 6782076.200000000186265 ], [ 1000015.5, 6782071.599999999627471 ], [ 1000019.0, 6782068.5 ], [ 1000023.1, 6782062.200000000186265 ], [ 1000025.1, 6782052.599999999627471 ], [ 1000026.0, 6782047.099999999627471 ], [ 1000024.8, 6782044.200000000186265 ], [ 1000022.5, 6782038.0 ], [ 1000017.3, 6782029.099999999627471 ], [ 1000016.0, 6782023.400000000372529 ], [ 1000016.5, 6782014.299999999813735 ], [ 1000017.2, 6782002.799999999813735 ], [ 1000017.3, 6781997.599999999627471 ], [ 1000016.7, 6781990.900000000372529 ], [ 1000017.0, 6781985.900000000372529 ], [ 1000018.8, 6781978.900000000372529 ], [ 1000019.5, 6781975.799999999813735 ], [ 1000020.5, 6781971.700000000186265 ], [ 1000020.8, 6781965.099999999627471 ], [ 1000021.5, 6781957.900000000372529 ], [ 1000021.6, 6781951.700000000186265 ], [ 1000021.7, 6781942.400000000372529 ], [ 1000022.6, 6781929.900000000372529 ], [ 1000022.9, 6781925.900000000372529 ], [ 1000022.0, 6781919.400000000372529 ], [ 1000025.7, 6781894.099999999627471 ], [ 1000026.8, 6781880.200000000186265 ], [ 1000026.8, 6781874.200000000186265 ], [ 1000024.7, 6781867.299999999813735 ], [ 1000022.1, 6781859.0 ], [ 1000022.1, 6781850.900000000372529 ], [ 1000023.4, 6781846.299999999813735 ], [ 1000022.5, 6781842.0 ], [ 1000020.1, 6781837.299999999813735 ], [ 1000018.4, 6781829.200000000186265 ], [ 1000018.7, 6781823.900000000372529 ], [ 1000020.5, 6781820.200000000186265 ], [ 1000023.8, 6781817.5 ], [ 1000026.0, 6781810.799999999813735 ], [ 1000026.7, 6781805.700000000186265 ], [ 1000027.9, 6781796.099999999627471 ], [ 1000029.7, 6781785.700000000186265 ], [ 1000032.0, 6781782.299999999813735 ], [ 1000033.9, 6781780.900000000372529 ], [ 1000035.7, 6781779.099999999627471 ], [ 1000035.7, 6781774.900000000372529 ], [ 1000034.4, 6781770.400000000372529 ], [ 1000032.7, 6781764.900000000372529 ], [ 1000033.3, 6781759.200000000186265 ], [ 1000034.1, 6781754.900000000372529 ], [ 1000037.8, 6781746.400000000372529 ], [ 1000040.9, 6781738.400000000372529 ], [ 1000043.2, 6781731.900000000372529 ], [ 1000041.7, 6781724.400000000372529 ], [ 1000041.7, 6781720.400000000372529 ], [ 1000042.8, 6781712.099999999627471 ], [ 1000042.8, 6781706.700000000186265 ], [ 1000040.9, 6781700.799999999813735 ], [ 1000039.4, 6781695.799999999813735 ], [ 1000039.2, 6781691.799999999813735 ], [ 1000040.9, 6781686.799999999813735 ], [ 1000043.2, 6781682.200000000186265 ], [ 1000043.9, 6781677.599999999627471 ], [ 1000043.7, 6781670.200000000186265 ], [ 1000044.4, 6781662.200000000186265 ], [ 1000045.6, 6781653.900000000372529 ], [ 1000046.9, 6781647.700000000186265 ], [ 1000048.2, 6781639.799999999813735 ], [ 1000048.3, 6781632.400000000372529 ], [ 1000046.4, 6781628.599999999627471 ], [ 1000042.8, 6781626.400000000372529 ], [ 1000036.9, 6781622.5 ], [ 1000027.8, 6781619.0 ], [ 1000015.1, 6781612.200000000186265 ], [ 1000008.5, 6781609.099999999627471 ], [ 999838.900000000023283, 6781536.799999999813735 ], [ 999813.0, 6781524.700000000186265 ], [ 999795.400000000023283, 6781517.099999999627471 ], [ 999773.0, 6781507.099999999627471 ], [ 999755.199999999953434, 6781497.299999999813735 ], [ 999737.0, 6781483.900000000372529 ], [ 999719.800000000046566, 6781470.200000000186265 ], [ 999700.699999999953434, 6781456.5 ], [ 999679.699999999953434, 6781438.700000000186265 ], [ 999669.699999999953434, 6781431.799999999813735 ], [ 999663.099999999976717, 6781424.299999999813735 ], [ 999656.300000000046566, 6781419.400000000372529 ], [ 999643.5, 6781412.0 ], [ 999632.800000000046566, 6781402.599999999627471 ], [ 999629.199999999953434, 6781399.099999999627471 ], [ 999623.699999999953434, 6781398.599999999627471 ], [ 999616.900000000023283, 6781396.700000000186265 ], [ 999613.800000000046566, 6781394.099999999627471 ], [ 999610.800000000046566, 6781389.099999999627471 ], [ 999608.800000000046566, 6781382.799999999813735 ], [ 999607.699999999953434, 6781376.400000000372529 ], [ 999606.599999999976717, 6781372.900000000372529 ], [ 999603.699999999953434, 6781373.900000000372529 ], [ 999600.400000000023283, 6781377.900000000372529 ], [ 999597.5, 6781378.0 ], [ 999596.699999999953434, 6781375.900000000372529 ], [ 999596.5, 6781368.700000000186265 ], [ 999594.900000000023283, 6781361.0 ], [ 999593.900000000023283, 6781358.799999999813735 ], [ 999583.5, 6781359.5 ], [ 999576.0, 6781335.700000000186265 ], [ 999562.400000000023283, 6781338.5 ], [ 999540.400000000023283, 6781341.700000000186265 ], [ 999527.900000000023283, 6781342.099999999627471 ], [ 999536.099999999976717, 6781326.299999999813735 ], [ 999583.5, 6781205.400000000372529 ], [ 999637.900000000023283, 6781135.0 ], [ 999647.5, 6781089.900000000372529 ], [ 999618.0, 6780920.299999999813735 ], [ 999615.900000000023283, 6780910.299999999813735 ], [ 999600.599999999976717, 6780870.5 ], [ 999580.300000000046566, 6780830.700000000186265 ], [ 999539.199999999953434, 6780706.099999999627471 ], [ 999543.900000000023283, 6780671.099999999627471 ], [ 999617.5, 6780515.599999999627471 ], [ 999617.199999999953434, 6780480.599999999627471 ], [ 999602.0, 6780455.799999999813735 ], [ 999545.900000000023283, 6780426.400000000372529 ], [ 999526.699999999953434, 6780416.400000000372529 ], [ 999457.400000000023283, 6780390.400000000372529 ], [ 999447.800000000046566, 6780390.799999999813735 ], [ 999436.199999999953434, 6780390.5 ], [ 999424.400000000023283, 6780390.0 ], [ 999414.099999999976717, 6780387.700000000186265 ], [ 999400.900000000023283, 6780385.900000000372529 ], [ 999388.300000000046566, 6780382.900000000372529 ], [ 999372.900000000023283, 6780378.900000000372529 ], [ 999347.400000000023283, 6780371.799999999813735 ], [ 999328.099999999976717, 6780366.0 ], [ 999319.300000000046566, 6780364.400000000372529 ], [ 999311.400000000023283, 6780365.099999999627471 ], [ 999304.300000000046566, 6780366.200000000186265 ], [ 999296.300000000046566, 6780366.200000000186265 ], [ 999284.699999999953434, 6780362.900000000372529 ], [ 999277.5, 6780347.299999999813735 ], [ 999271.599999999976717, 6780334.099999999627471 ], [ 999263.900000000023283, 6780311.900000000372529 ], [ 999259.099999999976717, 6780302.200000000186265 ], [ 999250.900000000023283, 6780277.099999999627471 ], [ 999244.0, 6780259.799999999813735 ], [ 999240.400000000023283, 6780251.900000000372529 ], [ 999233.699999999953434, 6780242.599999999627471 ], [ 999229.599999999976717, 6780232.700000000186265 ], [ 999220.900000000023283, 6780208.599999999627471 ], [ 999210.300000000046566, 6780181.700000000186265 ], [ 999204.599999999976717, 6780165.700000000186265 ], [ 999198.400000000023283, 6780153.400000000372529 ], [ 999191.900000000023283, 6780137.799999999813735 ], [ 999186.199999999953434, 6780124.799999999813735 ], [ 999177.099999999976717, 6780106.799999999813735 ], [ 999165.0, 6780089.200000000186265 ], [ 999151.5, 6780072.700000000186265 ], [ 999142.099999999976717, 6780062.299999999813735 ], [ 999135.300000000046566, 6780053.700000000186265 ], [ 999127.300000000046566, 6780043.099999999627471 ], [ 999125.599999999976717, 6780037.599999999627471 ], [ 999123.5, 6780028.900000000372529 ], [ 999117.300000000046566, 6780017.200000000186265 ], [ 999112.5, 6780009.200000000186265 ], [ 999101.199999999953434, 6779995.599999999627471 ], [ 999098.900000000023283, 6779981.5 ], [ 999095.300000000046566, 6779968.299999999813735 ], [ 999086.199999999953434, 6779948.299999999813735 ], [ 999083.699999999953434, 6779935.099999999627471 ], [ 999081.900000000023283, 6779921.200000000186265 ], [ 999081.0, 6779908.099999999627471 ], [ 999081.300000000046566, 6779892.200000000186265 ], [ 999082.0, 6779886.099999999627471 ], [ 999081.599999999976717, 6779880.700000000186265 ], [ 999078.900000000023283, 6779869.5 ], [ 999073.199999999953434, 6779840.400000000372529 ], [ 999067.800000000046566, 6779807.5 ], [ 999062.800000000046566, 6779782.400000000372529 ], [ 999060.599999999976717, 6779771.0 ], [ 999057.300000000046566, 6779759.299999999813735 ], [ 999054.400000000023283, 6779748.799999999813735 ], [ 999049.5, 6779733.900000000372529 ], [ 999042.400000000023283, 6779713.0 ], [ 999037.300000000046566, 6779701.200000000186265 ], [ 999031.699999999953434, 6779684.400000000372529 ], [ 999026.0, 6779670.5 ], [ 999017.5, 6779648.700000000186265 ], [ 999013.699999999953434, 6779635.099999999627471 ], [ 999012.099999999976717, 6779630.400000000372529 ], [ 999008.699999999953434, 6779625.0 ], [ 999005.099999999976717, 6779612.900000000372529 ], [ 999004.400000000023283, 6779601.799999999813735 ], [ 999003.400000000023283, 6779598.0 ], [ 999000.5, 6779596.599999999627471 ], [ 998997.300000000046566, 6779594.900000000372529 ], [ 998995.800000000046566, 6779591.700000000186265 ], [ 998993.0, 6779585.799999999813735 ], [ 998987.599999999976717, 6779572.0 ], [ 998978.5, 6779545.099999999627471 ], [ 998975.400000000023283, 6779537.799999999813735 ], [ 998971.699999999953434, 6779525.599999999627471 ], [ 998963.5, 6779516.599999999627471 ], [ 998945.099999999976717, 6779495.799999999813735 ], [ 998922.599999999976717, 6779468.400000000372529 ], [ 998891.800000000046566, 6779433.700000000186265 ], [ 998866.0, 6779404.0 ], [ 998856.900000000023283, 6779393.299999999813735 ], [ 998840.900000000023283, 6779374.299999999813735 ], [ 998827.699999999953434, 6779358.099999999627471 ], [ 998826.0, 6779352.799999999813735 ], [ 998825.800000000046566, 6779348.0 ], [ 998826.400000000023283, 6779340.5 ], [ 998826.800000000046566, 6779328.900000000372529 ], [ 998826.599999999976717, 6779308.099999999627471 ], [ 998826.300000000046566, 6779277.200000000186265 ], [ 998825.800000000046566, 6779245.200000000186265 ], [ 998825.599999999976717, 6779229.200000000186265 ], [ 998824.400000000023283, 6779223.599999999627471 ], [ 998822.0, 6779218.200000000186265 ], [ 998810.599999999976717, 6779195.5 ], [ 998796.699999999953434, 6779170.5 ], [ 998789.699999999953434, 6779157.200000000186265 ], [ 998779.599999999976717, 6779137.099999999627471 ], [ 998768.199999999953434, 6779116.200000000186265 ], [ 998766.0, 6779111.099999999627471 ], [ 998766.599999999976717, 6779102.0 ], [ 998767.0, 6779098.299999999813735 ], [ 998765.400000000023283, 6779094.5 ], [ 998757.599999999976717, 6779084.400000000372529 ], [ 998742.0, 6779063.599999999627471 ], [ 998728.599999999976717, 6779047.900000000372529 ], [ 998718.099999999976717, 6779031.599999999627471 ], [ 998711.300000000046566, 6779018.200000000186265 ], [ 998701.300000000046566, 6779002.200000000186265 ], [ 998696.5, 6778998.400000000372529 ], [ 998684.099999999976717, 6778985.5 ], [ 998673.699999999953434, 6778974.599999999627471 ], [ 998672.5, 6778970.299999999813735 ], [ 998672.699999999953434, 6778966.700000000186265 ], [ 998678.800000000046566, 6778956.200000000186265 ], [ 998695.699999999953434, 6778929.099999999627471 ], [ 998708.400000000023283, 6778909.299999999813735 ], [ 998724.099999999976717, 6778884.400000000372529 ], [ 998735.0, 6778865.599999999627471 ], [ 998745.599999999976717, 6778849.400000000372529 ], [ 998757.699999999953434, 6778828.900000000372529 ], [ 998760.099999999976717, 6778825.200000000186265 ], [ 998762.800000000046566, 6778820.799999999813735 ], [ 998764.300000000046566, 6778816.799999999813735 ], [ 998779.699999999953434, 6778804.200000000186265 ], [ 998788.099999999976717, 6778798.099999999627471 ], [ 998796.400000000023283, 6778794.200000000186265 ], [ 998799.0, 6778792.0 ], [ 998804.0, 6778785.299999999813735 ], [ 998808.300000000046566, 6778780.299999999813735 ], [ 998812.099999999976717, 6778776.900000000372529 ], [ 998826.5, 6778765.799999999813735 ], [ 998843.800000000046566, 6778753.200000000186265 ], [ 998856.099999999976717, 6778743.099999999627471 ], [ 998870.699999999953434, 6778731.400000000372529 ], [ 998888.099999999976717, 6778719.400000000372529 ], [ 998904.300000000046566, 6778708.599999999627471 ], [ 998923.400000000023283, 6778693.799999999813735 ], [ 998942.699999999953434, 6778676.599999999627471 ], [ 998946.599999999976717, 6778670.900000000372529 ], [ 998952.300000000046566, 6778660.599999999627471 ], [ 998961.400000000023283, 6778649.5 ], [ 998976.400000000023283, 6778631.099999999627471 ], [ 998983.199999999953434, 6778622.400000000372529 ], [ 998999.0, 6778599.599999999627471 ], [ 999006.599999999976717, 6778589.5 ], [ 999019.300000000046566, 6778573.200000000186265 ], [ 999030.300000000046566, 6778556.599999999627471 ], [ 999038.099999999976717, 6778544.099999999627471 ], [ 999046.199999999953434, 6778534.799999999813735 ], [ 999056.400000000023283, 6778523.299999999813735 ], [ 999067.699999999953434, 6778512.599999999627471 ], [ 999075.800000000046566, 6778506.700000000186265 ], [ 999080.099999999976717, 6778502.799999999813735 ], [ 999086.699999999953434, 6778493.799999999813735 ], [ 999091.400000000023283, 6778488.099999999627471 ], [ 999096.0, 6778479.400000000372529 ], [ 999102.400000000023283, 6778463.099999999627471 ], [ 999107.300000000046566, 6778465.599999999627471 ], [ 999114.699999999953434, 6778467.299999999813735 ], [ 999123.699999999953434, 6778468.700000000186265 ], [ 999128.599999999976717, 6778468.299999999813735 ], [ 999139.5, 6778465.599999999627471 ], [ 999148.0, 6778462.099999999627471 ], [ 999149.699999999953434, 6778456.700000000186265 ], [ 999145.400000000023283, 6778438.0 ], [ 999147.5, 6778432.599999999627471 ], [ 999149.800000000046566, 6778422.5 ], [ 999150.900000000023283, 6778408.599999999627471 ], [ 999152.5, 6778390.0 ], [ 999157.300000000046566, 6778391.900000000372529 ], [ 999167.900000000023283, 6778393.0 ], [ 999186.400000000023283, 6778390.299999999813735 ], [ 999199.199999999953434, 6778373.900000000372529 ], [ 999180.400000000023283, 6778372.900000000372529 ], [ 999176.900000000023283, 6778372.299999999813735 ], [ 999162.599999999976717, 6778369.900000000372529 ], [ 999156.099999999976717, 6778368.0 ], [ 999150.900000000023283, 6778367.299999999813735 ], [ 999143.5, 6778367.299999999813735 ], [ 999138.400000000023283, 6778365.700000000186265 ], [ 999127.300000000046566, 6778360.900000000372529 ], [ 999120.800000000046566, 6778357.5 ], [ 999112.400000000023283, 6778354.200000000186265 ], [ 999107.199999999953434, 6778353.599999999627471 ], [ 999101.400000000023283, 6778354.5 ], [ 999090.199999999953434, 6778357.099999999627471 ], [ 999085.199999999953434, 6778357.400000000372529 ], [ 999082.099999999976717, 6778355.599999999627471 ], [ 999078.099999999976717, 6778350.0 ], [ 999076.5, 6778344.099999999627471 ], [ 999075.699999999953434, 6778341.0 ], [ 999074.0, 6778340.099999999627471 ], [ 999071.300000000046566, 6778340.400000000372529 ], [ 999067.5, 6778343.0 ], [ 999064.5, 6778342.400000000372529 ], [ 999052.599999999976717, 6778339.0 ], [ 999043.599999999976717, 6778335.400000000372529 ], [ 999029.800000000046566, 6778328.700000000186265 ], [ 999014.699999999953434, 6778322.0 ], [ 998999.900000000023283, 6778314.5 ], [ 998985.5, 6778307.099999999627471 ], [ 998978.199999999953434, 6778304.5 ], [ 998965.599999999976717, 6778301.599999999627471 ], [ 998953.300000000046566, 6778296.900000000372529 ], [ 998950.300000000046566, 6778294.900000000372529 ], [ 998948.599999999976717, 6778290.900000000372529 ], [ 998947.900000000023283, 6778284.900000000372529 ], [ 998944.599999999976717, 6778282.400000000372529 ], [ 998942.199999999953434, 6778279.799999999813735 ], [ 998941.5, 6778278.599999999627471 ], [ 998940.099999999976717, 6778275.400000000372529 ], [ 998935.0, 6778270.799999999813735 ], [ 998935.400000000023283, 6778267.0 ], [ 998936.400000000023283, 6778260.900000000372529 ], [ 998935.0, 6778255.5 ], [ 998932.5, 6778249.799999999813735 ], [ 998926.400000000023283, 6778243.700000000186265 ], [ 998921.199999999953434, 6778236.900000000372529 ], [ 998916.699999999953434, 6778229.799999999813735 ], [ 998908.199999999953434, 6778220.099999999627471 ], [ 998898.400000000023283, 6778209.0 ], [ 998893.699999999953434, 6778202.599999999627471 ], [ 998886.900000000023283, 6778191.5 ], [ 998879.199999999953434, 6778177.599999999627471 ], [ 998872.800000000046566, 6778165.5 ], [ 998869.0, 6778158.299999999813735 ], [ 998859.300000000046566, 6778147.099999999627471 ], [ 998845.5, 6778135.799999999813735 ], [ 998828.0, 6778122.200000000186265 ], [ 998821.699999999953434, 6778116.200000000186265 ], [ 998817.300000000046566, 6778108.700000000186265 ], [ 998813.5, 6778103.400000000372529 ], [ 998809.900000000023283, 6778098.900000000372529 ], [ 998805.300000000046566, 6778094.200000000186265 ], [ 998798.699999999953434, 6778092.299999999813735 ], [ 998785.099999999976717, 6778086.599999999627471 ], [ 998782.400000000023283, 6778070.900000000372529 ], [ 998762.5, 6778026.400000000372529 ], [ 998739.300000000046566, 6777974.400000000372529 ], [ 998720.699999999953434, 6777931.200000000186265 ], [ 998703.800000000046566, 6777894.599999999627471 ], [ 998691.199999999953434, 6777867.099999999627471 ], [ 998722.0, 6777839.400000000372529 ], [ 998807.400000000023283, 6777785.599999999627471 ], [ 998883.900000000023283, 6777783.299999999813735 ], [ 998930.400000000023283, 6777744.0 ], [ 998839.199999999953434, 6777668.200000000186265 ], [ 998730.599999999976717, 6777572.299999999813735 ], [ 998688.199999999953434, 6777530.599999999627471 ], [ 998664.5, 6777507.299999999813735 ], [ 998587.800000000046566, 6777403.200000000186265 ], [ 998605.5, 6777337.900000000372529 ], [ 998606.800000000046566, 6777326.200000000186265 ], [ 998605.599999999976717, 6777319.299999999813735 ], [ 998600.099999999976717, 6777309.099999999627471 ], [ 998517.300000000046566, 6777169.400000000372529 ], [ 998510.099999999976717, 6777157.299999999813735 ], [ 998501.0, 6777142.5 ], [ 998497.199999999953434, 6777133.900000000372529 ], [ 998494.199999999953434, 6777125.700000000186265 ], [ 998490.300000000046566, 6777117.200000000186265 ], [ 998481.800000000046566, 6777105.5 ], [ 998473.900000000023283, 6777095.900000000372529 ], [ 998413.099999999976717, 6777004.200000000186265 ], [ 998371.900000000023283, 6776940.599999999627471 ], [ 998327.199999999953434, 6776873.0 ], [ 998280.300000000046566, 6776802.700000000186265 ], [ 998251.800000000046566, 6776759.700000000186265 ], [ 998228.300000000046566, 6776723.400000000372529 ], [ 998214.300000000046566, 6776701.200000000186265 ], [ 998208.5, 6776690.599999999627471 ], [ 998204.699999999953434, 6776679.099999999627471 ], [ 998202.099999999976717, 6776664.799999999813735 ], [ 998199.5, 6776646.299999999813735 ], [ 998198.300000000046566, 6776632.5 ], [ 998197.0, 6776622.5 ], [ 998195.300000000046566, 6776617.200000000186265 ], [ 998191.800000000046566, 6776611.799999999813735 ], [ 998188.099999999976717, 6776608.400000000372529 ], [ 998181.699999999953434, 6776604.799999999813735 ], [ 998170.699999999953434, 6776598.400000000372529 ], [ 998145.699999999953434, 6776581.599999999627471 ], [ 998115.0, 6776558.200000000186265 ], [ 998101.099999999976717, 6776549.0 ], [ 998079.599999999976717, 6776533.299999999813735 ], [ 998071.199999999953434, 6776526.400000000372529 ], [ 998067.400000000023283, 6776525.200000000186265 ], [ 998062.599999999976717, 6776524.200000000186265 ], [ 998051.900000000023283, 6776525.700000000186265 ], [ 998035.900000000023283, 6776527.299999999813735 ], [ 998020.5, 6776529.299999999813735 ], [ 998010.900000000023283, 6776531.299999999813735 ], [ 997974.900000000023283, 6776534.400000000372529 ], [ 997939.300000000046566, 6776536.400000000372529 ], [ 997906.599999999976717, 6776539.799999999813735 ], [ 997879.099999999976717, 6776542.5 ], [ 997871.300000000046566, 6776542.700000000186265 ], [ 997865.800000000046566, 6776542.400000000372529 ], [ 997858.800000000046566, 6776540.400000000372529 ], [ 997843.099999999976717, 6776534.200000000186265 ], [ 997823.300000000046566, 6776528.299999999813735 ], [ 997796.0, 6776518.400000000372529 ], [ 997761.199999999953434, 6776506.5 ], [ 997722.900000000023283, 6776493.0 ], [ 997704.5, 6776485.900000000372529 ], [ 997697.900000000023283, 6776484.5 ], [ 997692.900000000023283, 6776484.900000000372529 ], [ 997686.900000000023283, 6776486.799999999813735 ], [ 997679.599999999976717, 6776489.700000000186265 ], [ 997672.599999999976717, 6776492.099999999627471 ], [ 997663.900000000023283, 6776492.599999999627471 ], [ 997656.599999999976717, 6776492.400000000372529 ], [ 997650.800000000046566, 6776491.900000000372529 ], [ 997643.0, 6776490.0 ], [ 997636.400000000023283, 6776486.200000000186265 ], [ 997625.599999999976717, 6776480.400000000372529 ], [ 997616.800000000046566, 6776476.299999999813735 ], [ 997607.300000000046566, 6776469.700000000186265 ], [ 997602.800000000046566, 6776465.0 ], [ 997599.099999999976717, 6776459.900000000372529 ], [ 997596.400000000023283, 6776455.200000000186265 ], [ 997594.0, 6776452.099999999627471 ], [ 997588.0, 6776450.200000000186265 ], [ 997580.099999999976717, 6776447.5 ], [ 997570.800000000046566, 6776445.299999999813735 ], [ 997564.900000000023283, 6776442.599999999627471 ], [ 997557.900000000023283, 6776438.700000000186265 ], [ 997547.900000000023283, 6776431.599999999627471 ], [ 997521.199999999953434, 6776410.599999999627471 ], [ 997514.699999999953434, 6776406.0 ], [ 997505.300000000046566, 6776398.099999999627471 ], [ 997492.599999999976717, 6776388.200000000186265 ], [ 997483.800000000046566, 6776381.700000000186265 ], [ 997476.900000000023283, 6776374.700000000186265 ], [ 997470.0, 6776365.599999999627471 ], [ 997466.199999999953434, 6776359.0 ], [ 997462.0, 6776354.5 ], [ 997456.800000000046566, 6776351.0 ], [ 997447.099999999976717, 6776346.799999999813735 ], [ 997432.599999999976717, 6776341.0 ], [ 997421.5, 6776337.299999999813735 ], [ 997410.599999999976717, 6776332.200000000186265 ], [ 997395.199999999953434, 6776324.400000000372529 ], [ 997389.199999999953434, 6776322.799999999813735 ], [ 997379.5, 6776320.900000000372529 ], [ 997375.900000000023283, 6776320.5 ], [ 997373.0, 6776319.099999999627471 ], [ 997370.699999999953434, 6776318.099999999627471 ], [ 997361.699999999953434, 6776308.799999999813735 ], [ 997348.699999999953434, 6776292.200000000186265 ], [ 997340.699999999953434, 6776279.299999999813735 ], [ 997336.400000000023283, 6776272.700000000186265 ], [ 997333.599999999976717, 6776266.200000000186265 ], [ 997330.300000000046566, 6776258.5 ], [ 997327.599999999976717, 6776252.799999999813735 ], [ 997325.5, 6776246.200000000186265 ], [ 997324.099999999976717, 6776241.599999999627471 ], [ 997322.300000000046566, 6776233.200000000186265 ], [ 997321.400000000023283, 6776227.200000000186265 ], [ 997320.199999999953434, 6776221.5 ], [ 997315.599999999976717, 6776203.400000000372529 ], [ 997314.099999999976717, 6776200.299999999813735 ], [ 997305.199999999953434, 6776187.799999999813735 ], [ 997302.400000000023283, 6776184.200000000186265 ], [ 997297.800000000046566, 6776176.200000000186265 ], [ 997290.199999999953434, 6776162.299999999813735 ], [ 997268.5, 6776129.200000000186265 ], [ 997184.599999999976717, 6776001.900000000372529 ], [ 997183.400000000023283, 6775999.799999999813735 ], [ 997182.300000000046566, 6775997.200000000186265 ], [ 997171.699999999953434, 6775984.299999999813735 ], [ 997157.0, 6775969.799999999813735 ], [ 997146.400000000023283, 6775962.599999999627471 ], [ 997144.300000000046566, 6775960.599999999627471 ], [ 997142.599999999976717, 6775958.0 ], [ 997140.699999999953434, 6775955.400000000372529 ], [ 997127.800000000046566, 6775944.799999999813735 ], [ 997126.300000000046566, 6775943.700000000186265 ], [ 997122.699999999953434, 6775938.099999999627471 ], [ 997118.300000000046566, 6775927.799999999813735 ], [ 997113.599999999976717, 6775927.299999999813735 ], [ 997110.199999999953434, 6775926.5 ], [ 997107.900000000023283, 6775924.900000000372529 ], [ 997106.199999999953434, 6775922.700000000186265 ], [ 997102.199999999953434, 6775918.900000000372529 ], [ 997098.900000000023283, 6775916.599999999627471 ], [ 997094.400000000023283, 6775914.799999999813735 ], [ 997089.400000000023283, 6775912.599999999627471 ], [ 997084.300000000046566, 6775909.0 ], [ 997080.900000000023283, 6775906.0 ], [ 997078.699999999953434, 6775901.5 ], [ 997076.0, 6775896.700000000186265 ], [ 997074.199999999953434, 6775893.200000000186265 ], [ 997072.800000000046566, 6775886.400000000372529 ], [ 997067.0, 6775867.0 ], [ 997064.5, 6775861.599999999627471 ], [ 997061.800000000046566, 6775852.5 ], [ 997055.199999999953434, 6775828.0 ], [ 997051.300000000046566, 6775812.5 ], [ 997049.599999999976717, 6775805.799999999813735 ], [ 997048.699999999953434, 6775803.299999999813735 ], [ 997046.300000000046566, 6775798.400000000372529 ], [ 997045.099999999976717, 6775795.799999999813735 ], [ 997041.699999999953434, 6775788.700000000186265 ], [ 997037.099999999976717, 6775778.700000000186265 ], [ 997045.900000000023283, 6775738.900000000372529 ], [ 997044.099999999976717, 6775705.099999999627471 ], [ 997042.199999999953434, 6775664.799999999813735 ], [ 997032.800000000046566, 6775641.0 ], [ 997029.599999999976717, 6775637.0 ], [ 997017.5, 6775623.299999999813735 ], [ 997010.400000000023283, 6775614.5 ], [ 997008.199999999953434, 6775606.200000000186265 ], [ 997005.400000000023283, 6775598.200000000186265 ], [ 997002.099999999976717, 6775589.700000000186265 ], [ 996997.800000000046566, 6775578.200000000186265 ], [ 996994.800000000046566, 6775571.099999999627471 ], [ 996993.400000000023283, 6775568.299999999813735 ], [ 996987.300000000046566, 6775558.099999999627471 ], [ 996976.300000000046566, 6775542.099999999627471 ], [ 996967.300000000046566, 6775526.900000000372529 ], [ 996963.199999999953434, 6775520.299999999813735 ], [ 996958.900000000023283, 6775513.400000000372529 ], [ 996955.800000000046566, 6775508.700000000186265 ], [ 996944.400000000023283, 6775491.0 ], [ 996930.400000000023283, 6775462.700000000186265 ], [ 996918.199999999953434, 6775445.099999999627471 ], [ 996909.199999999953434, 6775425.400000000372529 ], [ 996900.0, 6775400.5 ], [ 996886.900000000023283, 6775384.700000000186265 ], [ 996882.099999999976717, 6775381.099999999627471 ], [ 996880.599999999976717, 6775373.099999999627471 ], [ 996882.800000000046566, 6775364.799999999813735 ], [ 996883.599999999976717, 6775362.099999999627471 ], [ 996883.400000000023283, 6775359.599999999627471 ], [ 996879.300000000046566, 6775354.5 ], [ 996872.0, 6775344.799999999813735 ], [ 996860.0, 6775322.299999999813735 ], [ 996857.099999999976717, 6775307.400000000372529 ], [ 996857.0, 6775299.299999999813735 ], [ 996856.0, 6775288.0 ], [ 996857.099999999976717, 6775267.799999999813735 ], [ 996858.300000000046566, 6775254.0 ], [ 996863.800000000046566, 6775229.299999999813735 ], [ 996869.699999999953434, 6775215.400000000372529 ], [ 996870.300000000046566, 6775213.200000000186265 ], [ 996871.599999999976717, 6775208.200000000186265 ], [ 996866.400000000023283, 6775205.400000000372529 ], [ 996863.5, 6775203.700000000186265 ], [ 996857.099999999976717, 6775200.200000000186265 ], [ 996852.800000000046566, 6775198.700000000186265 ], [ 996849.900000000023283, 6775198.0 ], [ 996845.400000000023283, 6775197.400000000372529 ], [ 996842.199999999953434, 6775197.0 ], [ 996835.5, 6775194.700000000186265 ], [ 996812.300000000046566, 6775184.0 ], [ 996774.400000000023283, 6775169.700000000186265 ], [ 996765.099999999976717, 6775168.599999999627471 ], [ 996759.199999999953434, 6775167.400000000372529 ], [ 996746.599999999976717, 6775164.700000000186265 ], [ 996713.900000000023283, 6775160.700000000186265 ], [ 996686.199999999953434, 6775156.400000000372529 ], [ 996659.099999999976717, 6775151.200000000186265 ], [ 996645.599999999976717, 6775149.400000000372529 ], [ 996640.0, 6775148.900000000372529 ], [ 996635.800000000046566, 6775148.200000000186265 ], [ 996629.400000000023283, 6775146.0 ], [ 996607.900000000023283, 6775137.099999999627471 ], [ 996601.800000000046566, 6775135.200000000186265 ], [ 996596.599999999976717, 6775134.099999999627471 ], [ 996560.599999999976717, 6775128.599999999627471 ], [ 996543.599999999976717, 6775128.799999999813735 ], [ 996529.099999999976717, 6775129.400000000372529 ], [ 996522.599999999976717, 6775129.700000000186265 ], [ 996501.699999999953434, 6775124.599999999627471 ], [ 996496.400000000023283, 6775123.700000000186265 ], [ 996493.699999999953434, 6775123.400000000372529 ], [ 996491.0, 6775124.700000000186265 ], [ 996488.900000000023283, 6775125.5 ], [ 996479.699999999953434, 6775125.299999999813735 ], [ 996475.599999999976717, 6775123.799999999813735 ], [ 996434.0, 6775120.200000000186265 ], [ 996386.5, 6775117.900000000372529 ], [ 996364.800000000046566, 6775119.299999999813735 ], [ 996296.699999999953434, 6775110.900000000372529 ], [ 996257.699999999953434, 6775083.5 ], [ 996219.199999999953434, 6775044.5 ], [ 996091.400000000023283, 6774915.0 ], [ 996056.199999999953434, 6774890.400000000372529 ], [ 996055.800000000046566, 6774890.0 ], [ 995993.800000000046566, 6774831.900000000372529 ], [ 995954.599999999976717, 6774801.0 ], [ 995921.5, 6774780.900000000372529 ], [ 995849.300000000046566, 6774757.599999999627471 ], [ 995827.400000000023283, 6774730.799999999813735 ], [ 995812.900000000023283, 6774694.299999999813735 ], [ 995816.300000000046566, 6774651.200000000186265 ], [ 995776.400000000023283, 6774572.5 ], [ 995789.0, 6774536.900000000372529 ], [ 995712.699999999953434, 6774463.599999999627471 ], [ 995672.300000000046566, 6774409.0 ], [ 995596.699999999953434, 6774334.700000000186265 ], [ 995496.099999999976717, 6774260.700000000186265 ], [ 995425.800000000046566, 6774216.299999999813735 ], [ 995370.400000000023283, 6774166.799999999813735 ], [ 995349.900000000023283, 6774102.0 ], [ 995314.5, 6774062.400000000372529 ], [ 995274.400000000023283, 6774047.700000000186265 ], [ 995204.699999999953434, 6774073.299999999813735 ], [ 995100.0, 6774099.200000000186265 ], [ 995044.0, 6774194.900000000372529 ], [ 994988.099999999976717, 6774226.700000000186265 ], [ 994896.5, 6774255.900000000372529 ], [ 994852.099999999976717, 6774316.200000000186265 ], [ 994812.300000000046566, 6774341.5 ], [ 994717.400000000023283, 6774342.400000000372529 ], [ 994667.300000000046566, 6774327.799999999813735 ], [ 994621.900000000023283, 6774283.200000000186265 ], [ 994481.300000000046566, 6774199.5 ], [ 994390.800000000046566, 6774130.299999999813735 ], [ 994300.300000000046566, 6774066.200000000186265 ], [ 994255.199999999953434, 6774056.599999999627471 ], [ 994180.099999999976717, 6774032.200000000186265 ], [ 994133.400000000023283, 6774005.5 ], [ 994124.400000000023283, 6774000.400000000372529 ], [ 994059.599999999976717, 6773963.299999999813735 ], [ 994009.199999999953434, 6773913.799999999813735 ], [ 993988.599999999976717, 6773849.0 ], [ 993982.699999999953434, 6773739.099999999627471 ], [ 994001.400000000023283, 6773594.099999999627471 ], [ 994035.599999999976717, 6773508.799999999813735 ], [ 994040.199999999953434, 6773463.799999999813735 ], [ 994009.800000000046566, 6773409.099999999627471 ], [ 994004.400000000023283, 6773369.200000000186265 ], [ 994012.699999999953434, 6773216.299999999813735 ], [ 994070.699999999953434, 6773100.5 ], [ 994067.400000000023283, 6773079.700000000186265 ], [ 994045.699999999953434, 6772939.200000000186265 ], [ 994035.5, 6772914.299999999813735 ], [ 994040.099999999976717, 6772869.299999999813735 ], [ 994064.5, 6772809.099999999627471 ], [ 994148.400000000023283, 6772688.400000000372529 ], [ 994172.900000000023283, 6772623.299999999813735 ], [ 994196.599999999976717, 6772564.200000000186265 ], [ 994157.800000000046566, 6772504.299999999813735 ], [ 994085.800000000046566, 6772401.0 ], [ 994012.0, 6772315.799999999813735 ], [ 993975.099999999976717, 6772265.0 ], [ 993966.199999999953434, 6772231.0 ], [ 993960.900000000023283, 6772219.0 ], [ 993957.099999999976717, 6772191.099999999627471 ], [ 993955.400000000023283, 6772147.0 ], [ 993993.099999999976717, 6772065.200000000186265 ], [ 994042.5, 6771989.900000000372529 ], [ 994106.199999999953434, 6771849.400000000372529 ], [ 994110.699999999953434, 6771789.400000000372529 ], [ 994090.5, 6771769.599999999627471 ], [ 994035.300000000046566, 6771745.099999999627471 ], [ 994005.199999999953434, 6771725.400000000372529 ], [ 993999.900000000023283, 6771695.400000000372529 ], [ 994009.599999999976717, 6771660.400000000372529 ], [ 994018.900000000023283, 6771575.400000000372529 ], [ 994003.5, 6771535.5 ], [ 993978.5, 6771525.700000000186265 ], [ 993953.5, 6771530.900000000372529 ], [ 993863.599999999976717, 6771536.700000000186265 ], [ 993808.5, 6771512.200000000186265 ], [ 993768.199999999953434, 6771477.599999999627471 ], [ 993757.900000000023283, 6771442.700000000186265 ], [ 993766.900000000023283, 6771322.700000000186265 ], [ 993795.900000000023283, 6771217.5 ], [ 993790.800000000046566, 6771202.599999999627471 ], [ 993725.800000000046566, 6771198.200000000186265 ], [ 993665.699999999953434, 6771183.700000000186265 ], [ 993615.400000000023283, 6771139.200000000186265 ], [ 993560.099999999976717, 6771099.700000000186265 ], [ 993491.300000000046566, 6771080.5 ], [ 993487.400000000023283, 6771072.5 ], [ 993480.199999999953434, 6771066.700000000186265 ], [ 993470.599999999976717, 6771062.099999999627471 ], [ 993454.199999999953434, 6771050.900000000372529 ], [ 993436.099999999976717, 6771036.599999999627471 ], [ 993425.400000000023283, 6771023.900000000372529 ], [ 993419.099999999976717, 6771014.900000000372529 ], [ 993411.5, 6771009.099999999627471 ], [ 993278.0, 6770941.5 ], [ 993266.300000000046566, 6770935.599999999627471 ], [ 993248.400000000023283, 6770921.099999999627471 ], [ 993225.199999999953434, 6770901.900000000372529 ], [ 993218.599999999976717, 6770891.099999999627471 ], [ 993216.5, 6770878.299999999813735 ], [ 993217.199999999953434, 6770869.5 ], [ 993198.0, 6770833.0 ], [ 993182.800000000046566, 6770803.099999999627471 ], [ 993196.5, 6770653.099999999627471 ], [ 993186.400000000023283, 6770643.200000000186265 ], [ 993176.199999999953434, 6770618.299999999813735 ], [ 993200.199999999953434, 6770508.200000000186265 ], [ 993175.0, 6770478.400000000372529 ], [ 993069.699999999953434, 6770444.400000000372529 ], [ 993054.400000000023283, 6770409.5 ], [ 993064.199999999953434, 6770384.5 ], [ 993068.800000000046566, 6770339.5 ], [ 993053.599999999976717, 6770314.599999999627471 ], [ 993018.400000000023283, 6770289.900000000372529 ], [ 993008.199999999953434, 6770265.0 ], [ 993028.0, 6770244.900000000372529 ], [ 993077.300000000046566, 6770169.5 ], [ 993076.699999999953434, 6770099.599999999627471 ], [ 993051.400000000023283, 6770054.799999999813735 ], [ 993050.900000000023283, 6770000.5 ], [ 993062.800000000046566, 6769967.099999999627471 ], [ 993065.800000000046566, 6769931.799999999813735 ], [ 993059.699999999953434, 6769864.900000000372529 ], [ 993045.599999999976717, 6769770.599999999627471 ], [ 993048.099999999976717, 6769672.200000000186265 ], [ 993032.699999999953434, 6769630.299999999813735 ], [ 992997.400000000023283, 6769590.599999999627471 ], [ 992947.199999999953434, 6769582.299999999813735 ], [ 992938.5, 6769577.099999999627471 ], [ 992934.400000000023283, 6769574.200000000186265 ], [ 992931.400000000023283, 6769569.900000000372529 ], [ 992927.0, 6769568.0 ], [ 992922.900000000023283, 6769567.400000000372529 ], [ 992917.199999999953434, 6769562.599999999627471 ], [ 992903.300000000046566, 6769553.900000000372529 ], [ 992895.0, 6769547.0 ], [ 992892.400000000023283, 6769542.799999999813735 ], [ 992891.699999999953434, 6769539.400000000372529 ], [ 992885.699999999953434, 6769532.400000000372529 ], [ 992877.699999999953434, 6769526.799999999813735 ], [ 992874.5, 6769521.900000000372529 ], [ 992874.099999999976717, 6769515.700000000186265 ], [ 992875.300000000046566, 6769511.299999999813735 ], [ 992875.800000000046566, 6769504.400000000372529 ], [ 992873.300000000046566, 6769490.0 ], [ 992864.400000000023283, 6769468.400000000372529 ], [ 992861.900000000023283, 6769459.099999999627471 ], [ 992861.800000000046566, 6769451.700000000186265 ], [ 992862.800000000046566, 6769434.200000000186265 ], [ 992865.199999999953434, 6769410.700000000186265 ], [ 992866.699999999953434, 6769404.400000000372529 ], [ 992869.099999999976717, 6769400.400000000372529 ], [ 992875.5, 6769393.799999999813735 ], [ 992892.5, 6769369.5 ], [ 992908.599999999976717, 6769345.799999999813735 ], [ 992917.300000000046566, 6769330.299999999813735 ], [ 992921.099999999976717, 6769321.900000000372529 ], [ 992926.300000000046566, 6769309.900000000372529 ], [ 992930.199999999953434, 6769296.700000000186265 ], [ 992933.900000000023283, 6769281.700000000186265 ], [ 992938.0, 6769264.599999999627471 ], [ 992942.5, 6769248.0 ], [ 992946.099999999976717, 6769230.599999999627471 ], [ 992946.599999999976717, 6769223.700000000186265 ], [ 992945.800000000046566, 6769217.5 ], [ 992941.800000000046566, 6769208.799999999813735 ], [ 992930.300000000046566, 6769189.099999999627471 ], [ 992916.599999999976717, 6769170.5 ], [ 992913.400000000023283, 6769163.799999999813735 ], [ 992851.900000000023283, 6769016.400000000372529 ], [ 992838.800000000046566, 6769001.0 ], [ 992836.5, 6768998.200000000186265 ], [ 992825.400000000023283, 6768992.299999999813735 ], [ 992815.0, 6768986.099999999627471 ], [ 992809.199999999953434, 6768978.799999999813735 ], [ 992797.900000000023283, 6768959.799999999813735 ], [ 992788.599999999976717, 6768935.700000000186265 ], [ 992779.400000000023283, 6768906.700000000186265 ], [ 992772.5, 6768880.0 ], [ 992768.900000000023283, 6768859.099999999627471 ], [ 992766.300000000046566, 6768839.900000000372529 ], [ 992762.5, 6768819.299999999813735 ], [ 992760.300000000046566, 6768803.299999999813735 ], [ 992755.800000000046566, 6768775.099999999627471 ], [ 992753.099999999976717, 6768746.0 ], [ 992752.599999999976717, 6768732.799999999813735 ], [ 992754.0, 6768725.5 ], [ 992756.199999999953434, 6768713.200000000186265 ], [ 992756.199999999953434, 6768704.299999999813735 ], [ 992753.400000000023283, 6768672.599999999627471 ], [ 992750.800000000046566, 6768648.900000000372529 ], [ 992753.099999999976717, 6768633.700000000186265 ], [ 992756.5, 6768621.200000000186265 ], [ 992766.900000000023283, 6768594.5 ], [ 992773.599999999976717, 6768579.299999999813735 ], [ 992781.300000000046566, 6768563.200000000186265 ], [ 992879.5, 6768454.900000000372529 ], [ 992741.699999999953434, 6768333.700000000186265 ], [ 992676.199999999953434, 6768279.299999999813735 ], [ 992674.900000000023283, 6768119.400000000372529 ], [ 992578.599999999976717, 6768047.599999999627471 ], [ 992520.900000000023283, 6767870.099999999627471 ], [ 992507.5, 6767764.0 ], [ 992494.400000000023283, 6767692.400000000372529 ], [ 992537.199999999953434, 6767598.299999999813735 ], [ 992611.900000000023283, 6767579.0 ], [ 992654.800000000046566, 6767540.0 ], [ 992669.400000000023283, 6767494.900000000372529 ], [ 992693.599999999976717, 6767404.799999999813735 ], [ 992738.099999999976717, 6767344.400000000372529 ], [ 992743.699999999953434, 6767290.5 ], [ 992746.300000000046566, 6767234.200000000186265 ], [ 992720.900000000023283, 6767181.400000000372529 ], [ 992657.900000000023283, 6767144.5 ], [ 992682.300000000046566, 6767078.700000000186265 ], [ 992710.0, 6767016.0 ], [ 992759.599999999976717, 6766939.5 ], [ 992774.199999999953434, 6766894.400000000372529 ], [ 992784.0, 6766874.400000000372529 ], [ 992858.800000000046566, 6766858.700000000186265 ], [ 992873.599999999976717, 6766833.599999999627471 ], [ 992943.199999999953434, 6766798.0 ], [ 992967.800000000046566, 6766752.900000000372529 ], [ 992996.699999999953434, 6766627.700000000186265 ], [ 993001.099999999976717, 6766557.700000000186265 ], [ 992955.300000000046566, 6766468.200000000186265 ], [ 992929.699999999953434, 6766393.400000000372529 ], [ 992929.199999999953434, 6766338.5 ], [ 992958.900000000023283, 6766298.299999999813735 ], [ 993038.300000000046566, 6766237.599999999627471 ], [ 993057.900000000023283, 6766192.5 ], [ 993047.199999999953434, 6766112.599999999627471 ], [ 992960.800000000046566, 6765948.5 ], [ 992939.900000000023283, 6765838.700000000186265 ], [ 992894.5, 6765784.200000000186265 ], [ 992870.0, 6765749.5 ], [ 992841.800000000046566, 6765691.200000000186265 ], [ 992825.300000000046566, 6765680.400000000372529 ], [ 992773.199999999953434, 6765658.700000000186265 ], [ 992709.699999999953434, 6765607.200000000186265 ], [ 992642.300000000046566, 6765516.599999999627471 ], [ 992462.400000000023283, 6765288.700000000186265 ], [ 992450.300000000046566, 6765273.400000000372529 ], [ 992366.800000000046566, 6765144.700000000186265 ], [ 992277.099999999976717, 6765074.299999999813735 ], [ 992167.400000000023283, 6764906.099999999627471 ], [ 992121.699999999953434, 6764831.599999999627471 ], [ 992111.400000000023283, 6764791.700000000186265 ], [ 992156.300000000046566, 6764786.299999999813735 ], [ 992211.099999999976717, 6764760.799999999813735 ], [ 992231.099999999976717, 6764765.700000000186265 ], [ 992281.300000000046566, 6764795.200000000186265 ], [ 992321.400000000023283, 6764809.799999999813735 ], [ 992341.400000000023283, 6764809.700000000186265 ], [ 992381.0, 6764769.299999999813735 ], [ 992370.5, 6764704.5 ], [ 992444.900000000023283, 6764643.900000000372529 ], [ 992494.400000000023283, 6764593.5 ], [ 992539.5, 6764608.099999999627471 ], [ 992639.800000000046566, 6764710.700000000186265 ], [ 992694.599999999976717, 6764717.5 ], [ 992770.699999999953434, 6764707.299999999813735 ], [ 992819.400000000023283, 6764694.900000000372529 ], [ 992874.199999999953434, 6764699.099999999627471 ], [ 992912.400000000023283, 6764722.599999999627471 ], [ 992945.099999999976717, 6764744.700000000186265 ], [ 992947.199999999953434, 6764746.099999999627471 ], [ 992983.900000000023283, 6764741.299999999813735 ], [ 993130.099999999976717, 6764722.900000000372529 ], [ 993186.199999999953434, 6764707.200000000186265 ], [ 993223.400000000023283, 6764532.200000000186265 ], [ 993221.0, 6764262.400000000372529 ], [ 993240.300000000046566, 6764177.299999999813735 ], [ 993338.599999999976717, 6763996.599999999627471 ], [ 993358.400000000023283, 6763971.400000000372529 ], [ 993382.900000000023283, 6763911.299999999813735 ], [ 993382.5, 6763871.299999999813735 ], [ 993265.699999999953434, 6763652.5 ], [ 993255.300000000046566, 6763602.599999999627471 ], [ 993265.099999999976717, 6763577.5 ], [ 993219.5, 6763513.0 ], [ 993140.900000000023283, 6763460.700000000186265 ], [ 993127.599999999976717, 6763452.599999999627471 ], [ 993115.199999999953434, 6763445.900000000372529 ], [ 993101.800000000046566, 6763440.299999999813735 ], [ 993092.400000000023283, 6763437.099999999627471 ], [ 993064.300000000046566, 6763428.700000000186265 ], [ 993044.5, 6763426.799999999813735 ], [ 993034.0, 6763421.599999999627471 ], [ 993018.599999999976717, 6763414.5 ], [ 992995.0, 6763405.799999999813735 ], [ 992976.900000000023283, 6763396.5 ], [ 992963.300000000046566, 6763393.599999999627471 ], [ 992956.199999999953434, 6763391.799999999813735 ], [ 992954.699999999953434, 6763388.700000000186265 ], [ 992950.199999999953434, 6763374.099999999627471 ], [ 992942.800000000046566, 6763362.299999999813735 ], [ 992933.5, 6763349.900000000372529 ], [ 992925.900000000023283, 6763339.200000000186265 ], [ 992915.400000000023283, 6763325.0 ], [ 992905.800000000046566, 6763316.0 ], [ 992890.300000000046566, 6763298.700000000186265 ], [ 992878.300000000046566, 6763292.099999999627471 ], [ 992866.699999999953434, 6763283.299999999813735 ], [ 992860.199999999953434, 6763280.900000000372529 ], [ 992848.099999999976717, 6763277.5 ], [ 992841.800000000046566, 6763273.5 ], [ 992834.0, 6763271.299999999813735 ], [ 992821.800000000046566, 6763267.700000000186265 ], [ 992802.099999999976717, 6763263.099999999627471 ], [ 992795.599999999976717, 6763257.099999999627471 ], [ 992789.599999999976717, 6763251.700000000186265 ], [ 992780.5, 6763245.299999999813735 ], [ 992768.699999999953434, 6763235.200000000186265 ], [ 992757.699999999953434, 6763229.200000000186265 ], [ 992751.800000000046566, 6763219.799999999813735 ], [ 992746.800000000046566, 6763213.400000000372529 ], [ 992736.900000000023283, 6763205.900000000372529 ], [ 992728.699999999953434, 6763201.200000000186265 ], [ 992719.400000000023283, 6763196.5 ], [ 992705.0, 6763190.200000000186265 ], [ 992693.099999999976717, 6763185.099999999627471 ], [ 992676.099999999976717, 6763174.700000000186265 ], [ 992664.699999999953434, 6763167.5 ], [ 992658.199999999953434, 6763161.799999999813735 ], [ 992647.099999999976717, 6763152.799999999813735 ], [ 992633.699999999953434, 6763142.299999999813735 ], [ 992625.400000000023283, 6763134.900000000372529 ], [ 992613.699999999953434, 6763126.599999999627471 ], [ 992602.800000000046566, 6763117.599999999627471 ], [ 992591.400000000023283, 6763108.299999999813735 ], [ 992586.0, 6763098.0 ], [ 992575.099999999976717, 6763078.0 ], [ 992565.699999999953434, 6763060.599999999627471 ], [ 992557.800000000046566, 6763044.799999999813735 ], [ 992550.800000000046566, 6763032.299999999813735 ], [ 992544.800000000046566, 6763019.900000000372529 ], [ 992538.800000000046566, 6763014.5 ], [ 992529.800000000046566, 6763009.099999999627471 ], [ 992527.199999999953434, 6763005.0 ], [ 992526.099999999976717, 6763000.5 ], [ 992526.900000000023283, 6762995.599999999627471 ], [ 992533.300000000046566, 6762976.400000000372529 ], [ 992539.400000000023283, 6762957.099999999627471 ], [ 992544.0, 6762940.299999999813735 ], [ 992547.800000000046566, 6762927.200000000186265 ], [ 992551.0, 6762919.700000000186265 ], [ 992553.0, 6762915.5 ], [ 992562.099999999976717, 6762905.599999999627471 ], [ 992575.800000000046566, 6762890.099999999627471 ], [ 992586.400000000023283, 6762879.200000000186265 ], [ 992596.199999999953434, 6762867.900000000372529 ], [ 992603.0, 6762860.599999999627471 ], [ 992604.400000000023283, 6762847.099999999627471 ], [ 992605.800000000046566, 6762825.400000000372529 ], [ 992607.699999999953434, 6762801.099999999627471 ], [ 992609.599999999976717, 6762772.400000000372529 ], [ 992611.0, 6762750.900000000372529 ], [ 992613.900000000023283, 6762736.099999999627471 ], [ 992616.5, 6762723.900000000372529 ], [ 992618.699999999953434, 6762718.0 ], [ 992623.099999999976717, 6762707.200000000186265 ], [ 992635.699999999953434, 6762671.400000000372529 ], [ 992646.199999999953434, 6762643.400000000372529 ], [ 992655.699999999953434, 6762614.799999999813735 ], [ 992662.199999999953434, 6762600.299999999813735 ], [ 992664.800000000046566, 6762595.799999999813735 ], [ 992659.199999999953434, 6762594.799999999813735 ], [ 992633.699999999953434, 6762582.5 ], [ 992615.400000000023283, 6762575.0 ], [ 992598.800000000046566, 6762566.0 ], [ 992576.699999999953434, 6762553.0 ], [ 992565.699999999953434, 6762547.599999999627471 ], [ 992560.699999999953434, 6762544.5 ], [ 992552.0, 6762536.099999999627471 ], [ 992541.099999999976717, 6762527.5 ], [ 992523.0, 6762511.200000000186265 ], [ 992498.599999999976717, 6762495.200000000186265 ], [ 992453.5, 6762462.5 ], [ 992440.699999999953434, 6762425.5 ], [ 992353.0, 6762335.0 ], [ 992076.599999999976717, 6762146.900000000372529 ], [ 991803.800000000046566, 6762018.099999999627471 ], [ 991650.0, 6761925.799999999813735 ], [ 991474.099999999976717, 6761811.799999999813735 ], [ 991355.400000000023283, 6761730.400000000372529 ], [ 991270.199999999953434, 6761706.099999999627471 ], [ 991227.300000000046566, 6761694.700000000186265 ], [ 991200.199999999953434, 6761691.599999999627471 ], [ 991163.300000000046566, 6761687.400000000372529 ], [ 991101.0, 6761714.599999999627471 ], [ 991095.699999999953434, 6761636.5 ], [ 991129.400000000023283, 6761602.400000000372529 ], [ 991140.199999999953434, 6761533.900000000372529 ], [ 991157.900000000023283, 6761422.299999999813735 ], [ 991221.5, 6761266.900000000372529 ], [ 991226.0, 6761211.900000000372529 ], [ 991185.5, 6761152.299999999813735 ], [ 991175.099999999976717, 6761107.400000000372529 ], [ 991184.400000000023283, 6761027.400000000372529 ], [ 991213.800000000046566, 6760952.200000000186265 ], [ 991248.800000000046566, 6760961.900000000372529 ], [ 991313.800000000046566, 6760966.299999999813735 ], [ 991323.800000000046566, 6760961.200000000186265 ], [ 991368.300000000046566, 6760915.900000000372529 ], [ 991433.400000000023283, 6760930.299999999813735 ], [ 991718.5, 6760962.799999999813735 ], [ 991903.400000000023283, 6760961.200000000186265 ], [ 991943.099999999976717, 6760940.900000000372529 ], [ 992007.5, 6760870.299999999813735 ], [ 992116.0, 6760704.5 ], [ 992105.699999999953434, 6760669.599999999627471 ], [ 991964.5, 6760521.0 ], [ 991891.400000000023283, 6760505.599999999627471 ], [ 991849.199999999953434, 6760503.5 ], [ 991800.0, 6760470.900000000372529 ], [ 991743.099999999976717, 6760463.099999999627471 ], [ 991715.300000000046566, 6760442.0 ], [ 991725.400000000023283, 6760405.200000000186265 ], [ 991735.300000000046566, 6760343.900000000372529 ], [ 991788.099999999976717, 6760019.0 ], [ 991806.400000000023283, 6759991.299999999813735 ], [ 991825.5, 6759962.599999999627471 ], [ 991884.599999999976717, 6759861.099999999627471 ], [ 991902.400000000023283, 6759841.5 ], [ 991914.5, 6759798.700000000186265 ], [ 991948.599999999976717, 6759752.700000000186265 ], [ 992053.599999999976717, 6759621.799999999813735 ], [ 992049.599999999976717, 6759587.799999999813735 ], [ 992049.400000000023283, 6759586.799999999813735 ], [ 991971.300000000046566, 6759459.799999999813735 ], [ 991967.699999999953434, 6759441.900000000372529 ], [ 991965.900000000023283, 6759418.200000000186265 ], [ 991962.400000000023283, 6759409.599999999627471 ], [ 991960.599999999976717, 6759392.0 ], [ 991963.800000000046566, 6759369.5 ], [ 991964.5, 6759352.299999999813735 ], [ 991967.0, 6759329.700000000186265 ], [ 991967.400000000023283, 6759320.900000000372529 ], [ 991965.699999999953434, 6759311.700000000186265 ], [ 991963.599999999976717, 6759288.0 ], [ 991963.699999999953434, 6759273.799999999813735 ], [ 991967.599999999976717, 6759258.099999999627471 ], [ 991969.0, 6759238.0 ], [ 991978.900000000023283, 6759193.599999999627471 ], [ 991989.800000000046566, 6759158.700000000186265 ], [ 991993.199999999953434, 6759116.5 ], [ 991995.699999999953434, 6759094.799999999813735 ], [ 992000.5, 6759070.900000000372529 ], [ 992003.699999999953434, 6759036.900000000372529 ], [ 991993.900000000023283, 6758989.900000000372529 ], [ 991976.5, 6758900.200000000186265 ], [ 991969.699999999953434, 6758853.0 ], [ 991983.900000000023283, 6758808.700000000186265 ], [ 991994.099999999976717, 6758784.099999999627471 ], [ 992008.099999999976717, 6758746.599999999627471 ], [ 992011.400000000023283, 6758734.700000000186265 ], [ 992086.199999999953434, 6758727.400000000372529 ], [ 992138.599999999976717, 6758686.700000000186265 ], [ 992152.099999999976717, 6758673.700000000186265 ], [ 992211.900000000023283, 6758689.700000000186265 ], [ 992226.0, 6758694.200000000186265 ], [ 992263.099999999976717, 6758713.400000000372529 ], [ 992275.0, 6758718.700000000186265 ], [ 992286.400000000023283, 6758718.5 ], [ 992322.199999999953434, 6758711.599999999627471 ], [ 992325.300000000046566, 6758708.900000000372529 ], [ 992325.800000000046566, 6758707.599999999627471 ], [ 992500.900000000023283, 6758506.099999999627471 ], [ 992523.5, 6758470.5 ], [ 992585.900000000023283, 6758372.099999999627471 ], [ 992590.5, 6758364.599999999627471 ], [ 992596.800000000046566, 6758352.799999999813735 ], [ 992596.099999999976717, 6758349.799999999813735 ], [ 992624.300000000046566, 6758326.0 ], [ 992652.699999999953434, 6758277.400000000372529 ], [ 992645.599999999976717, 6758246.299999999813735 ], [ 992697.699999999953434, 6758184.799999999813735 ], [ 992716.0, 6758175.200000000186265 ], [ 992767.800000000046566, 6758153.299999999813735 ], [ 992792.400000000023283, 6758145.5 ], [ 992815.5, 6758144.200000000186265 ], [ 992845.400000000023283, 6758135.799999999813735 ], [ 992866.900000000023283, 6758125.5 ], [ 992873.0, 6758123.799999999813735 ], [ 992884.800000000046566, 6758123.099999999627471 ], [ 992893.599999999976717, 6758123.400000000372529 ], [ 992922.599999999976717, 6758124.900000000372529 ], [ 992951.5, 6758128.099999999627471 ], [ 992969.099999999976717, 6758130.700000000186265 ], [ 992967.400000000023283, 6758128.200000000186265 ], [ 992962.900000000023283, 6758124.700000000186265 ], [ 992954.800000000046566, 6758112.700000000186265 ], [ 992921.199999999953434, 6758071.299999999813735 ], [ 992905.599999999976717, 6758038.400000000372529 ], [ 992896.199999999953434, 6758011.5 ], [ 992891.5, 6757997.700000000186265 ], [ 992883.699999999953434, 6757963.599999999627471 ], [ 992881.5, 6757949.799999999813735 ], [ 992873.900000000023283, 6757906.200000000186265 ], [ 992869.699999999953434, 6757884.799999999813735 ], [ 992870.099999999976717, 6757879.900000000372529 ], [ 992870.199999999953434, 6757878.700000000186265 ], [ 992876.199999999953434, 6757805.799999999813735 ], [ 992881.599999999976717, 6757737.900000000372529 ], [ 992884.099999999976717, 6757719.200000000186265 ], [ 992886.900000000023283, 6757707.299999999813735 ], [ 992900.400000000023283, 6757681.900000000372529 ], [ 992938.599999999976717, 6757629.0 ], [ 992962.300000000046566, 6757621.799999999813735 ], [ 992974.400000000023283, 6757508.799999999813735 ], [ 992978.599999999976717, 6757480.299999999813735 ], [ 992985.0, 6757448.799999999813735 ], [ 992984.199999999953434, 6757448.400000000372529 ], [ 992989.0, 6757437.799999999813735 ], [ 992993.0, 6757425.700000000186265 ], [ 993004.5, 6757414.900000000372529 ], [ 993020.300000000046566, 6757389.900000000372529 ], [ 993030.099999999976717, 6757367.799999999813735 ], [ 993037.599999999976717, 6757349.200000000186265 ], [ 993041.900000000023283, 6757331.200000000186265 ], [ 993049.0, 6757294.099999999627471 ], [ 993050.699999999953434, 6757278.400000000372529 ], [ 993050.699999999953434, 6757268.200000000186265 ], [ 993052.300000000046566, 6757248.900000000372529 ], [ 993044.099999999976717, 6757230.200000000186265 ], [ 993034.300000000046566, 6757210.099999999627471 ], [ 993018.5, 6757187.5 ], [ 993007.599999999976717, 6757177.099999999627471 ], [ 992997.900000000023283, 6757149.200000000186265 ], [ 992954.300000000046566, 6757144.5 ], [ 992948.5, 6757139.299999999813735 ], [ 992943.300000000046566, 6757131.799999999813735 ], [ 992936.800000000046566, 6757116.900000000372529 ], [ 992924.900000000023283, 6757102.400000000372529 ], [ 992901.599999999976717, 6757064.299999999813735 ], [ 992882.199999999953434, 6757017.299999999813735 ], [ 992863.400000000023283, 6756972.0 ], [ 992842.800000000046566, 6756946.5 ], [ 992830.5, 6756935.0 ], [ 992814.199999999953434, 6756914.0 ], [ 992802.800000000046566, 6756903.900000000372529 ], [ 992771.800000000046566, 6756885.0 ], [ 992721.099999999976717, 6756856.700000000186265 ], [ 992685.099999999976717, 6756840.400000000372529 ], [ 992664.699999999953434, 6756830.099999999627471 ], [ 992618.5, 6756808.400000000372529 ], [ 992592.0, 6756793.299999999813735 ], [ 992562.099999999976717, 6756783.700000000186265 ], [ 992546.300000000046566, 6756779.900000000372529 ], [ 992516.599999999976717, 6756774.299999999813735 ], [ 992516.0, 6756774.400000000372529 ], [ 992501.599999999976717, 6756773.5 ], [ 992474.0, 6756773.900000000372529 ], [ 992430.599999999976717, 6756776.200000000186265 ], [ 992405.699999999953434, 6756775.799999999813735 ], [ 992387.800000000046566, 6756775.599999999627471 ], [ 992372.599999999976717, 6756774.5 ], [ 992363.300000000046566, 6756771.799999999813735 ], [ 992355.5, 6756767.700000000186265 ], [ 992346.699999999953434, 6756767.0 ], [ 992337.099999999976717, 6756768.299999999813735 ], [ 992326.800000000046566, 6756769.900000000372529 ], [ 992315.699999999953434, 6756770.0 ], [ 992279.199999999953434, 6756767.400000000372529 ], [ 992268.5, 6756765.200000000186265 ], [ 992256.5, 6756764.099999999627471 ], [ 992245.199999999953434, 6756762.200000000186265 ], [ 992233.699999999953434, 6756758.700000000186265 ], [ 992222.0, 6756754.400000000372529 ], [ 992211.099999999976717, 6756751.5 ], [ 992188.599999999976717, 6756750.700000000186265 ], [ 992169.5, 6756749.900000000372529 ], [ 992148.099999999976717, 6756750.099999999627471 ], [ 992137.300000000046566, 6756752.299999999813735 ], [ 992127.599999999976717, 6756757.099999999627471 ], [ 992119.800000000046566, 6756760.200000000186265 ], [ 992112.199999999953434, 6756760.900000000372529 ], [ 992104.400000000023283, 6756755.200000000186265 ], [ 992096.099999999976717, 6756743.700000000186265 ], [ 992091.400000000023283, 6756736.099999999627471 ], [ 992082.699999999953434, 6756725.400000000372529 ], [ 992066.599999999976717, 6756701.799999999813735 ], [ 992057.0, 6756688.5 ], [ 992040.699999999953434, 6756670.5 ], [ 992032.900000000023283, 6756658.799999999813735 ], [ 992024.400000000023283, 6756649.299999999813735 ], [ 992019.400000000023283, 6756645.400000000372529 ], [ 992006.599999999976717, 6756626.200000000186265 ], [ 991989.800000000046566, 6756598.5 ], [ 991973.099999999976717, 6756575.099999999627471 ], [ 991963.099999999976717, 6756558.900000000372529 ], [ 991940.800000000046566, 6756532.400000000372529 ], [ 991913.400000000023283, 6756503.900000000372529 ], [ 991895.300000000046566, 6756476.200000000186265 ], [ 991879.199999999953434, 6756459.700000000186265 ], [ 991834.5, 6756403.5 ], [ 991824.599999999976717, 6756387.799999999813735 ], [ 991819.599999999976717, 6756378.599999999627471 ], [ 991800.300000000046566, 6756341.799999999813735 ], [ 991786.300000000046566, 6756318.0 ], [ 991762.599999999976717, 6756283.700000000186265 ], [ 991751.0, 6756261.400000000372529 ], [ 991743.0, 6756244.599999999627471 ], [ 991738.699999999953434, 6756221.599999999627471 ], [ 991736.800000000046566, 6756218.200000000186265 ], [ 991708.5, 6756167.0 ], [ 991687.0, 6756131.400000000372529 ], [ 991674.099999999976717, 6756118.599999999627471 ], [ 991660.599999999976717, 6756099.5 ], [ 991622.400000000023283, 6756069.200000000186265 ], [ 991566.400000000023283, 6756032.900000000372529 ], [ 991535.300000000046566, 6756009.5 ], [ 991532.400000000023283, 6755995.0 ], [ 991517.800000000046566, 6755976.0 ], [ 991496.099999999976717, 6755953.599999999627471 ], [ 991478.300000000046566, 6755936.5 ], [ 991469.699999999953434, 6755901.900000000372529 ], [ 991464.800000000046566, 6755859.0 ], [ 991473.300000000046566, 6755650.5 ], [ 991472.199999999953434, 6755648.799999999813735 ], [ 991469.300000000046566, 6755632.700000000186265 ], [ 991469.400000000023283, 6755597.0 ], [ 991467.199999999953434, 6755568.299999999813735 ], [ 991463.0, 6755553.099999999627471 ], [ 991449.800000000046566, 6755495.200000000186265 ], [ 991444.699999999953434, 6755482.200000000186265 ], [ 991431.199999999953434, 6755453.700000000186265 ], [ 991427.0, 6755442.5 ], [ 991421.099999999976717, 6755434.799999999813735 ], [ 991403.400000000023283, 6755410.299999999813735 ], [ 991390.599999999976717, 6755377.5 ], [ 991387.900000000023283, 6755367.700000000186265 ], [ 991383.5, 6755356.700000000186265 ], [ 991376.0, 6755334.299999999813735 ], [ 991362.800000000046566, 6755305.900000000372529 ], [ 991362.400000000023283, 6755294.799999999813735 ], [ 991345.199999999953434, 6755260.599999999627471 ], [ 991333.5, 6755245.700000000186265 ], [ 991320.099999999976717, 6755232.400000000372529 ], [ 991302.300000000046566, 6755229.599999999627471 ], [ 991285.5, 6755230.299999999813735 ], [ 991264.599999999976717, 6755232.900000000372529 ], [ 991252.199999999953434, 6755236.599999999627471 ], [ 991226.5, 6755249.099999999627471 ], [ 991208.5, 6755254.700000000186265 ], [ 991183.0, 6755263.700000000186265 ], [ 991158.800000000046566, 6755270.799999999813735 ], [ 991144.599999999976717, 6755274.299999999813735 ], [ 991125.5, 6755277.900000000372529 ], [ 991112.300000000046566, 6755278.799999999813735 ], [ 991096.300000000046566, 6755278.400000000372529 ], [ 991078.099999999976717, 6755276.599999999627471 ], [ 991061.599999999976717, 6755273.5 ], [ 991052.5, 6755272.799999999813735 ], [ 991017.900000000023283, 6755275.700000000186265 ], [ 990994.300000000046566, 6755273.900000000372529 ], [ 990981.400000000023283, 6755273.900000000372529 ], [ 990812.599999999976717, 6755276.700000000186265 ], [ 990798.199999999953434, 6755276.099999999627471 ], [ 990786.800000000046566, 6755270.799999999813735 ], [ 990729.199999999953434, 6755216.299999999813735 ], [ 990723.199999999953434, 6755208.400000000372529 ], [ 990700.0, 6755199.099999999627471 ], [ 990651.5, 6755182.700000000186265 ], [ 990637.199999999953434, 6755172.0 ], [ 990601.099999999976717, 6755137.299999999813735 ], [ 990572.5, 6755108.200000000186265 ], [ 990555.5, 6755093.299999999813735 ], [ 990529.5, 6755077.700000000186265 ], [ 990511.300000000046566, 6755070.0 ], [ 990491.5, 6755064.099999999627471 ], [ 990444.300000000046566, 6755059.099999999627471 ], [ 990418.699999999953434, 6755057.5 ], [ 990383.5, 6755067.299999999813735 ], [ 990336.400000000023283, 6755071.700000000186265 ], [ 990298.199999999953434, 6755072.599999999627471 ], [ 990296.699999999953434, 6755073.099999999627471 ], [ 990273.199999999953434, 6755074.200000000186265 ], [ 990256.800000000046566, 6755070.599999999627471 ], [ 990234.0, 6755061.0 ], [ 990193.699999999953434, 6755048.299999999813735 ], [ 990162.400000000023283, 6755034.799999999813735 ], [ 990149.199999999953434, 6755016.599999999627471 ], [ 990124.400000000023283, 6755009.099999999627471 ], [ 990111.300000000046566, 6755001.900000000372529 ], [ 990098.800000000046566, 6754988.700000000186265 ], [ 990090.0, 6754974.299999999813735 ], [ 990080.400000000023283, 6754967.400000000372529 ], [ 990068.900000000023283, 6754962.5 ], [ 990058.400000000023283, 6754955.700000000186265 ], [ 990052.300000000046566, 6754949.400000000372529 ], [ 990048.099999999976717, 6754943.299999999813735 ], [ 990047.699999999953434, 6754940.400000000372529 ], [ 990040.599999999976717, 6754932.799999999813735 ], [ 990035.599999999976717, 6754925.599999999627471 ], [ 990031.699999999953434, 6754912.5 ], [ 990024.199999999953434, 6754896.400000000372529 ], [ 990022.599999999976717, 6754888.299999999813735 ], [ 990016.800000000046566, 6754878.599999999627471 ], [ 990009.199999999953434, 6754873.900000000372529 ], [ 990005.099999999976717, 6754872.900000000372529 ], [ 989993.400000000023283, 6754871.900000000372529 ], [ 989981.300000000046566, 6754865.900000000372529 ], [ 989968.599999999976717, 6754852.200000000186265 ], [ 989954.5, 6754843.799999999813735 ], [ 989935.599999999976717, 6754828.599999999627471 ], [ 989927.599999999976717, 6754814.599999999627471 ], [ 989925.300000000046566, 6754808.700000000186265 ], [ 989920.699999999953434, 6754802.5 ], [ 989915.300000000046566, 6754796.299999999813735 ], [ 989901.900000000023283, 6754789.900000000372529 ], [ 989897.400000000023283, 6754786.099999999627471 ], [ 989882.300000000046566, 6754786.0 ], [ 989870.599999999976717, 6754789.5 ], [ 989864.0, 6754788.0 ], [ 989846.400000000023283, 6754781.400000000372529 ], [ 989838.900000000023283, 6754776.900000000372529 ], [ 989832.800000000046566, 6754770.700000000186265 ], [ 989824.699999999953434, 6754766.099999999627471 ], [ 989814.199999999953434, 6754761.400000000372529 ], [ 989806.0, 6754756.0 ], [ 989785.400000000023283, 6754740.0 ], [ 989777.400000000023283, 6754735.700000000186265 ], [ 989770.599999999976717, 6754734.200000000186265 ], [ 989757.400000000023283, 6754738.099999999627471 ], [ 989741.900000000023283, 6754740.0 ], [ 989722.599999999976717, 6754746.5 ], [ 989710.699999999953434, 6754749.200000000186265 ], [ 989702.0, 6754748.900000000372529 ], [ 989693.400000000023283, 6754746.200000000186265 ], [ 989686.5, 6754746.299999999813735 ], [ 989680.800000000046566, 6754750.700000000186265 ], [ 989672.900000000023283, 6754761.599999999627471 ], [ 989665.599999999976717, 6754766.900000000372529 ], [ 989657.699999999953434, 6754767.299999999813735 ], [ 989649.199999999953434, 6754766.799999999813735 ], [ 989627.5, 6754760.599999999627471 ], [ 989617.199999999953434, 6754758.799999999813735 ], [ 989561.699999999953434, 6754756.599999999627471 ], [ 989552.300000000046566, 6754756.5 ], [ 989537.800000000046566, 6754757.5 ], [ 989529.599999999976717, 6754757.200000000186265 ], [ 989502.0, 6754754.400000000372529 ], [ 989480.099999999976717, 6754743.200000000186265 ], [ 989470.800000000046566, 6754737.700000000186265 ], [ 989463.5, 6754732.0 ], [ 989449.099999999976717, 6754726.0 ], [ 989442.099999999976717, 6754724.599999999627471 ], [ 989428.599999999976717, 6754724.0 ], [ 989423.099999999976717, 6754725.599999999627471 ], [ 989403.300000000046566, 6754733.5 ], [ 989385.599999999976717, 6754736.0 ], [ 989363.400000000023283, 6754737.700000000186265 ], [ 989342.099999999976717, 6754740.5 ], [ 989330.900000000023283, 6754740.599999999627471 ], [ 989312.199999999953434, 6754739.099999999627471 ], [ 989306.400000000023283, 6754739.799999999813735 ], [ 989303.599999999976717, 6754741.0 ], [ 989289.900000000023283, 6754754.599999999627471 ], [ 989284.599999999976717, 6754757.5 ], [ 989279.0, 6754759.200000000186265 ], [ 989272.599999999976717, 6754760.200000000186265 ], [ 989266.5, 6754760.0 ], [ 989261.5, 6754759.200000000186265 ], [ 989231.300000000046566, 6754742.900000000372529 ], [ 989222.5, 6754735.299999999813735 ], [ 989219.699999999953434, 6754728.299999999813735 ], [ 989217.099999999976717, 6754723.900000000372529 ], [ 989209.300000000046566, 6754717.099999999627471 ], [ 989205.099999999976717, 6754712.099999999627471 ], [ 989199.5, 6754702.5 ], [ 989197.300000000046566, 6754694.700000000186265 ], [ 989193.900000000023283, 6754675.700000000186265 ], [ 989192.699999999953434, 6754672.200000000186265 ], [ 989190.400000000023283, 6754669.299999999813735 ], [ 989187.599999999976717, 6754666.700000000186265 ], [ 989183.199999999953434, 6754664.799999999813735 ], [ 989174.5, 6754661.299999999813735 ], [ 989162.199999999953434, 6754655.799999999813735 ], [ 989156.0, 6754652.299999999813735 ], [ 989144.0, 6754646.099999999627471 ], [ 989142.599999999976717, 6754645.099999999627471 ], [ 989133.900000000023283, 6754638.799999999813735 ], [ 989125.400000000023283, 6754632.700000000186265 ], [ 989116.800000000046566, 6754629.0 ], [ 989112.300000000046566, 6754626.5 ], [ 989104.699999999953434, 6754622.099999999627471 ], [ 989097.0, 6754617.400000000372529 ], [ 989091.699999999953434, 6754613.0 ], [ 989086.0, 6754607.400000000372529 ], [ 989082.900000000023283, 6754603.200000000186265 ], [ 989082.099999999976717, 6754595.200000000186265 ], [ 989072.0, 6754591.099999999627471 ], [ 989068.900000000023283, 6754588.700000000186265 ], [ 989062.400000000023283, 6754584.599999999627471 ], [ 989055.599999999976717, 6754581.200000000186265 ], [ 989049.400000000023283, 6754578.599999999627471 ], [ 989043.099999999976717, 6754575.0 ], [ 989038.099999999976717, 6754571.700000000186265 ], [ 989030.300000000046566, 6754567.799999999813735 ], [ 989022.699999999953434, 6754564.200000000186265 ], [ 989016.0, 6754559.799999999813735 ], [ 989011.900000000023283, 6754556.400000000372529 ], [ 989006.900000000023283, 6754551.400000000372529 ], [ 989002.699999999953434, 6754545.099999999627471 ], [ 988999.099999999976717, 6754538.099999999627471 ], [ 988997.099999999976717, 6754530.200000000186265 ], [ 988996.599999999976717, 6754526.0 ], [ 988996.699999999953434, 6754520.400000000372529 ], [ 988996.5, 6754513.700000000186265 ], [ 988994.599999999976717, 6754506.400000000372529 ], [ 988988.699999999953434, 6754501.599999999627471 ], [ 988984.900000000023283, 6754499.0 ], [ 988975.900000000023283, 6754493.700000000186265 ], [ 988970.400000000023283, 6754490.5 ], [ 988967.300000000046566, 6754486.299999999813735 ], [ 988966.5, 6754481.799999999813735 ], [ 988966.5, 6754478.200000000186265 ], [ 988966.699999999953434, 6754474.5 ], [ 988966.900000000023283, 6754470.200000000186265 ], [ 988966.900000000023283, 6754467.200000000186265 ], [ 988965.800000000046566, 6754464.200000000186265 ], [ 988963.900000000023283, 6754461.200000000186265 ], [ 988957.099999999976717, 6754454.200000000186265 ], [ 988951.099999999976717, 6754445.200000000186265 ], [ 988943.900000000023283, 6754438.0 ], [ 988938.099999999976717, 6754434.299999999813735 ], [ 988932.300000000046566, 6754435.700000000186265 ], [ 988927.599999999976717, 6754435.099999999627471 ], [ 988924.599999999976717, 6754433.099999999627471 ], [ 988917.800000000046566, 6754427.099999999627471 ], [ 988912.0, 6754420.299999999813735 ], [ 988902.400000000023283, 6754413.099999999627471 ], [ 988894.300000000046566, 6754406.799999999813735 ], [ 988890.900000000023283, 6754405.5 ], [ 988887.400000000023283, 6754404.099999999627471 ], [ 988879.400000000023283, 6754401.099999999627471 ], [ 988871.0, 6754396.099999999627471 ], [ 988860.400000000023283, 6754390.299999999813735 ], [ 988852.400000000023283, 6754385.400000000372529 ], [ 988850.400000000023283, 6754384.099999999627471 ], [ 988841.400000000023283, 6754378.599999999627471 ], [ 988832.800000000046566, 6754373.5 ], [ 988825.599999999976717, 6754368.5 ], [ 988816.199999999953434, 6754308.299999999813735 ], [ 988812.099999999976717, 6754305.5 ], [ 988807.099999999976717, 6754300.900000000372529 ], [ 988801.300000000046566, 6754293.099999999627471 ], [ 988793.900000000023283, 6754289.5 ], [ 988784.800000000046566, 6754287.200000000186265 ], [ 988774.300000000046566, 6754280.900000000372529 ], [ 988766.800000000046566, 6754278.0 ], [ 988759.300000000046566, 6754274.099999999627471 ], [ 988756.300000000046566, 6754271.299999999813735 ], [ 988753.300000000046566, 6754266.900000000372529 ], [ 988736.900000000023283, 6754237.799999999813735 ], [ 988731.099999999976717, 6754229.200000000186265 ], [ 988726.0, 6754226.099999999627471 ], [ 988721.699999999953434, 6754225.799999999813735 ], [ 988716.199999999953434, 6754223.900000000372529 ], [ 988712.599999999976717, 6754220.799999999813735 ], [ 988710.599999999976717, 6754216.400000000372529 ], [ 988706.599999999976717, 6754211.700000000186265 ], [ 988699.800000000046566, 6754205.799999999813735 ], [ 988696.5, 6754203.700000000186265 ], [ 988674.5, 6754200.299999999813735 ], [ 988655.099999999976717, 6754197.799999999813735 ], [ 988641.400000000023283, 6754106.400000000372529 ], [ 988554.400000000023283, 6754021.400000000372529 ], [ 988313.800000000046566, 6754083.5 ], [ 988253.699999999953434, 6754118.599999999627471 ], [ 988241.099999999976717, 6754130.400000000372529 ], [ 988234.400000000023283, 6754140.099999999627471 ], [ 988227.099999999976717, 6754148.299999999813735 ], [ 988211.599999999976717, 6754150.599999999627471 ], [ 988193.0, 6754160.400000000372529 ], [ 988175.699999999953434, 6754166.200000000186265 ], [ 988145.900000000023283, 6754181.0 ], [ 988122.099999999976717, 6754188.799999999813735 ], [ 988117.800000000046566, 6754189.0 ], [ 988111.900000000023283, 6754187.099999999627471 ], [ 988108.300000000046566, 6754184.700000000186265 ], [ 988104.699999999953434, 6754181.0 ], [ 988101.900000000023283, 6754179.0 ], [ 988094.300000000046566, 6754177.200000000186265 ], [ 988087.5, 6754178.099999999627471 ], [ 988075.300000000046566, 6754181.0 ], [ 988066.400000000023283, 6754181.799999999813735 ], [ 988059.5, 6754181.200000000186265 ], [ 988046.800000000046566, 6754177.900000000372529 ], [ 988042.0, 6754177.700000000186265 ], [ 988035.300000000046566, 6754178.900000000372529 ], [ 988032.599999999976717, 6754179.400000000372529 ], [ 988029.699999999953434, 6754179.700000000186265 ], [ 988026.0, 6754180.099999999627471 ], [ 988022.900000000023283, 6754180.299999999813735 ], [ 988019.800000000046566, 6754180.5 ], [ 988016.699999999953434, 6754180.299999999813735 ], [ 988012.599999999976717, 6754179.900000000372529 ], [ 988008.199999999953434, 6754179.200000000186265 ], [ 988003.300000000046566, 6754178.299999999813735 ], [ 987999.099999999976717, 6754176.900000000372529 ], [ 987995.300000000046566, 6754175.5 ], [ 987991.5, 6754174.200000000186265 ], [ 987988.0, 6754173.0 ], [ 987984.199999999953434, 6754172.099999999627471 ], [ 987979.900000000023283, 6754170.700000000186265 ], [ 987975.099999999976717, 6754168.400000000372529 ], [ 987974.0, 6754167.400000000372529 ], [ 987973.400000000023283, 6754165.599999999627471 ], [ 987972.800000000046566, 6754162.200000000186265 ], [ 987971.800000000046566, 6754158.900000000372529 ], [ 987970.900000000023283, 6754156.400000000372529 ], [ 987969.099999999976717, 6754153.700000000186265 ], [ 987967.699999999953434, 6754150.700000000186265 ], [ 987965.699999999953434, 6754148.700000000186265 ], [ 987963.300000000046566, 6754146.700000000186265 ], [ 987960.599999999976717, 6754144.299999999813735 ], [ 987957.400000000023283, 6754141.799999999813735 ], [ 987954.800000000046566, 6754139.599999999627471 ], [ 987952.300000000046566, 6754137.5 ], [ 987949.300000000046566, 6754134.799999999813735 ], [ 987945.699999999953434, 6754130.0 ], [ 987944.599999999976717, 6754128.299999999813735 ], [ 987942.900000000023283, 6754125.799999999813735 ], [ 987941.5, 6754123.5 ], [ 987939.5, 6754120.900000000372529 ], [ 987937.199999999953434, 6754118.099999999627471 ], [ 987934.800000000046566, 6754115.099999999627471 ], [ 987932.0, 6754112.5 ], [ 987928.900000000023283, 6754110.299999999813735 ], [ 987926.099999999976717, 6754109.0 ], [ 987923.199999999953434, 6754107.0 ], [ 987920.199999999953434, 6754104.799999999813735 ], [ 987917.300000000046566, 6754102.900000000372529 ], [ 987914.599999999976717, 6754101.599999999627471 ], [ 987911.699999999953434, 6754100.5 ], [ 987908.599999999976717, 6754098.900000000372529 ], [ 987906.0, 6754097.400000000372529 ], [ 987903.199999999953434, 6754095.599999999627471 ], [ 987900.900000000023283, 6754093.299999999813735 ], [ 987899.199999999953434, 6754089.900000000372529 ], [ 987898.199999999953434, 6754087.700000000186265 ], [ 987897.400000000023283, 6754086.5 ], [ 987896.400000000023283, 6754085.0 ], [ 987895.099999999976717, 6754083.299999999813735 ], [ 987892.800000000046566, 6754080.5 ], [ 987890.900000000023283, 6754078.900000000372529 ], [ 987888.800000000046566, 6754077.400000000372529 ], [ 987886.599999999976717, 6754076.599999999627471 ], [ 987884.699999999953434, 6754075.799999999813735 ], [ 987881.900000000023283, 6754074.700000000186265 ], [ 987874.599999999976717, 6754073.5 ], [ 987868.400000000023283, 6754071.299999999813735 ], [ 987863.800000000046566, 6754069.400000000372529 ], [ 987863.199999999953434, 6754069.0 ], [ 987859.900000000023283, 6754067.099999999627471 ], [ 987859.199999999953434, 6754066.299999999813735 ], [ 987855.199999999953434, 6754063.700000000186265 ], [ 987786.5, 6754018.299999999813735 ], [ 987712.900000000023283, 6753969.5 ], [ 987711.099999999976717, 6753968.299999999813735 ], [ 987708.099999999976717, 6753967.900000000372529 ], [ 987680.300000000046566, 6753958.299999999813735 ], [ 987670.099999999976717, 6753952.900000000372529 ], [ 987668.800000000046566, 6753951.200000000186265 ], [ 987642.900000000023283, 6753985.900000000372529 ], [ 987612.699999999953434, 6754024.0 ], [ 987589.699999999953434, 6754056.799999999813735 ], [ 987586.300000000046566, 6754063.0 ], [ 987581.400000000023283, 6754069.099999999627471 ], [ 987572.300000000046566, 6754075.400000000372529 ], [ 987535.699999999953434, 6754098.0 ], [ 987434.300000000046566, 6754159.700000000186265 ], [ 987429.800000000046566, 6754162.299999999813735 ], [ 987411.400000000023283, 6754171.400000000372529 ], [ 987392.800000000046566, 6754182.200000000186265 ], [ 987382.400000000023283, 6754182.400000000372529 ], [ 987374.699999999953434, 6754180.0 ], [ 987334.099999999976717, 6754164.400000000372529 ], [ 987279.300000000046566, 6754151.5 ], [ 987267.0, 6754150.299999999813735 ], [ 987256.5, 6754150.700000000186265 ], [ 987247.199999999953434, 6754149.799999999813735 ], [ 987231.199999999953434, 6754146.200000000186265 ], [ 987204.5, 6754138.599999999627471 ], [ 987193.300000000046566, 6754134.200000000186265 ], [ 987185.300000000046566, 6754131.0 ], [ 987174.900000000023283, 6754124.5 ], [ 987161.300000000046566, 6754110.799999999813735 ], [ 987152.5, 6754101.900000000372529 ], [ 987148.0, 6754099.400000000372529 ], [ 987137.900000000023283, 6754092.700000000186265 ], [ 987127.0, 6754050.299999999813735 ], [ 987124.800000000046566, 6754029.5 ], [ 987119.800000000046566, 6754014.700000000186265 ], [ 987115.300000000046566, 6754003.599999999627471 ], [ 987087.5, 6753960.599999999627471 ], [ 987070.300000000046566, 6753935.599999999627471 ], [ 987048.0, 6753909.5 ], [ 987029.300000000046566, 6753889.099999999627471 ], [ 987020.699999999953434, 6753879.900000000372529 ], [ 987000.199999999953434, 6753852.599999999627471 ], [ 986985.599999999976717, 6753838.200000000186265 ], [ 986980.699999999953434, 6753833.200000000186265 ], [ 986973.5, 6753827.400000000372529 ], [ 986963.400000000023283, 6753817.900000000372529 ], [ 986956.400000000023283, 6753813.299999999813735 ], [ 986948.400000000023283, 6753810.700000000186265 ], [ 986940.800000000046566, 6753805.900000000372529 ], [ 986925.400000000023283, 6753788.099999999627471 ], [ 986909.300000000046566, 6753770.299999999813735 ], [ 986900.699999999953434, 6753758.599999999627471 ], [ 986895.400000000023283, 6753748.400000000372529 ], [ 986889.699999999953434, 6753734.299999999813735 ], [ 986881.900000000023283, 6753709.299999999813735 ], [ 986870.300000000046566, 6753663.900000000372529 ], [ 986864.5, 6753642.099999999627471 ], [ 986862.199999999953434, 6753630.400000000372529 ], [ 986853.900000000023283, 6753635.599999999627471 ], [ 986847.599999999976717, 6753618.599999999627471 ], [ 986837.699999999953434, 6753592.299999999813735 ], [ 986829.300000000046566, 6753566.099999999627471 ], [ 986827.099999999976717, 6753550.200000000186265 ], [ 986823.0, 6753520.400000000372529 ], [ 986822.0, 6753498.400000000372529 ], [ 986819.199999999953434, 6753485.400000000372529 ], [ 986814.800000000046566, 6753464.5 ], [ 986808.0, 6753442.099999999627471 ], [ 986801.599999999976717, 6753431.200000000186265 ], [ 986793.599999999976717, 6753425.599999999627471 ], [ 986779.699999999953434, 6753418.099999999627471 ], [ 986768.900000000023283, 6753411.799999999813735 ], [ 986685.800000000046566, 6753311.799999999813735 ], [ 986555.300000000046566, 6753243.0 ], [ 986520.099999999976717, 6753213.299999999813735 ], [ 986444.800000000046566, 6753179.0 ], [ 986329.400000000023283, 6753115.099999999627471 ], [ 986308.900000000023283, 6753065.299999999813735 ], [ 986273.800000000046566, 6753050.599999999627471 ], [ 986248.599999999976717, 6753020.799999999813735 ], [ 986188.300000000046566, 6752981.400000000372529 ], [ 986133.099999999976717, 6752956.900000000372529 ], [ 986067.800000000046566, 6752912.5 ], [ 986055.900000000023283, 6752803.799999999813735 ], [ 985834.0, 6752969.799999999813735 ], [ 985836.800000000046566, 6753088.400000000372529 ], [ 985811.900000000023283, 6753101.200000000186265 ], [ 985807.300000000046566, 6753105.200000000186265 ], [ 985799.699999999953434, 6753112.099999999627471 ], [ 985797.900000000023283, 6753113.799999999813735 ], [ 985733.199999999953434, 6753209.700000000186265 ], [ 985703.900000000023283, 6753252.0 ], [ 985686.800000000046566, 6753266.200000000186265 ], [ 985657.300000000046566, 6753280.599999999627471 ], [ 985630.900000000023283, 6753298.0 ], [ 985589.099999999976717, 6753337.299999999813735 ], [ 985562.099999999976717, 6753363.700000000186265 ], [ 985552.599999999976717, 6753372.900000000372529 ], [ 985482.400000000023283, 6753397.200000000186265 ], [ 985267.699999999953434, 6753419.0 ], [ 985213.0, 6753449.5 ], [ 985083.599999999976717, 6753500.599999999627471 ], [ 985085.0, 6753670.400000000372529 ], [ 984845.699999999953434, 6753722.5 ], [ 984796.099999999976717, 6753762.900000000372529 ], [ 984761.300000000046566, 6753788.200000000186265 ], [ 984654.5, 6753909.299999999813735 ], [ 984525.199999999953434, 6753944.799999999813735 ], [ 984402.699999999953434, 6754034.900000000372529 ], [ 984270.900000000023283, 6754157.799999999813735 ], [ 984241.699999999953434, 6754198.700000000186265 ], [ 984228.199999999953434, 6754265.900000000372529 ], [ 984202.599999999976717, 6754333.400000000372529 ], [ 983978.300000000046566, 6754413.400000000372529 ], [ 983914.400000000023283, 6754434.599999999627471 ], [ 983814.900000000023283, 6754467.900000000372529 ], [ 983710.5, 6754503.200000000186265 ], [ 983663.800000000046566, 6754517.5 ], [ 983611.5, 6754600.700000000186265 ], [ 983549.5, 6754681.700000000186265 ], [ 983483.599999999976717, 6754768.099999999627471 ], [ 983337.5, 6754959.700000000186265 ], [ 983328.300000000046566, 6755054.700000000186265 ], [ 983336.699999999953434, 6755086.099999999627471 ], [ 983449.699999999953434, 6755228.5 ], [ 983469.800000000046566, 6755243.299999999813735 ], [ 983475.300000000046566, 6755303.200000000186265 ], [ 983528.099999999976717, 6755627.5 ], [ 983588.800000000046566, 6755711.900000000372529 ], [ 983559.900000000023283, 6755837.099999999627471 ], [ 983555.5, 6755902.099999999627471 ], [ 983511.0, 6755962.400000000372529 ], [ 983496.099999999976717, 6755967.599999999627471 ], [ 983431.900000000023283, 6756053.099999999627471 ], [ 983407.300000000046566, 6756103.200000000186265 ], [ 983497.699999999953434, 6756152.400000000372529 ], [ 983507.800000000046566, 6756167.299999999813735 ], [ 983458.5, 6756242.700000000186265 ], [ 983438.5, 6756242.900000000372529 ], [ 983373.099999999976717, 6756193.5 ], [ 983348.099999999976717, 6756188.700000000186265 ], [ 983238.5, 6756242.400000000372529 ], [ 983234.199999999953434, 6756244.400000000372529 ], [ 983223.699999999953434, 6756249.700000000186265 ], [ 983184.199999999953434, 6756305.0 ], [ 983051.400000000023283, 6756546.0 ], [ 982993.300000000046566, 6756658.400000000372529 ], [ 982973.300000000046566, 6756690.599999999627471 ], [ 982972.699999999953434, 6756691.599999999627471 ], [ 982958.099999999976717, 6756741.700000000186265 ], [ 982883.400000000023283, 6756767.299999999813735 ], [ 982789.400000000023283, 6756873.0 ], [ 982579.0, 6756804.900000000372529 ], [ 982439.199999999953434, 6756816.099999999627471 ], [ 982244.599999999976717, 6756847.799999999813735 ], [ 982080.099999999976717, 6756899.200000000186265 ], [ 981855.300000000046566, 6756906.099999999627471 ], [ 981586.300000000046566, 6756988.400000000372529 ], [ 981567.0, 6757073.5 ], [ 981500.099999999976717, 6757080.799999999813735 ], [ 981477.800000000046566, 6757034.099999999627471 ], [ 981421.900000000023283, 6757049.799999999813735 ], [ 981383.300000000046566, 6757210.0 ], [ 981357.5, 6757488.400000000372529 ], [ 981088.5, 6757606.200000000186265 ], [ 980882.400000000023283, 6757639.0 ], [ 980762.599999999976717, 6757655.0 ], [ 980722.300000000046566, 6757615.400000000372529 ], [ 980712.300000000046566, 6757610.5 ], [ 980666.699999999953434, 6757581.799999999813735 ], [ 980560.599999999976717, 6757590.5 ], [ 980502.400000000023283, 6757612.299999999813735 ], [ 980438.300000000046566, 6757640.099999999627471 ], [ 980436.800000000046566, 6757645.099999999627471 ], [ 980434.099999999976717, 6757648.900000000372529 ], [ 980430.400000000023283, 6757651.400000000372529 ], [ 980425.199999999953434, 6757653.599999999627471 ], [ 980415.400000000023283, 6757655.0 ], [ 980413.0, 6757655.299999999813735 ], [ 980402.5, 6757656.200000000186265 ], [ 980386.300000000046566, 6757658.5 ], [ 980368.0, 6757663.599999999627471 ], [ 980342.5, 6757670.900000000372529 ], [ 980336.099999999976717, 6757674.0 ], [ 980329.5, 6757678.400000000372529 ], [ 980321.099999999976717, 6757681.900000000372529 ], [ 980311.599999999976717, 6757684.700000000186265 ], [ 980300.5, 6757686.700000000186265 ], [ 980293.300000000046566, 6757686.5 ], [ 980285.5, 6757685.799999999813735 ], [ 980275.800000000046566, 6757684.400000000372529 ], [ 980260.699999999953434, 6757682.700000000186265 ], [ 980251.5, 6757683.099999999627471 ], [ 980242.400000000023283, 6757684.0 ], [ 980228.800000000046566, 6757685.900000000372529 ], [ 980214.599999999976717, 6757689.400000000372529 ], [ 980205.0, 6757690.799999999813735 ], [ 980194.099999999976717, 6757691.099999999627471 ], [ 980182.400000000023283, 6757690.900000000372529 ], [ 980172.0, 6757690.5 ], [ 980159.800000000046566, 6757687.900000000372529 ], [ 980149.099999999976717, 6757685.700000000186265 ], [ 980136.300000000046566, 6757684.0 ], [ 980129.400000000023283, 6757684.599999999627471 ], [ 980116.5, 6757686.599999999627471 ], [ 980100.5, 6757691.099999999627471 ], [ 980100.699999999953434, 6757698.400000000372529 ], [ 980099.800000000046566, 6757704.799999999813735 ], [ 980097.599999999976717, 6757709.200000000186265 ], [ 980094.300000000046566, 6757712.5 ], [ 980089.099999999976717, 6757715.0 ], [ 980083.099999999976717, 6757717.400000000372529 ], [ 980078.599999999976717, 6757721.700000000186265 ], [ 980075.400000000023283, 6757727.099999999627471 ], [ 980071.699999999953434, 6757737.700000000186265 ], [ 980065.300000000046566, 6757752.299999999813735 ], [ 980053.800000000046566, 6757780.0 ], [ 980045.900000000023283, 6757793.799999999813735 ], [ 980036.099999999976717, 6757804.099999999627471 ], [ 980025.800000000046566, 6757811.5 ], [ 980013.400000000023283, 6757816.900000000372529 ], [ 979995.699999999953434, 6757824.0 ], [ 979974.199999999953434, 6757831.799999999813735 ], [ 979958.5, 6757836.0 ], [ 979945.199999999953434, 6757838.599999999627471 ], [ 979933.5, 6757839.799999999813735 ], [ 979921.400000000023283, 6757839.599999999627471 ], [ 979907.300000000046566, 6757839.0 ], [ 979896.800000000046566, 6757838.200000000186265 ], [ 979881.300000000046566, 6757838.0 ], [ 979865.300000000046566, 6757838.299999999813735 ], [ 979816.199999999953434, 6757838.799999999813735 ], [ 979801.900000000023283, 6757839.900000000372529 ], [ 979789.599999999976717, 6757842.5 ], [ 979778.5, 6757845.900000000372529 ], [ 979767.0, 6757849.700000000186265 ], [ 979756.699999999953434, 6757853.200000000186265 ], [ 979737.699999999953434, 6757860.400000000372529 ], [ 979713.199999999953434, 6757869.5 ], [ 979669.099999999976717, 6757887.299999999813735 ], [ 979651.599999999976717, 6757894.299999999813735 ], [ 979640.0, 6757898.400000000372529 ], [ 979630.699999999953434, 6757900.599999999627471 ], [ 979622.800000000046566, 6757901.0 ], [ 979614.900000000023283, 6757900.900000000372529 ], [ 979605.699999999953434, 6757899.5 ], [ 979598.300000000046566, 6757897.0 ], [ 979593.599999999976717, 6757894.900000000372529 ], [ 979587.199999999953434, 6757890.5 ], [ 979581.599999999976717, 6757885.0 ], [ 979577.699999999953434, 6757878.599999999627471 ], [ 979569.400000000023283, 6757859.0 ], [ 979564.699999999953434, 6757847.400000000372529 ], [ 979560.0, 6757836.5 ], [ 979555.300000000046566, 6757828.099999999627471 ], [ 979551.599999999976717, 6757823.599999999627471 ], [ 979547.800000000046566, 6757821.599999999627471 ], [ 979542.800000000046566, 6757821.200000000186265 ], [ 979536.800000000046566, 6757822.299999999813735 ], [ 979529.599999999976717, 6757825.799999999813735 ], [ 979517.599999999976717, 6757830.700000000186265 ], [ 979504.699999999953434, 6757833.599999999627471 ], [ 979497.599999999976717, 6757834.099999999627471 ], [ 979489.599999999976717, 6757832.5 ], [ 979478.199999999953434, 6757830.400000000372529 ], [ 979468.699999999953434, 6757829.099999999627471 ], [ 979458.300000000046566, 6757828.900000000372529 ], [ 979448.199999999953434, 6757829.599999999627471 ], [ 979429.599999999976717, 6757830.700000000186265 ], [ 979422.699999999953434, 6757829.0 ], [ 979415.699999999953434, 6757825.5 ], [ 979407.699999999953434, 6757820.299999999813735 ], [ 979374.800000000046566, 6757793.0 ], [ 979366.400000000023283, 6757788.599999999627471 ], [ 979359.0, 6757786.900000000372529 ], [ 979352.900000000023283, 6757786.799999999813735 ], [ 979347.199999999953434, 6757788.700000000186265 ], [ 979343.0, 6757792.5 ], [ 979340.800000000046566, 6757798.299999999813735 ], [ 979340.199999999953434, 6757804.5 ], [ 979341.199999999953434, 6757811.299999999813735 ], [ 979344.300000000046566, 6757818.0 ], [ 979349.400000000023283, 6757825.299999999813735 ], [ 979356.800000000046566, 6757831.599999999627471 ], [ 979379.0, 6757856.299999999813735 ], [ 979385.199999999953434, 6757866.599999999627471 ], [ 979387.800000000046566, 6757874.400000000372529 ], [ 979387.900000000023283, 6757879.799999999813735 ], [ 979386.199999999953434, 6757886.599999999627471 ], [ 979382.199999999953434, 6757893.599999999627471 ], [ 979377.0, 6757902.299999999813735 ], [ 979372.800000000046566, 6757913.0 ], [ 979369.300000000046566, 6757923.799999999813735 ], [ 979367.599999999976717, 6757934.799999999813735 ], [ 979368.0, 6757944.700000000186265 ], [ 979368.199999999953434, 6757953.5 ], [ 979367.5, 6757962.400000000372529 ], [ 979365.400000000023283, 6757969.099999999627471 ], [ 979362.0, 6757974.799999999813735 ], [ 979356.099999999976717, 6757983.299999999813735 ], [ 979342.400000000023283, 6758001.700000000186265 ], [ 979330.400000000023283, 6758019.5 ], [ 979328.699999999953434, 6758021.900000000372529 ], [ 979323.800000000046566, 6758031.099999999627471 ], [ 979320.5, 6758042.900000000372529 ], [ 979316.199999999953434, 6758064.400000000372529 ], [ 979310.900000000023283, 6758095.0 ], [ 979307.099999999976717, 6758113.900000000372529 ], [ 979304.900000000023283, 6758128.900000000372529 ], [ 979304.699999999953434, 6758139.599999999627471 ], [ 979305.900000000023283, 6758151.400000000372529 ], [ 979308.900000000023283, 6758168.099999999627471 ], [ 979314.800000000046566, 6758192.5 ], [ 979323.599999999976717, 6758228.400000000372529 ], [ 979213.099999999976717, 6758240.299999999813735 ], [ 979204.5, 6758234.599999999627471 ], [ 979204.099999999976717, 6758234.5 ], [ 979197.699999999953434, 6758232.700000000186265 ], [ 979191.400000000023283, 6758232.599999999627471 ], [ 979187.099999999976717, 6758233.299999999813735 ], [ 979183.300000000046566, 6758233.799999999813735 ], [ 979177.199999999953434, 6758236.5 ], [ 979166.300000000046566, 6758240.400000000372529 ], [ 979145.300000000046566, 6758246.5 ], [ 979131.900000000023283, 6758248.700000000186265 ], [ 979117.199999999953434, 6758250.599999999627471 ], [ 979069.199999999953434, 6758253.900000000372529 ], [ 979022.699999999953434, 6758256.299999999813735 ], [ 979005.5, 6758258.0 ], [ 978997.400000000023283, 6758259.900000000372529 ], [ 978990.400000000023283, 6758264.099999999627471 ], [ 978967.699999999953434, 6758279.200000000186265 ], [ 978934.5, 6758299.200000000186265 ], [ 978911.099999999976717, 6758313.799999999813735 ], [ 978889.800000000046566, 6758326.799999999813735 ], [ 978871.0, 6758335.799999999813735 ], [ 978861.699999999953434, 6758339.0 ], [ 978853.300000000046566, 6758340.5 ], [ 978840.699999999953434, 6758342.200000000186265 ], [ 978834.099999999976717, 6758344.099999999627471 ], [ 978828.5, 6758348.0 ], [ 978823.900000000023283, 6758353.5 ], [ 978820.599999999976717, 6758361.400000000372529 ], [ 978818.800000000046566, 6758370.900000000372529 ], [ 978814.900000000023283, 6758393.099999999627471 ], [ 978812.0, 6758411.400000000372529 ], [ 978810.199999999953434, 6758422.700000000186265 ], [ 978809.900000000023283, 6758424.200000000186265 ], [ 978804.300000000046566, 6758456.299999999813735 ], [ 978795.900000000023283, 6758503.5 ], [ 978791.099999999976717, 6758524.299999999813735 ], [ 978788.199999999953434, 6758534.599999999627471 ], [ 978784.300000000046566, 6758543.299999999813735 ], [ 978779.400000000023283, 6758552.799999999813735 ], [ 978772.300000000046566, 6758563.200000000186265 ], [ 978756.199999999953434, 6758581.5 ], [ 978726.0, 6758617.0 ], [ 978717.5, 6758625.5 ], [ 978709.400000000023283, 6758629.900000000372529 ], [ 978698.900000000023283, 6758633.799999999813735 ], [ 978686.900000000023283, 6758635.0 ], [ 978643.5, 6758637.700000000186265 ], [ 978623.800000000046566, 6758638.599999999627471 ], [ 978605.300000000046566, 6758641.0 ], [ 978595.199999999953434, 6758642.700000000186265 ], [ 978588.900000000023283, 6758644.900000000372529 ], [ 978583.300000000046566, 6758649.099999999627471 ], [ 978578.699999999953434, 6758654.799999999813735 ], [ 978575.400000000023283, 6758661.599999999627471 ], [ 978570.900000000023283, 6758675.799999999813735 ], [ 978567.5, 6758683.799999999813735 ], [ 978564.099999999976717, 6758690.400000000372529 ], [ 978559.400000000023283, 6758695.200000000186265 ], [ 978551.599999999976717, 6758699.0 ], [ 978543.699999999953434, 6758700.400000000372529 ], [ 978535.099999999976717, 6758701.099999999627471 ], [ 978522.0, 6758700.900000000372529 ], [ 978501.699999999953434, 6758698.0 ], [ 978482.900000000023283, 6758696.0 ], [ 978463.400000000023283, 6758693.599999999627471 ], [ 978444.900000000023283, 6758691.700000000186265 ], [ 978433.199999999953434, 6758690.5 ], [ 978424.0, 6758689.5 ], [ 978407.099999999976717, 6758690.5 ], [ 978396.699999999953434, 6758693.599999999627471 ], [ 978385.400000000023283, 6758699.299999999813735 ], [ 978366.099999999976717, 6758709.099999999627471 ], [ 978343.099999999976717, 6758720.799999999813735 ], [ 978326.099999999976717, 6758730.599999999627471 ], [ 978316.400000000023283, 6758738.0 ], [ 978313.900000000023283, 6758740.0 ], [ 978299.599999999976717, 6758752.799999999813735 ], [ 978279.300000000046566, 6758773.799999999813735 ], [ 978263.5, 6758792.799999999813735 ], [ 978255.199999999953434, 6758803.799999999813735 ], [ 978252.400000000023283, 6758810.700000000186265 ], [ 978249.099999999976717, 6758818.400000000372529 ], [ 978247.400000000023283, 6758824.0 ], [ 978242.199999999953434, 6758840.200000000186265 ], [ 978229.599999999976717, 6758849.799999999813735 ], [ 978212.599999999976717, 6758863.900000000372529 ], [ 978203.300000000046566, 6758873.400000000372529 ], [ 978192.400000000023283, 6758876.599999999627471 ], [ 978176.699999999953434, 6758875.200000000186265 ], [ 978153.400000000023283, 6758883.200000000186265 ], [ 978111.199999999953434, 6758888.299999999813735 ], [ 978064.5, 6758901.200000000186265 ], [ 978050.599999999976717, 6758915.299999999813735 ], [ 978044.5, 6758935.700000000186265 ], [ 978032.199999999953434, 6758954.5 ], [ 978013.599999999976717, 6758967.200000000186265 ], [ 977988.699999999953434, 6758979.900000000372529 ], [ 977967.0, 6759002.0 ], [ 977954.199999999953434, 6759026.799999999813735 ], [ 977909.0, 6759035.5 ], [ 977904.199999999953434, 6759036.400000000372529 ], [ 977894.699999999953434, 6759038.099999999627471 ], [ 977871.300000000046566, 6759042.599999999627471 ], [ 977857.599999999976717, 6759045.900000000372529 ], [ 977843.300000000046566, 6759050.0 ], [ 977822.900000000023283, 6759057.5 ], [ 977792.599999999976717, 6759068.5 ], [ 977776.199999999953434, 6759073.200000000186265 ], [ 977767.5, 6759074.400000000372529 ], [ 977758.5, 6759074.400000000372529 ], [ 977741.599999999976717, 6759074.400000000372529 ], [ 977733.5, 6759074.299999999813735 ], [ 977682.199999999953434, 6759090.700000000186265 ], [ 977544.599999999976717, 6759153.700000000186265 ], [ 977539.800000000046566, 6759174.5 ], [ 977534.599999999976717, 6759191.799999999813735 ], [ 977529.599999999976717, 6759200.599999999627471 ], [ 977523.0, 6759205.799999999813735 ], [ 977513.900000000023283, 6759211.400000000372529 ], [ 977500.0, 6759216.900000000372529 ], [ 977483.599999999976717, 6759222.299999999813735 ], [ 977433.800000000046566, 6759241.599999999627471 ], [ 977420.5, 6759246.599999999627471 ], [ 977397.400000000023283, 6759255.299999999813735 ], [ 977354.599999999976717, 6759271.700000000186265 ], [ 977329.199999999953434, 6759281.299999999813735 ], [ 977317.5, 6759287.0 ], [ 977315.300000000046566, 6759288.099999999627471 ], [ 977311.0, 6759290.200000000186265 ], [ 977303.400000000023283, 6759296.0 ], [ 977296.099999999976717, 6759304.299999999813735 ], [ 977266.199999999953434, 6759352.599999999627471 ], [ 977265.5, 6759353.799999999813735 ], [ 977222.800000000046566, 6759427.0 ], [ 977213.0, 6759441.799999999813735 ], [ 977206.099999999976717, 6759449.299999999813735 ], [ 977171.300000000046566, 6759524.799999999813735 ], [ 977116.699999999953434, 6759565.200000000186265 ], [ 976967.300000000046566, 6759620.599999999627471 ], [ 976966.5, 6759619.799999999813735 ], [ 976941.400000000023283, 6759630.200000000186265 ], [ 976937.099999999976717, 6759645.200000000186265 ], [ 976921.199999999953434, 6759688.099999999627471 ], [ 976907.800000000046566, 6759719.200000000186265 ], [ 976906.0, 6759723.200000000186265 ], [ 976902.599999999976717, 6759728.099999999627471 ], [ 976898.0, 6759756.299999999813735 ], [ 976894.900000000023283, 6759770.799999999813735 ], [ 976894.800000000046566, 6759784.299999999813735 ], [ 976897.099999999976717, 6759796.599999999627471 ], [ 976901.199999999953434, 6759811.900000000372529 ], [ 976905.0, 6759825.099999999627471 ], [ 976905.199999999953434, 6759831.5 ], [ 976839.199999999953434, 6759832.400000000372529 ], [ 976819.300000000046566, 6759842.599999999627471 ], [ 976784.699999999953434, 6759887.900000000372529 ], [ 976735.199999999953434, 6759938.299999999813735 ], [ 976670.5, 6759968.799999999813735 ], [ 976515.900000000023283, 6760000.099999999627471 ], [ 976411.900000000023283, 6760038.0 ], [ 976344.0, 6760062.900000000372529 ], [ 976319.599999999976717, 6760054.400000000372529 ], [ 976311.099999999976717, 6760053.900000000372529 ], [ 976301.800000000046566, 6760053.700000000186265 ], [ 976288.599999999976717, 6760053.799999999813735 ], [ 976275.900000000023283, 6760055.200000000186265 ], [ 976253.5, 6760059.900000000372529 ], [ 976236.400000000023283, 6760065.599999999627471 ], [ 976219.0, 6760072.099999999627471 ], [ 976200.900000000023283, 6760085.799999999813735 ], [ 976195.699999999953434, 6760089.599999999627471 ], [ 976150.199999999953434, 6760128.299999999813735 ], [ 976098.099999999976717, 6760168.900000000372529 ], [ 976062.099999999976717, 6760191.5 ], [ 976028.099999999976717, 6760212.700000000186265 ], [ 975998.800000000046566, 6760230.200000000186265 ], [ 975970.5, 6760246.700000000186265 ], [ 975946.599999999976717, 6760262.099999999627471 ], [ 975931.599999999976717, 6760273.599999999627471 ], [ 975923.599999999976717, 6760281.799999999813735 ], [ 975918.300000000046566, 6760291.400000000372529 ], [ 975913.900000000023283, 6760303.700000000186265 ], [ 975908.0, 6760323.700000000186265 ], [ 975902.5, 6760343.900000000372529 ], [ 975898.300000000046566, 6760355.0 ], [ 975894.800000000046566, 6760361.799999999813735 ], [ 975889.400000000023283, 6760367.5 ], [ 975873.199999999953434, 6760377.599999999627471 ], [ 975840.400000000023283, 6760388.299999999813735 ], [ 975821.599999999976717, 6760394.200000000186265 ], [ 975797.099999999976717, 6760401.700000000186265 ], [ 975753.900000000023283, 6760415.599999999627471 ], [ 975710.900000000023283, 6760429.599999999627471 ], [ 975686.099999999976717, 6760437.099999999627471 ], [ 975676.400000000023283, 6760440.700000000186265 ], [ 975668.5, 6760442.700000000186265 ], [ 975664.699999999953434, 6760444.5 ], [ 975663.900000000023283, 6760445.0 ], [ 975658.800000000046566, 6760449.400000000372529 ], [ 975655.099999999976717, 6760455.299999999813735 ], [ 975652.900000000023283, 6760463.099999999627471 ], [ 975650.800000000046566, 6760477.400000000372529 ], [ 975647.0, 6760504.5 ], [ 975644.5, 6760523.0 ], [ 975642.0, 6760539.799999999813735 ], [ 975640.599999999976717, 6760547.099999999627471 ], [ 975639.599999999976717, 6760554.099999999627471 ], [ 975639.400000000023283, 6760554.599999999627471 ], [ 975638.400000000023283, 6760558.099999999627471 ], [ 975636.699999999953434, 6760562.599999999627471 ], [ 975634.900000000023283, 6760565.5 ], [ 975630.599999999976717, 6760571.099999999627471 ], [ 975624.400000000023283, 6760577.700000000186265 ], [ 975615.099999999976717, 6760583.299999999813735 ], [ 975594.599999999976717, 6760593.5 ], [ 975572.900000000023283, 6760603.200000000186265 ], [ 975554.400000000023283, 6760611.700000000186265 ], [ 975512.900000000023283, 6760631.200000000186265 ], [ 975498.300000000046566, 6760638.5 ], [ 975442.199999999953434, 6760639.0 ], [ 975372.199999999953434, 6760634.599999999627471 ], [ 975342.400000000023283, 6760654.799999999813735 ] ] ] } }
]
}
