{
"type": "FeatureCollection",
"name": "_Plaque SudMeuse",
"crs": { "type": "name", "properties": { "name": "urn:ogc:def:crs:OGC:1.3:CRS84" } },
"xy_coordinate_resolution": 1e-15,
"features": [
{ "type": "Feature", "properties": { "fid": 60, "nom_territoire": "Sud Meuse" }, "geometry": { "type": "MultiPolygon", "coordinates": [ [ [ [ 5.158223399147091, 48.563526573068884 ], [ 5.157100777881152, 48.563294972044062 ], [ 5.156697631658719, 48.563349076977886 ], [ 5.155938893085532, 48.563097367926787 ], [ 5.155833962107297, 48.562425258369302 ], [ 5.155507226451443, 48.561930845906637 ], [ 5.154850937444025, 48.561532392187615 ], [ 5.153971671149447, 48.560920201894561 ], [ 5.153200405508394, 48.560329446823886 ], [ 5.153127622172373, 48.560240776251163 ], [ 5.152037517640548, 48.560798636653004 ], [ 5.151814499239062, 48.560781974684545 ], [ 5.151043001618821, 48.560515167839768 ], [ 5.149239679405836, 48.559748675403 ], [ 5.148896045006855, 48.559666696591727 ], [ 5.148387495165984, 48.559926951533924 ], [ 5.147572168619871, 48.559946176742685 ], [ 5.14723947683613, 48.56026354286481 ], [ 5.146286990586356, 48.560277136552209 ], [ 5.146180157866018, 48.561210440759446 ], [ 5.145635051063739, 48.562002271718299 ], [ 5.144918958806168, 48.562558715286606 ], [ 5.144725855429295, 48.562743073260393 ], [ 5.14501048308432, 48.563006104075441 ], [ 5.144490673258712, 48.563423122575777 ], [ 5.144214529531292, 48.563466796047969 ], [ 5.14387418748711, 48.563266859323733 ], [ 5.143694385479779, 48.563345689944526 ], [ 5.143589750621937, 48.563406067885012 ], [ 5.143398877017539, 48.563611980311094 ], [ 5.143039329424749, 48.563903720406898 ], [ 5.142578579367543, 48.564240476492948 ], [ 5.14216326678002, 48.564594409775403 ], [ 5.141824169374773, 48.564856081490248 ], [ 5.141509234580496, 48.56511191782338 ], [ 5.141139888514744, 48.56539662886572 ], [ 5.140888426084547, 48.565546935169152 ], [ 5.140640732775145, 48.565689974061371 ], [ 5.140298870035974, 48.565917495456731 ], [ 5.140054250307043, 48.566069476464065 ], [ 5.1399463125656, 48.566148807686751 ], [ 5.139790412262936, 48.566282094254014 ], [ 5.139603537249841, 48.566453732498758 ], [ 5.139509521166588, 48.566608402272998 ], [ 5.13849604280415, 48.567621887992168 ], [ 5.137208594910152, 48.568867054112509 ], [ 5.134793384679095, 48.570588682920317 ], [ 5.134459738695105, 48.570686456929671 ], [ 5.134398841087523, 48.570822530067808 ], [ 5.131645000391317, 48.572291002521069 ], [ 5.130730416186646, 48.572941794063901 ], [ 5.129160159553984, 48.574442989557433 ], [ 5.127055953551815, 48.576455832556682 ], [ 5.12691126453546, 48.576632992831833 ], [ 5.125974863996712, 48.577785356272301 ], [ 5.125242812948093, 48.579061840586512 ], [ 5.125049579521447, 48.579246164151428 ], [ 5.125122341736202, 48.579334850532945 ], [ 5.126084408960915, 48.579582221169154 ], [ 5.126712186224996, 48.579879653288103 ], [ 5.126988738647798, 48.580010588470515 ], [ 5.127061468691836, 48.580098374403597 ], [ 5.125451481493576, 48.582065443730947 ], [ 5.125246447739973, 48.581992618275201 ], [ 5.124485012435741, 48.581610279008892 ], [ 5.123621162905192, 48.581110081766461 ], [ 5.12349209458137, 48.581070991913677 ], [ 5.123095426745131, 48.58138942187248 ], [ 5.122614366100301, 48.581867730927634 ], [ 5.122590204525391, 48.58267713384128 ], [ 5.121518059790455, 48.582927518788445 ], [ 5.119995146888576, 48.583601659697571 ], [ 5.118280409363413, 48.584496960028694 ], [ 5.117883491318261, 48.585213110636076 ], [ 5.117882267834619, 48.585384104638663 ], [ 5.117863669372773, 48.585595001431244 ], [ 5.117859884213301, 48.585635562213561 ], [ 5.117853596505396, 48.58571486123774 ], [ 5.117818105395333, 48.585944055692984 ], [ 5.117796094871068, 48.586171210456065 ], [ 5.117812765428663, 48.586281595685556 ], [ 5.117822851050882, 48.586363302807634 ], [ 5.1178355383595, 48.586442264059642 ], [ 5.117834023803721, 48.586606064244997 ], [ 5.117821506994803, 48.586933833411535 ], [ 5.117791277144358, 48.587326707104829 ], [ 5.117765900641873, 48.587537724161351 ], [ 5.117731922826472, 48.587603118220891 ], [ 5.117706533845715, 48.587612568585833 ], [ 5.117693198011532, 48.587618205032001 ], [ 5.117602604418049, 48.587625216371194 ], [ 5.117520807829054, 48.58761497390887 ], [ 5.117451609766205, 48.587614405577504 ], [ 5.117369174579559, 48.587655465936614 ], [ 5.117202174626632, 48.587752021992124 ], [ 5.116982640373948, 48.587857611087237 ], [ 5.117107815122225, 48.587967865548158 ], [ 5.117237300691774, 48.588117636645109 ], [ 5.117387253353593, 48.588303937320283 ], [ 5.117524515211485, 48.588545354561901 ], [ 5.117658548311924, 48.58880752565625 ], [ 5.117680661387272, 48.588851224838741 ], [ 5.117827284952388, 48.58915636449229 ], [ 5.117967589247579, 48.589405825641698 ], [ 5.118093731973541, 48.589606946727315 ], [ 5.118276421608998, 48.589864651537617 ], [ 5.118488787740298, 48.590118228333068 ], [ 5.118806017615383, 48.590449124509838 ], [ 5.119256543362985, 48.590855933043024 ], [ 5.119654302423379, 48.591198890543225 ], [ 5.120001630642614, 48.591502251884322 ], [ 5.120319696297861, 48.5917863368946 ], [ 5.12059737143157, 48.592010850865428 ], [ 5.120897101391809, 48.592243969628491 ], [ 5.121499834486543, 48.592690349860753 ], [ 5.120018486772724, 48.594029627411878 ], [ 5.119449027581334, 48.595712586410649 ], [ 5.118352990409385, 48.595513437500678 ], [ 5.115471435472665, 48.594870911381427 ], [ 5.114009161239781, 48.5943020968082 ], [ 5.113593929106088, 48.594466944997421 ], [ 5.113074858764554, 48.594647133078894 ], [ 5.11277805860375, 48.594654202182411 ], [ 5.112006710948592, 48.594095591635451 ], [ 5.111733307164805, 48.59414453571992 ], [ 5.110251830540342, 48.594545149594026 ], [ 5.109912427846793, 48.594538569447657 ], [ 5.109843069856467, 48.594062881339667 ], [ 5.109247426222495, 48.593992453604223 ], [ 5.107574538712098, 48.594255150697158 ], [ 5.104551380012461, 48.594775668547747 ], [ 5.104547592658331, 48.594073857940174 ], [ 5.104223413978101, 48.593973408719243 ], [ 5.101563518393729, 48.593675769270412 ], [ 5.097733602885828, 48.593054960714255 ], [ 5.097013039584852, 48.59311625129358 ], [ 5.096879079426075, 48.593090716615556 ], [ 5.09664166560674, 48.593056206352571 ], [ 5.09639369568919, 48.593029080306621 ], [ 5.09601323010451, 48.592979091835453 ], [ 5.095612935820121, 48.592942049106973 ], [ 5.095313456214154, 48.592915827857013 ], [ 5.095043450641734, 48.592914282546722 ], [ 5.09490193422922, 48.592903276148284 ], [ 5.09486992933209, 48.59288314318276 ], [ 5.094837924459562, 48.592863010208298 ], [ 5.094826515897593, 48.592883007536038 ], [ 5.089929730162464, 48.592921411019283 ], [ 5.088513381726769, 48.59305335645287 ], [ 5.088607884572557, 48.593586202337967 ], [ 5.086756861522676, 48.594248560026877 ], [ 5.086255031397153, 48.594386934781575 ], [ 5.085372594241917, 48.594505881870454 ], [ 5.084794188312424, 48.594799464204065 ], [ 5.084114257125844, 48.595166808375964 ], [ 5.08324099187083, 48.595482642720576 ], [ 5.082440897263638, 48.595557833889686 ], [ 5.081730926020692, 48.595784415265378 ], [ 5.080897945593149, 48.596056335123791 ], [ 5.080841327728294, 48.596577429376772 ], [ 5.080497138044803, 48.59662123961693 ], [ 5.080154760823927, 48.596539940234742 ], [ 5.079936667387532, 48.596274701441061 ], [ 5.078017289049439, 48.595869110446053 ], [ 5.075826954473758, 48.595608589229435 ], [ 5.075665559075903, 48.595746379169277 ], [ 5.075248883604909, 48.595706854122362 ], [ 5.07406636175592, 48.595511507926268 ], [ 5.073809042606111, 48.595522290805128 ], [ 5.073714668346756, 48.59574259461921 ], [ 5.073523959072877, 48.59613374524001 ], [ 5.072971148704039, 48.596082186600476 ], [ 5.070964564739461, 48.595733791374542 ], [ 5.07084262479136, 48.595771906459461 ], [ 5.070538198542454, 48.595895081020437 ], [ 5.070319500695187, 48.595990668398507 ], [ 5.070485256700992, 48.596168651030844 ], [ 5.070061753594138, 48.596985865830163 ], [ 5.069293321047019, 48.598275187673451 ], [ 5.068781022579551, 48.599283803498132 ], [ 5.068488927040608, 48.599754091461577 ], [ 5.068168161645899, 48.599910836652249 ], [ 5.068155314591598, 48.599929056442846 ], [ 5.066817454431275, 48.601849130570386 ], [ 5.06589647155033, 48.603677367016438 ], [ 5.06519003182617, 48.605717828068364 ], [ 5.065158202321042, 48.607697089161888 ], [ 5.064732021532404, 48.608382047018189 ], [ 5.064282014162337, 48.608841561054454 ], [ 5.063772680737596, 48.609482965327672 ], [ 5.063841675020014, 48.610785607283191 ], [ 5.063231606202008, 48.610799781068977 ], [ 5.062628207522271, 48.610948808903956 ], [ 5.061229143693962, 48.611430147687607 ], [ 5.060251838489702, 48.612181315030774 ], [ 5.05958863104942, 48.612466334298304 ], [ 5.059674654695459, 48.612824772542687 ], [ 5.059667367833505, 48.612949973021081 ], [ 5.059604850527561, 48.614085721836524 ], [ 5.059247400136569, 48.615037609989585 ], [ 5.059013480798624, 48.61550775921819 ], [ 5.05951523262559, 48.615981381210212 ], [ 5.0591040199231, 48.616222445022956 ], [ 5.059478439961113, 48.616494911268042 ], [ 5.059489608023481, 48.616709773428106 ], [ 5.05951390208008, 48.617154760585123 ], [ 5.059519143318385, 48.619978278969221 ], [ 5.059526810221002, 48.62051803261771 ], [ 5.059305370882985, 48.620754013483328 ], [ 5.059366957558264, 48.621111972507805 ], [ 5.059138956046708, 48.621629706722622 ], [ 5.058940459539017, 48.622069546477732 ], [ 5.058835298801228, 48.622501473307842 ], [ 5.058642563187835, 48.622984403335778 ], [ 5.058583772412486, 48.62349111175029 ], [ 5.058515913926456, 48.623801818637276 ], [ 5.058524144047591, 48.623942046326292 ], [ 5.058426663117892, 48.624534904694009 ], [ 5.058448640456653, 48.624955634366337 ], [ 5.058373645677852, 48.625153988304184 ], [ 5.058325567859656, 48.625829673948388 ], [ 5.058293976820711, 48.626027277453112 ], [ 5.058281649397989, 48.626645656919976 ], [ 5.058216237781444, 48.626984214389253 ], [ 5.058193746915202, 48.627378717633 ], [ 5.058185262611272, 48.628025823689548 ], [ 5.058246001392741, 48.628362200513656 ], [ 5.058224571142382, 48.628783679087455 ], [ 5.058195205982743, 48.629037931198113 ], [ 5.058169354340682, 48.629347010522906 ], [ 5.058062758057161, 48.629742966399128 ], [ 5.057826454259462, 48.63008537550477 ], [ 5.057613251884059, 48.630877285933579 ], [ 5.057466822366466, 48.631330616319126 ], [ 5.057389030898176, 48.631527217078087 ], [ 5.057243415013304, 48.631897751128491 ], [ 5.057017289642607, 48.632464932111553 ], [ 5.056528866626744, 48.632333897617464 ], [ 5.055999240939084, 48.632570690961089 ], [ 5.0541975493347, 48.633151556431962 ], [ 5.054022054735933, 48.633695362270323 ], [ 5.05369450613286, 48.633927759797551 ], [ 5.053150196813113, 48.633894853363529 ], [ 5.052034062342067, 48.633300425740281 ], [ 5.051892601727565, 48.633189488260271 ], [ 5.05076065647777, 48.632294788468805 ], [ 5.050043099413052, 48.631546811519257 ], [ 5.049333962358095, 48.630978645150186 ], [ 5.04803870466566, 48.629793394751253 ], [ 5.045912431473951, 48.628043837467601 ], [ 5.044388538056942, 48.626144433316391 ], [ 5.043862717510335, 48.625470509536306 ], [ 5.043734108986478, 48.625305353610315 ], [ 5.041773873501428, 48.624254717728043 ], [ 5.040740498465454, 48.623546290971497 ], [ 5.040283379761752, 48.623135715780101 ], [ 5.038667932302538, 48.622047628265726 ], [ 5.03837730350435, 48.621694482035096 ], [ 5.038807817410931, 48.620830498668447 ], [ 5.038793240424998, 48.620560807066184 ], [ 5.036629681182362, 48.619125752683622 ], [ 5.036625437485012, 48.619121326246763 ], [ 5.03510047571456, 48.616236530373449 ], [ 5.033114816704036, 48.615007125958748 ], [ 5.032730802928044, 48.614274041756353 ], [ 5.032836314356326, 48.613496606420384 ], [ 5.032707804943795, 48.613332336169499 ], [ 5.032270495159392, 48.613218327699137 ], [ 5.032080566033746, 48.613184677478117 ], [ 5.031874294161319, 48.613149506255816 ], [ 5.03158230921342, 48.613108598858055 ], [ 5.031221926718191, 48.613053560973512 ], [ 5.030655623480332, 48.612972340780168 ], [ 5.03033328326407, 48.612918450981859 ], [ 5.03005228903463, 48.612880951664565 ], [ 5.029831311918754, 48.612851426522745 ], [ 5.029640064465077, 48.612818694732361 ], [ 5.029405143475492, 48.612779508640024 ], [ 5.029260976243759, 48.612736075839869 ], [ 5.029106099967311, 48.61269642461415 ], [ 5.028939088844975, 48.612658779605631 ], [ 5.028759385296568, 48.612608753352774 ], [ 5.028637610421289, 48.612547841897509 ], [ 5.02847584738079, 48.612470515314904 ], [ 5.028262936997112, 48.612403957767683 ], [ 5.028100236927576, 48.61233744433062 ], [ 5.02789542674132, 48.612234755867902 ], [ 5.027751608221065, 48.612165220923849 ], [ 5.027520409321365, 48.612081877226586 ], [ 5.02732572267071, 48.612030304393848 ], [ 5.027115390327519, 48.611995194170859 ], [ 5.026849215680295, 48.611954735638037 ], [ 5.026747162287216, 48.61194747494438 ], [ 5.026654671035393, 48.611941851001717 ], [ 5.02643050180996, 48.611934869136753 ], [ 5.026313496942398, 48.611926962755781 ], [ 5.026166623780337, 48.611918664782465 ], [ 5.025914915735429, 48.611901352945999 ], [ 5.025626489617954, 48.611881965900295 ], [ 5.025322833856192, 48.611854738985066 ], [ 5.024956938438283, 48.611832169161382 ], [ 5.024748799260822, 48.611818612844608 ], [ 5.024585584290009, 48.611808791241288 ], [ 5.024333390479209, 48.611778887050193 ], [ 5.024129076490033, 48.611758965970161 ], [ 5.023898858347786, 48.61173588568748 ], [ 5.023713529604078, 48.61171564115066 ], [ 5.023436892821716, 48.611685250756253 ], [ 5.023211160539994, 48.611672890584586 ], [ 5.0230095595191, 48.611652921491633 ], [ 5.022789112748069, 48.6116368714858 ], [ 5.022595126166271, 48.611638367664206 ], [ 5.022382224158482, 48.611641984459425 ], [ 5.022239941658715, 48.611647100770156 ], [ 5.022115531107173, 48.611658211998325 ], [ 5.022039799899234, 48.611664897098237 ], [ 5.021839970571376, 48.611690786032597 ], [ 5.021641705470159, 48.611722046899288 ], [ 5.02143565095782, 48.611762437744261 ], [ 5.021242983214783, 48.611798101925011 ], [ 5.021023297968691, 48.611836923848493 ], [ 5.020820128230257, 48.611881763663952 ], [ 5.020604267574398, 48.611914221245875 ], [ 5.02038990154358, 48.611950252287102 ], [ 5.02012396971486, 48.611986258115458 ], [ 5.020095596265871, 48.611989438970042 ], [ 5.019905396047315, 48.612018760447661 ], [ 5.019710083554263, 48.612056266587977 ], [ 5.019652049835581, 48.612064449529882 ], [ 5.019509034264353, 48.612085771472486 ], [ 5.019302005455001, 48.61210098055853 ], [ 5.01911455465781, 48.612096061548911 ], [ 5.018953809270035, 48.612079891717094 ], [ 5.018918447236306, 48.612077791975445 ], [ 5.018748941323027, 48.612045573947761 ], [ 5.018567512130729, 48.611985663901933 ], [ 5.018401034826757, 48.611926399900447 ], [ 5.018223639992153, 48.61186552113692 ], [ 5.018084492850963, 48.61181119221817 ], [ 5.017845975984543, 48.611713557176394 ], [ 5.01765613972487, 48.611611497442695 ], [ 5.017578640532963, 48.611572319630248 ], [ 5.017371141852885, 48.611469658964744 ], [ 5.017008993644546, 48.611297633771365 ], [ 5.016744646796649, 48.611198634560125 ], [ 5.016451338932636, 48.611087528038681 ], [ 5.016220964705909, 48.610989751874556 ], [ 5.016000222185787, 48.610895411388697 ], [ 5.015760813133809, 48.610774392422393 ], [ 5.015568203017239, 48.61067057676506 ], [ 5.015370515687143, 48.610575844796763 ], [ 5.015186977891426, 48.610496169673844 ], [ 5.014985881417132, 48.610418591071166 ], [ 5.014791911784248, 48.610349889566919 ], [ 5.01457242027992, 48.61028791826778 ], [ 5.014367285412225, 48.610246399157127 ], [ 5.014156415377627, 48.610196878487095 ], [ 5.013962752110854, 48.61017136108584 ], [ 5.013719746106314, 48.610168273316233 ], [ 5.013320935059734, 48.610171419272497 ], [ 5.013155042463321, 48.610197619565334 ], [ 5.013068740603847, 48.610211676168625 ], [ 5.012829648973931, 48.610275105895916 ], [ 5.01257011253998, 48.610336181342639 ], [ 5.012555334439927, 48.61034003038386 ], [ 5.012320413406776, 48.610406087969039 ], [ 5.012117760198168, 48.610464401282712 ], [ 5.011883883072674, 48.610522342105007 ], [ 5.011654280877267, 48.610585609042538 ], [ 5.011394352881179, 48.610671882973406 ], [ 5.011165414567931, 48.610717141657368 ], [ 5.010926223618811, 48.610742777402393 ], [ 5.010740997980065, 48.610760302794411 ], [ 5.010730184149484, 48.610761385238902 ], [ 5.010237368080841, 48.610825495448459 ], [ 5.010052418132954, 48.610850213527208 ], [ 5.009568791915633, 48.61087097524743 ], [ 5.008799614932993, 48.610946942458341 ], [ 5.008775275010311, 48.610949152754912 ], [ 5.008730525298268, 48.610949907811531 ], [ 5.008670859013537, 48.610950914527514 ], [ 5.008377320171362, 48.610974762657243 ], [ 5.008177555714521, 48.611002427119381 ], [ 5.00791999806422, 48.61104456301959 ], [ 5.007717520988447, 48.611072272450393 ], [ 5.007417855902288, 48.611113317743801 ], [ 5.007249590041655, 48.611148547724312 ], [ 5.007007326795201, 48.611200321572539 ], [ 5.006771360783109, 48.611239391548025 ], [ 5.006535463352163, 48.611280259495928 ], [ 5.00636618493655, 48.611324503284472 ], [ 5.005397626409914, 48.611580169250615 ], [ 5.00398045974749, 48.612062930430007 ], [ 5.003089853087382, 48.612441437269524 ], [ 5.002973662117194, 48.612490181682219 ], [ 5.002933598588042, 48.612507052088866 ], [ 5.002686333179306, 48.612605690635661 ], [ 5.002543707473938, 48.612672875261325 ], [ 5.002405046515617, 48.612737293625742 ], [ 5.002265097902033, 48.612803533073333 ], [ 5.002069568183837, 48.612906698977902 ], [ 5.00191020556871, 48.612997559020634 ], [ 5.001741349628156, 48.613088578447972 ], [ 5.001555276222787, 48.613190684658605 ], [ 5.00139134687924, 48.613304115693992 ], [ 5.001171422348877, 48.613443682035673 ], [ 5.001044431604269, 48.61352949771382 ], [ 5.00085578050588, 48.613635245261577 ], [ 5.000693513694367, 48.61375674548821 ], [ 5.000517444261541, 48.613872178805899 ], [ 5.000350232463872, 48.614006358772507 ], [ 5.000309120047753, 48.614031344043291 ], [ 5.000150300696196, 48.6141365891717 ], [ 4.999973387985648, 48.614265532735324 ], [ 4.999794637317803, 48.614381909717054 ], [ 4.999700017811026, 48.614462681107597 ], [ 4.999507069523603, 48.614598191811865 ], [ 4.999358838973266, 48.614732051452677 ], [ 4.999196102826344, 48.614948035951407 ], [ 4.999056780429624, 48.61513753295381 ], [ 4.998598259136261, 48.615710302634149 ], [ 4.998332086076656, 48.615954115984884 ], [ 4.998176089134441, 48.616098001987808 ], [ 4.997965052379837, 48.616364283730725 ], [ 4.997811782217543, 48.616544115218815 ], [ 4.997706579418655, 48.616703344505744 ], [ 4.997605496775614, 48.616828312339983 ], [ 4.997479023079515, 48.616963603775737 ], [ 4.997360171333233, 48.617085270273869 ], [ 4.997254297934893, 48.617191422425812 ], [ 4.997080062011801, 48.61735540815085 ], [ 4.997017673578303, 48.617427538299715 ], [ 4.996848655218145, 48.61758603735499 ], [ 4.996698451588754, 48.617739721654331 ], [ 4.996616180343265, 48.617859874044235 ], [ 4.996550682342079, 48.617957250264361 ], [ 4.996440047896541, 48.618116569212376 ], [ 4.996359611862061, 48.61824928770487 ], [ 4.99623961640624, 48.61848344619608 ], [ 4.99602297907416, 48.61878131029448 ], [ 4.995830439719759, 48.619141755450933 ], [ 4.995721240598638, 48.619338840721298 ], [ 4.995587570006868, 48.619641611663234 ], [ 4.995108901929187, 48.620720384900622 ], [ 4.994894196242758, 48.621639069361741 ], [ 4.994807654627513, 48.621789884356261 ], [ 4.99478699589162, 48.621853215753468 ], [ 4.995063478817573, 48.621914268518282 ], [ 4.996024375255337, 48.62212761218565 ], [ 4.996333722123077, 48.62219620927533 ], [ 4.997583250610505, 48.622752920257923 ], [ 4.998034280590831, 48.623048582724202 ], [ 4.998336303560645, 48.623245067808313 ], [ 4.998403091962271, 48.623288036721597 ], [ 4.998625846668404, 48.623434563268653 ], [ 4.998694026270235, 48.623478408460969 ], [ 4.998665044378966, 48.623501389649121 ], [ 4.99779353290895, 48.624172860295225 ], [ 4.996818117386288, 48.624967537581739 ], [ 4.996812828939962, 48.624971225412025 ], [ 4.996522992358346, 48.625201032095298 ], [ 4.996313048681259, 48.625354816315983 ], [ 4.996391702980981, 48.62538858950338 ], [ 4.996583402979695, 48.625468156165056 ], [ 4.996722735640684, 48.625527005658093 ], [ 4.996808206950384, 48.625561564062174 ], [ 4.996926816135127, 48.625610863132408 ], [ 4.997176483336037, 48.62571555066593 ], [ 4.99963725500004, 48.626745004688487 ], [ 4.999594913203262, 48.626773609070746 ], [ 4.999532911492884, 48.626820539289497 ], [ 4.999311689450884, 48.626998812262364 ], [ 4.99903251524239, 48.627187955221679 ], [ 4.998740306440002, 48.627355721330822 ], [ 4.998508914492754, 48.627481075891218 ], [ 4.998362722826026, 48.627562710348471 ], [ 4.99819868918916, 48.627781411589183 ], [ 4.999142278449974, 48.628071503366662 ], [ 4.999675747071668, 48.628249702855143 ], [ 5.000126729047792, 48.628400492160942 ], [ 5.000499636232395, 48.628532795968368 ], [ 5.000473452549791, 48.628593521514503 ], [ 5.000334875306421, 48.628909874749731 ], [ 5.000994997960816, 48.629169621220285 ], [ 5.001536711232171, 48.629385465022594 ], [ 5.001902418557099, 48.629542179748277 ], [ 5.0023824954611, 48.629778851101207 ], [ 5.003026401047785, 48.630110842062265 ], [ 5.003085903003789, 48.630140434065403 ], [ 5.003708112542218, 48.630472786289701 ], [ 5.004438953393832, 48.630912181244504 ], [ 5.00524473763818, 48.631429491183539 ], [ 5.005296309590753, 48.631464614327015 ], [ 5.004908601570912, 48.631761772375981 ], [ 5.004130143153753, 48.632454212019304 ], [ 5.006163545152812, 48.63347812647504 ], [ 5.006173153433417, 48.633657921607728 ], [ 5.005921453685458, 48.634032872109749 ], [ 5.004703787439379, 48.634104660699634 ], [ 5.004708589121565, 48.634194558281528 ], [ 5.005196366171543, 48.634453583309167 ], [ 5.005055662995417, 48.635670659586665 ], [ 5.003645843515545, 48.63597241622562 ], [ 5.002899829081101, 48.635989461935083 ], [ 5.002841591214293, 48.636170397610734 ], [ 5.003938039140866, 48.636370603130175 ], [ 5.004228882489672, 48.636768812014864 ], [ 5.002972142126409, 48.63738200764287 ], [ 5.002973037114607, 48.637405386901023 ], [ 5.002975584393087, 48.637471927864034 ], [ 5.003333864994656, 48.637823115728885 ], [ 5.003206466493194, 48.638006114221128 ], [ 5.003141706774649, 48.638052192312905 ], [ 5.003853916356529, 48.638711449526056 ], [ 5.003858682562708, 48.638800447597184 ], [ 5.002410615783289, 48.639417753530026 ], [ 5.002087599922803, 48.639739905272748 ], [ 5.001961549202513, 48.639922879338009 ], [ 5.000769437077112, 48.640489073567736 ], [ 4.998957618929561, 48.64089829719321 ], [ 4.998831554474944, 48.641081267770595 ], [ 4.998728092623143, 48.641713747325227 ], [ 4.998763321095198, 48.642387088743646 ], [ 4.997916691927807, 48.644429383907507 ], [ 4.997619286634951, 48.64524596730859 ], [ 4.997304068793803, 48.645702938654154 ], [ 4.996094338104711, 48.645954455307511 ], [ 4.995559548444537, 48.646101979365639 ], [ 4.994680761276612, 48.646166183513365 ], [ 4.994976379101646, 48.647330936935816 ], [ 4.995546342017342, 48.64956451977924 ], [ 4.99569964774318, 48.651233723173839 ], [ 4.995612171977052, 48.652179944959066 ], [ 4.995074653197596, 48.65336134320885 ], [ 4.993618451904799, 48.655417387358476 ], [ 4.993513185059803, 48.656004895267515 ], [ 4.993523911051044, 48.657533414520181 ], [ 4.992814461484405, 48.65826869028816 ], [ 4.993591575909835, 48.658881026852839 ], [ 4.993958153859956, 48.659412051624074 ], [ 4.994239154494756, 48.659586402110342 ], [ 4.995949356521876, 48.659592860868656 ], [ 4.995823236492967, 48.659775825406157 ], [ 4.995044206624051, 48.660467290312084 ], [ 4.994859788390907, 48.660831181806735 ], [ 4.996247642378163, 48.661429676827154 ], [ 4.997965219290295, 48.661840876762902 ], [ 4.997786434432346, 48.662245167422576 ], [ 4.99765469661485, 48.662387738432017 ], [ 4.997716260054848, 48.662399303114583 ], [ 5.000671493378357, 48.662993957223598 ], [ 5.000744161128758, 48.66308271340386 ], [ 5.000752036145942, 48.663217545357526 ], [ 5.000138261958126, 48.663186458905066 ], [ 4.999247884657036, 48.663025945449171 ], [ 4.999322268876163, 48.663159661692774 ], [ 5.000437099765096, 48.663719500065149 ], [ 5.003664339156716, 48.665029323727971 ], [ 5.007655145391733, 48.666516050912712 ], [ 5.00958788926066, 48.667146601940544 ], [ 5.010909595266306, 48.667746943782113 ], [ 5.011048771173957, 48.667833671834806 ], [ 5.010794832690896, 48.668153772145196 ], [ 5.010591237133979, 48.668158106548226 ], [ 5.01011142421692, 48.668079822619468 ], [ 5.009922270179839, 48.668353840294245 ], [ 5.009190198961435, 48.668639710126882 ], [ 5.00894846319232, 48.668959600327206 ], [ 5.008595602253893, 48.668968246558087 ], [ 5.008295605252286, 48.669469068768876 ], [ 5.008334463768309, 48.670233208489876 ], [ 5.008266393842483, 48.670972156649526 ], [ 5.008210296616079, 48.671598432964537 ], [ 5.008075701801155, 48.67311678977012 ], [ 5.008495975023285, 48.673376936418222 ], [ 5.008439291523691, 48.674907474967426 ], [ 5.008853040938904, 48.675032766998839 ], [ 5.008633976919568, 48.6758021492114 ], [ 5.008223830834647, 48.677079510971282 ], [ 5.008191350717768, 48.67775487244883 ], [ 5.009086784933246, 48.678004312049417 ], [ 5.009091598181314, 48.678094206151187 ], [ 5.008902402574905, 48.678368219895965 ], [ 5.008972020217448, 48.67841203431184 ], [ 5.009046416634519, 48.678544843585279 ], [ 5.008587453183646, 48.678870189732486 ], [ 5.008498555251266, 48.679031843248943 ], [ 5.008340019766096, 48.679326033490213 ], [ 5.007653449213493, 48.679881047130884 ], [ 5.007461074290187, 48.68003724420754 ], [ 5.007426840689411, 48.680065712911748 ], [ 5.007217307126609, 48.680199704721304 ], [ 5.004599732434073, 48.681883089259856 ], [ 5.00313998283154, 48.682545545638426 ], [ 5.002533862880045, 48.682649301615875 ], [ 5.001494690569784, 48.682231274243499 ], [ 4.99902015371734, 48.681657364590606 ], [ 4.997946747026877, 48.681906592782703 ], [ 4.994004009274424, 48.683163862854691 ], [ 4.991458312450042, 48.683859625383739 ], [ 4.990920017507346, 48.683961288915214 ], [ 4.990363986234824, 48.683704248862618 ], [ 4.989706190120609, 48.683914971141476 ], [ 4.988559804134386, 48.684284096621631 ], [ 4.988430530544719, 48.684422113635769 ], [ 4.988690700116106, 48.684831655340439 ], [ 4.989324741648418, 48.68528174551404 ], [ 4.989639747233127, 48.685453738253621 ], [ 4.989723734305332, 48.685768145736638 ], [ 4.989728351834351, 48.68621074104199 ], [ 4.990111482140033, 48.68631591458869 ], [ 4.990332964201758, 48.686386896058025 ], [ 4.991150761302173, 48.686879795699433 ], [ 4.990161693073087, 48.687384867413797 ], [ 4.99023618000238, 48.687485294692316 ], [ 4.990431431145198, 48.687688075803038 ], [ 4.990740054107656, 48.688013127830402 ], [ 4.990630258469392, 48.688234497275737 ], [ 4.990432769013179, 48.688365557106131 ], [ 4.990521922697753, 48.688458541408885 ], [ 4.990264072109614, 48.688717471714696 ], [ 4.990458015222484, 48.688850094872762 ], [ 4.990219643505303, 48.689192375457388 ], [ 4.990546555358769, 48.689248100707744 ], [ 4.99011409927927, 48.689775367819024 ], [ 4.990254417764969, 48.689855801700773 ], [ 4.990175863618552, 48.690647982055488 ], [ 4.990257100491007, 48.691246750710981 ], [ 4.990339936388669, 48.691530584606369 ], [ 4.990285975923895, 48.69182659880282 ], [ 4.990304591176313, 48.69217268651974 ], [ 4.98966639600066, 48.692651199332538 ], [ 4.989371759366705, 48.692836961860976 ], [ 4.989411705179584, 48.692886680622216 ], [ 4.989428733020749, 48.692941280392212 ], [ 4.990565183880315, 48.693305602623553 ], [ 4.99129753105499, 48.693015357306734 ], [ 4.991930598435109, 48.69275915621953 ], [ 4.992311737514436, 48.692561145155224 ], [ 4.992706168036642, 48.692319723324353 ], [ 4.993185781995847, 48.692066979162384 ], [ 4.993760646956722, 48.691674980576387 ], [ 4.995199036384739, 48.691333314593706 ], [ 4.995338381860567, 48.691494735291016 ], [ 4.995580375007475, 48.691746211296412 ], [ 4.995793353190673, 48.691949586581252 ], [ 4.995938134795229, 48.692110915567824 ], [ 4.996011796474821, 48.69222484901244 ], [ 4.996108185053824, 48.692364494362103 ], [ 4.996405099853564, 48.692559265550699 ], [ 4.996791656683627, 48.692752534981175 ], [ 4.997218996247839, 48.69294601986816 ], [ 4.9980143384944, 48.693202617659956 ], [ 4.998771211406831, 48.693234920637323 ], [ 4.999770120800526, 48.694158399049392 ], [ 5.000111587160218, 48.693705502785498 ], [ 5.00038089454602, 48.693853041180425 ], [ 5.000673412094972, 48.693967799021145 ], [ 5.000992356617429, 48.694098307995546 ], [ 5.001604226528149, 48.694460530760928 ], [ 5.002086025538304, 48.694584704307296 ], [ 5.003252184170002, 48.695862541549481 ], [ 5.00383896724763, 48.696703834222305 ], [ 5.004825265028899, 48.697400748595115 ], [ 5.005046848977065, 48.69775601809576 ], [ 5.005211495375965, 48.698292191624788 ], [ 5.0054265171186, 48.698511710534234 ], [ 5.00619130530818, 48.698854243339248 ], [ 5.006395020792848, 48.698849916562743 ], [ 5.006406368000204, 48.699074659532165 ], [ 5.005638236527793, 48.699990913515549 ], [ 5.004201267190902, 48.702181627645977 ], [ 5.003704705888992, 48.703092401912357 ], [ 5.002631260568613, 48.704699354713561 ], [ 5.002048866245016, 48.705251668646611 ], [ 5.000934515973124, 48.706041435284455 ], [ 4.999807452915385, 48.706606471648129 ], [ 4.998759213611694, 48.707349221539012 ], [ 4.99791985404487, 48.708222522004135 ], [ 4.997313864132499, 48.709369023440033 ], [ 4.997257278115905, 48.709595801810984 ], [ 5.000313501530251, 48.710912173503097 ], [ 5.001489012650103, 48.711290134511991 ], [ 5.00175931682133, 48.711283799535494 ], [ 5.005459692624663, 48.709222455555263 ], [ 5.006853644687857, 48.708597993693495 ], [ 5.007984130044478, 48.708122806452828 ], [ 5.008647104312163, 48.707793140116159 ], [ 5.011784277897972, 48.706687585696613 ], [ 5.012478244726823, 48.706987186157541 ], [ 5.013799916071354, 48.708088643915836 ], [ 5.014007777614313, 48.708261481706714 ], [ 5.014364503053062, 48.70855776760564 ], [ 5.014496508568573, 48.708667104913665 ], [ 5.01565675178515, 48.709634509069275 ], [ 5.015323250174876, 48.709729217230226 ], [ 5.015207768139199, 48.709731168215477 ], [ 5.015002542124219, 48.709767925082922 ], [ 5.014724332042865, 48.709815811318784 ], [ 5.01362895639429, 48.710954469223772 ], [ 5.01333624122672, 48.712531234200732 ], [ 5.012604508112289, 48.715488383820777 ], [ 5.011829221250976, 48.716928422357768 ], [ 5.011118624329619, 48.717966086872345 ], [ 5.010064918907467, 48.717932560080015 ], [ 5.009529397413859, 48.718079238715653 ], [ 5.008036386181553, 48.718113373895001 ], [ 5.006974377461685, 48.717899115624526 ], [ 5.005636047134288, 48.717889231545534 ], [ 5.004386440284265, 48.718845040913003 ], [ 5.004192698041787, 48.719713825519875 ], [ 5.005593609674246, 48.72121080935424 ], [ 5.006243607824208, 48.721954745014258 ], [ 5.007257605498983, 48.722828411384434 ], [ 5.007503918510369, 48.7238238531422 ], [ 5.00809259771691, 48.72551800998081 ], [ 5.008499259398389, 48.726438772141819 ], [ 5.008763488563515, 48.727439305625118 ], [ 5.009027693263419, 48.728438938531632 ], [ 5.009392563258271, 48.729156164710091 ], [ 5.007465234902205, 48.731981306724521 ], [ 5.00596881160383, 48.73395523924858 ], [ 5.005562538395131, 48.734638647687994 ], [ 5.005444432395342, 48.734998715960323 ], [ 5.005462818170094, 48.735335797257385 ], [ 5.006176348990354, 48.735994087156683 ], [ 5.007529299238453, 48.737185941650111 ], [ 5.008883971600257, 48.738420937516359 ], [ 5.009067092495664, 48.738690466086439 ], [ 5.009140467955565, 48.738794496524307 ], [ 5.009169693228861, 48.739341925131818 ], [ 5.009283613704123, 48.740640980394154 ], [ 5.009218530304292, 48.741388830174238 ], [ 5.007593842992363, 48.741801240154011 ], [ 5.00399556850528, 48.741902192323494 ], [ 5.002746190440268, 48.74142562660824 ], [ 4.999959244426829, 48.74143456776077 ], [ 4.999899785452634, 48.74194209545805 ], [ 4.999477125857722, 48.742627550044247 ], [ 4.998915851739247, 48.742606360746471 ], [ 4.997548068547451, 48.742447518729925 ], [ 4.99669857081726, 48.742466230313269 ], [ 4.996221243042158, 48.742434627151802 ], [ 4.995670596367812, 48.742299882859541 ], [ 4.994991824120652, 48.742336420914008 ], [ 4.994451113034129, 48.742390441704025 ], [ 4.994040936713561, 48.742336115056226 ], [ 4.993484920819457, 48.742096185761326 ], [ 4.993038578097265, 48.742020866952522 ], [ 4.992398344466161, 48.74214041874199 ], [ 4.992170768831954, 48.742236886038704 ], [ 4.99137122534388, 48.74203160095022 ], [ 4.990123101229994, 48.741834690168901 ], [ 4.98866551901702, 48.742316928917205 ], [ 4.987743096687388, 48.742885606508153 ], [ 4.986668377730869, 48.743134720140873 ], [ 4.985860110080445, 48.743522442908372 ], [ 4.984000410173287, 48.744415274263638 ], [ 4.983428758793886, 48.74458671891017 ], [ 4.982927765466261, 48.744756087328518 ], [ 4.982460757442054, 48.744924889161311 ], [ 4.982043981359506, 48.745091055670997 ], [ 4.981520922604886, 48.745503701297665 ], [ 4.981388065578595, 48.746232857760774 ], [ 4.981076795852876, 48.746275810869669 ], [ 4.98090179055207, 48.746324599296983 ], [ 4.980811941610326, 48.746466442082884 ], [ 4.980650287327903, 48.746723736958785 ], [ 4.980338844473528, 48.747300207621066 ], [ 4.98035410993077, 48.747595052881778 ], [ 4.980321423637024, 48.748490786728006 ], [ 4.980298499194259, 48.749177630052948 ], [ 4.980217958784465, 48.749600920160894 ], [ 4.980092725741768, 48.74981442419525 ], [ 4.979543284872727, 48.750142925307856 ], [ 4.979398284385142, 48.750229900197148 ], [ 4.97903681153343, 48.751210254566431 ], [ 4.978951136605357, 48.751749687566523 ], [ 4.978738005638902, 48.752157179456688 ], [ 4.97862812647806, 48.75238122304139 ], [ 4.978347559588139, 48.752553214113924 ], [ 4.977873546570102, 48.752898449926477 ], [ 4.977643864464047, 48.753084890848818 ], [ 4.977311583041467, 48.753220848779456 ], [ 4.976837922865576, 48.753432021185525 ], [ 4.976570433482435, 48.753626283320088 ], [ 4.976257085939667, 48.753867187770226 ], [ 4.976058330098287, 48.754080103935671 ], [ 4.975368122192723, 48.75464573058057 ], [ 4.974965046264939, 48.75474506609298 ], [ 4.974568396232932, 48.754978346716939 ], [ 4.974118066440468, 48.755483317940801 ], [ 4.973658175076739, 48.755807609064384 ], [ 4.973339020683153, 48.75621954048507 ], [ 4.972253355660144, 48.757592397977923 ], [ 4.971640792921361, 48.75776625631827 ], [ 4.971409369216304, 48.757907728507028 ], [ 4.970952711970368, 48.758066413471752 ], [ 4.970432716177264, 48.758205449244365 ], [ 4.970031884507097, 48.758257047160228 ], [ 4.969677938640341, 48.758252989879068 ], [ 4.96941932407224, 48.758214970771988 ], [ 4.969220881325406, 48.758220942712995 ], [ 4.969014618342025, 48.758236040071331 ], [ 4.968802949573091, 48.758252125884034 ], [ 4.968605049181472, 48.758272482715434 ], [ 4.968367368937469, 48.758320485350346 ], [ 4.968191934686984, 48.758395351526175 ], [ 4.967933681562, 48.758475181131161 ], [ 4.967590939989875, 48.758587891156168 ], [ 4.967347711743086, 48.758669271220583 ], [ 4.967089799341247, 48.758722102985701 ], [ 4.96680815811867, 48.758759130838122 ], [ 4.966510710616476, 48.758773926392834 ], [ 4.966251650361579, 48.758760199077287 ], [ 4.965919668444616, 48.758725179885857 ], [ 4.965507079977443, 48.758681590203317 ], [ 4.965059869153832, 48.758513513721084 ], [ 4.96452376491925, 48.758695073308985 ], [ 4.96410530777781, 48.759146397699027 ], [ 4.96403525738357, 48.759780022524836 ], [ 4.963710515887584, 48.7600822565771 ], [ 4.963054927355276, 48.76056086743538 ], [ 4.96295691761366, 48.760849475044793 ], [ 4.962763306664769, 48.760948023164836 ], [ 4.962631239346733, 48.761018569190647 ], [ 4.962511512838582, 48.761091611264732 ], [ 4.962404912454525, 48.761151842048037 ], [ 4.962281924518168, 48.761210542677212 ], [ 4.962172705078131, 48.761273515301234 ], [ 4.96209337109633, 48.761335097087994 ], [ 4.96201777887679, 48.761387620591563 ], [ 4.961931272859236, 48.761439423681907 ], [ 4.961828852430903, 48.761502284256501 ], [ 4.96172480141887, 48.76155797412958 ], [ 4.961619018483931, 48.761603795940815 ], [ 4.961537478586954, 48.761642921706432 ], [ 4.961439339985255, 48.7617111096298 ], [ 4.961377616766132, 48.761770602273515 ], [ 4.961309802978219, 48.761849088067038 ], [ 4.96125293651103, 48.761929193361262 ], [ 4.961191956095568, 48.762008466512114 ], [ 4.961128221714239, 48.762086885178171 ], [ 4.961033950350686, 48.762185598108495 ], [ 4.960936384347221, 48.762269070604148 ], [ 4.960837356688539, 48.762349867990004 ], [ 4.96075328880419, 48.762430419647814 ], [ 4.960693059069295, 48.762493486043823 ], [ 4.960632930516629, 48.762559249761729 ], [ 4.960575656937353, 48.762628565261757 ], [ 4.960526610840801, 48.762699544996856 ], [ 4.960497289381199, 48.762752207418536 ], [ 4.960435772936598, 48.762925954538652 ], [ 4.960410589740934, 48.763016335241794 ], [ 4.960384138603358, 48.763145422668671 ], [ 4.9603669465245, 48.763231173793706 ], [ 4.960348259272517, 48.763313350763994 ], [ 4.960324300686733, 48.76340011262009 ], [ 4.960309837692609, 48.763449832021578 ], [ 4.960280751986145, 48.763508788181163 ], [ 4.960197805030679, 48.763583023215986 ], [ 4.960109123107731, 48.763613268383516 ], [ 4.959976750998386, 48.763639732211693 ], [ 4.959874333396576, 48.763666603952544 ], [ 4.959783336206987, 48.763707682932619 ], [ 4.959772692211581, 48.763714155317111 ], [ 4.959708760662167, 48.763751191367561 ], [ 4.959611122095272, 48.763832864431166 ], [ 4.959362802144287, 48.763997080604277 ], [ 4.959253235821429, 48.764051059228123 ], [ 4.959128944960725, 48.764111577011718 ], [ 4.959005608878092, 48.764161282938417 ], [ 4.958811920925048, 48.764222039113633 ], [ 4.958592897575546, 48.764296705562401 ], [ 4.958466941647911, 48.76434915289083 ], [ 4.958370974257317, 48.764402907638569 ], [ 4.958278884433049, 48.764451200691823 ], [ 4.95812914440719, 48.764558917587138 ], [ 4.958044900122774, 48.764634971595335 ], [ 4.95796547788683, 48.764730739229378 ], [ 4.957898599571011, 48.764834398175211 ], [ 4.95783395802398, 48.76496141183128 ], [ 4.957763437385172, 48.765076826099843 ], [ 4.957708113411872, 48.765198288878302 ], [ 4.957673527707532, 48.765328408354094 ], [ 4.957642572615701, 48.765482759376795 ], [ 4.957615721975579, 48.766000509653452 ], [ 4.957601155035062, 48.766156391264431 ], [ 4.957579663634883, 48.766272800905426 ], [ 4.957523832093666, 48.766380776725349 ], [ 4.957400298213683, 48.766606819171301 ], [ 4.957163030033442, 48.766812233668055 ], [ 4.956926546959912, 48.767002340395081 ], [ 4.956658014040709, 48.767245152464611 ], [ 4.956270607089714, 48.767475516432313 ], [ 4.956046282246165, 48.767590749613298 ], [ 4.955528455381059, 48.767754872302582 ], [ 4.95529615626044, 48.767911619274884 ], [ 4.955173860004141, 48.76806206658808 ], [ 4.955034647655548, 48.768160609968135 ], [ 4.954828846488461, 48.76818916943197 ], [ 4.954703981190249, 48.76819841053014 ], [ 4.954571089585379, 48.768211381524459 ], [ 4.95448482701215, 48.768197498935898 ], [ 4.954403041899536, 48.768121465991563 ], [ 4.954386746561957, 48.76804975929641 ], [ 4.954184716106302, 48.767997285917325 ], [ 4.954017268810475, 48.768032413738489 ], [ 4.953789671418212, 48.768060428364386 ], [ 4.952803980288992, 48.768124232127327 ], [ 4.952710907868974, 48.768219319262656 ], [ 4.952591804663276, 48.768273447251921 ], [ 4.952481919609028, 48.768319327416023 ], [ 4.952384828714718, 48.768343406329109 ], [ 4.952269954670395, 48.76836507686096 ], [ 4.952149673499404, 48.76838773533018 ], [ 4.952073907775379, 48.768399769747262 ], [ 4.951989644706591, 48.768402946338888 ], [ 4.95189810998404, 48.768393646391182 ], [ 4.951785668390164, 48.768371193059338 ], [ 4.951677206513097, 48.768345975588922 ], [ 4.951541608691892, 48.768323000776064 ], [ 4.951430041552455, 48.768323924140425 ], [ 4.951363931391687, 48.768339399000837 ], [ 4.951283464503654, 48.768371302379023 ], [ 4.951218900645803, 48.768428136523355 ], [ 4.951141557264367, 48.768470784757945 ], [ 4.951050208680259, 48.768502865746498 ], [ 4.950941043314852, 48.768531639048341 ], [ 4.950866939778257, 48.768551742528693 ], [ 4.950672889978509, 48.768603494106991 ], [ 4.950575864934336, 48.768629369777052 ], [ 4.950482785895631, 48.768651582259288 ], [ 4.950133626716106, 48.768813825877473 ], [ 4.95005720741382, 48.768990508390765 ], [ 4.950010206760872, 48.769080342649517 ], [ 4.949971367071467, 48.769170043634311 ], [ 4.949940453215489, 48.769253317538748 ], [ 4.949912394027248, 48.769340143479447 ], [ 4.949879985401711, 48.769419843098433 ], [ 4.949851724455159, 48.769501274315282 ], [ 4.949829726902323, 48.76956820862943 ], [ 4.949795571829695, 48.769674026988135 ], [ 4.949745580960408, 48.769756712573475 ], [ 4.949698075197081, 48.76983305991029 ], [ 4.949655909347829, 48.769906621057508 ], [ 4.949596228618051, 48.769984966415485 ], [ 4.949537269716927, 48.770046206334477 ], [ 4.949474230040878, 48.77010751282846 ], [ 4.94940166871999, 48.770168974697569 ], [ 4.949332986357201, 48.770224975222391 ], [ 4.949228871040833, 48.770279754669446 ], [ 4.949156796245056, 48.77031781717281 ], [ 4.949070145284069, 48.770330027254481 ], [ 4.948970815774995, 48.770330748539223 ], [ 4.948869470971135, 48.77035039556403 ], [ 4.948783357118407, 48.770376991289574 ], [ 4.94871595050403, 48.770394285082851 ], [ 4.948670726623625, 48.770458899076452 ], [ 4.948341561077146, 48.770938391810432 ], [ 4.94776663035741, 48.77168909128536 ], [ 4.947276881171312, 48.772753280015657 ], [ 4.946934649108577, 48.773394019782181 ], [ 4.946107970878308, 48.774549160759179 ], [ 4.94562362414056, 48.7750662584521 ], [ 4.944966072844178, 48.775501606345166 ], [ 4.944547559821947, 48.775996035129623 ], [ 4.944079746178686, 48.776153892886484 ], [ 4.943947447643389, 48.776219921752087 ], [ 4.943774499790173, 48.776181352011939 ], [ 4.943573445263556, 48.776228706836122 ], [ 4.943577920295389, 48.776312302174027 ], [ 4.943483548439227, 48.776482973292318 ], [ 4.943322550567009, 48.776655627922494 ], [ 4.943169943722131, 48.777017073744375 ], [ 4.943194760544347, 48.777500685318067 ], [ 4.943206890747262, 48.777753291430329 ], [ 4.942680820765085, 48.778101918231663 ], [ 4.942729123264705, 48.778375527675109 ], [ 4.942361921496435, 48.778530841938377 ], [ 4.94202715562366, 48.778643343894821 ], [ 4.941667388579989, 48.778925386403962 ], [ 4.941278914261657, 48.77931405346478 ], [ 4.941067183896566, 48.779550504614477 ], [ 4.940731357537698, 48.77992751819103 ], [ 4.940346406780961, 48.780155086418098 ], [ 4.940204222972326, 48.7802851466287 ], [ 4.940154541087264, 48.780376818535551 ], [ 4.940128254767255, 48.780475307669967 ], [ 4.940080534858927, 48.780583141418361 ], [ 4.939966197098877, 48.780620084758944 ], [ 4.939935942184295, 48.780648465332256 ], [ 4.939843616172894, 48.780728234433724 ], [ 4.93972103473882, 48.780836383972492 ], [ 4.939459931669086, 48.781136609104777 ], [ 4.939380383369859, 48.781230564777573 ], [ 4.939258802389861, 48.781365687088091 ], [ 4.939158788487873, 48.781495061246289 ], [ 4.938983558806216, 48.781798389341319 ], [ 4.938920401755381, 48.781893877878105 ], [ 4.938821618109917, 48.781909875577718 ], [ 4.938691408691235, 48.781922784588339 ], [ 4.93857533899402, 48.781949858429435 ], [ 4.938456022757107, 48.781999476125989 ], [ 4.938388682693582, 48.782092333266661 ], [ 4.938339038355683, 48.782221788943865 ], [ 4.938278375868484, 48.782347824746751 ], [ 4.938202513339393, 48.78246780955363 ], [ 4.938120649373635, 48.782609483284183 ], [ 4.938042557162222, 48.782706113199239 ], [ 4.937944481842836, 48.782777876995944 ], [ 4.937849519403312, 48.782823500335908 ], [ 4.93771814728071, 48.782841824999643 ], [ 4.937589128853046, 48.78285021518483 ], [ 4.937427590748447, 48.782862731232164 ], [ 4.937267513275974, 48.782877922325298 ], [ 4.937139028834935, 48.782900697770813 ], [ 4.936992756966187, 48.782921062532274 ], [ 4.936870974920634, 48.782941030060563 ], [ 4.936773415705022, 48.782953407556548 ], [ 4.936663010697789, 48.78294979951324 ], [ 4.936580710058956, 48.782933140677855 ], [ 4.936485697285918, 48.782904092743713 ], [ 4.936403956408106, 48.782865833106193 ], [ 4.936339869421009, 48.782826387619004 ], [ 4.936239815206712, 48.782808217010995 ], [ 4.936140995641565, 48.782823313372091 ], [ 4.936033352839996, 48.782857445296003 ], [ 4.93596155132358, 48.7829035914041 ], [ 4.935927752413569, 48.782983308339006 ], [ 4.935884629687268, 48.783068574247743 ], [ 4.935797868877873, 48.783151848301102 ], [ 4.935728287464174, 48.783184463524123 ], [ 4.935667195749118, 48.783189052000886 ], [ 4.935549954167747, 48.783184654045151 ], [ 4.935443363590696, 48.783173785869323 ], [ 4.935351646081684, 48.783196863345346 ], [ 4.935230229632027, 48.783226719400375 ], [ 4.935130682069589, 48.783258920039877 ], [ 4.934992144952186, 48.783304347215783 ], [ 4.934861244044425, 48.783372141787162 ], [ 4.93478177755081, 48.783431906021185 ], [ 4.934642166298659, 48.783411675761769 ], [ 4.934519921809086, 48.783455938873999 ], [ 4.934322439640153, 48.783453738679569 ], [ 4.934215209280531, 48.783388900806749 ], [ 4.934079046751054, 48.783351520719989 ], [ 4.934014627617876, 48.783303082905235 ], [ 4.933936963670962, 48.783227869987321 ], [ 4.933860699721998, 48.783190419629491 ], [ 4.933801734915942, 48.783215664654989 ], [ 4.933759302560389, 48.783282925559284 ], [ 4.93384811746986, 48.783365155273508 ], [ 4.933773031464061, 48.783432944751446 ], [ 4.933756016443245, 48.783488098768878 ], [ 4.933754200930962, 48.783549304294603 ], [ 4.933871182447847, 48.783583396651501 ], [ 4.933875003427698, 48.783613023217683 ], [ 4.93380200502714, 48.783663685569557 ], [ 4.934151444805503, 48.78368861670905 ], [ 4.934367475818111, 48.7836770221246 ], [ 4.934668168729365, 48.783709038593834 ], [ 4.934984368565232, 48.783792083153969 ], [ 4.935179864616566, 48.783814106731171 ], [ 4.935870380069503, 48.784005340465903 ], [ 4.936800687824463, 48.784311436694566 ], [ 4.936828250788659, 48.784247114736445 ], [ 4.936968650128104, 48.784215150032693 ], [ 4.937084591442169, 48.784331124244019 ], [ 4.937225491327569, 48.784459288716455 ], [ 4.937199882040922, 48.784502887147703 ], [ 4.937088421762061, 48.784544279021965 ], [ 4.9370937053872, 48.784576580722749 ], [ 4.93723719360508, 48.784701104600266 ], [ 4.937472619211167, 48.784881714888257 ], [ 4.937975602599685, 48.785118261280267 ], [ 4.937727873847705, 48.785412866145052 ], [ 4.937264019563614, 48.786083429492031 ], [ 4.937853092571921, 48.78629159088716 ], [ 4.938322508680846, 48.786943417884103 ], [ 4.937784349505558, 48.788069509364227 ], [ 4.936866193733108, 48.789192761190549 ], [ 4.936721033853582, 48.789683621652159 ], [ 4.936486734698976, 48.789900635156719 ], [ 4.935895446935216, 48.789413613072611 ], [ 4.93346595747113, 48.78921634631412 ], [ 4.932601711989036, 48.789298701789065 ], [ 4.932489243487574, 48.78935000136785 ], [ 4.932478010972108, 48.789487828588712 ], [ 4.934731455605313, 48.789563815394004 ], [ 4.934721934434315, 48.79015143733384 ], [ 4.934563253436393, 48.790315042980637 ], [ 4.934468941182622, 48.79037864541209 ], [ 4.934430479789873, 48.790406257430938 ], [ 4.934365403529534, 48.790450493912012 ], [ 4.934030895316814, 48.790682619190761 ], [ 4.93405974389299, 48.790726234754338 ], [ 4.934078473199365, 48.790790705911512 ], [ 4.934075630417465, 48.790860924113801 ], [ 4.934059013330061, 48.790926867059007 ], [ 4.934020357303101, 48.79098596958778 ], [ 4.933968620935555, 48.791022792739668 ], [ 4.933931980308581, 48.791026084732934 ], [ 4.933888602522671, 48.791031285045321 ], [ 4.933792949037077, 48.791022037482492 ], [ 4.933693213293694, 48.791012855910154 ], [ 4.933570577898077, 48.791010342339248 ], [ 4.933458828625226, 48.791007652485597 ], [ 4.933348473451881, 48.791005839612886 ], [ 4.933260423669855, 48.791018060023646 ], [ 4.933252325729507, 48.79101999033557 ], [ 4.933166936185942, 48.791067253709713 ], [ 4.933152567539432, 48.791083679757868 ], [ 4.933112049799571, 48.791129317443861 ], [ 4.933075153153218, 48.791199186885819 ], [ 4.933046554309609, 48.791272520637435 ], [ 4.933040783344212, 48.7913005029272 ], [ 4.933023265202056, 48.791342169904091 ], [ 4.933022376187123, 48.791391664634439 ], [ 4.933024736525508, 48.791418615728404 ], [ 4.933033706133182, 48.79147694738775 ], [ 4.933036994110044, 48.791492188118532 ], [ 4.933051673411863, 48.79155762454117 ], [ 4.933054761482397, 48.791567470649483 ], [ 4.933053211421929, 48.791635868557513 ], [ 4.933051394801637, 48.791697073634374 ], [ 4.933033248773626, 48.791758542886754 ], [ 4.932998006951553, 48.791799596931085 ], [ 4.932932328023564, 48.791827648718353 ], [ 4.932852141626975, 48.791831644807473 ], [ 4.932790606437775, 48.791824543435304 ], [ 4.932761929999348, 48.791822308374819 ], [ 4.932700856154193, 48.791790909153363 ], [ 4.932648774868198, 48.791744970171898 ], [ 4.932616372544374, 48.791678920739223 ], [ 4.932583004273744, 48.791586797289767 ], [ 4.932562149600696, 48.791501668568507 ], [ 4.932549226470752, 48.791410114055438 ], [ 4.932530960227471, 48.791321344881588 ], [ 4.932510866938268, 48.791220010252189 ], [ 4.93249973776024, 48.791140122053925 ], [ 4.932512008110199, 48.791067052532419 ], [ 4.932535464328089, 48.791001898868942 ], [ 4.932607413265026, 48.790959351564311 ], [ 4.932676112611631, 48.79093934784953 ], [ 4.932725261539146, 48.790906165693549 ], [ 4.932736970282494, 48.790854696644843 ], [ 4.932707523107573, 48.790794896891512 ], [ 4.93262962172968, 48.790750275174204 ], [ 4.93253154230847, 48.790712277273073 ], [ 4.932382154003777, 48.790685904835634 ], [ 4.932224967668445, 48.790669554393617 ], [ 4.932077739644304, 48.790664738075556 ], [ 4.932068181053893, 48.790663992998383 ], [ 4.9319292507903, 48.790662640891924 ], [ 4.931781361292737, 48.790676727405717 ], [ 4.931651194842728, 48.790691426853954 ], [ 4.931502410521625, 48.790718122485039 ], [ 4.931390333220837, 48.790743324935903 ], [ 4.931290768946897, 48.790775522163692 ], [ 4.931194824815659, 48.790831951143971 ], [ 4.9311712964401, 48.790858421064485 ], [ 4.931143818900042, 48.790888553378004 ], [ 4.931101776302412, 48.7909666021391 ], [ 4.931083894512526, 48.791035263970628 ], [ 4.931082766742759, 48.791041579694429 ], [ 4.931057947925447, 48.791106755062835 ], [ 4.931031502002388, 48.791164759579459 ], [ 4.930995064654773, 48.791210330568283 ], [ 4.930965564233412, 48.791259388005223 ], [ 4.930923750236465, 48.791306845142039 ], [ 4.930905102603408, 48.791354827528757 ], [ 4.930876397000512, 48.791388578175123 ], [ 4.930815894305734, 48.791409348014504 ], [ 4.930711247708054, 48.791414637582619 ], [ 4.930638693987446, 48.791404114589298 ], [ 4.930566569330658, 48.79136839464396 ], [ 4.930502642689467, 48.791333441842589 ], [ 4.930413660022086, 48.79132048522969 ], [ 4.930391887649018, 48.791320836987587 ], [ 4.930318372615617, 48.791321125036795 ], [ 4.930212498452129, 48.791330032570258 ], [ 4.930105928848105, 48.791356944080952 ], [ 4.929966900127229, 48.791389777645037 ], [ 4.929820834504942, 48.791416427206336 ], [ 4.929699096408284, 48.791438185484964 ], [ 4.929684260909847, 48.791442023647512 ], [ 4.929540317893382, 48.791452445030174 ], [ 4.929394881016755, 48.791459291794403 ], [ 4.929276460128086, 48.791460304316082 ], [ 4.929209782032472, 48.791461380927529 ], [ 4.929063713326189, 48.791451144300488 ], [ 4.928948610063759, 48.791431411180376 ], [ 4.928837289997507, 48.791403520104915 ], [ 4.928744954416463, 48.791373523193023 ], [ 4.928647805263908, 48.791323811796005 ], [ 4.928580460331031, 48.791270020691037 ], [ 4.928533128212199, 48.791205110833197 ], [ 4.928496844377492, 48.791070750227391 ], [ 4.928489504510603, 48.790982703808758 ], [ 4.928481202787806, 48.79090546860931 ], [ 4.928458098914142, 48.790832970521791 ], [ 4.928432871892585, 48.790776700247392 ], [ 4.928425270353043, 48.790755231529616 ], [ 4.928397122456863, 48.790693610535726 ], [ 4.92838962065956, 48.790674839130602 ], [ 4.928348893669932, 48.790604424722552 ], [ 4.928303951581541, 48.790530479756754 ], [ 4.928252903817725, 48.790475525791045 ], [ 4.928186754963654, 48.790417216934991 ], [ 4.928100693518841, 48.790372724008378 ], [ 4.928037500857856, 48.790357550186037 ], [ 4.92798804864719, 48.790345753180382 ], [ 4.927876864328488, 48.790321457607206 ], [ 4.927733354436684, 48.790306679901967 ], [ 4.927625689216139, 48.790303918728625 ], [ 4.927530569749324, 48.790309051843479 ], [ 4.927487125476272, 48.790312451623549 ], [ 4.927382713287557, 48.790324032024294 ], [ 4.927277338932661, 48.790346423555782 ], [ 4.927199710968522, 48.790382761725759 ], [ 4.927132538220712, 48.790444121179966 ], [ 4.92709015782078, 48.790513177500536 ], [ 4.927060323047427, 48.790590128234506 ], [ 4.927057670124123, 48.790665740917184 ], [ 4.927060425935472, 48.790703481416202 ], [ 4.927060792387776, 48.790750256865643 ], [ 4.927061058112808, 48.790757449712025 ], [ 4.927073640381106, 48.790876899094869 ], [ 4.927084629427418, 48.790990076671697 ], [ 4.927084597308827, 48.791026062842413 ], [ 4.92708456519019, 48.79106204901197 ], [ 4.927064654075873, 48.791149635345626 ], [ 4.927019850405789, 48.791226827440937 ], [ 4.926947565404173, 48.791297265584731 ], [ 4.926852545563871, 48.791378866002553 ], [ 4.926788955288459, 48.79142667279671 ], [ 4.926689818596861, 48.791470554540957 ], [ 4.926583246888858, 48.791497462906989 ], [ 4.926475247878588, 48.791522594906809 ], [ 4.926426691456776, 48.791535073111667 ], [ 4.926414610456427, 48.791539766094154 ], [ 4.92632831737275, 48.791562748716345 ], [ 4.926273488211263, 48.791589722236253 ], [ 4.926257424957636, 48.791634063588717 ], [ 4.926267648213189, 48.791689676491089 ], [ 4.926295362491707, 48.791739609564601 ], [ 4.926381159015095, 48.791776910896388 ], [ 4.926451123644103, 48.791791076771368 ], [ 4.926551125260342, 48.79180745722222 ], [ 4.926618932948275, 48.791836951667051 ], [ 4.926673398498928, 48.791873858337503 ], [ 4.926697130522109, 48.791926554451798 ], [ 4.92669065948775, 48.791972540460193 ], [ 4.926657437512804, 48.792031552782241 ], [ 4.926628264638643, 48.792089600161567 ], [ 4.926630888155057, 48.792160629443387 ], [ 4.926625147632247, 48.792226395743498 ], [ 4.926623322678865, 48.79225071545526 ], [ 4.926619174631994, 48.792285868306578 ], [ 4.926591196331932, 48.792339398198777 ], [ 4.926549510321816, 48.792390450178488 ], [ 4.926498530366556, 48.792411064226613 ], [ 4.926482433172669, 48.79241762124272 ], [ 4.926438887457567, 48.792418323321471 ], [ 4.92637227448869, 48.792421196558173 ], [ 4.926199253196195, 48.792418588052165 ], [ 4.926165166700261, 48.792417338262482 ], [ 4.926035724348048, 48.792414926645399 ], [ 4.925903560400426, 48.79241255875538 ], [ 4.92587770513011, 48.792412975491338 ], [ 4.925772657685036, 48.792407471472544 ], [ 4.925702924766526, 48.792399598942204 ], [ 4.925648160704854, 48.792391485134239 ], [ 4.92553577826536, 48.792371704881987 ], [ 4.925457382779467, 48.792350477210114 ], [ 4.925277790237113, 48.792317385514046 ], [ 4.925137096744029, 48.792305258179191 ], [ 4.924996735126713, 48.792302121730067 ], [ 4.924829157502689, 48.792299423546936 ], [ 4.924668483428083, 48.792299312846943 ], [ 4.92451902749275, 48.79230801764141 ], [ 4.924399542318396, 48.792317139195077 ], [ 4.924264955605074, 48.792322905273409 ], [ 4.924149552759184, 48.792331960832065 ], [ 4.92401526445735, 48.792345818577296 ], [ 4.923905503703152, 48.792360180883755 ], [ 4.923804837426474, 48.792362701350989 ], [ 4.923730757181409, 48.792347700555183 ], [ 4.923640713420047, 48.792305967535441 ], [ 4.923551168544812, 48.792240835794225 ], [ 4.923470420080428, 48.792155770316171 ], [ 4.923401022393486, 48.792083117017441 ], [ 4.923317320766746, 48.791991801493516 ], [ 4.923254760621555, 48.791919937684199 ], [ 4.923186724338717, 48.791847262342465 ], [ 4.923114373842893, 48.791768358920429 ], [ 4.923049790516883, 48.79167853476843 ], [ 4.9230129865704, 48.791603557369598 ], [ 4.922966625924798, 48.791490948889866 ], [ 4.922936029515496, 48.79139967803831 ], [ 4.922907591310625, 48.791293078561743 ], [ 4.922875833210005, 48.791207224217963 ], [ 4.922374553939504, 48.790942699434581 ], [ 4.922018771759848, 48.790820674225124 ], [ 4.921773635509746, 48.790819219425451 ], [ 4.921480905654539, 48.790819429154872 ], [ 4.921355950136128, 48.790790850820542 ], [ 4.921288348480301, 48.790729862722173 ], [ 4.92130189584615, 48.790654075122497 ], [ 4.921477141504709, 48.790569389766212 ], [ 4.921708610861257, 48.790458609942306 ], [ 4.921893811110989, 48.790385459157321 ], [ 4.922022957521821, 48.790269127402091 ], [ 4.922064251167646, 48.79017040231188 ], [ 4.922020184662834, 48.790046061142519 ], [ 4.92201468289201, 48.789933694556673 ], [ 4.921892626604419, 48.78976202726458 ], [ 4.921730469808923, 48.789721452752872 ], [ 4.921720318021036, 48.789667637582433 ], [ 4.921679134384614, 48.789621518646271 ], [ 4.921609309217731, 48.789574061061302 ], [ 4.921517613135728, 48.789524256250338 ], [ 4.921419047348895, 48.789472762563364 ], [ 4.921315370003925, 48.789430347403005 ], [ 4.921177009311708, 48.789407382311005 ], [ 4.920957932202473, 48.789410904767166 ], [ 4.920946116766035, 48.789792542399105 ], [ 4.920909113262212, 48.790895196472682 ], [ 4.921138798138881, 48.791512254915588 ], [ 4.9217036929161, 48.79280134985671 ], [ 4.921039337159142, 48.792952376291872 ], [ 4.920888703178112, 48.792744282650418 ], [ 4.919707478306823, 48.79220728988053 ], [ 4.919415080152405, 48.792142715139988 ], [ 4.918850962558239, 48.792020428560285 ], [ 4.918169043297543, 48.791989994349564 ], [ 4.917924728924159, 48.792233219885418 ], [ 4.91791552926226, 48.79250145958612 ], [ 4.91775027635419, 48.792710128962412 ], [ 4.916874127951827, 48.792618930184567 ], [ 4.916751124165011, 48.79242118393563 ], [ 4.915206937081902, 48.79278870663304 ], [ 4.913662662270585, 48.793154411043844 ], [ 4.911984598576703, 48.793548325318248 ], [ 4.91219453469204, 48.794706394323903 ], [ 4.912119404229316, 48.79477416951655 ], [ 4.911982935416194, 48.794840227231312 ], [ 4.911766415068077, 48.794876977994136 ], [ 4.911506521083647, 48.794882035384532 ], [ 4.911221900692893, 48.794881190259076 ], [ 4.910606719554734, 48.794889228873771 ], [ 4.910420115053085, 48.794887714229517 ], [ 4.910394434613511, 48.794967292554141 ], [ 4.910266336749442, 48.795001727252227 ], [ 4.909782226315761, 48.795019361412848 ], [ 4.909554597518033, 48.795013103267223 ], [ 4.909452806324776, 48.794985041991985 ], [ 4.909342598122006, 48.79491303309252 ], [ 4.909227165575507, 48.794884289964408 ], [ 4.909046432433583, 48.794894374597476 ], [ 4.908894761812575, 48.79484281962872 ], [ 4.908707050757394, 48.794773847498739 ], [ 4.908506455255058, 48.79472487279677 ], [ 4.908207141580278, 48.794694567288261 ], [ 4.907989139150881, 48.794690851358091 ], [ 4.907893145622052, 48.794895701148171 ], [ 4.907654617943212, 48.794926498359388 ], [ 4.907370247563105, 48.794969722071698 ], [ 4.907109439029632, 48.795024264278602 ], [ 4.906868832751022, 48.795109970657968 ], [ 4.906586287795843, 48.795240427677584 ], [ 4.906378932487084, 48.795341795864189 ], [ 4.906153274183679, 48.795389477714295 ], [ 4.90582061180481, 48.795415475358034 ], [ 4.905389420797097, 48.795390864544579 ], [ 4.904925043455025, 48.795352387119792 ], [ 4.904538941712045, 48.795294667709562 ], [ 4.904221738591187, 48.795259239557133 ], [ 4.902902140899539, 48.795666202713221 ], [ 4.902579279692657, 48.79558767801398 ], [ 4.902212264308513, 48.795455877488024 ], [ 4.902053581850597, 48.795286573908371 ], [ 4.901668091664281, 48.79513347465948 ], [ 4.900907457246869, 48.795073606777869 ], [ 4.900652621945709, 48.795254887680699 ], [ 4.90038008764565, 48.795585788102244 ], [ 4.899766144656177, 48.795553267706225 ], [ 4.898883118969424, 48.795572700828686 ], [ 4.898039032868391, 48.7964002756976 ], [ 4.897916949584332, 48.796525463919316 ], [ 4.896527700781338, 48.796329810477964 ], [ 4.895499965457347, 48.796189581834646 ], [ 4.895033727565546, 48.796324723789517 ], [ 4.894364292711409, 48.796938988380639 ], [ 4.894132974264963, 48.797206245999625 ], [ 4.893370973117467, 48.796959229120802 ], [ 4.893186995198615, 48.797367875802934 ], [ 4.89304044920739, 48.797682367877691 ], [ 4.892894575536141, 48.797715265924076 ], [ 4.892747210209522, 48.7977445889086 ], [ 4.892606225362998, 48.79776211551242 ], [ 4.89246757085054, 48.797768809526914 ], [ 4.892332607716714, 48.797764649409103 ], [ 4.892186985279603, 48.797766955305136 ], [ 4.892040971431462, 48.797758471705031 ], [ 4.8918981035275, 48.7977616332631 ], [ 4.891756050896205, 48.797787272399361 ], [ 4.891618480942927, 48.797861420217295 ], [ 4.891489263477407, 48.797903049123676 ], [ 4.89135660657467, 48.797924940550423 ], [ 4.891199932940346, 48.797922922014422 ], [ 4.89104008100334, 48.797908358805536 ], [ 4.890858193005561, 48.797886947055289 ], [ 4.890710459546606, 48.797868593153744 ], [ 4.890571152682991, 48.797857302764164 ], [ 4.890462047718659, 48.79785273143888 ], [ 4.890382956810684, 48.797887268759048 ], [ 4.890430019395134, 48.797945899565612 ], [ 4.890523061557142, 48.797995706326276 ], [ 4.89058522538462, 48.798057696668337 ], [ 4.890571664062948, 48.798134379395975 ], [ 4.89044215956108, 48.798205699319979 ], [ 4.890272364217442, 48.798217381514725 ], [ 4.890016444151363, 48.79825741439322 ], [ 4.889844871391348, 48.798295213220847 ], [ 4.889651971664927, 48.798308159530848 ], [ 4.889421380991834, 48.798295612329007 ], [ 4.889229377053722, 48.799310725718335 ], [ 4.888388779000972, 48.800767007781545 ], [ 4.88997855161956, 48.80115750248725 ], [ 4.889930087058336, 48.800571714553257 ], [ 4.890167277862118, 48.800803664646253 ], [ 4.890707038161818, 48.80100473869215 ], [ 4.891097095640951, 48.80124596349053 ], [ 4.891185067749432, 48.801493767023786 ], [ 4.891267571318375, 48.801628304496376 ], [ 4.891505539998156, 48.801956499224517 ], [ 4.891563300398334, 48.802009562399711 ], [ 4.891598696791888, 48.802046786312808 ], [ 4.891609398300081, 48.802079003350201 ], [ 4.89160960259499, 48.802122182008418 ], [ 4.891601966572678, 48.802174480987496 ], [ 4.891582276537163, 48.802232368486806 ], [ 4.891556400688228, 48.802307446713819 ], [ 4.891529187731191, 48.802345661568673 ], [ 4.891490670718266, 48.802410144375386 ], [ 4.891414915304911, 48.802461722176353 ], [ 4.891361197909369, 48.802520148137717 ], [ 4.891320602120101, 48.802564872082087 ], [ 4.891269248012994, 48.802613364748886 ], [ 4.891185317254765, 48.802627287628546 ], [ 4.891149961657863, 48.802628746720274 ], [ 4.891094589277818, 48.802679102134803 ], [ 4.891065436081459, 48.80273893849467 ], [ 4.891024065617687, 48.802799867777445 ], [ 4.890938194730497, 48.802835412101452 ], [ 4.890867385440393, 48.802835632809156 ], [ 4.890776713959989, 48.80285146128373 ], [ 4.890696229955513, 48.802922905078098 ], [ 4.890640954612075, 48.802975957587769 ], [ 4.890516336310252, 48.803069690343293 ], [ 4.890466610594422, 48.803163137945646 ], [ 4.890971252249505, 48.803296395043404 ], [ 4.89146296877724, 48.803298509825069 ], [ 4.892547057955984, 48.803824719344355 ], [ 4.890680299193328, 48.805451091642496 ], [ 4.892665325386986, 48.806220335687783 ], [ 4.892620817293586, 48.806832781746799 ], [ 4.893924594556372, 48.807217857826117 ], [ 4.894679452015072, 48.807563942715966 ], [ 4.896078928428993, 48.808332515542482 ], [ 4.897071532633313, 48.808923108612824 ], [ 4.895249881576292, 48.810330221406034 ], [ 4.895115887546803, 48.810316152803594 ], [ 4.895294191451591, 48.811099590893051 ], [ 4.894796727821754, 48.811541092644227 ], [ 4.894229237944763, 48.812192412524865 ], [ 4.893993375216454, 48.81244894181588 ], [ 4.892348567291782, 48.811603264848443 ], [ 4.891782600841545, 48.812109710490311 ], [ 4.893109306174809, 48.812935243993223 ], [ 4.891140264021271, 48.814416588360189 ], [ 4.890890264832679, 48.814622056346259 ], [ 4.890771913013476, 48.814588843480365 ], [ 4.890671520322635, 48.814562543356608 ], [ 4.890569701134068, 48.814534466484922 ], [ 4.890493878960846, 48.814509576846561 ], [ 4.890441135366498, 48.814482522967879 ], [ 4.890322613469569, 48.814407030561227 ], [ 4.890230708035803, 48.814351808257392 ], [ 4.890091693190621, 48.814237056709644 ], [ 4.889976115825205, 48.814130030957877 ], [ 4.889897271060271, 48.814059308484985 ], [ 4.889267377290444, 48.814983271332189 ], [ 4.889879625115723, 48.81548907121585 ], [ 4.890101509184992, 48.81567268240979 ], [ 4.888788973437743, 48.817231761726362 ], [ 4.888820645935986, 48.817429175478409 ], [ 4.888942560372664, 48.817598175050477 ], [ 4.889218427546145, 48.817805224107886 ], [ 4.889636768012579, 48.817846291677235 ], [ 4.889775570645998, 48.817992533212852 ], [ 4.890412148397361, 48.8182289618317 ], [ 4.89080604478657, 48.81778372296948 ], [ 4.892605935663261, 48.818994004943725 ], [ 4.892182559859157, 48.819227408172821 ], [ 4.892766269505149, 48.819507842396071 ], [ 4.89283275701028, 48.819763178335428 ], [ 4.893119537874098, 48.819444673900684 ], [ 4.893818297172104, 48.819816840551468 ], [ 4.893574170932131, 48.820221933068147 ], [ 4.894713542117506, 48.820722056318431 ], [ 4.894539316330862, 48.821026186194622 ], [ 4.895297522217681, 48.821046554831909 ], [ 4.894614658997605, 48.821374939900693 ], [ 4.894900459920397, 48.821816616099603 ], [ 4.895328817012204, 48.822057218392722 ], [ 4.895943681425441, 48.822181511122196 ], [ 4.896613016662708, 48.822417387637778 ], [ 4.896442839955854, 48.822795223505352 ], [ 4.896943843566864, 48.822972594802536 ], [ 4.897486543049918, 48.823247359522803 ], [ 4.898232401074075, 48.823002521712006 ], [ 4.898254069376593, 48.823036362787875 ], [ 4.898283841919379, 48.823068275971778 ], [ 4.898309267726645, 48.823093061299929 ], [ 4.898342830516488, 48.823116817819169 ], [ 4.898379018346191, 48.823137833825456 ], [ 4.898416436853348, 48.823155231848645 ], [ 4.898448179713408, 48.823166422726302 ], [ 4.898483038745169, 48.823188359408462 ], [ 4.898509924556618, 48.823215820334063 ], [ 4.898534250878935, 48.823247819934842 ], [ 4.898557051886228, 48.823275345712496 ], [ 4.898580016643816, 48.823307366923885 ], [ 4.898604375797549, 48.823340265595526 ], [ 4.898631359989746, 48.823370423753218 ], [ 4.898662265351012, 48.823396021597226 ], [ 4.898691579887563, 48.823415347442406 ], [ 4.899907103373781, 48.824020366023248 ], [ 4.899806822659365, 48.824259455837243 ], [ 4.900116352724277, 48.824789803436026 ], [ 4.900853786542714, 48.825173009410705 ], [ 4.901602110881925, 48.825368919453808 ], [ 4.901753329842273, 48.826152770553065 ], [ 4.902457654010544, 48.826225229483804 ], [ 4.903628583763071, 48.826986551856216 ], [ 4.902683083232828, 48.827921897505128 ], [ 4.90286542587645, 48.827990064669336 ], [ 4.903752256096099, 48.82828361346877 ], [ 4.905171947285511, 48.829064349314841 ], [ 4.906397931705446, 48.829875144976022 ], [ 4.910472327338216, 48.83259619372776 ], [ 4.911389707325789, 48.833124894668231 ], [ 4.912505612805361, 48.833901403105429 ], [ 4.913275038437509, 48.834073514135888 ], [ 4.91386413698091, 48.834233213090194 ], [ 4.913892060093909, 48.834288541604145 ], [ 4.913959973723576, 48.834356724128092 ], [ 4.914030438109949, 48.83445725149673 ], [ 4.914073796669457, 48.834561811077847 ], [ 4.914134794213059, 48.834664289101674 ], [ 4.914187356337885, 48.834759705287432 ], [ 4.914254437417129, 48.834842294602446 ], [ 4.914301882502951, 48.834946788664375 ], [ 4.914367073684931, 48.83501501451844 ], [ 4.914467774100109, 48.835085370692852 ], [ 4.914568177531062, 48.835147635113302 ], [ 4.914748274180267, 48.835190631456605 ], [ 4.914989723873326, 48.835234444306828 ], [ 4.915231008772456, 48.835273761300037 ], [ 4.915402009633295, 48.835291713461821 ], [ 4.91544462590787, 48.835301826126845 ], [ 4.915582206606214, 48.835337405764434 ], [ 4.915652656380366, 48.835363265367967 ], [ 4.91592400399483, 48.835404798221631 ], [ 4.916491810412388, 48.835503652534186 ], [ 4.916981657989489, 48.835594757817589 ], [ 4.91730651445041, 48.835683108786903 ], [ 4.917569423141477, 48.835754460136833 ], [ 4.917857713135452, 48.835811909838689 ], [ 4.91814899759717, 48.835839623923192 ], [ 4.918464367061204, 48.835855256096039 ], [ 4.918700748957863, 48.835835270998203 ], [ 4.918893383086216, 48.835811489374777 ], [ 4.919061903993329, 48.83576200588444 ], [ 4.919314732220424, 48.835707570714995 ], [ 4.919572038888576, 48.835700742106269 ], [ 4.919871561503023, 48.835730118978375 ], [ 4.92020194148595, 48.835783288949635 ], [ 4.920510395031251, 48.83587009547233 ], [ 4.920830142787991, 48.835967515051138 ], [ 4.921341754350061, 48.836131120970236 ], [ 4.92174162551715, 48.836257837392942 ], [ 4.922109640734154, 48.836407554587723 ], [ 4.922386605891234, 48.836564131900147 ], [ 4.922726886354956, 48.836737682729883 ], [ 4.923136926279167, 48.836955091025459 ], [ 4.923301718047039, 48.837099975943168 ], [ 4.92352799871575, 48.837249269292691 ], [ 4.923762054293259, 48.837387641910134 ], [ 4.924063079558168, 48.837568117632401 ], [ 4.924361217765289, 48.83770725730551 ], [ 4.924650753345619, 48.837871723576868 ], [ 4.924982745072142, 48.838041803021738 ], [ 4.925155551868316, 48.838108290900742 ], [ 4.925395894440448, 48.838121514300511 ], [ 4.925780310019944, 48.838161204702075 ], [ 4.926144761421242, 48.838213809855397 ], [ 4.926487488021664, 48.838268563063934 ], [ 4.926965153255066, 48.838323840031244 ], [ 4.92738770759694, 48.838362910799241 ], [ 4.927683694487756, 48.838369835245537 ], [ 4.927911250393469, 48.838405749808061 ], [ 4.928143724243371, 48.838464074748153 ], [ 4.928382842301303, 48.838517794092205 ], [ 4.928597808544336, 48.838544914318781 ], [ 4.928730522158202, 48.838558967006037 ], [ 4.928854334054464, 48.83859025558619 ], [ 4.928918552890739, 48.838668384990171 ], [ 4.928967390438005, 48.838735967194985 ], [ 4.929054661522639, 48.838774142151173 ], [ 4.92924225576998, 48.838798104314492 ], [ 4.929562867190768, 48.83888109325445 ], [ 4.929814979238131, 48.838954391412003 ], [ 4.929902024426217, 48.839060039686068 ], [ 4.929903758883028, 48.839143674842774 ], [ 4.929944925454257, 48.839224874484124 ], [ 4.93006804039474, 48.839237281396947 ], [ 4.930213144281312, 48.839217847176293 ], [ 4.930366623441387, 48.839240558973884 ], [ 4.930480973876008, 48.839310681563703 ], [ 4.930586989490589, 48.839413324318585 ], [ 4.930750910358416, 48.839533923875621 ], [ 4.931031267364617, 48.839633751639241 ], [ 4.931300691747921, 48.839695971943172 ], [ 4.931553668091744, 48.839718874724909 ], [ 4.93181198837495, 48.839702108093661 ], [ 4.931967327112141, 48.839701398127019 ], [ 4.932169813126793, 48.839759300144152 ], [ 4.932510270510356, 48.839862651554355 ], [ 4.932822488007425, 48.839939470270679 ], [ 4.932942224755857, 48.840007704288062 ], [ 4.93296047015594, 48.840058686828499 ], [ 4.932937392574382, 48.840134626515777 ], [ 4.932919563030856, 48.840205083755031 ], [ 4.933119366681054, 48.840300810891527 ], [ 4.933557002307492, 48.840415183082122 ], [ 4.934265795371727, 48.840564751262939 ], [ 4.934714452732846, 48.840608771922369 ], [ 4.934854317361827, 48.840631698263046 ], [ 4.936029718053095, 48.840831281334481 ], [ 4.936064010913828, 48.840873907217528 ], [ 4.935951991068437, 48.841050243637028 ], [ 4.935796543827039, 48.841194897064838 ], [ 4.935757993316915, 48.84129447740056 ], [ 4.935648841236946, 48.841878287290989 ], [ 4.935591315367082, 48.842641181784778 ], [ 4.936936394828875, 48.842674282661889 ], [ 4.937022018203184, 48.843621076997636 ], [ 4.936220651518636, 48.844612818451459 ], [ 4.935906495620396, 48.845145069476843 ], [ 4.93615084123712, 48.846695623276588 ], [ 4.936148002356015, 48.846949356208775 ], [ 4.937041860236979, 48.847417969482471 ], [ 4.937323157497906, 48.847761558750307 ], [ 4.937514173531012, 48.848059830524399 ], [ 4.937409765174328, 48.848294517613738 ], [ 4.936223333818505, 48.848132908298844 ], [ 4.935953491620221, 48.848721114794813 ], [ 4.935146387087289, 48.84886371625123 ], [ 4.934035517488295, 48.848975239911056 ], [ 4.93309536184271, 48.849095689315149 ], [ 4.931358323056419, 48.849745367843539 ], [ 4.93056827898424, 48.849650169225448 ], [ 4.929642583162514, 48.849683097016104 ], [ 4.928929842296844, 48.849798045443045 ], [ 4.928397025120805, 48.849360436837856 ], [ 4.92753982344047, 48.849660323448347 ], [ 4.927896619069748, 48.849798508888675 ], [ 4.928040695630616, 48.84989784100852 ], [ 4.928107688710828, 48.850050591882564 ], [ 4.928123746130665, 48.850226653553456 ], [ 4.928168745044113, 48.850411244652015 ], [ 4.92822504404506, 48.850643332044775 ], [ 4.928269816566933, 48.850932279571843 ], [ 4.928297742392274, 48.851208004668372 ], [ 4.92831447223703, 48.851512697149964 ], [ 4.928294285617323, 48.851814386236278 ], [ 4.928251500443745, 48.852057965959908 ], [ 4.928249051540289, 48.852249618680467 ], [ 4.928377241897228, 48.852766617238984 ], [ 4.928397188544817, 48.852937218227254 ], [ 4.92852373436165, 48.853115096731905 ], [ 4.928813670585819, 48.853324525384309 ], [ 4.929380858270036, 48.853768773717128 ], [ 4.929917355965705, 48.854267489915451 ], [ 4.930301564806945, 48.854702990732989 ], [ 4.930394796934713, 48.854938078890676 ], [ 4.930360320080903, 48.855111356653921 ], [ 4.930285359339686, 48.855185432991306 ], [ 4.930063700361181, 48.855421103531015 ], [ 4.930011906734404, 48.855568572334668 ], [ 4.930097984025988, 48.855684130453014 ], [ 4.930195161224602, 48.85580490696524 ], [ 4.930252794205664, 48.855925421814256 ], [ 4.930281186134331, 48.856066199392977 ], [ 4.93026637229327, 48.856144702737623 ], [ 4.926928895783647, 48.856361328636325 ], [ 4.924526121380273, 48.856453978945986 ], [ 4.924502110714084, 48.857353953003297 ], [ 4.923265247456291, 48.857640119821539 ], [ 4.921901224412954, 48.85983813627815 ], [ 4.92145113615905, 48.860387814519491 ], [ 4.921145760527375, 48.860684183335316 ], [ 4.923868461256842, 48.862160732838021 ], [ 4.924356532131019, 48.86282397346902 ], [ 4.924850629432751, 48.863613056523803 ], [ 4.925138117695539, 48.863681297737266 ], [ 4.925258960985967, 48.864036487676366 ], [ 4.924675659937504, 48.86463419785234 ], [ 4.924438481441591, 48.864820627555602 ], [ 4.923270113740022, 48.864197111039331 ], [ 4.922906962188116, 48.864480018445725 ], [ 4.922070201816561, 48.864048169393101 ], [ 4.921578114893185, 48.864421302648616 ], [ 4.921480177519537, 48.864723335330346 ], [ 4.921115913265587, 48.864643723894766 ], [ 4.920732382904554, 48.864818102305961 ], [ 4.921088684841263, 48.865125436553413 ], [ 4.921574081045322, 48.865457684155864 ], [ 4.920853898450994, 48.865894748105752 ], [ 4.920543912267013, 48.866067045413303 ], [ 4.919905718487602, 48.86580651306619 ], [ 4.91916488179097, 48.866201617585396 ], [ 4.918928149518176, 48.866326857171842 ], [ 4.918180534435501, 48.866131040898665 ], [ 4.91809979313674, 48.866419300657199 ], [ 4.917602415379871, 48.866279741242884 ], [ 4.916984644399998, 48.86620327983394 ], [ 4.91685472986457, 48.866341197250811 ], [ 4.916673708123522, 48.866794785309779 ], [ 4.916101238982197, 48.867616271285783 ], [ 4.915590500348145, 48.868485342601744 ], [ 4.915244372181883, 48.868380234851571 ], [ 4.914993327232858, 48.868673016245566 ], [ 4.913551807445383, 48.868445093634222 ], [ 4.911710306215005, 48.868093105782144 ], [ 4.911680035068501, 48.868308587810631 ], [ 4.911681896436356, 48.868433598996404 ], [ 4.911693211807725, 48.868630425126582 ], [ 4.911753889017722, 48.868946106087392 ], [ 4.911827393364071, 48.869276874781001 ], [ 4.911876604471509, 48.869465898751145 ], [ 4.911991212471749, 48.869727642921497 ], [ 4.912195207552092, 48.870232642748917 ], [ 4.912378603762542, 48.870845020437372 ], [ 4.912454943556712, 48.871030012154876 ], [ 4.912634638455967, 48.87157857859583 ], [ 4.912758089468832, 48.872006601230382 ], [ 4.91290950914405, 48.872527732050216 ], [ 4.912936782372509, 48.872601960590046 ], [ 4.912996195117812, 48.872697265120415 ], [ 4.913108067959546, 48.872772840036262 ], [ 4.913547913634155, 48.873089654046112 ], [ 4.91419053589243, 48.873580438972965 ], [ 4.914822406541149, 48.874038108307445 ], [ 4.915508196944713, 48.874552483881772 ], [ 4.915873050017515, 48.874831807966849 ], [ 4.916363617944735, 48.875191878602848 ], [ 4.916488290769468, 48.875318520931259 ], [ 4.916977101344553, 48.87570470471902 ], [ 4.917604403554114, 48.876148039338162 ], [ 4.918611884772962, 48.876915419218832 ], [ 4.918809805737757, 48.877030989639167 ], [ 4.918822337922315, 48.877037985288062 ], [ 4.918806554204495, 48.87723884238909 ], [ 4.918838812379465, 48.877411042614341 ], [ 4.919040792644541, 48.877784723990437 ], [ 4.919447598999449, 48.878720049713316 ], [ 4.919976465564688, 48.879969164008685 ], [ 4.920431936141993, 48.881002656875957 ], [ 4.920887391629712, 48.882035248006069 ], [ 4.921066235560912, 48.882742135600878 ], [ 4.921500260618572, 48.883082401771098 ], [ 4.921769113860448, 48.883419021203188 ], [ 4.92177219193062, 48.883613277914968 ], [ 4.921631003766975, 48.883816147523547 ], [ 4.920404782091251, 48.884630141019166 ], [ 4.920084218155546, 48.885036488673471 ], [ 4.919721861183095, 48.885382335152542 ], [ 4.920621242337881, 48.885949926399178 ], [ 4.920500024338639, 48.886176761870644 ], [ 4.922197012042626, 48.887176826520403 ], [ 4.922497478994956, 48.887519232804344 ], [ 4.923355037210059, 48.888725264453207 ], [ 4.923586551433612, 48.889194714117181 ], [ 4.923640559700535, 48.889917992916814 ], [ 4.924028433620189, 48.890483880564624 ], [ 4.924219494201353, 48.890891908942066 ], [ 4.924557737958783, 48.891258889972448 ], [ 4.923215154975582, 48.892287070918933 ], [ 4.922000123265288, 48.893224131308067 ], [ 4.921174923935971, 48.893857170108696 ], [ 4.920638416895042, 48.89425438598883 ], [ 4.920354830443009, 48.894444243286209 ], [ 4.919882406815865, 48.894729782196016 ], [ 4.918979921093353, 48.895229110185419 ], [ 4.918353799630223, 48.895564782227368 ], [ 4.917417296214035, 48.896067341266004 ], [ 4.915874631364236, 48.896781992400065 ], [ 4.915598143320613, 48.896906056571616 ], [ 4.914751375066527, 48.897290215936145 ], [ 4.914258101794796, 48.897455524467837 ], [ 4.913813987911772, 48.897584962668546 ], [ 4.91246141996976, 48.897943005402027 ], [ 4.912432858511868, 48.89857674528993 ], [ 4.915688002162698, 48.899903723701073 ], [ 4.914690571369652, 48.900051010760649 ], [ 4.915020893585776, 48.900573764278882 ], [ 4.916090238354567, 48.902268500314591 ], [ 4.91642989551509, 48.902636377686733 ], [ 4.916234113679409, 48.902877890933055 ], [ 4.916702313930626, 48.903142061546355 ], [ 4.917299159549183, 48.903490527341759 ], [ 4.917329176872717, 48.903601590670036 ], [ 4.917389394815253, 48.903717567728449 ], [ 4.917447614265059, 48.903853366792944 ], [ 4.917553630600804, 48.903990199583504 ], [ 4.917744910835381, 48.904256101260415 ], [ 4.917815433084687, 48.90442948406956 ], [ 4.917880644205885, 48.90453278720436 ], [ 4.917955037329022, 48.904626048227392 ], [ 4.918032583612197, 48.904767834234391 ], [ 4.918119847473899, 48.904877080849623 ], [ 4.918187858733154, 48.904945256618959 ], [ 4.918272737369922, 48.904989773951442 ], [ 4.918365169028288, 48.90501707884534 ], [ 4.918459362214717, 48.905055150011677 ], [ 4.918529571397436, 48.905108897628658 ], [ 4.918587142372609, 48.905152952661581 ], [ 4.918631937614773, 48.905220600561179 ], [ 4.918823781864591, 48.905575546445256 ], [ 4.919313674091845, 48.905834861507941 ], [ 4.920001765854964, 48.905955165686855 ], [ 4.921314419512886, 48.906285836641828 ], [ 4.921740492954918, 48.906627124918344 ], [ 4.923778661323987, 48.907572209411384 ], [ 4.924886872763167, 48.907907924649507 ], [ 4.925931597849068, 48.90833460531784 ], [ 4.926941330824198, 48.909437398897239 ], [ 4.927463703822193, 48.909797806994668 ], [ 4.928707408573015, 48.910657540733084 ], [ 4.930607835139313, 48.911560650395096 ], [ 4.932275031915226, 48.912245305514396 ], [ 4.933620157649589, 48.913002603367438 ], [ 4.933701265161061, 48.913863057251064 ], [ 4.933120672450851, 48.914068529409057 ], [ 4.932677937063248, 48.914752130287091 ], [ 4.932571457964682, 48.915339450450652 ], [ 4.93286164431972, 48.915692785998758 ], [ 4.934689417677625, 48.916507048998582 ], [ 4.936363888795669, 48.917234708044184 ], [ 4.937468738606991, 48.917618938133721 ], [ 4.937412795196822, 48.91783933111563 ], [ 4.937347863438299, 48.918184905625175 ], [ 4.93727549098061, 48.918587271385228 ], [ 4.937169089395669, 48.919175492561301 ], [ 4.937146987027362, 48.919278397575553 ], [ 4.937140107729357, 48.919313590889864 ], [ 4.937062736002651, 48.919691749317323 ], [ 4.936954914864921, 48.920351955731377 ], [ 4.936897961040742, 48.92069200286894 ], [ 4.936788071874211, 48.921040102010629 ], [ 4.936670348533711, 48.921324460339683 ], [ 4.93651911400524, 48.921588670793021 ], [ 4.936309418779375, 48.921859223117828 ], [ 4.935917388043935, 48.922145315142927 ], [ 4.937015589236534, 48.923154835146363 ], [ 4.939347756048665, 48.925077195320732 ], [ 4.940699342439338, 48.925959342670623 ], [ 4.943375134420337, 48.927242784506468 ], [ 4.945971781993872, 48.928669579208766 ], [ 4.946668296571575, 48.928968604235472 ], [ 4.948143443468521, 48.929790190802933 ], [ 4.950660332013237, 48.931049069087507 ], [ 4.951690019554596, 48.930802020476364 ], [ 4.953773473228426, 48.931131477893295 ], [ 4.954698951943681, 48.92963754635192 ], [ 4.95546799072759, 48.928631908543721 ], [ 4.955862995726406, 48.928353800606317 ], [ 4.957424922373726, 48.927704912705799 ], [ 4.958438166742021, 48.927132439054972 ], [ 4.958759395405948, 48.926527194520588 ], [ 4.959138424242777, 48.925934496617366 ], [ 4.95927176131269, 48.92588643956379 ], [ 4.959827919343724, 48.92622726454686 ], [ 4.960042626384484, 48.926346089710698 ], [ 4.96027650228537, 48.92646639993913 ], [ 4.960487161426686, 48.926550208453513 ], [ 4.960844775078899, 48.926693679879499 ], [ 4.96153154408906, 48.926913619938261 ], [ 4.962102462134352, 48.927102170428796 ], [ 4.962452855491444, 48.927234960873484 ], [ 4.962683300041966, 48.927336432311115 ], [ 4.962919229269187, 48.927474694622397 ], [ 4.961773268790661, 48.927640089077855 ], [ 4.960364650863597, 48.92800856859936 ], [ 4.963856103250147, 48.928388567103319 ], [ 4.964288443360023, 48.928305018884004 ], [ 4.964835146233977, 48.928430086152467 ], [ 4.965155466059888, 48.928597544506232 ], [ 4.965398212214583, 48.928843635006281 ], [ 4.965733799701942, 48.929125982518272 ], [ 4.966075141091717, 48.929271504570785 ], [ 4.966315852244125, 48.929246865007151 ], [ 4.966628699685451, 48.929252524848671 ], [ 4.966787184983611, 48.929400146605822 ], [ 4.967143457232409, 48.929110043023684 ], [ 4.967750218332691, 48.928837413601279 ], [ 4.96811307986338, 48.928721709612176 ], [ 4.968415435858772, 48.928558423315785 ], [ 4.968571563721391, 48.928427223749743 ], [ 4.968904646562778, 48.928282321639415 ], [ 4.969166435627162, 48.928201558254784 ], [ 4.969486002426557, 48.928132438122674 ], [ 4.969833436388099, 48.928042169487 ], [ 4.970016736021199, 48.928015767605707 ], [ 4.970212924944317, 48.928041326941582 ], [ 4.970446357454811, 48.928113049651515 ], [ 4.970632313405421, 48.92815676744749 ], [ 4.970787711318737, 48.928150613238508 ], [ 4.970944507591109, 48.928145335366388 ], [ 4.971108190114339, 48.928213706479582 ], [ 4.971265594805133, 48.928332555034842 ], [ 4.971441726230195, 48.928441200281533 ], [ 4.971680210708707, 48.928502042983908 ], [ 4.971938337099809, 48.928720881388656 ], [ 4.972119178840122, 48.928809658192648 ], [ 4.972295895925567, 48.928825639704002 ], [ 4.972552223542927, 48.928816922213898 ], [ 4.972718435085842, 48.928843870570624 ], [ 4.972867898982001, 48.92889718119779 ], [ 4.973049629897668, 48.928973348385419 ], [ 4.973107410202574, 48.928984990460613 ], [ 4.973190056161434, 48.92896833719017 ], [ 4.973351323065965, 48.928936895852445 ], [ 4.973532952670151, 48.928938401960998 ], [ 4.973648854532832, 48.928970675424715 ], [ 4.973860261279381, 48.928965393729918 ], [ 4.974001165052467, 48.928972967312582 ], [ 4.974083265443256, 48.929013893137736 ], [ 4.974256642641292, 48.929157661852344 ], [ 4.974445778943549, 48.929284978852408 ], [ 4.974596268986246, 48.929329275017366 ], [ 4.974787758487341, 48.929374694334882 ], [ 4.975011855633234, 48.929379995982735 ], [ 4.975212110034442, 48.929368598965141 ], [ 4.975461140051425, 48.929347402000118 ], [ 4.975552996272018, 48.929357581529473 ], [ 4.975622750917926, 48.929396910790743 ], [ 4.975754041632825, 48.929510786881941 ], [ 4.975892359665274, 48.929629944194225 ], [ 4.975980840496187, 48.929659069461529 ], [ 4.976082656107023, 48.929643897149454 ], [ 4.976204764688352, 48.929587910622168 ], [ 4.976291537876422, 48.929572086690698 ], [ 4.976383941160143, 48.929596649251259 ], [ 4.976466319620361, 48.929680746932476 ], [ 4.976546244876229, 48.929808063072336 ], [ 4.976625075317444, 48.929870630145096 ], [ 4.976811177211744, 48.92988195252827 ], [ 4.976925377170985, 48.929905255515671 ], [ 4.977096715045658, 48.929995081271962 ], [ 4.977195021204042, 48.930031239866857 ], [ 4.977308606552744, 48.930038360868302 ], [ 4.977404794123588, 48.930018782609018 ], [ 4.977500739726833, 48.929956929753928 ], [ 4.977575088878045, 48.929829766636765 ], [ 4.977617142531371, 48.929786794010084 ], [ 4.977694026007471, 48.929798118588366 ], [ 4.977761088291513, 48.929838390608793 ], [ 4.977884329403444, 48.92988403202358 ], [ 4.977993616287001, 48.929885826072635 ], [ 4.978144275808257, 48.929862649310962 ], [ 4.978299301839938, 48.929846596606019 ], [ 4.978365270545103, 48.929858100971934 ], [ 4.97841889480713, 48.929903991774225 ], [ 4.978452675595411, 48.930038365434889 ], [ 4.978514079451321, 48.930109314934718 ], [ 4.978575343289763, 48.930140686824274 ], [ 4.97868210714912, 48.930147919175816 ], [ 4.97882120228005, 48.930107841235248 ], [ 4.978945695754154, 48.930042817089586 ], [ 4.979002486706392, 48.93002838594149 ], [ 4.979047990090799, 48.930040227959275 ], [ 4.979085721412168, 48.930098974580311 ], [ 4.979111789039329, 48.930174105622768 ], [ 4.979249056124677, 48.930265390669312 ], [ 4.979427555245253, 48.930292126839952 ], [ 4.979584027282133, 48.930385792861216 ], [ 4.979752608330985, 48.930474760886753 ], [ 4.980036718562503, 48.930550125504745 ], [ 4.980266737521525, 48.930674958776393 ], [ 4.980381415282298, 48.930674862492602 ], [ 4.980511165116073, 48.930640334331621 ], [ 4.980718890660352, 48.930609914285718 ], [ 4.980919319722509, 48.930603002630697 ], [ 4.981057231387628, 48.930639402847881 ], [ 4.981190341440465, 48.930728955353757 ], [ 4.98133599486302, 48.930753533182497 ], [ 4.981506030938825, 48.930737228159877 ], [ 4.981627302120973, 48.930802688307189 ], [ 4.981736750431858, 48.930952001396953 ], [ 4.981832852247281, 48.931037667570862 ], [ 4.981995935825433, 48.931053860420811 ], [ 4.982138987011972, 48.931010115048174 ], [ 4.982214908127364, 48.93096028373634 ], [ 4.982336190953758, 48.930882715591082 ], [ 4.982361314531667, 48.930789646955127 ], [ 4.982287379266831, 48.930676628146728 ], [ 4.982297391728253, 48.930581110875863 ], [ 4.982379009458439, 48.930537481986704 ], [ 4.982492624769228, 48.930509515399507 ], [ 4.982703968336908, 48.93050242015746 ], [ 4.982849039270178, 48.930511713547048 ], [ 4.982948954688383, 48.930554137662405 ], [ 4.983048746179676, 48.930664929077018 ], [ 4.983149594026269, 48.930767607026525 ], [ 4.983258073610829, 48.930819784118647 ], [ 4.983412696322778, 48.93082891873582 ], [ 4.983565749001088, 48.930832681883111 ], [ 4.983674366271994, 48.93088845450022 ], [ 4.983795777676675, 48.930957508348627 ], [ 4.983868433872376, 48.930965300818897 ], [ 4.984005614166359, 48.930910855864198 ], [ 4.984081403401592, 48.930893409097955 ], [ 4.984186908046536, 48.930903356061819 ], [ 4.984219832440444, 48.930943290306587 ], [ 4.984205318714343, 48.931028087778905 ], [ 4.984095271252855, 48.931328558619626 ], [ 4.984028999585461, 48.931523957380811 ], [ 4.984047875776546, 48.931589311482732 ], [ 4.984118695632465, 48.93162052234527 ], [ 4.984238627387442, 48.93161493814312 ], [ 4.984361520617247, 48.931579619842914 ], [ 4.984546464146256, 48.931560365031224 ], [ 4.984717462302665, 48.931569226775466 ], [ 4.984842043732112, 48.93161393938621 ], [ 4.984947496998114, 48.931694050945374 ], [ 4.985035521852432, 48.931782547035702 ], [ 4.985094028436296, 48.931813061777326 ], [ 4.985191958193416, 48.931803343420789 ], [ 4.985296255922975, 48.931745843666739 ], [ 4.985410568495784, 48.931628807989838 ], [ 4.985502894711913, 48.931579602297433 ], [ 4.985639096284645, 48.931571048454352 ], [ 4.985742354238916, 48.93159362491533 ], [ 4.985837605804331, 48.931656813452896 ], [ 4.985941361538099, 48.931763938606785 ], [ 4.98605296100098, 48.931861938219477 ], [ 4.986118496358044, 48.93189773322834 ], [ 4.98619749575969, 48.931892825552382 ], [ 4.986286037388012, 48.931851777892675 ], [ 4.986385863097084, 48.931784456326021 ], [ 4.986431266703094, 48.931793598597118 ], [ 4.986472423128738, 48.931870277049171 ], [ 4.986499094854908, 48.931996670528456 ], [ 4.986558444406442, 48.932120723129081 ], [ 4.986657422530952, 48.932209935995765 ], [ 4.986754581108332, 48.932251503142489 ], [ 4.986822562491722, 48.932244079122086 ], [ 4.986940057207881, 48.93217466505115 ], [ 4.987163306000525, 48.932014442195069 ], [ 4.987229579132362, 48.931998050827673 ], [ 4.987288730397255, 48.932009663403619 ], [ 4.987350551326061, 48.932055414339189 ], [ 4.987400985547228, 48.932124742247538 ], [ 4.98746803355046, 48.932200091368458 ], [ 4.987601536504254, 48.932299525337349 ], [ 4.987930724147009, 48.93248206896267 ], [ 4.988301902622954, 48.932655819021178 ], [ 4.98849254329842, 48.932749806143264 ], [ 4.988565202700554, 48.932757595753166 ], [ 4.988621753357225, 48.932736867270151 ], [ 4.988700423636746, 48.932651904035886 ], [ 4.988756286678842, 48.932613196020931 ], [ 4.988805990995325, 48.932627663285842 ], [ 4.988859019106048, 48.932693349356988 ], [ 4.988919028208827, 48.932834481197673 ], [ 4.988933413062902, 48.933032142015591 ], [ 4.988921209592902, 48.933177171073943 ], [ 4.988940917550726, 48.933264099650735 ], [ 4.989024067785408, 48.933331984257329 ], [ 4.9891295309736, 48.933412092009299 ], [ 4.989238939580047, 48.933452554266772 ], [ 4.989357762089403, 48.933489261960844 ], [ 4.989513586342792, 48.933493871168757 ], [ 4.989635849168905, 48.933513430146171 ], [ 4.989764096955738, 48.933582364498143 ], [ 4.990148612986303, 48.933818855440073 ], [ 4.990490225997794, 48.934075847795711 ], [ 4.990602756974231, 48.93426917927092 ], [ 4.990649138617185, 48.934339472643842 ], [ 4.990710517975931, 48.934373535120699 ], [ 4.990810366535114, 48.934378173068225 ], [ 4.991132695664057, 48.9343809133115 ], [ 4.991298602635979, 48.934434827566328 ], [ 4.991441898730915, 48.934504409605708 ], [ 4.991593785642068, 48.934655707100788 ], [ 4.99173672908183, 48.934787363110274 ], [ 4.991825881662068, 48.934833556981161 ], [ 4.992020363770944, 48.934849214458531 ], [ 4.992229545606716, 48.934856531341929 ], [ 4.992370011794016, 48.934923460705114 ], [ 4.992508382273305, 48.935042598240557 ], [ 4.992640309693896, 48.935171737727011 ], [ 4.992736898216411, 48.935305062921429 ], [ 4.992918665017436, 48.935523327521508 ], [ 4.993178590161328, 48.93575018677933 ], [ 4.993180795013166, 48.935807720821572 ], [ 4.993134828019996, 48.935855261605042 ], [ 4.993076007990929, 48.935923705619317 ], [ 4.993062196289975, 48.936026483157868 ], [ 4.993059149586852, 48.936089501784089 ], [ 4.993132503341386, 48.936115267984384 ], [ 4.993261320739894, 48.936127517981809 ], [ 4.993433300144384, 48.936161538386827 ], [ 4.993531009079789, 48.936181501932438 ], [ 4.993648531401089, 48.936184044459388 ], [ 4.993719935217635, 48.936194550528221 ], [ 4.993812640758704, 48.936155227300695 ], [ 4.99390268601998, 48.936117747347772 ], [ 4.994012124411189, 48.936123122654443 ], [ 4.994066582005443, 48.936154599980441 ], [ 4.994113969560105, 48.936250961984193 ], [ 4.994087396431135, 48.936341358413706 ], [ 4.99404377349288, 48.936450029388162 ], [ 4.994084083149662, 48.936504230681862 ], [ 4.994135432951803, 48.936525864725638 ], [ 4.994228793687972, 48.936503621590546 ], [ 4.994360195005611, 48.936405183728738 ], [ 4.994489659647089, 48.936327467414628 ], [ 4.994557823180792, 48.936253469934165 ], [ 4.994570267453156, 48.936150714957392 ], [ 4.994634351558391, 48.93611276702125 ], [ 4.994791238360412, 48.936109255924492 ], [ 4.994944686692388, 48.936122893176645 ], [ 4.995066957739027, 48.936142446565981 ], [ 4.99511459332007, 48.936174037005976 ], [ 4.995146509753604, 48.936222980457408 ], [ 4.995169697424327, 48.936364722116693 ], [ 4.995178707613083, 48.936457224975051 ], [ 4.995200048122761, 48.936586403762945 ], [ 4.99521607875328, 48.936826314634658 ], [ 4.995298484130783, 48.936874417370227 ], [ 4.995401653333387, 48.936894288494301 ], [ 4.995486512167278, 48.936935153911122 ], [ 4.995594327119081, 48.936969340183481 ], [ 4.995651362473341, 48.936961194012738 ], [ 4.9958348222189, 48.936867284828068 ], [ 4.99597409459721, 48.936831682067904 ], [ 4.996088682393568, 48.936828873851269 ], [ 4.996225965596582, 48.936848176016646 ], [ 4.996315298223569, 48.936898861297919 ], [ 4.996344280085654, 48.936942456057039 ], [ 4.996364372191589, 48.937252463412854 ], [ 4.996365576847358, 48.937354991142335 ], [ 4.99641288499422, 48.937413572778127 ], [ 4.996472872678079, 48.937446755973269 ], [ 4.996567234870252, 48.937450581081059 ], [ 4.99664745233125, 48.937406066520701 ], [ 4.996737741883914, 48.937303813376651 ], [ 4.99688090616464, 48.937120619794676 ], [ 4.996993271502623, 48.936953231481745 ], [ 4.997130766565452, 48.936835798606943 ], [ 4.997215663105905, 48.936806497862079 ], [ 4.997299176836034, 48.936812302271264 ], [ 4.997363913997457, 48.936862497187363 ], [ 4.997402292391786, 48.936937419079754 ], [ 4.997437545555786, 48.936966516373822 ], [ 4.997497068042646, 48.936952031063974 ], [ 4.997547298310783, 48.936908915252772 ], [ 4.997615111598648, 48.936896990306451 ], [ 4.99773292863493, 48.936942701998809 ], [ 4.99787580807404, 48.937036571043237 ], [ 4.997940753274668, 48.93709215943916 ], [ 4.997933013928757, 48.937175046401926 ], [ 4.99788378518194, 48.937244232402733 ], [ 4.997799717062775, 48.937295108812812 ], [ 4.997420398217331, 48.937515523087264 ], [ 4.997343773487176, 48.937582466840304 ], [ 4.99734980054598, 48.937632740742522 ], [ 4.997415229282595, 48.937700914925117 ], [ 4.997548939471701, 48.937733768292759 ], [ 4.997715382983884, 48.937730094148428 ], [ 4.998005605951821, 48.937678479401207 ], [ 4.998463653412527, 48.937588083564918 ], [ 4.998561867902357, 48.937585546066629 ], [ 4.998582215513576, 48.93761759024202 ], [ 4.998541813779581, 48.937667738885395 ], [ 4.99848235966014, 48.937755086486334 ], [ 4.998463980814323, 48.937845347217646 ], [ 4.998484691083178, 48.937922362464874 ], [ 4.998558309154324, 48.937990399462549 ], [ 4.998642204948392, 48.938006091555707 ], [ 4.998722024255697, 48.937986769436989 ], [ 4.998837132405964, 48.937926379252055 ], [ 4.99906622520645, 48.937811914066259 ], [ 4.999194218076386, 48.93773151863725 ], [ 4.999462934186202, 48.937653272853424 ], [ 4.99969352723322, 48.937542379536033 ], [ 4.999768682181829, 48.937543824014952 ], [ 4.999800672967445, 48.937594564096869 ], [ 4.999798085304721, 48.937740333210037 ], [ 4.999740914538291, 48.93788701317046 ], [ 4.999696370328746, 48.938042477803194 ], [ 4.999680342443526, 48.938122804533883 ], [ 4.999710330199818, 48.938192468430287 ], [ 4.99977938905737, 48.938212905032252 ], [ 4.999882666330924, 48.938235469170969 ], [ 4.999962072523283, 48.938276422460035 ], [ 5.000079461604578, 48.938275362814842 ], [ 5.00015021479115, 48.938339848501734 ], [ 5.000165365669675, 48.938414257631571 ], [ 5.000160651680182, 48.938469208388483 ], [ 5.000204302427733, 48.938503561961198 ], [ 5.000330778556605, 48.938525738502861 ], [ 5.000471089656177, 48.93851709952451 ], [ 5.00061905089637, 48.938458857836771 ], [ 5.000807861559642, 48.938362153149768 ], [ 5.001077332750741, 48.938161553393996 ], [ 5.001182974703022, 48.938139099796075 ], [ 5.001275059030261, 48.938154653317291 ], [ 5.001357748864547, 48.938209943548095 ], [ 5.001427500291854, 48.938248358500253 ], [ 5.001476521599392, 48.93824484113523 ], [ 5.001568913553876, 48.938197421298291 ], [ 5.001700586260797, 48.938177231085859 ], [ 5.001793362835603, 48.938210763507108 ], [ 5.001867381356078, 48.938253604643357 ], [ 5.001982456430185, 48.938263376303638 ], [ 5.002091035008219, 48.938246270102631 ], [ 5.002200889135196, 48.938191361683238 ], [ 5.002333041061102, 48.938112692462326 ], [ 5.002417575921199, 48.938109480848951 ], [ 5.002503079948092, 48.938131440189665 ], [ 5.002595184677299, 48.938182974089088 ], [ 5.0026311685209, 48.938230948079884 ], [ 5.002644562992003, 48.938330573520368 ], [ 5.002671652575968, 48.938395787448712 ], [ 5.002724441641364, 48.938419192898927 ], [ 5.002963383343344, 48.938418797587815 ], [ 5.00313468417448, 48.938434824712651 ], [ 5.003257815254438, 48.938511926228657 ], [ 5.003384001611096, 48.93856199025003 ], [ 5.003581729106637, 48.938555086370727 ], [ 5.003700476399354, 48.938482936567858 ], [ 5.003731764939156, 48.93837356867175 ], [ 5.003774392418506, 48.938168659548175 ], [ 5.003850192202142, 48.938045054143835 ], [ 5.003977395220224, 48.937908895005094 ], [ 5.004016454598002, 48.937788602483224 ], [ 5.003954314132428, 48.937699687263859 ], [ 5.003597738811203, 48.937623791150571 ], [ 5.003396898283424, 48.937549788216074 ], [ 5.003351930373415, 48.937481275103899 ], [ 5.003405349647241, 48.937414715328671 ], [ 5.003506237413736, 48.937375247769317 ], [ 5.003679294367722, 48.937366057479949 ], [ 5.00384418477571, 48.937392985267834 ], [ 5.003973943096947, 48.937429495791363 ], [ 5.004101782785245, 48.937451645556386 ], [ 5.004218823493974, 48.937441592207648 ], [ 5.004326221707437, 48.93739391916322 ], [ 5.004429837857384, 48.93735440517851 ], [ 5.004553701088478, 48.9373442373779 ], [ 5.004631931505012, 48.937354622803554 ], [ 5.004643714243258, 48.937376914306213 ], [ 5.00460345713703, 48.937430660862773 ], [ 5.004595637654189, 48.937475768885797 ], [ 5.004650588170685, 48.937519826868616 ], [ 5.004726193693728, 48.937532954779506 ], [ 5.004816926536864, 48.937513445968058 ], [ 5.004885076933658, 48.937439442696267 ], [ 5.004971698519913, 48.937277874508808 ], [ 5.005039614556745, 48.937268642260321 ], [ 5.005116965610958, 48.937291635708135 ], [ 5.005235297221753, 48.937385906932725 ], [ 5.005297569029183, 48.937407353504568 ], [ 5.005399599225947, 48.937397550182453 ], [ 5.005501468694241, 48.937348169496921 ], [ 5.005579343141412, 48.937278500783009 ], [ 5.005594205098629, 48.937203589826822 ], [ 5.005552118099718, 48.936997398881893 ], [ 5.005570935001218, 48.936918823536814 ], [ 5.005716528549466, 48.936799445853005 ], [ 5.00579903779894, 48.936779174356104 ], [ 5.005867646452381, 48.936787920932908 ], [ 5.005964586219958, 48.936823179574866 ], [ 5.006067249450472, 48.936900620951732 ], [ 5.006131868688917, 48.936912132800693 ], [ 5.006211960949465, 48.936899997392644 ], [ 5.006287520817135, 48.936841161457082 ], [ 5.00630419699207, 48.936777914079009 ], [ 5.006311484209751, 48.936648257525746 ], [ 5.006385909778459, 48.936630819593653 ], [ 5.00648883996248, 48.936644388424433 ], [ 5.006613729722627, 48.936696269910044 ], [ 5.006716116185907, 48.936766519022534 ], [ 5.006770732016036, 48.936872650322734 ], [ 5.006901531373367, 48.937042272993793 ], [ 5.006997870953017, 48.937097330860617 ], [ 5.007102444311726, 48.937118068019089 ], [ 5.007196563830936, 48.937115592009839 ], [ 5.007319523855504, 48.937082048277659 ], [ 5.00743165936676, 48.936980320287866 ], [ 5.007489779017623, 48.936858807539672 ], [ 5.007584348142379, 48.936761871381933 ], [ 5.007722755762543, 48.936668698378909 ], [ 5.00782801006472, 48.936636350283798 ], [ 5.007960648180828, 48.936641324170608 ], [ 5.008064411803042, 48.93667646679399 ], [ 5.008135981897901, 48.936726541566841 ], [ 5.008205458652393, 48.936757760913089 ], [ 5.00833106611443, 48.936757454942445 ], [ 5.008516227469874, 48.936743557019653 ], [ 5.008649247831714, 48.936758418749868 ], [ 5.008718343016783, 48.936779749192695 ], [ 5.008834735553537, 48.936823674922287 ], [ 5.008954884989779, 48.936823459797466 ], [ 5.009075530815355, 48.936800747575461 ], [ 5.009148566578335, 48.936747349370279 ], [ 5.009220907618912, 48.936675971837431 ], [ 5.009239441031531, 48.936590204180312 ], [ 5.009272116053356, 48.936481710731123 ], [ 5.009313940516729, 48.936433333464244 ], [ 5.009381298980806, 48.936409715320814 ], [ 5.009498440524426, 48.936402353699592 ], [ 5.009673344023864, 48.936405717363591 ], [ 5.009794629118157, 48.93647024969664 ], [ 5.009948931702929, 48.936576506797074 ], [ 5.010095752081511, 48.936665797823174 ], [ 5.010196664940394, 48.936768452436723 ], [ 5.010257902123871, 48.936869073913826 ], [ 5.010309467496756, 48.936896094801789 ], [ 5.010392878583525, 48.936899193196467 ], [ 5.010475316667918, 48.936877120555316 ], [ 5.01055573907808, 48.936802907972876 ], [ 5.010615588869091, 48.936726341870269 ], [ 5.010626940595198, 48.936666781319367 ], [ 5.010549397984684, 48.936568232673871 ], [ 5.010488438594531, 48.936474803028368 ], [ 5.010488283384133, 48.936400143240043 ], [ 5.010571399349796, 48.936324985862839 ], [ 5.010642364154352, 48.936288712828748 ], [ 5.010710764450519, 48.936292062853582 ], [ 5.010776913191555, 48.936343126616151 ], [ 5.010897034524644, 48.936448157001976 ], [ 5.011010620650343, 48.93652541098367 ], [ 5.01117213096432, 48.936641440604298 ], [ 5.01122533045892, 48.936710712386393 ], [ 5.011232413734942, 48.936787954531482 ], [ 5.011191459839857, 48.936858806534914 ], [ 5.011134478886027, 48.936938922966561 ], [ 5.011132922857331, 48.937004615985856 ], [ 5.011178708950549, 48.937058719896875 ], [ 5.011274288270913, 48.937093997137048 ], [ 5.011380410379705, 48.937084120012834 ], [ 5.01150935594082, 48.937028882347342 ], [ 5.011632043314835, 48.936953060016293 ], [ 5.011854280949956, 48.936838684820167 ], [ 5.011944044476234, 48.936758917158947 ], [ 5.012036092930112, 48.936632334602344 ], [ 5.012083260565623, 48.93661625031978 ], [ 5.01215613757317, 48.936629419378662 ], [ 5.012223270116607, 48.936670570819288 ], [ 5.012275844974684, 48.936723660797121 ], [ 5.01228615390046, 48.936778360060352 ], [ 5.012237048961712, 48.936850248869632 ], [ 5.012131363294599, 48.936941978212602 ], [ 5.011995796273213, 48.937037807349824 ], [ 5.011942353602271, 48.937103472013639 ], [ 5.011945769936723, 48.937156487912439 ], [ 5.011966786375939, 48.93720561012131 ], [ 5.012013068637428, 48.937237216723936 ], [ 5.012066947059688, 48.937253403471502 ], [ 5.012226739136076, 48.937254318546387 ], [ 5.01234790627759, 48.937245087480001 ], [ 5.012445354177398, 48.937222761426035 ], [ 5.01253531828692, 48.937183469587595 ], [ 5.012652268019981, 48.937100546189399 ], [ 5.012741369770591, 48.937003697657971 ], [ 5.012804753563313, 48.936912678313313 ], [ 5.012861592749486, 48.936828965234291 ], [ 5.012898191884141, 48.93682205362817 ], [ 5.012967219308937, 48.936841583694694 ], [ 5.013031797650662, 48.936887275332133 ], [ 5.013114003320212, 48.936965054506921 ], [ 5.013209263165286, 48.937027322009484 ], [ 5.013282941411922, 48.937061166517232 ], [ 5.01338370195918, 48.937089158672812 ], [ 5.013467983595621, 48.937114728988689 ], [ 5.013488200993732, 48.93714317479737 ], [ 5.013471255016932, 48.937199231454407 ], [ 5.013431571283072, 48.937232281923301 ], [ 5.013329980615725, 48.937323943508908 ], [ 5.013319196001312, 48.937362805221476 ], [ 5.013328280792211, 48.93742112313754 ], [ 5.013371340414383, 48.937475272042164 ], [ 5.013471460846073, 48.937557247693476 ], [ 5.013549407724252, 48.93759551804785 ], [ 5.01361700224544, 48.937613272730729 ], [ 5.013692018455907, 48.937611112631338 ], [ 5.013763539762349, 48.937589221184204 ], [ 5.013830340761032, 48.937551217174075 ], [ 5.013884018196066, 48.93752692687962 ], [ 5.013964812743705, 48.93749768308767 ], [ 5.014022333168731, 48.937502113646843 ], [ 5.014085555540066, 48.937512745173272 ], [ 5.014125580393518, 48.937523766565832 ], [ 5.014155802833362, 48.937563738209157 ], [ 5.014159395526785, 48.937621248831341 ], [ 5.014161136257544, 48.937666196921107 ], [ 5.014164311187076, 48.937712919996898 ], [ 5.014216005174148, 48.937813699912205 ], [ 5.014255076783427, 48.937870614172844 ], [ 5.014310412195668, 48.937959638723363 ], [ 5.014350813773927, 48.938015631046405 ], [ 5.014360150223662, 48.938045159146704 ], [ 5.014302017177781, 48.938130693701893 ], [ 5.014246974737008, 48.938155007106459 ], [ 5.014138950572772, 48.938221590129416 ], [ 5.014093244299162, 48.938275431571832 ], [ 5.014060125631941, 48.93837223965911 ], [ 5.014075546964366, 48.938417857335537 ], [ 5.014093175285914, 48.938449944721491 ], [ 5.014135679519669, 48.938489709922244 ], [ 5.014169230353811, 48.938509835577086 ], [ 5.014235531319962, 48.938529410753816 ], [ 5.014319223803113, 48.938539698099653 ], [ 5.014387696934146, 48.938544843941145 ], [ 5.014473665980502, 48.938543398810097 ], [ 5.014543329610581, 48.938544026818803 ], [ 5.014594550642379, 48.93856205621212 ], [ 5.014598568263008, 48.938595271884097 ], [ 5.014558953824722, 48.938630120605211 ], [ 5.014489213864413, 48.938662777096873 ], [ 5.014412650856466, 48.938695548239075 ], [ 5.014363066240423, 48.938719769930572 ], [ 5.014325199143464, 48.938764484201471 ], [ 5.014319908171592, 48.938804153163353 ], [ 5.014348795059838, 48.938880129014592 ], [ 5.014432133316829, 48.938916509075931 ], [ 5.014472020040372, 48.938923934495875 ], [ 5.014528142665795, 48.938927488784849 ], [ 5.014593713016795, 48.938928185583059 ], [ 5.01475330132786, 48.938923703524601 ], [ 5.014792630880283, 48.938916745468894 ], [ 5.014839590771642, 48.938895266372256 ], [ 5.014865454779561, 48.938857950121339 ], [ 5.014903008026059, 48.938805145038167 ], [ 5.014964560354709, 48.938772625978309 ], [ 5.015056057798055, 48.938772886572316 ], [ 5.01517697803507, 48.938792442343569 ], [ 5.015296812448626, 48.938819212624828 ], [ 5.015452230981905, 48.938848082966651 ], [ 5.015490886659236, 48.938894209245383 ], [ 5.015520338609339, 48.938949485770117 ], [ 5.015530662745158, 48.939145413198041 ], [ 5.015527712757996, 48.939210230130989 ], [ 5.015531614766636, 48.939310913656669 ], [ 5.015590809672032, 48.939358493535011 ], [ 5.015649406589259, 48.93942587345196 ], [ 5.015649958264014, 48.939475339196569 ], [ 5.015636306345375, 48.939510651105799 ], [ 5.015601134154461, 48.939554420882608 ], [ 5.015558128466052, 48.939572235571191 ], [ 5.015491221617516, 48.93960754359378 ], [ 5.015411713641287, 48.939670049868496 ], [ 5.015393404295547, 48.939726129615742 ], [ 5.015393990567406, 48.939776494307416 ], [ 5.015450694578522, 48.93986549522473 ], [ 5.015505169061799, 48.939896962699677 ], [ 5.0155486220997, 48.939925916881265 ], [ 5.015625761088156, 48.940013674473008 ], [ 5.015655637706725, 48.940044656052265 ], [ 5.015704897891509, 48.940082507956419 ], [ 5.015727881766852, 48.940111806362218 ], [ 5.015728050246167, 48.940151383523286 ], [ 5.015709398391098, 48.940163391338565 ], [ 5.015650928354416, 48.940169772063562 ], [ 5.015553726047549, 48.940163311014445 ], [ 5.015452499552405, 48.940158716655738 ], [ 5.015334194781852, 48.940171500775442 ], [ 5.015315960864105, 48.940194296041263 ], [ 5.015328619737244, 48.940239060417348 ], [ 5.015357480046013, 48.940279054605853 ], [ 5.015444102006277, 48.940364853723338 ], [ 5.015529922928515, 48.940429976712856 ], [ 5.015609309946994, 48.940470020592748 ], [ 5.015676101751573, 48.940502180363048 ], [ 5.015716965484808, 48.940534776208587 ], [ 5.015725182427062, 48.940570619799132 ], [ 5.015717929613236, 48.940630111757777 ], [ 5.01566533573406, 48.940647188180222 ], [ 5.015583317807176, 48.940644969472721 ], [ 5.015498431243048, 48.940639200774861 ], [ 5.015447939468686, 48.940640049940107 ], [ 5.015392720718532, 48.940659869019747 ], [ 5.015345161235582, 48.94070114834296 ], [ 5.015243979126833, 48.940838681104282 ], [ 5.015225251166549, 48.940883973259766 ], [ 5.015220587697926, 48.940939823440885 ], [ 5.015233908543139, 48.941001668011268 ], [ 5.015249610370265, 48.941054477094589 ], [ 5.01525667143332, 48.941095737399465 ], [ 5.015276600582846, 48.94118715579593 ], [ 5.015260909313564, 48.941275575000368 ], [ 5.015229307061564, 48.941305791376159 ], [ 5.01518486546762, 48.941321830932672 ], [ 5.015085413236696, 48.941363083148175 ], [ 5.015066301788807, 48.941398486714469 ], [ 5.015081481069289, 48.941437811424905 ], [ 5.015103623030088, 48.941480617234554 ], [ 5.015108128871434, 48.941526418215645 ], [ 5.015116548403299, 48.941602737881887 ], [ 5.015121529647859, 48.941731288899355 ], [ 5.01506431176387, 48.941770031820191 ], [ 5.015011013654398, 48.941804211086612 ], [ 5.015009433766279, 48.941833922593112 ], [ 5.015035983355248, 48.94188475018629 ], [ 5.015079298459129, 48.941910108652685 ], [ 5.015152462319218, 48.941930467488795 ], [ 5.015260480782502, 48.941934048395808 ], [ 5.015343830566926, 48.941935345414791 ], [ 5.015428649550334, 48.941939316299475 ], [ 5.015475257597644, 48.941943929741662 ], [ 5.015524136197852, 48.941971893117611 ], [ 5.015565453934131, 48.94201617542123 ], [ 5.01561415843728, 48.942039643970006 ], [ 5.015770527595151, 48.942092785670134 ], [ 5.015818918646088, 48.942108163515591 ], [ 5.01585166533362, 48.942142694907417 ], [ 5.015845504012804, 48.942159889874084 ], [ 5.015798187439467, 48.942207462022147 ], [ 5.01569361794399, 48.942292878394362 ], [ 5.015595941230827, 48.942379977824764 ], [ 5.015570319890925, 48.942423586813291 ], [ 5.015572201370621, 48.942472130511895 ], [ 5.015606800615159, 48.942519224409992 ], [ 5.015656939987922, 48.942544467893093 ], [ 5.015718908664011, 48.942557818332553 ], [ 5.015821609084321, 48.942565086373342 ], [ 5.015878995880811, 48.942565920191839 ], [ 5.015944605685302, 48.942567515205894 ], [ 5.015982956484292, 48.942570468267803 ], [ 5.016140453803465, 48.942582211518761 ], [ 5.016197376690858, 48.942641523310883 ], [ 5.016242331127329, 48.942709132318171 ], [ 5.016270595610743, 48.942768926206718 ], [ 5.016289864940044, 48.942843264112817 ], [ 5.016291991091249, 48.942898100478807 ], [ 5.016284320342594, 48.942946804862274 ], [ 5.016275534227404, 48.942966742627625 ], [ 5.016242218291463, 48.942987992615315 ], [ 5.016173210895645, 48.943004445774811 ], [ 5.016093111560057, 48.943016587770423 ], [ 5.015928121685017, 48.943022961331607 ], [ 5.015852046684469, 48.943033236385652 ], [ 5.015805925480907, 48.943041208490179 ], [ 5.015326733606822, 48.943079851923969 ], [ 5.015085332192857, 48.943017344887856 ], [ 5.014726250635585, 48.942772409468034 ], [ 5.014588757795423, 48.942818798368691 ], [ 5.014488285766019, 48.942869062544972 ], [ 5.014424305674416, 48.942944800003296 ], [ 5.014391609156195, 48.9430173129794 ], [ 5.014461768169182, 48.943206836728812 ], [ 5.01466620765946, 48.94351374232334 ], [ 5.015314753729264, 48.943968801254428 ], [ 5.015204907336154, 48.943988639159208 ], [ 5.015135828613155, 48.944003293793848 ], [ 5.0150297976022, 48.944015871048393 ], [ 5.014869455920032, 48.944036557610055 ], [ 5.014779028935418, 48.944064164519389 ], [ 5.014743469824687, 48.944098045341114 ], [ 5.014710564055497, 48.944165164589435 ], [ 5.014712131338824, 48.944205617617612 ], [ 5.014725278271793, 48.944262967276536 ], [ 5.014726177407579, 48.944321422364098 ], [ 5.014713394306528, 48.944379207910067 ], [ 5.014679053921604, 48.944444552161997 ], [ 5.01464086948091, 48.944481175691685 ], [ 5.014577910623306, 48.944512818397335 ], [ 5.014513308340986, 48.944537292360856 ], [ 5.014431319152911, 48.944535971829055 ], [ 5.014337785205723, 48.944518653532867 ], [ 5.014283480694895, 48.944491680442574 ], [ 5.014212660038479, 48.944461386735547 ], [ 5.014097081502197, 48.944439041487342 ], [ 5.014038919814902, 48.944453512005936 ], [ 5.014005072865172, 48.94449635922355 ], [ 5.014011151645933, 48.944547530920588 ], [ 5.014037527558771, 48.944593863826682 ], [ 5.014067224915599, 48.944655433108096 ], [ 5.014085690979067, 48.944709095252094 ], [ 5.014839688164729, 48.945136297598232 ], [ 5.014138258502249, 48.945572670456009 ], [ 5.014365550219973, 48.945728968765302 ], [ 5.014205635368159, 48.945866587359802 ], [ 5.015077858422112, 48.946313390115833 ], [ 5.015779674776561, 48.946309684513864 ], [ 5.016239767440024, 48.946411689463353 ], [ 5.016613854045977, 48.946690550124764 ], [ 5.018838847122347, 48.946803316436061 ], [ 5.019680181610894, 48.946945662239237 ], [ 5.021428876030757, 48.947031323728716 ], [ 5.021566506501045, 48.947128851528973 ], [ 5.021657740992048, 48.94778937482095 ], [ 5.022163647212157, 48.948401523577161 ], [ 5.022496907829475, 48.948577607785701 ], [ 5.022613744897314, 48.949053292029866 ], [ 5.022167890148095, 48.949950459290299 ], [ 5.021975727169237, 48.950628355047492 ], [ 5.022023020385411, 48.951177175083636 ], [ 5.023245770893396, 48.951361636993624 ], [ 5.024139129190326, 48.95101372528265 ], [ 5.024441790909011, 48.951385520628392 ], [ 5.025141300837337, 48.951706533752436 ], [ 5.025952637971239, 48.951987872237673 ], [ 5.026656492374652, 48.952034443976416 ], [ 5.027410550241043, 48.952317640696258 ], [ 5.029296150459237, 48.953561279372856 ], [ 5.030947171776656, 48.954322213097122 ], [ 5.029727013978033, 48.955081399348309 ], [ 5.029797447794746, 48.957165331362795 ], [ 5.031854557043137, 48.957269011575654 ], [ 5.031974890357225, 48.9574819610134 ], [ 5.032085387974044, 48.957687880744139 ], [ 5.0306892456395, 48.957895043384106 ], [ 5.031079750506986, 48.958834738344372 ], [ 5.031605022048115, 48.959447416107096 ], [ 5.031902837208245, 48.959727521130432 ], [ 5.031970668547602, 48.959925168396254 ], [ 5.032050101531011, 48.96045454671777 ], [ 5.031661724864364, 48.960408955966599 ], [ 5.031502327785606, 48.960489916414012 ], [ 5.031360661375581, 48.960710003787639 ], [ 5.03119515366337, 48.960914303270897 ], [ 5.031165555492207, 48.961030844405869 ], [ 5.031595533457304, 48.96140675974921 ], [ 5.031380129037346, 48.961767523850533 ], [ 5.031628648687487, 48.961904539303369 ], [ 5.031103697181066, 48.962314624731498 ], [ 5.030889658981724, 48.962465773660981 ], [ 5.030660808563007, 48.96258748852479 ], [ 5.0318987318179, 48.963222273294413 ], [ 5.031826836638932, 48.963270267297474 ], [ 5.031639890469777, 48.963415561095445 ], [ 5.031523895531715, 48.963523671170087 ], [ 5.031483163909633, 48.963635003550102 ], [ 5.031506212031345, 48.963735360412819 ], [ 5.031605126590192, 48.963889303094319 ], [ 5.031732752171873, 48.964078740358012 ], [ 5.03189165450171, 48.964369294296809 ], [ 5.032038993397824, 48.964573689112285 ], [ 5.032292778387853, 48.964705216671788 ], [ 5.032484811159706, 48.964829694750918 ], [ 5.032648911230737, 48.965183126535472 ], [ 5.032771902740757, 48.965463493585901 ], [ 5.033331997698197, 48.966125944684165 ], [ 5.033452127900908, 48.966228252753488 ], [ 5.033154726162315, 48.966379019706437 ], [ 5.033347242780562, 48.966620426829898 ], [ 5.034272556509401, 48.967223607064149 ], [ 5.034466053504467, 48.967245510876005 ], [ 5.034693937272619, 48.967133700691697 ], [ 5.034766546066613, 48.967138765248521 ], [ 5.034781818144969, 48.96717988438219 ], [ 5.034789876906724, 48.96738573957365 ], [ 5.034974296635458, 48.967524735264796 ], [ 5.0351400028399, 48.967569597855629 ], [ 5.03508949398343, 48.96778004512953 ], [ 5.035194299397341, 48.968223532487606 ], [ 5.035266024335897, 48.968345550334483 ], [ 5.035041380574606, 48.968400636203256 ], [ 5.035020633124828, 48.968463955230206 ], [ 5.035437318178303, 48.968637687697679 ], [ 5.036059189414264, 48.969236109715432 ], [ 5.036208999450163, 48.96939817927079 ], [ 5.036272533316485, 48.969659762174018 ], [ 5.036511622444331, 48.9699732346891 ], [ 5.036814544994374, 48.970311708693927 ], [ 5.036953198222458, 48.970642178125416 ], [ 5.037037121707113, 48.970935796978587 ], [ 5.037035878574534, 48.971148106150842 ], [ 5.037224625383966, 48.971292421867751 ], [ 5.037171760590142, 48.971442641194287 ], [ 5.037191114151931, 48.971692380426695 ], [ 5.03730371520657, 48.971846085290473 ], [ 5.037968684592662, 48.972078557303441 ], [ 5.037930946976156, 48.97223121836641 ], [ 5.037769946470405, 48.97230681589987 ], [ 5.037726490409668, 48.972418195891933 ], [ 5.037846539554861, 48.972657228465479 ], [ 5.038197416881562, 48.972859055421509 ], [ 5.03828531054558, 48.972905236297102 ], [ 5.038294862111328, 48.973009418777764 ], [ 5.03864952508957, 48.972959313235073 ], [ 5.038720161742433, 48.973018380512883 ], [ 5.038653362557509, 48.973161640993368 ], [ 5.038438118952899, 48.973212974780878 ], [ 5.03857880011417, 48.973594680136671 ], [ 5.039033560622986, 48.973762355765388 ], [ 5.039139233173243, 48.974017822773007 ], [ 5.039397577034037, 48.974194233889861 ], [ 5.039494640187967, 48.97433470792275 ], [ 5.039150550135848, 48.974410722152612 ], [ 5.038828891361805, 48.974570909199628 ], [ 5.038624239217116, 48.974578885979092 ], [ 5.03840844470646, 48.974685999336536 ], [ 5.038388227726236, 48.974762802427144 ], [ 5.038683063973883, 48.974963781336442 ], [ 5.038463709880215, 48.97511952946526 ], [ 5.038774325628906, 48.97526986663803 ], [ 5.038657261170654, 48.975351014722172 ], [ 5.038167399966876, 48.975299073133165 ], [ 5.038040498945739, 48.975129421023489 ], [ 5.03797222204533, 48.975130581333332 ], [ 5.037906325370362, 48.975262131905183 ], [ 5.037902345366319, 48.975439405426712 ], [ 5.037774134150403, 48.975480263529739 ], [ 5.037612734783106, 48.975406546559164 ], [ 5.0372181010496, 48.975308906492302 ], [ 5.036938788452592, 48.975573612833905 ], [ 5.036694340170218, 48.976100386564056 ], [ 5.036474823971322, 48.97635687981743 ], [ 5.036426481834551, 48.976413471004619 ], [ 5.036271172315754, 48.976634691701733 ], [ 5.03632639983526, 48.976823552827476 ], [ 5.036304556008554, 48.976998430699268 ], [ 5.036203870881923, 48.977079298014857 ], [ 5.036053053922934, 48.977205992351735 ], [ 5.035637157447073, 48.977437932361347 ], [ 5.035273270805343, 48.977741849274139 ], [ 5.034368776803529, 48.977186900231494 ], [ 5.033370665677056, 48.977591519942614 ], [ 5.033400593028692, 48.977727739419215 ], [ 5.032758714134448, 48.978331403360862 ], [ 5.032198531714346, 48.978823038333438 ], [ 5.031607612021703, 48.978948187926036 ], [ 5.03150473698762, 48.978973317983794 ], [ 5.031382286035569, 48.978987085796945 ], [ 5.031285571398968, 48.978995020492547 ], [ 5.031187631637255, 48.979006573927165 ], [ 5.031127964978054, 48.979018378631359 ], [ 5.031002651133671, 48.979098758803595 ], [ 5.030885978521299, 48.97912052390177 ], [ 5.030806314356213, 48.979110179140442 ], [ 5.030770069842616, 48.979091902997091 ], [ 5.030725350454486, 48.979066574204303 ], [ 5.030678145718007, 48.979047584095476 ], [ 5.030613819931713, 48.979045075155419 ], [ 5.030556919512918, 48.979057732253487 ], [ 5.030510000082076, 48.979081014546779 ], [ 5.030452647181148, 48.979117066694378 ], [ 5.030380517943147, 48.979159665582209 ], [ 5.030309192287399, 48.979187858550688 ], [ 5.030248581020555, 48.979210473000705 ], [ 5.030111914759094, 48.979245169020004 ], [ 5.030050776579764, 48.97925429953527 ], [ 5.029960994840769, 48.979264814349833 ], [ 5.029902029901626, 48.979294596886668 ], [ 5.029805704470888, 48.979347499613098 ], [ 5.029770408181515, 48.979353494072846 ], [ 5.029678839230057, 48.979353244720507 ], [ 5.029634155259006, 48.979328814449502 ], [ 5.029608450011075, 48.979300464926311 ], [ 5.029584145551021, 48.979272991209065 ], [ 5.029544748750623, 48.979243973849826 ], [ 5.029503322852326, 48.979232981144499 ], [ 5.029424255599817, 48.979237917148012 ], [ 5.029386368464263, 48.979247553401997 ], [ 5.029320329228385, 48.979271158735948 ], [ 5.029265250246844, 48.979295478103232 ], [ 5.029180618301701, 48.979332890686607 ], [ 5.029120462691479, 48.979367190555116 ], [ 5.029092801895957, 48.979393744506254 ], [ 5.029106714007675, 48.979505049148131 ], [ 5.029133121115719, 48.979551377219138 ], [ 5.029141072663255, 48.979580027206076 ], [ 5.029110508230043, 48.979637213826948 ], [ 5.029064461881809, 48.979647887526539 ], [ 5.028925339975854, 48.97965473869575 ], [ 5.028839198044951, 48.979653497369299 ], [ 5.028764016500983, 48.979652970096751 ], [ 5.028605213803576, 48.979645761548539 ], [ 5.028472218342557, 48.979634518249597 ], [ 5.028339293114997, 48.97962507264797 ], [ 5.028245936995344, 48.979614058228478 ], [ 5.028151460848234, 48.979609359287771 ], [ 5.028062692940352, 48.979610860359031 ], [ 5.0279863913787, 48.979616648149793 ], [ 5.027960584157523, 48.979620682585832 ], [ 5.02768259750761, 48.979290762814742 ], [ 5.027286083963008, 48.978970042056559 ], [ 5.02679718345199, 48.978978305157824 ], [ 5.026095732905302, 48.979002750386833 ], [ 5.025767452410877, 48.978994803007808 ], [ 5.025348301442923, 48.97886425617105 ], [ 5.024948728337775, 48.978850314362205 ], [ 5.024697311108257, 48.978956204262388 ], [ 5.024413502052576, 48.978932210658151 ], [ 5.024288983180603, 48.978787691410915 ], [ 5.024187715836308, 48.978643679111848 ], [ 5.024054724138649, 48.9785622686937 ], [ 5.023846236924604, 48.978612561873859 ], [ 5.023558576437912, 48.978735252259767 ], [ 5.023255018860734, 48.978765560050185 ], [ 5.023139923813232, 48.978582201515273 ], [ 5.022777931339315, 48.978375122310879 ], [ 5.021894266684658, 48.978317162250796 ], [ 5.021318847288611, 48.978314268472978 ], [ 5.020907760166458, 48.978285215589864 ], [ 5.02054173922465, 48.978255402064526 ], [ 5.019726415096186, 48.978373479074605 ], [ 5.019430184350922, 48.978311003830378 ], [ 5.019097944876295, 48.978025154998882 ], [ 5.018825257682298, 48.977865134348399 ], [ 5.01821188949974, 48.977834979601113 ], [ 5.017986470464261, 48.977730831042592 ], [ 5.017925933865503, 48.977685074882459 ], [ 5.017817845254422, 48.977646415360539 ], [ 5.017718090088472, 48.977611213598045 ], [ 5.017606463367199, 48.977587005644885 ], [ 5.017488497279496, 48.977575497433214 ], [ 5.017247098100933, 48.977587653680168 ], [ 5.016955818899213, 48.979976262795489 ], [ 5.016552405993524, 48.980074796512554 ], [ 5.016486068711909, 48.98181646619075 ], [ 5.016373177763986, 48.981759895918323 ], [ 5.01627730355957, 48.981719230669356 ], [ 5.01617869806567, 48.981678611257372 ], [ 5.016087374725948, 48.981649562996509 ], [ 5.016068045396809, 48.981644490840431 ], [ 5.015993529306364, 48.981625954122485 ], [ 5.015880668543091, 48.981605363307679 ], [ 5.015717206579943, 48.981583823783566 ], [ 5.015507414976367, 48.981565761116357 ], [ 5.014975320592339, 48.98151803225916 ], [ 5.01471167408944, 48.981485581276978 ], [ 5.014590584998359, 48.981464227965851 ], [ 5.014463998300286, 48.98144206735941 ], [ 5.014285869762525, 48.981394686436595 ], [ 5.013563353267974, 48.981158553523549 ], [ 5.0119791599918, 48.980621146068195 ], [ 5.010993148538266, 48.980285074585886 ], [ 5.010706555882773, 48.980189134423362 ], [ 5.010399836193937, 48.980067445163101 ], [ 5.009912908451045, 48.979985655142677 ], [ 5.009604572922519, 48.979892775281662 ], [ 5.009205856422018, 48.979688969992168 ], [ 5.008290718854246, 48.979241049498825 ], [ 5.007709963742195, 48.979029493249492 ], [ 5.007337267170639, 48.978968268385188 ], [ 5.007164536030637, 48.979484779494392 ], [ 5.006914445175894, 48.97959060920364 ], [ 5.006674848577996, 48.979932833752372 ], [ 5.006179999354259, 48.979893438157028 ], [ 5.006124331561348, 48.980469155504366 ], [ 5.005919088816911, 48.980781119713448 ], [ 5.005782411102994, 48.981382477883244 ], [ 5.00586147885012, 48.981589841384142 ], [ 5.005625950734792, 48.981967075668472 ], [ 5.005589710025403, 48.982054933871296 ], [ 5.005531037034491, 48.982198936582023 ], [ 5.005124105232434, 48.982809309119908 ], [ 5.004485489697978, 48.983472125137034 ], [ 5.004166158485992, 48.983803082252827 ], [ 5.004034710447765, 48.983761202781217 ], [ 5.003883517699104, 48.983703461941332 ], [ 5.003794894563717, 48.983673459817361 ], [ 5.003700808423111, 48.983643548889077 ], [ 5.003626467194481, 48.983629499155683 ], [ 5.003361437203703, 48.983632127047684 ], [ 5.003076717567644, 48.983655771788428 ], [ 5.002776746056506, 48.983638293285715 ], [ 5.002358437136596, 48.983635382680191 ], [ 5.001943310061728, 48.983644111072728 ], [ 5.00164023065252, 48.983687847926468 ], [ 5.001140660171692, 48.983562157497694 ], [ 5.000931677562564, 48.983529663755931 ], [ 5.000679590090288, 48.983797423619883 ], [ 5.00037645561401, 48.983804278489124 ], [ 4.99987972414326, 48.983752294847037 ], [ 4.999004326651474, 48.983697625543179 ], [ 4.998338759516856, 48.983661941798914 ], [ 4.997373256619889, 48.983680722077374 ], [ 4.997114835532528, 48.98349972740543 ], [ 4.997001581983314, 48.983433250784032 ], [ 4.996850312850362, 48.98333772333131 ], [ 4.99669582913144, 48.98322965615057 ], [ 4.996392257599697, 48.983011632372659 ], [ 4.996203926980064, 48.982876243297589 ], [ 4.996043810290471, 48.982763771505191 ], [ 4.995924337046799, 48.982677608290807 ], [ 4.995838298292345, 48.982607979189481 ], [ 4.995784604273827, 48.982562098437114 ], [ 4.995749927281824, 48.982513202722146 ], [ 4.995518612707277, 48.982539538982145 ], [ 4.995358263002792, 48.982598875391751 ], [ 4.993685652399956, 48.984205316142358 ], [ 4.994600915024859, 48.984550800022163 ], [ 4.995173740130449, 48.98480482726508 ], [ 4.995718061303642, 48.985063823568034 ], [ 4.996483438324136, 48.985455862562276 ], [ 4.997302180044729, 48.985884787222595 ], [ 4.997887238745789, 48.986171879509037 ], [ 4.998206585942725, 48.986337465390115 ], [ 4.998804898328195, 48.98661353844652 ], [ 4.99931737327688, 48.98675431507413 ], [ 4.999997213060972, 48.986911188690812 ], [ 5.000690731525106, 48.987032749796477 ], [ 5.001377108476739, 48.987075269938842 ], [ 5.002175087004668, 48.987070048857802 ], [ 5.002142442837946, 48.988067241406718 ], [ 5.001620915288271, 48.989607793888084 ], [ 5.001375369618469, 48.990152489854459 ], [ 5.001380198438971, 48.990242359199456 ], [ 5.003438286922225, 48.990941996777124 ], [ 5.003746025261957, 48.99108887234739 ], [ 5.004362019793573, 48.992423332239248 ], [ 5.004664528481661, 48.993001152270224 ], [ 5.004728991054768, 48.993148492186194 ], [ 5.005627959350652, 48.993278285748126 ], [ 5.006511131162164, 48.993317487551373 ], [ 5.006591646586029, 48.993243281545219 ], [ 5.006663479514434, 48.993156627731963 ], [ 5.006720459561876, 48.993074719802408 ], [ 5.006770157913213, 48.992981240164355 ], [ 5.0068111043829, 48.992873514921989 ], [ 5.007046256334183, 48.992803917693458 ], [ 5.009223697701156, 48.993085892117094 ], [ 5.009176774746281, 48.993286366704261 ], [ 5.010565962059321, 48.993367435080486 ], [ 5.010722043057405, 48.993621176410898 ], [ 5.012214573125103, 48.993687900777473 ], [ 5.012167888596755, 48.993964830022911 ], [ 5.012155473432777, 48.994032500674685 ], [ 5.012121734008074, 48.994220162311272 ], [ 5.013849878313954, 48.994264025236951 ], [ 5.013799758084281, 48.994945787239409 ], [ 5.01382530167919, 48.995252087466916 ], [ 5.014389825266851, 48.995145464402057 ], [ 5.016724655427824, 48.994618710215171 ], [ 5.017074441295241, 48.994579548299022 ], [ 5.017516223474827, 48.995501302947034 ], [ 5.017786673040396, 48.996058941603231 ], [ 5.018170283251952, 48.995904971440751 ], [ 5.018243811837024, 48.995862357586361 ], [ 5.018282101347171, 48.995827532494978 ], [ 5.018376295706961, 48.995789068394942 ], [ 5.018831445942486, 48.995471083020178 ], [ 5.018927288399534, 48.995404706232407 ], [ 5.019335270096171, 48.995244924982252 ], [ 5.019643158048249, 48.995288315348333 ], [ 5.020728389088163, 48.994652084567598 ], [ 5.02103112952337, 48.99463349249114 ], [ 5.021748907954141, 48.994566529117577 ], [ 5.022256279889901, 48.994432047633822 ], [ 5.022682878382601, 48.994259347717765 ], [ 5.026042373719566, 48.994282715840249 ], [ 5.027821047741256, 48.994429866812418 ], [ 5.028311780905556, 48.994499827914815 ], [ 5.028657956506142, 48.994543447413662 ], [ 5.029066237079355, 48.994602206620378 ], [ 5.029310658759351, 48.994630454603637 ], [ 5.029490314230496, 48.994645405670248 ], [ 5.029656274134183, 48.994659688666246 ], [ 5.029790428501848, 48.994664615016077 ], [ 5.029958172254442, 48.994654580818988 ], [ 5.030129627685498, 48.994634589037723 ], [ 5.030306336405938, 48.994609111083662 ], [ 5.030584932417745, 48.994532435691056 ], [ 5.030879639060775, 48.994448290878218 ], [ 5.031368278562407, 48.994289800921386 ], [ 5.032181635057491, 48.994045753008621 ], [ 5.032488173470259, 48.993949710131282 ], [ 5.032670161284673, 48.993884560962385 ], [ 5.032842275654429, 48.993846563962983 ], [ 5.033017262548542, 48.993812116053668 ], [ 5.033177574690407, 48.993786911638431 ], [ 5.0333574333047, 48.993772169777969 ], [ 5.033549304581548, 48.993750027981172 ], [ 5.033754448878595, 48.993717766305764 ], [ 5.033961064532483, 48.99368817784562 ], [ 5.03421618812662, 48.993640675915216 ], [ 5.034464657147114, 48.993597783811964 ], [ 5.034635663133193, 48.994683285259448 ], [ 5.034657372071562, 48.994993246250324 ], [ 5.034929267942494, 48.995059695614827 ], [ 5.03502810050427, 48.995663385725123 ], [ 5.034967855228784, 48.996184320913166 ], [ 5.035073900979397, 48.996762701949777 ], [ 5.03512944355075, 48.997203415846158 ], [ 5.035656992337802, 48.997270024334384 ], [ 5.036033529106615, 48.997320303742924 ], [ 5.036470528431909, 48.997378550751179 ], [ 5.03662623961741, 48.997410088771147 ], [ 5.036803985223108, 48.997445750042168 ], [ 5.037392080148066, 48.997557197760059 ], [ 5.037810309821694, 48.997624753702418 ], [ 5.038067221984719, 48.99765726945887 ], [ 5.038255051950983, 48.997671169217497 ], [ 5.038399897032508, 48.997669607929652 ], [ 5.038574585304103, 48.997662142377862 ], [ 5.038747695714538, 48.997649306361154 ], [ 5.039047291475491, 48.997619928463727 ], [ 5.039302676753318, 48.997578708224204 ], [ 5.03929254443796, 48.997668830827038 ], [ 5.039240293985012, 48.997835227604462 ], [ 5.039178081970985, 48.997956818461518 ], [ 5.039035489071537, 48.998120253008608 ], [ 5.03839030771349, 48.998087140395135 ], [ 5.037751675774897, 48.998046717065534 ], [ 5.036906017509502, 48.99799091569129 ], [ 5.036617751921591, 48.998100151585867 ], [ 5.035527084428502, 48.998141147957483 ], [ 5.033439956599705, 48.997731285790103 ], [ 5.033261779295741, 48.997824255660014 ], [ 5.032575915346004, 48.9985329904761 ], [ 5.03227209061415, 48.998908731482963 ], [ 5.03178972515932, 48.999613114084944 ], [ 5.031824152934363, 49.000283557815429 ], [ 5.031794162844938, 49.000740111734991 ], [ 5.031637314001427, 49.001378713186725 ], [ 5.031567781316505, 49.001663232440826 ], [ 5.031568173013918, 49.001708200713267 ], [ 5.031558477506511, 49.002264254529912 ], [ 5.031562380379884, 49.004601080612993 ], [ 5.031570977964201, 49.005694721141971 ], [ 5.031350843231427, 49.006114014256134 ], [ 5.031585288791788, 49.006060573128366 ], [ 5.031855023157114, 49.006070398123072 ], [ 5.032113274692848, 49.006136185626687 ], [ 5.032333509634457, 49.006173832622089 ], [ 5.032577911544309, 49.006165195651541 ], [ 5.032808438714574, 49.006151396255682 ], [ 5.032966631094372, 49.006210781472291 ], [ 5.033041276719558, 49.006336345580173 ], [ 5.033076087026681, 49.006457187575698 ], [ 5.033279418100829, 49.006586867682536 ], [ 5.03350030183094, 49.006710853037795 ], [ 5.033748162082536, 49.006825385856672 ], [ 5.033941826030735, 49.006952530201808 ], [ 5.034028145419633, 49.007096785180863 ], [ 5.034069733319613, 49.007285873518079 ], [ 5.034182226251701, 49.007435081668071 ], [ 5.034361525392655, 49.007544478940432 ], [ 5.034525935804887, 49.007657726346423 ], [ 5.034622449644528, 49.007782918642853 ], [ 5.034715090205043, 49.007983733996838 ], [ 5.034852322707369, 49.008136119978879 ], [ 5.035074125279618, 49.008248393434933 ], [ 5.03533870284928, 49.00833565468097 ], [ 5.035619345802311, 49.008344386897555 ], [ 5.035787351822175, 49.008374818177302 ], [ 5.035865311865156, 49.008549796356398 ], [ 5.036019948946061, 49.008797232034965 ], [ 5.036092691386219, 49.008978594994502 ], [ 5.036167728163512, 49.009078964579942 ], [ 5.036310249177398, 49.009191681432227 ], [ 5.036605361845194, 49.009325195431245 ], [ 5.036626281425553, 49.009335634324657 ], [ 5.036835195650604, 49.009432831895474 ], [ 5.037153196696855, 49.009592041382469 ], [ 5.037359953139245, 49.009738746791186 ], [ 5.03760815462477, 49.010000782731311 ], [ 5.037709767201083, 49.010151071691169 ], [ 5.037806610799446, 49.010284351174029 ], [ 5.037934020239005, 49.010464784623224 ], [ 5.038056404610609, 49.01058683625466 ], [ 5.038205606236274, 49.010625679006708 ], [ 5.038435798870562, 49.010602879928676 ], [ 5.03849374554836, 49.010581207327917 ], [ 5.038491734385405, 49.010913154182795 ], [ 5.03837309900577, 49.011827253969813 ], [ 5.038587794225119, 49.012001706556845 ], [ 5.038568884527679, 49.01204250487234 ], [ 5.038464497328238, 49.012274547711286 ], [ 5.037704449908139, 49.013291286208364 ], [ 5.037475868408511, 49.013634274622326 ], [ 5.037405311048956, 49.013961987098256 ], [ 5.037397588540101, 49.014322813351242 ], [ 5.037492888334834, 49.014695382912436 ], [ 5.037486973525151, 49.014997711491574 ], [ 5.037483385965636, 49.015219946021553 ], [ 5.03724811147561, 49.015462304172871 ], [ 5.036751583274444, 49.015772959098669 ], [ 5.03644782066446, 49.016117220227926 ], [ 5.036111937599379, 49.016688695961058 ], [ 5.036074716285475, 49.017273993511388 ], [ 5.035927158483096, 49.017765816836139 ], [ 5.036898914309534, 49.017855469092765 ], [ 5.038242358688455, 49.017763402476156 ], [ 5.038894321096769, 49.017614707942279 ], [ 5.039572609568835, 49.017509637295426 ], [ 5.039646057905045, 49.017743155255594 ], [ 5.039680486764525, 49.018271468275394 ], [ 5.039652344446178, 49.019678742133877 ], [ 5.038795927678542, 49.019636624291863 ], [ 5.037005504800965, 49.019526702575952 ], [ 5.036520309635706, 49.019325355789491 ], [ 5.035422113600863, 49.01918567422959 ], [ 5.035639777277771, 49.020656236792519 ], [ 5.035151310787144, 49.020755367393448 ], [ 5.03454109019294, 49.0206442818018 ], [ 5.034149289670692, 49.020453035856882 ], [ 5.033512763538052, 49.020578055334212 ], [ 5.033454201088793, 49.02075894391929 ], [ 5.033620929981228, 49.021070038628238 ], [ 5.034395542426586, 49.021502156420219 ], [ 5.035720259106019, 49.022011291528152 ], [ 5.035468300299684, 49.022422129966706 ], [ 5.035271337217473, 49.0225612913598 ], [ 5.035525789067388, 49.022807032632798 ], [ 5.036077615732424, 49.023381437201223 ], [ 5.036526283329946, 49.023836159398265 ], [ 5.036523346514577, 49.024458649619021 ], [ 5.036312034733222, 49.024406466553692 ], [ 5.035501662632419, 49.02435454825536 ], [ 5.035214939132133, 49.024506924389613 ], [ 5.034453460435982, 49.025004651357655 ], [ 5.033388854304857, 49.025795340896948 ], [ 5.032949003044656, 49.026019564575861 ], [ 5.03160707393014, 49.026505512761275 ], [ 5.029837996349497, 49.027156976173252 ], [ 5.029032528972873, 49.027476414163289 ], [ 5.026198382595257, 49.028562274788435 ], [ 5.024121353975489, 49.029352868703327 ], [ 5.022324604346036, 49.030036164456064 ], [ 5.021309331458221, 49.030414849298701 ], [ 5.020180232131426, 49.030786445831829 ], [ 5.019548187261588, 49.031136179305086 ], [ 5.015333936109713, 49.034103277064155 ], [ 5.01332660356031, 49.034513829170422 ], [ 5.012654763044235, 49.034651017839948 ], [ 5.009614626042035, 49.035275797184184 ], [ 5.009310441295969, 49.035333956238937 ], [ 5.007343304620218, 49.034734536907621 ], [ 5.006013475593631, 49.034377188766918 ], [ 5.005007828538368, 49.0340539893566 ], [ 5.004049695264115, 49.033720993958163 ], [ 5.003311813825001, 49.033387914142459 ], [ 5.002209417616371, 49.033073501535206 ], [ 5.001505949766165, 49.032887348759225 ], [ 5.000732902155445, 49.032634891705349 ], [ 4.999533854734167, 49.032189844388419 ], [ 4.998730769094843, 49.031831738265602 ], [ 4.998590170979873, 49.031768418005406 ], [ 4.998141989725046, 49.031568101845608 ], [ 4.997541968760926, 49.031296554441347 ], [ 4.997012486146527, 49.031009439393188 ], [ 4.996655977059048, 49.030809391815986 ], [ 4.995969285941744, 49.030417850457802 ], [ 4.99555457594802, 49.030198079553166 ], [ 4.995049874493627, 49.029950120398752 ], [ 4.994749268895256, 49.029780619434497 ], [ 4.994433075812821, 49.029596985254663 ], [ 4.994162237180065, 49.029418893153661 ], [ 4.993818162961568, 49.029150271430616 ], [ 4.993525118980155, 49.02889249439103 ], [ 4.993515073911999, 49.028809011056268 ], [ 4.993454002367383, 49.028714681965489 ], [ 4.993326419362717, 49.028598071117734 ], [ 4.993199147544951, 49.028489550140662 ], [ 4.99307258751997, 49.028363927391894 ], [ 4.992188890691154, 49.028112353480189 ], [ 4.991327445109655, 49.028048392028786 ], [ 4.990619329441865, 49.027952199836029 ], [ 4.988352799391539, 49.027415003083817 ], [ 4.987829961513306, 49.027227578388178 ], [ 4.986254929082404, 49.026887566154556 ], [ 4.984505754419106, 49.026464063840351 ], [ 4.983103037602635, 49.026158040104008 ], [ 4.979902725388196, 49.025555155660989 ], [ 4.979248274163346, 49.025394150162128 ], [ 4.978015278337066, 49.025053788103293 ], [ 4.977451832481887, 49.02480402551695 ], [ 4.976549025125697, 49.024406040279722 ], [ 4.975654200211338, 49.02418151327246 ], [ 4.974663770522226, 49.023888394282658 ], [ 4.973044746000191, 49.02324941336974 ], [ 4.973063311087678, 49.022334354205306 ], [ 4.972948226451448, 49.022293071516934 ], [ 4.972705551563251, 49.022205314547541 ], [ 4.971413975012251, 49.021759711615971 ], [ 4.971061776938376, 49.021957081011564 ], [ 4.970909305880118, 49.022047731911961 ], [ 4.970749283754759, 49.022119617847977 ], [ 4.970596267914059, 49.022159907337837 ], [ 4.970399959794693, 49.022176621761375 ], [ 4.970231533429641, 49.022207269642053 ], [ 4.969895328100865, 49.022285643849145 ], [ 4.969692966834922, 49.022359122580177 ], [ 4.969491389256283, 49.022453275733604 ], [ 4.969282223761357, 49.022563743330331 ], [ 4.969119324651643, 49.022668054830049 ], [ 4.969006932304199, 49.022733760241408 ], [ 4.968894232878871, 49.022791375417761 ], [ 4.968769027278576, 49.022843798821462 ], [ 4.968651821331475, 49.022854715651661 ], [ 4.968545008147576, 49.022815092074993 ], [ 4.968422690215408, 49.022691173234442 ], [ 4.968085877879214, 49.022320720685627 ], [ 4.967677834691131, 49.021874980474458 ], [ 4.967450052288041, 49.021638557597932 ], [ 4.967310384598081, 49.021489736985387 ], [ 4.967193782750797, 49.021336040884464 ], [ 4.967120534886452, 49.021243697133613 ], [ 4.96706891280232, 49.021180681224457 ], [ 4.967039499846945, 49.021126295982462 ], [ 4.967018628161867, 49.02108076539686 ], [ 4.96697520701796, 49.02101761505488 ], [ 4.96693175192667, 49.020953565788396 ], [ 4.966865903705305, 49.020984327042861 ], [ 4.966828480560699, 49.021043405323823 ], [ 4.966794335698332, 49.021116821279044 ], [ 4.96671095259492, 49.021190144493254 ], [ 4.966606148236283, 49.021239533101792 ], [ 4.966498955523854, 49.021261976862689 ], [ 4.966374748538175, 49.021268508917899 ], [ 4.966234587799391, 49.021251016682456 ], [ 4.966064460069016, 49.021236713498446 ], [ 4.965898767759534, 49.021267310556091 ], [ 4.965724528738417, 49.021325031211511 ], [ 4.965546897972912, 49.021437674336433 ], [ 4.965488937137501, 49.021496188972378 ], [ 4.965403192296138, 49.021579443964612 ], [ 4.965321643866604, 49.021701307040786 ], [ 4.965392127278517, 49.021756819133905 ], [ 4.966069877005764, 49.022282699135069 ], [ 4.968678157186696, 49.024739554084334 ], [ 4.969437953300508, 49.02490248625508 ], [ 4.969941187272767, 49.025116396016465 ], [ 4.970801390336005, 49.025906394573454 ], [ 4.970820507366427, 49.026265864606827 ], [ 4.970977989036055, 49.026667136439364 ], [ 4.971332591002953, 49.026928453476444 ], [ 4.971645474319109, 49.027099609265399 ], [ 4.972406067342331, 49.027210341288921 ], [ 4.972767550915098, 49.027364505437696 ], [ 4.973271061633366, 49.027584693023904 ], [ 4.974055279901287, 49.027776877186248 ], [ 4.975829207011619, 49.029426984915112 ], [ 4.976262187311753, 49.029805725959932 ], [ 4.977592199659888, 49.030966612543743 ], [ 4.979355331141316, 49.032507110913457 ], [ 4.981118532943694, 49.03404668223601 ], [ 4.982881839318675, 49.035586225401438 ], [ 4.984285165626458, 49.03679619505489 ], [ 4.985687190133432, 49.038006169517047 ], [ 4.987089245581694, 49.039215227325386 ], [ 4.989994962211228, 49.041815996774481 ], [ 4.991566178316414, 49.043184998627261 ], [ 4.99211961611925, 49.043666019877435 ], [ 4.994244421476716, 49.045516002110347 ], [ 4.996369378296741, 49.047365943467383 ], [ 4.998436549322005, 49.049239294175109 ], [ 5.000868306587474, 49.051336793748625 ], [ 5.003411376655667, 49.053547515595362 ], [ 5.000490089501933, 49.054943571490064 ], [ 5.002110636644839, 49.056438429180488 ], [ 5.002432218911859, 49.0566858121623 ], [ 5.004080454445728, 49.058327689458366 ], [ 5.004468051664631, 49.058689094024913 ], [ 5.005230712973275, 49.059299678402596 ], [ 5.00543584332156, 49.05929535468028 ], [ 5.00576629233605, 49.059063178524013 ], [ 5.006100214023777, 49.058920887514965 ], [ 5.006108163012805, 49.059055670979753 ], [ 5.005921038291056, 49.059419471661265 ], [ 5.005740121575579, 49.059873112285523 ], [ 5.006302728661192, 49.060087678169324 ], [ 5.006310527194448, 49.060253944406725 ], [ 5.006122818956074, 49.060673519956708 ], [ 5.005976318163994, 49.060990770247052 ], [ 5.006178045021723, 49.061110624876612 ], [ 5.006504290974386, 49.061194220774475 ], [ 5.006560195472071, 49.061401057559131 ], [ 5.0067124283369, 49.061550520024376 ], [ 5.007406925939682, 49.061777268639212 ], [ 5.00808367159986, 49.062040287593895 ], [ 5.007904072295009, 49.062350897678904 ], [ 5.007762596838316, 49.062656373042039 ], [ 5.007760744708864, 49.062856079367187 ], [ 5.00777619341, 49.063467439203805 ], [ 5.007855985632474, 49.06369006572254 ], [ 5.007760091850031, 49.064359950398796 ], [ 5.007357351071413, 49.064634712423931 ], [ 5.006512304444171, 49.065046379601277 ], [ 5.006228597784121, 49.065213915406112 ], [ 5.005590962661882, 49.065538464420243 ], [ 5.004915247349417, 49.065905019298263 ], [ 5.005491317503084, 49.066501623918164 ], [ 5.006042458134272, 49.067408946690946 ], [ 5.006478740430703, 49.068319084047992 ], [ 5.006662236167237, 49.068603838252677 ], [ 5.007073080164013, 49.068962145863317 ], [ 5.007338778423541, 49.069107013117225 ], [ 5.007606809055667, 49.069312102820788 ], [ 5.007960033543133, 49.069666872921928 ], [ 5.008041249880851, 49.069855295920789 ], [ 5.008183285136639, 49.069952759127609 ], [ 5.008753005256531, 49.069888370463616 ], [ 5.009124757352915, 49.070261715476761 ], [ 5.009400123507797, 49.070620481436883 ], [ 5.008949143183228, 49.070781825317461 ], [ 5.009082501156322, 49.070937895597133 ], [ 5.009465337366884, 49.071102385845272 ], [ 5.009148787592337, 49.071341531511329 ], [ 5.008970645321162, 49.071619736076372 ], [ 5.009359227100711, 49.071826403836624 ], [ 5.01081285490013, 49.072173551959985 ], [ 5.011061300378453, 49.072261136095847 ], [ 5.011712868571973, 49.072400434399512 ], [ 5.012775897391519, 49.072665054096191 ], [ 5.013937560534237, 49.072860554042585 ], [ 5.014849046339915, 49.073029657370071 ], [ 5.015276768383887, 49.073080048294536 ], [ 5.015325728255041, 49.073353553831552 ], [ 5.015330593805686, 49.073619703942583 ], [ 5.015328111632753, 49.073978618619044 ], [ 5.015512375015302, 49.074069968374054 ], [ 5.015763037789357, 49.074002803579312 ], [ 5.015906006110093, 49.07391226093155 ], [ 5.015944086511731, 49.073800092593729 ], [ 5.015977887635722, 49.073683498864789 ], [ 5.016158918021506, 49.073586021272803 ], [ 5.016315176140815, 49.073520439175425 ], [ 5.016542716703989, 49.073457258369181 ], [ 5.016671681171322, 49.073393932681832 ], [ 5.016844215840615, 49.073324478967521 ], [ 5.017267227428092, 49.073218440726635 ], [ 5.017456912457821, 49.073167586258243 ], [ 5.017703507776721, 49.073031229228278 ], [ 5.017895586810842, 49.072901183763825 ], [ 5.018081616199638, 49.072897160159677 ], [ 5.018210775028855, 49.072944459704942 ], [ 5.01833894275368, 49.073071825274475 ], [ 5.018523515323337, 49.073241415975076 ], [ 5.018805580106966, 49.073383284952783 ], [ 5.019075098736892, 49.073413834447152 ], [ 5.019186935742569, 49.073402960889396 ], [ 5.019395038483709, 49.073332905773924 ], [ 5.019706535695624, 49.073105510548992 ], [ 5.019907212546491, 49.072879977356322 ], [ 5.020219000876725, 49.072906215975301 ], [ 5.020424176042988, 49.073007100561441 ], [ 5.020744353952783, 49.07296753812404 ], [ 5.021098355447418, 49.072812278409486 ], [ 5.021363791406704, 49.072421956333571 ], [ 5.021743359140887, 49.072290549186476 ], [ 5.021820531854023, 49.072338719588082 ], [ 5.021903768067967, 49.072507312106133 ], [ 5.022029842777473, 49.072545665160519 ], [ 5.0223018174186, 49.072498814721463 ], [ 5.022742632543088, 49.072358278673384 ], [ 5.023225472745638, 49.072101905676234 ], [ 5.023668599645951, 49.071740066063946 ], [ 5.024157077491748, 49.071312701235193 ], [ 5.024690800208922, 49.071062660124888 ], [ 5.025436286591907, 49.070801851555856 ], [ 5.025978595948019, 49.070666787613192 ], [ 5.026283212190374, 49.070544724182746 ], [ 5.026590213503389, 49.07044870339891 ], [ 5.026906777379511, 49.070106974004183 ], [ 5.027432114883966, 49.06967807323781 ], [ 5.027829456949191, 49.069406933017731 ], [ 5.028229044242826, 49.069193317537867 ], [ 5.02848738297165, 49.069113403491649 ], [ 5.028822387570874, 49.068893680695005 ], [ 5.029196393348138, 49.068656208841418 ], [ 5.02952339859427, 49.068477093791756 ], [ 5.029841607034828, 49.068388070417065 ], [ 5.030049393851876, 49.068310805746343 ], [ 5.030228584839646, 49.068167465309514 ], [ 5.030322576801364, 49.068050748656439 ], [ 5.030542638228815, 49.067972376210818 ], [ 5.031075697493964, 49.067707025550725 ], [ 5.031313837653516, 49.067496128135076 ], [ 5.031342365040279, 49.067315757538061 ], [ 5.031157626188266, 49.067107512021444 ], [ 5.030965715314682, 49.067030705930563 ], [ 5.030914119017201, 49.066761745577082 ], [ 5.030877786291825, 49.066533002027796 ], [ 5.030697938778141, 49.066414617259717 ], [ 5.030549546181042, 49.066225544121586 ], [ 5.030650303208009, 49.0661069137008 ], [ 5.030916060754247, 49.066042159003871 ], [ 5.031356455330863, 49.06596275837687 ], [ 5.03163767591992, 49.065873455645857 ], [ 5.031980918978785, 49.065620304065988 ], [ 5.032003222996285, 49.065595641870708 ], [ 5.032368256642589, 49.06520000841536 ], [ 5.032690560978437, 49.065216142427545 ], [ 5.033120513779163, 49.065254738920828 ], [ 5.033642934205385, 49.065347534253391 ], [ 5.034035919852066, 49.065385853785791 ], [ 5.034590242635999, 49.065384562735929 ], [ 5.035479203028633, 49.065329929552732 ], [ 5.036141949249202, 49.065056960922561 ], [ 5.036514858078477, 49.065037148684297 ], [ 5.037407313417338, 49.064688323177315 ], [ 5.037820238294895, 49.064397994458133 ], [ 5.038141077443825, 49.064063354646308 ], [ 5.038723004802609, 49.063615450412378 ], [ 5.039184217828196, 49.063230754458459 ], [ 5.039576547360785, 49.062869712136298 ], [ 5.040162111397391, 49.062584538379085 ], [ 5.040582311748353, 49.062445182832192 ], [ 5.040847937066893, 49.062064701151385 ], [ 5.041321820649016, 49.061585338478764 ], [ 5.041757491872595, 49.06138725138161 ], [ 5.042344126829156, 49.061338603257049 ], [ 5.042909806267849, 49.061244436648352 ], [ 5.043399733130548, 49.061068806434321 ], [ 5.043934315595049, 49.060741306622809 ], [ 5.044498821395502, 49.060270282172958 ], [ 5.045001462107302, 49.060000885643277 ], [ 5.045737999225718, 49.059762582571985 ], [ 5.046480010254949, 49.059628518076607 ], [ 5.04731947559471, 49.059328188146452 ], [ 5.047557400912583, 49.059183818270313 ], [ 5.04773427322011, 49.059053080979687 ], [ 5.047912370452419, 49.058918724699829 ], [ 5.047991931589931, 49.05888858580132 ], [ 5.048078153901307, 49.058853836010321 ], [ 5.048161711595683, 49.058820930493894 ], [ 5.048226333813009, 49.058793744502431 ], [ 5.04829642689933, 49.058766465189677 ], [ 5.048381423025097, 49.058735333893914 ], [ 5.048447448243027, 49.058709023307692 ], [ 5.048516173366832, 49.058681767187721 ], [ 5.048598043344734, 49.058640795046429 ], [ 5.04868653887858, 49.058594313125035 ], [ 5.048756756857478, 49.058535550500658 ], [ 5.048797843080863, 49.058501569954998 ], [ 5.048840154991006, 49.058463970670736 ], [ 5.048868896080826, 49.05842930119794 ], [ 5.048896056424399, 49.058389261951525 ], [ 5.048901333159576, 49.058349595953487 ], [ 5.048912045276638, 49.058308937790741 ], [ 5.048934054121586, 49.058277081486779 ], [ 5.048949614818074, 49.058255229162668 ], [ 5.048984146085333, 49.058228555981522 ], [ 5.049036031668597, 49.058190793312711 ], [ 5.049104010281519, 49.058144661010665 ], [ 5.049176056420166, 49.058097559824489 ], [ 5.049209468268168, 49.058077201850296 ], [ 5.049267356946611, 49.058052828486289 ], [ 5.049332403683342, 49.058036428070096 ], [ 5.049407823996594, 49.058005459359016 ], [ 5.049484682946992, 49.057976264962988 ], [ 5.049580441217049, 49.057940451868575 ], [ 5.04975568688962, 49.057872700902315 ], [ 5.049885459935299, 49.057831809857433 ], [ 5.050000401087838, 49.057796568516686 ], [ 5.050145183005534, 49.057754521588187 ], [ 5.050249466327101, 49.057726657540094 ], [ 5.050355294852233, 49.057703264301587 ], [ 5.050460004244623, 49.05768618625946 ], [ 5.050726724837233, 49.057785970000282 ], [ 5.051236099661365, 49.057896001135006 ], [ 5.052009001762749, 49.058024914603465 ], [ 5.052488147032361, 49.058062600962138 ], [ 5.053013384584903, 49.058054524883602 ], [ 5.053442822654714, 49.058254059591569 ], [ 5.054521694983077, 49.058816660829528 ], [ 5.054864509055055, 49.058936720997643 ], [ 5.056031430355356, 49.0591991833492 ], [ 5.05750972588594, 49.059685663063128 ], [ 5.058038758676688, 49.059772842628895 ], [ 5.059934275341378, 49.060735152179554 ], [ 5.061500870497385, 49.061581650454109 ], [ 5.062103321508911, 49.061793476285445 ], [ 5.062833488371565, 49.062256752583089 ], [ 5.063729426175148, 49.062723473090941 ], [ 5.063954269124026, 49.062801460867682 ], [ 5.064169332079215, 49.062840040245092 ], [ 5.064775651015175, 49.062942052871627 ], [ 5.065633654730127, 49.063039735244097 ], [ 5.066402286547187, 49.063127255885028 ], [ 5.067115712640281, 49.063168949853718 ], [ 5.067792680276298, 49.063188780736539 ], [ 5.068426689790869, 49.063092418149814 ], [ 5.069241711989654, 49.063038806795539 ], [ 5.07055775030251, 49.063020629244747 ], [ 5.071790011679008, 49.063132504435124 ], [ 5.072505309467516, 49.063220905981751 ], [ 5.073506486162406, 49.063338548886783 ], [ 5.074689119900175, 49.063509715841612 ], [ 5.07551709234502, 49.063677104939515 ], [ 5.076234778310445, 49.063824807440454 ], [ 5.076892104595983, 49.06379815487827 ], [ 5.077552669970776, 49.063852393938006 ], [ 5.078677014279442, 49.064002942976153 ], [ 5.07945886044026, 49.064180097860799 ], [ 5.081200627320586, 49.064298348028281 ], [ 5.081909725283595, 49.064333733363824 ], [ 5.082642186198588, 49.064371407907892 ], [ 5.083669830824132, 49.064499301469894 ], [ 5.084890557464796, 49.064560873560758 ], [ 5.084341305496098, 49.064449876377871 ], [ 5.084002842912647, 49.064270459314706 ], [ 5.083236356950031, 49.063828626175216 ], [ 5.082326999304393, 49.063203076411334 ], [ 5.081667336366236, 49.062693721084351 ], [ 5.081230790953696, 49.062286633335006 ], [ 5.080921187412167, 49.061597612768189 ], [ 5.080552146707484, 49.060586713703046 ], [ 5.08052227408353, 49.06001247471881 ], [ 5.080656604775848, 49.059471369975633 ], [ 5.081042810146483, 49.058931298357564 ], [ 5.081767594678321, 49.058472605980135 ], [ 5.082198500809488, 49.058126039485728 ], [ 5.082210270818632, 49.057737266686416 ], [ 5.082223984094606, 49.05695359471936 ], [ 5.082266718813937, 49.056313333668143 ], [ 5.0822990493167, 49.055652564814942 ], [ 5.08245090621907, 49.055412472941605 ], [ 5.083365416043035, 49.054738204489311 ], [ 5.084111881665162, 49.054173880866799 ], [ 5.084716383946073, 49.053823391318311 ], [ 5.085146231251722, 49.053281645161803 ], [ 5.085127541430284, 49.052714404094232 ], [ 5.085320403177714, 49.05223523598859 ], [ 5.085574174305777, 49.051432998952777 ], [ 5.085929216184303, 49.05069916068247 ], [ 5.086429103225888, 49.050436826660672 ], [ 5.087082071806193, 49.050170031424024 ], [ 5.087477029743122, 49.049816870304738 ], [ 5.087643062794058, 49.049590015518945 ], [ 5.088446066880845, 49.049277429558181 ], [ 5.08905254739825, 49.049148151375284 ], [ 5.089607628367094, 49.049135796588629 ], [ 5.090034746980977, 49.049140057721829 ], [ 5.090403518526885, 49.049088665980449 ], [ 5.090617685444791, 49.049003985405157 ], [ 5.091251669421301, 49.048810354425498 ], [ 5.092327145831238, 49.048706172739465 ], [ 5.093525444765287, 49.048627724190865 ], [ 5.094337983882864, 49.048688214255492 ], [ 5.094766877167879, 49.048736501911378 ], [ 5.096419008535521, 49.048713970816316 ], [ 5.097287905593731, 49.048679012120509 ], [ 5.09818990184107, 49.048718125511336 ], [ 5.098695266969813, 49.048762364767349 ], [ 5.098935398402613, 49.04884631717627 ], [ 5.099321847950444, 49.048927711615669 ], [ 5.099612911492627, 49.048951406871453 ], [ 5.099994539729572, 49.048947433058203 ], [ 5.10076910915088, 49.049049919717532 ], [ 5.101771730787605, 49.049241956476955 ], [ 5.102483166428965, 49.049373420839025 ], [ 5.104157168638887, 49.049720985975462 ], [ 5.106664108742787, 49.050461384801331 ], [ 5.107218477511789, 49.050633354461652 ], [ 5.108185204797211, 49.050950995650183 ], [ 5.10879676334445, 49.051115657928001 ], [ 5.109365791458613, 49.051109263626486 ], [ 5.109718190268919, 49.05112646055268 ], [ 5.109858077783336, 49.051133897553768 ], [ 5.110378131702735, 49.051134655113664 ], [ 5.110923802557225, 49.051125965401674 ], [ 5.111113534357847, 49.051080355089056 ], [ 5.11129738554732, 49.050957492598307 ], [ 5.111347668139168, 49.050915232623339 ], [ 5.111731695578189, 49.050599959540619 ], [ 5.112089739811529, 49.050722289383543 ], [ 5.113847499801954, 49.051040364111692 ], [ 5.115468027340078, 49.051214215254262 ], [ 5.116830956377805, 49.051279250443784 ], [ 5.118311318203839, 49.051438443635938 ], [ 5.119620198412008, 49.051453130118816 ], [ 5.119837344524744, 49.051140775466841 ], [ 5.120053325477546, 49.051034422298144 ], [ 5.120260871653807, 49.050956101570158 ], [ 5.121239071511078, 49.050949622891359 ], [ 5.121829527562444, 49.050965278113765 ], [ 5.12238807602178, 49.051037262227965 ], [ 5.123155525525891, 49.051264759622995 ], [ 5.123904057397353, 49.05149798361365 ], [ 5.124909739896316, 49.05186157628858 ], [ 5.126335938880628, 49.052434492207588 ], [ 5.126726942333203, 49.052424871029324 ], [ 5.127652012028098, 49.052490340546797 ], [ 5.128990216272523, 49.053085472284259 ], [ 5.129032412909188, 49.053646901175682 ], [ 5.129075924584113, 49.053973541564616 ], [ 5.129134085913544, 49.054156904489453 ], [ 5.129643416790513, 49.054128985829408 ], [ 5.130405707227497, 49.054162240834806 ], [ 5.131113295611754, 49.054196461586997 ], [ 5.131670740758644, 49.054406943109548 ], [ 5.131625524057851, 49.054738755203083 ], [ 5.131647660232302, 49.054844501295989 ], [ 5.131822931379496, 49.054913349268922 ], [ 5.132136885176154, 49.054959946725255 ], [ 5.132213394860755, 49.055023351333091 ], [ 5.132216164328003, 49.055124044205726 ], [ 5.132178276023283, 49.055201172771781 ], [ 5.131929733241307, 49.05548082594796 ], [ 5.131684740377242, 49.055647080787963 ], [ 5.131669028185864, 49.055731011430915 ], [ 5.131726982671803, 49.055809137308799 ], [ 5.131848808091702, 49.055909516108407 ], [ 5.132092055009579, 49.056067105388991 ], [ 5.132240789267954, 49.056222774006514 ], [ 5.132302217568366, 49.056385389180043 ], [ 5.132316069534298, 49.056755729531908 ], [ 5.132310780357818, 49.056893444010846 ], [ 5.1322479399037, 49.056996200846008 ], [ 5.132160519331561, 49.057067012634427 ], [ 5.131565174401484, 49.057333930597892 ], [ 5.131033700806152, 49.057523256535923 ], [ 5.130549532198587, 49.057798091041946 ], [ 5.129886450878717, 49.058082392213571 ], [ 5.129867561673146, 49.058089023489522 ], [ 5.129913970036706, 49.058352647453972 ], [ 5.130582890750499, 49.058777032179151 ], [ 5.131309400418265, 49.058670598420825 ], [ 5.132091024919489, 49.058439953294183 ], [ 5.132666490955407, 49.058288519541257 ], [ 5.133105850967029, 49.058155690604842 ], [ 5.133414134244804, 49.057864181066449 ], [ 5.134270287676026, 49.057183356458374 ], [ 5.134625020934072, 49.056856837691463 ], [ 5.137488803912605, 49.057468830070093 ], [ 5.138841933371419, 49.057789245903869 ], [ 5.140765223498317, 49.058161551190992 ], [ 5.140673843492638, 49.058401542491218 ], [ 5.14062717939909, 49.058564280844074 ], [ 5.141104650257954, 49.058559369178766 ], [ 5.141701258097627, 49.058555929487497 ], [ 5.142111749306872, 49.058553107473642 ], [ 5.142627589345571, 49.058549304488544 ], [ 5.143055786097793, 49.058544364468602 ], [ 5.143426688560814, 49.058544043200691 ], [ 5.143803507452128, 49.058554408995349 ], [ 5.144122630452917, 49.058592787951376 ], [ 5.144496022527212, 49.058652684322581 ], [ 5.144967531983367, 49.058768394493995 ], [ 5.145556665099543, 49.058882002000125 ], [ 5.146117265104424, 49.059000613838393 ], [ 5.146904178710201, 49.059163750664965 ], [ 5.147683700611928, 49.059313522301998 ], [ 5.148968434026241, 49.059599068965476 ], [ 5.149828711163868, 49.059781562551642 ], [ 5.150313621897219, 49.059889816307638 ], [ 5.1507187115398, 49.05995452306064 ], [ 5.151194514671131, 49.06033817842966 ], [ 5.151830636748362, 49.060692875224255 ], [ 5.152173661170383, 49.060943982534589 ], [ 5.153564625128036, 49.061511814370263 ], [ 5.153794645305684, 49.061546368387511 ], [ 5.15412149130267, 49.061605270795745 ], [ 5.15462849889406, 49.061717608600233 ], [ 5.155072951076332, 49.061806780454425 ], [ 5.155461363674999, 49.061897855675859 ], [ 5.15597133669309, 49.062015531581295 ], [ 5.156421750535148, 49.06211628480532 ], [ 5.156980011111791, 49.062242984012016 ], [ 5.157364685536712, 49.06230983421402 ], [ 5.157805193701683, 49.062402664850254 ], [ 5.158697701967877, 49.062568326185762 ], [ 5.159020494020603, 49.062628187756282 ], [ 5.159373677427597, 49.062694698066665 ], [ 5.159898226330699, 49.062800402219587 ], [ 5.160239401352431, 49.062874321790872 ], [ 5.160431225923023, 49.062944629964925 ], [ 5.16079797636513, 49.063073856062644 ], [ 5.160905460348543, 49.062828162443424 ], [ 5.16031659518844, 49.062525732634136 ], [ 5.16006754010137, 49.062297244541021 ], [ 5.160162321349605, 49.062075166452274 ], [ 5.160404984140856, 49.061952970169528 ], [ 5.160089415676318, 49.060324279119698 ], [ 5.159335143965571, 49.060058999048096 ], [ 5.158643789364448, 49.059858246233183 ], [ 5.158064767012805, 49.059791293942155 ], [ 5.15773157540399, 49.059744209585453 ], [ 5.158350248837096, 49.058856095502769 ], [ 5.159153713933487, 49.059152878993309 ], [ 5.159698343228189, 49.05934727203821 ], [ 5.16001264469817, 49.059466649600331 ], [ 5.160196137869926, 49.059534409496706 ], [ 5.160269599221071, 49.05955647509694 ], [ 5.160328971885326, 49.059568899664363 ], [ 5.160371819844149, 49.059578922927699 ], [ 5.160510669122196, 49.059593515996383 ], [ 5.160845811512934, 49.059621668355589 ], [ 5.161194668763811, 49.059650472527963 ], [ 5.161565910759982, 49.059099602755659 ], [ 5.163873677674776, 49.059364779226847 ], [ 5.164058488414399, 49.0587093205421 ], [ 5.164304293794161, 49.058630234411979 ], [ 5.165766613594071, 49.058807162946536 ], [ 5.167167638839468, 49.058958194975318 ], [ 5.16823556596476, 49.059031571086336 ], [ 5.169434175942905, 49.058956860224846 ], [ 5.169480558329608, 49.057447575630619 ], [ 5.168234906144493, 49.057378318699406 ], [ 5.167849090012695, 49.057283639751908 ], [ 5.168918382077136, 49.055229684239158 ], [ 5.169361805709635, 49.054836693038503 ], [ 5.168480179509163, 49.054601653958656 ], [ 5.168548656138553, 49.054471790015128 ], [ 5.168634009090312, 49.054320033443041 ], [ 5.168698893198325, 49.054235208954253 ], [ 5.168858859693344, 49.054067713036225 ], [ 5.169048159753801, 49.053881697240136 ], [ 5.169203795930292, 49.05370888199505 ], [ 5.171263649731813, 49.054333691991744 ], [ 5.171875134005584, 49.054523224119364 ], [ 5.172323755719829, 49.053209043180594 ], [ 5.174535508164578, 49.053702422336521 ], [ 5.174552375240957, 49.053484438718883 ], [ 5.174645929672182, 49.053071674693783 ], [ 5.174610770625448, 49.052591979562436 ], [ 5.175130839924424, 49.052592456812079 ], [ 5.175263334533741, 49.052259941475306 ], [ 5.174805220152637, 49.051941719655694 ], [ 5.175795669712999, 49.048212442794274 ], [ 5.176887481059466, 49.048370758975857 ], [ 5.177289268430065, 49.047477465390337 ], [ 5.177556925285506, 49.047496899148157 ], [ 5.178062760906617, 49.047550691556857 ], [ 5.178598793136113, 49.047606632583324 ], [ 5.179008612297467, 49.047654966763751 ], [ 5.179616279036391, 49.047722196581475 ], [ 5.179959136032831, 49.047772642324837 ], [ 5.180317835821629, 49.047809306922623 ], [ 5.180514353752187, 49.047829126121862 ], [ 5.180721735367404, 49.047846948730729 ], [ 5.180953147171651, 49.047589985883235 ], [ 5.181177198176957, 49.047288180952144 ], [ 5.182129603280574, 49.047483162573265 ], [ 5.182252315427699, 49.047342409115025 ], [ 5.182528575794015, 49.047078331435777 ], [ 5.182787732171368, 49.047058329801786 ], [ 5.182915885537375, 49.046851812770768 ], [ 5.183993375717432, 49.044751663855422 ], [ 5.186465256224651, 49.045091672984341 ], [ 5.186328257431543, 49.045412593006262 ], [ 5.187427054542868, 49.04570471281847 ], [ 5.187555141627437, 49.04556205644522 ], [ 5.189851976992665, 49.0461300622663 ], [ 5.190066324524268, 49.045794234894096 ], [ 5.191205866114373, 49.046110763756374 ], [ 5.191059506749335, 49.046598269157641 ], [ 5.192021392848834, 49.04685506601836 ], [ 5.191989334123827, 49.046970788215091 ], [ 5.193129179001088, 49.047261207885668 ], [ 5.193085804467535, 49.047530053382964 ], [ 5.192802948018416, 49.048414037191876 ], [ 5.196527512631376, 49.048567253214308 ], [ 5.196917058154726, 49.048427000739785 ], [ 5.196953219230651, 49.048440731380779 ], [ 5.197012549898928, 49.048452239140872 ], [ 5.197071538084844, 49.048455657561483 ], [ 5.197108533814839, 49.048456779768941 ], [ 5.197155101298907, 49.048457726852114 ], [ 5.197196008918476, 49.048454279923007 ], [ 5.197234029509344, 49.048447287765406 ], [ 5.197289597833162, 49.048434577493637 ], [ 5.19733699983781, 49.048422916118 ], [ 5.197383415048101, 49.048420267863982 ], [ 5.197435147570584, 49.04841392426605 ], [ 5.197469256241351, 49.048411501152565 ], [ 5.197491172574315, 49.048411999646532 ], [ 5.197776725946498, 49.048368994994242 ], [ 5.197951447354976, 49.048358601392891 ], [ 5.19837238526467, 49.04879795272079 ], [ 5.198789860684642, 49.04912312834864 ], [ 5.199853409137219, 49.049161220564464 ], [ 5.201563521006827, 49.049214438092193 ], [ 5.203016403989672, 49.049236369661074 ], [ 5.204057177005824, 49.049318019006854 ], [ 5.204858075413363, 49.049358188380417 ], [ 5.205489010020326, 49.049295331530132 ], [ 5.206127760367865, 49.049351962674216 ], [ 5.207658014251207, 49.049744814434071 ], [ 5.208084974677027, 49.049937556260993 ], [ 5.209580918202362, 49.050552294324078 ], [ 5.211014760101307, 49.051186147518514 ], [ 5.212817368280414, 49.051930126627923 ], [ 5.213837663068714, 49.052299912978022 ], [ 5.214173747680136, 49.052446634463017 ], [ 5.214484425069233, 49.052511068513418 ], [ 5.214739238871835, 49.052517164199919 ], [ 5.215118121320971, 49.052448110854954 ], [ 5.215391211151888, 49.052465561729726 ], [ 5.216419435863339, 49.052667871202331 ], [ 5.217526468587764, 49.052664527939392 ], [ 5.217570482859283, 49.053117968419791 ], [ 5.217211817787915, 49.053532068285143 ], [ 5.216916116766325, 49.053754308534785 ], [ 5.217024334990255, 49.054717485060486 ], [ 5.217101691261752, 49.057264364194189 ], [ 5.217022844188249, 49.057469108101735 ], [ 5.216669050272677, 49.057645644321212 ], [ 5.216428657859501, 49.057913635679171 ], [ 5.216389766839585, 49.058188702698793 ], [ 5.21644014176189, 49.058438735392976 ], [ 5.21671870204948, 49.058551430435031 ], [ 5.217305738355301, 49.058644039024514 ], [ 5.218152601526906, 49.058827194781848 ], [ 5.218300071151734, 49.05888293944129 ], [ 5.219905261424376, 49.059322827949813 ], [ 5.222379159408439, 49.060038966407497 ], [ 5.223822164942613, 49.060493497364952 ], [ 5.22481579361911, 49.060778232518288 ], [ 5.22555367563677, 49.060653025357979 ], [ 5.226328983353186, 49.060538813563689 ], [ 5.226818869849965, 49.060216704695044 ], [ 5.227345175962418, 49.059882224721861 ], [ 5.229534258432203, 49.059732774136954 ], [ 5.231204666692054, 49.059681070482277 ], [ 5.231652720517148, 49.058896470159979 ], [ 5.23206374714231, 49.058046891042174 ], [ 5.232257338771273, 49.057838204948041 ], [ 5.232131492900472, 49.057808161149971 ], [ 5.23210519870972, 49.057801453671111 ], [ 5.231828155649752, 49.057724745946508 ], [ 5.231584762620521, 49.057634819279947 ], [ 5.231356892716279, 49.057523915001468 ], [ 5.231225012550874, 49.05744900678647 ], [ 5.231018282636666, 49.057256753145403 ], [ 5.230742686666016, 49.057022601534676 ], [ 5.230442491620147, 49.056757423151112 ], [ 5.230162798130178, 49.056523346282084 ], [ 5.229885896474406, 49.056258633513764 ], [ 5.229836099588505, 49.056214582351807 ], [ 5.229279786430792, 49.055722081213979 ], [ 5.228753824142219, 49.055266793822923 ], [ 5.228564890255551, 49.055074205670707 ], [ 5.228205174209725, 49.054729169795465 ], [ 5.227994143506966, 49.054436245173974 ], [ 5.22777437650598, 49.053971675124224 ], [ 5.227712878573849, 49.053750635915762 ], [ 5.227202378396725, 49.053304049846901 ], [ 5.226557006423771, 49.052520845073225 ], [ 5.225983189098924, 49.051810070662825 ], [ 5.225425486369192, 49.051027933021707 ], [ 5.225281044749849, 49.05062762645079 ], [ 5.225441783349311, 49.050546390268082 ], [ 5.225576329348103, 49.050492624701526 ], [ 5.22573044320664, 49.050448391018563 ], [ 5.225879549762201, 49.050415044124804 ], [ 5.226117616187804, 49.050381847202821 ], [ 5.226370184112254, 49.050335787755756 ], [ 5.226320333222529, 49.05019458829431 ], [ 5.22627687148627, 49.049947127425419 ], [ 5.226754927811978, 49.049925671579672 ], [ 5.226697060959629, 49.049725252722602 ], [ 5.22663093405736, 49.04955557052449 ], [ 5.226609595134883, 49.049217747729244 ], [ 5.226613164138119, 49.048982008024247 ], [ 5.226534483163575, 49.048487832545909 ], [ 5.226548041315238, 49.048134070619142 ], [ 5.226563527618167, 49.047825248740011 ], [ 5.226566279662758, 49.046741277479683 ], [ 5.226568046578964, 49.04630407822998 ], [ 5.226504525837981, 49.046163131807212 ], [ 5.22667339656902, 49.046112326241975 ], [ 5.227456915382354, 49.045939480430164 ], [ 5.228208181520135, 49.045876069819087 ], [ 5.227675542459457, 49.045326449612098 ], [ 5.227216572137484, 49.044739479828266 ], [ 5.226979931255295, 49.044358873343562 ], [ 5.227022458698247, 49.044170084653189 ], [ 5.227465887998216, 49.042992481265237 ], [ 5.227566658548865, 49.042726152226805 ], [ 5.227717868739123, 49.042806103265093 ], [ 5.227989516797249, 49.042950384308647 ], [ 5.228265973290942, 49.042792335737161 ], [ 5.230145673570774, 49.040682237307024 ], [ 5.230580057621981, 49.040156041865878 ], [ 5.231298219199346, 49.039611078540993 ], [ 5.232453993954451, 49.038902356540305 ], [ 5.233846571439215, 49.037783529338355 ], [ 5.235552973667427, 49.036233362721056 ], [ 5.236552880848063, 49.035339496334743 ], [ 5.237396915074545, 49.034448525062679 ], [ 5.238809715460758, 49.033137653519248 ], [ 5.239078079790444, 49.032857391088911 ], [ 5.239113951672708, 49.032674116381678 ], [ 5.239016045858492, 49.032529318021986 ], [ 5.238959012759229, 49.032444026230095 ], [ 5.238542403770628, 49.031856302207608 ], [ 5.238095207101857, 49.031320420388667 ], [ 5.237713062981887, 49.030960532994868 ], [ 5.237158738509615, 49.030700103447849 ], [ 5.236209602528989, 49.030388556289715 ], [ 5.235364983073916, 49.030184799144067 ], [ 5.234214354779691, 49.029863495033752 ], [ 5.233151738824066, 49.028789429841595 ], [ 5.232842529545979, 49.028406581398968 ], [ 5.232705474691276, 49.028273300380157 ], [ 5.232546445990306, 49.028201596391014 ], [ 5.232324514999335, 49.028194029510765 ], [ 5.23206256944672, 49.028242077989667 ], [ 5.23184478614296, 49.02804463078099 ], [ 5.231690207608604, 49.027980938776402 ], [ 5.23157523872444, 49.027979477868143 ], [ 5.231247124358343, 49.028142995783263 ], [ 5.230998879265116, 49.028287037714897 ], [ 5.230914143700888, 49.028352479538093 ], [ 5.230523692055671, 49.028688965189119 ], [ 5.230401154869742, 49.028829770448844 ], [ 5.230129596798933, 49.028558657894621 ], [ 5.229259880328531, 49.027737343225766 ], [ 5.228864053034278, 49.0271204146214 ], [ 5.228761263029299, 49.026829073990349 ], [ 5.228979253634592, 49.025821142449665 ], [ 5.229098677428365, 49.025576049542806 ], [ 5.229009119280794, 49.025146833599635 ], [ 5.228656670829928, 49.025189359213918 ], [ 5.228622412436806, 49.02506046168822 ], [ 5.228033977120765, 49.025118160977286 ], [ 5.228135322079817, 49.0245792552859 ], [ 5.227365636610023, 49.024684393006609 ], [ 5.226180804164802, 49.02486918859141 ], [ 5.225101833716316, 49.024843317310221 ], [ 5.225121170644296, 49.024496636784619 ], [ 5.224759267844491, 49.024350423288446 ], [ 5.224283117423956, 49.024059701062207 ], [ 5.223882584298583, 49.023490518228833 ], [ 5.22338929292369, 49.023597706005795 ], [ 5.223010631973666, 49.023666787345647 ], [ 5.222211768302541, 49.023729254726994 ], [ 5.222104772737362, 49.023913841608397 ], [ 5.220851815372468, 49.024072859704653 ], [ 5.220941971531265, 49.024261893500302 ], [ 5.220532666847014, 49.024478158270185 ], [ 5.218754501384758, 49.02393443579669 ], [ 5.217615961711423, 49.023538090220285 ], [ 5.216859152260201, 49.023176063358605 ], [ 5.215721258371953, 49.022537712831749 ], [ 5.214761239602943, 49.021868184093279 ], [ 5.214320099699917, 49.021498517393894 ], [ 5.213739222036463, 49.021219580994028 ], [ 5.213449807091364, 49.02097574655096 ], [ 5.212952706313648, 49.020062886470569 ], [ 5.212434444958178, 49.019262856228728 ], [ 5.212294176749987, 49.018859749803944 ], [ 5.212394736284018, 49.018555651175738 ], [ 5.212306753698376, 49.018384561411168 ], [ 5.211909606799988, 49.018083339121233 ], [ 5.211214799278548, 49.017632879014819 ], [ 5.210503900736439, 49.017382409053482 ], [ 5.210124197767398, 49.017201397923856 ], [ 5.209859128996918, 49.01711092755292 ], [ 5.20876903833665, 49.016787369674674 ], [ 5.209188626425685, 49.016234526012312 ], [ 5.209111580463306, 49.016030849037669 ], [ 5.208663840797294, 49.01563249734248 ], [ 5.209227077487168, 49.01514537423764 ], [ 5.209275810186614, 49.015005048307167 ], [ 5.209300826001266, 49.014050174263367 ], [ 5.209249106005892, 49.013863122079925 ], [ 5.208849251918496, 49.013722057667259 ], [ 5.208798384972001, 49.013587163013021 ], [ 5.208740983334521, 49.013555835945695 ], [ 5.208663638485827, 49.013473601976401 ], [ 5.208608300403446, 49.0133621776084 ], [ 5.208580091839623, 49.01334200726221 ], [ 5.20853009635261, 49.01332403693268 ], [ 5.208368920507222, 49.013296418446977 ], [ 5.208158513997137, 49.013268806037367 ], [ 5.207994758478003, 49.013244832688272 ], [ 5.207843062595608, 49.013182856486608 ], [ 5.207671940201595, 49.013146424640368 ], [ 5.207590172767554, 49.013120942503917 ], [ 5.207516374889035, 49.013089916465788 ], [ 5.207455744928106, 49.013046954127631 ], [ 5.207373510188348, 49.012978302415746 ], [ 5.207564289465356, 49.012865948616323 ], [ 5.207882873020979, 49.012896969169994 ], [ 5.208734403063964, 49.01301533207225 ], [ 5.208870276825716, 49.012480301918288 ], [ 5.208953279705692, 49.012084774182085 ], [ 5.208623119152458, 49.012038677349295 ], [ 5.20896024489354, 49.011412686773241 ], [ 5.209260021186387, 49.010808971397495 ], [ 5.209474560275002, 49.010258997811462 ], [ 5.209613920739862, 49.01022404824532 ], [ 5.210068351633393, 49.010202186848595 ], [ 5.210431540819386, 49.010189200763762 ], [ 5.210911434773278, 49.010155173044147 ], [ 5.21140116067291, 49.010127259034583 ], [ 5.211752652338327, 49.010096493572838 ], [ 5.21300651474206, 49.009741444743916 ], [ 5.213553290623846, 49.009640505999876 ], [ 5.214101749132541, 49.009482862189131 ], [ 5.214812195316303, 49.009147713900141 ], [ 5.215075653662812, 49.009008818421719 ], [ 5.215903937205627, 49.008935955336419 ], [ 5.216109592694271, 49.008724361862448 ], [ 5.216434509987444, 49.008455692731673 ], [ 5.216517794110807, 49.008068247822038 ], [ 5.216480977353202, 49.007814355376262 ], [ 5.216451792290965, 49.007482960620102 ], [ 5.216649201342614, 49.006437634868561 ], [ 5.216709522639233, 49.00605691004359 ], [ 5.21654477370874, 49.005977194724473 ], [ 5.216331975905444, 49.005892969369363 ], [ 5.216281869832987, 49.00587230561338 ], [ 5.216313839986373, 49.005820440702777 ], [ 5.216401461110422, 49.005630816059274 ], [ 5.216495346302425, 49.005363714158541 ], [ 5.216564490726181, 49.005189722969867 ], [ 5.216631925742144, 49.004847547049586 ], [ 5.216884177549796, 49.004414699915657 ], [ 5.217229565102643, 49.004081780500066 ], [ 5.217842039827663, 49.003503742607464 ], [ 5.218012903888896, 49.003214526128303 ], [ 5.217938950300802, 49.002923538104554 ], [ 5.217753423378865, 49.002549154621541 ], [ 5.217906034134037, 49.002344833511941 ], [ 5.21745948857619, 49.001877222584632 ], [ 5.217170156791724, 49.001537140369443 ], [ 5.217397420983217, 49.001512250755802 ], [ 5.218224545273821, 49.001415102294388 ], [ 5.219357298140928, 49.001303299567532 ], [ 5.219974354373703, 49.001249604908516 ], [ 5.220044984523977, 49.001046797424138 ], [ 5.219938493898747, 49.000378598054724 ], [ 5.219934795286616, 48.999908198081421 ], [ 5.220069802888665, 48.999164464415458 ], [ 5.2203820165654, 48.997417140725545 ], [ 5.220408131172603, 48.996716799766318 ], [ 5.220475042294515, 48.996171327260711 ], [ 5.22049616938535, 48.995514256679549 ], [ 5.220877360482263, 48.995445130849149 ], [ 5.220908093019013, 48.994948903418596 ], [ 5.220878478228697, 48.994703871236354 ], [ 5.221112429989486, 48.994196684583244 ], [ 5.221364170463972, 48.994169534357084 ], [ 5.2214238664046, 48.993775319974063 ], [ 5.221557585560948, 48.993513769553473 ], [ 5.221900195416168, 48.993214166665702 ], [ 5.222241528827626, 48.993012638766331 ], [ 5.222197017430307, 48.992802965321111 ], [ 5.221998306656978, 48.992184147595459 ], [ 5.223161360159595, 48.992210275864124 ], [ 5.224088941161504, 48.992228164914152 ], [ 5.224637436973134, 48.99223598572317 ], [ 5.225567845869655, 48.99222412524697 ], [ 5.226092928981829, 48.99222787594033 ], [ 5.226052265896587, 48.992363565388985 ], [ 5.22602097420824, 48.992558452235123 ], [ 5.22594729770263, 48.992689356803275 ], [ 5.225829993786817, 48.992950608192835 ], [ 5.225800721555574, 48.993160749986814 ], [ 5.225727775365682, 48.993308732501603 ], [ 5.226087867645616, 48.993449579632532 ], [ 5.226340399704656, 48.993600517988988 ], [ 5.226704443052497, 48.99380156081326 ], [ 5.227054324687501, 48.993927302013809 ], [ 5.227391194690074, 48.9939408381993 ], [ 5.227578521706329, 48.99394185775045 ], [ 5.227776566768271, 48.993969664920726 ], [ 5.228092760689231, 48.994042954395795 ], [ 5.22840240144497, 48.994186530847479 ], [ 5.22890457258711, 48.994388599510117 ], [ 5.229227589002806, 48.99471633614759 ], [ 5.229323004625435, 48.994805419123104 ], [ 5.22965787370025, 48.994931431832093 ], [ 5.229937534390495, 48.995108845468764 ], [ 5.230574615143156, 48.995523395429871 ], [ 5.230827372076543, 48.995742687194706 ], [ 5.230974851400457, 48.995675176063713 ], [ 5.231377447085049, 48.995372631314396 ], [ 5.232205631265224, 48.994984804294468 ], [ 5.232461628526741, 48.994770441899703 ], [ 5.232518383961345, 48.99465963868483 ], [ 5.232651770648254, 48.994677846349703 ], [ 5.232815106385159, 48.994661312950129 ], [ 5.233020182137721, 48.994598124521715 ], [ 5.233190953908323, 48.994531976048357 ], [ 5.233303607489364, 48.994481302337583 ], [ 5.233194346389634, 48.994356497469575 ], [ 5.233049186850439, 48.994128011013643 ], [ 5.233057463963124, 48.993938947955947 ], [ 5.233105069138338, 48.993774340654156 ], [ 5.233455319287379, 48.993526736315502 ], [ 5.233592583642719, 48.993412634327882 ], [ 5.234088220998079, 48.993780323700932 ], [ 5.234339012008747, 48.993763059002262 ], [ 5.234740055716832, 48.993742994887015 ], [ 5.234911287861991, 48.993782984201964 ], [ 5.234974498105651, 48.994012995387195 ], [ 5.235732068915822, 48.994050154520671 ], [ 5.237188024876959, 48.993638895932435 ], [ 5.239545337980149, 48.992859063548643 ], [ 5.240346239898369, 48.992538255070087 ], [ 5.24065759663686, 48.992499155752419 ], [ 5.241795783988588, 48.992613726079917 ], [ 5.241942576834405, 48.992245757001633 ], [ 5.242110550852808, 48.992210233035578 ], [ 5.24494668245826, 48.990430010877731 ], [ 5.247520721203897, 48.990810907272568 ], [ 5.250573980976057, 48.991177361605914 ], [ 5.250704090883533, 48.990299633897685 ], [ 5.250755645939353, 48.988523802630077 ], [ 5.251144987710592, 48.98694133564139 ], [ 5.250969979042276, 48.986466943818854 ], [ 5.25069176842934, 48.985945011311969 ], [ 5.250164978298616, 48.985300900986509 ], [ 5.24980094267857, 48.985100826584706 ], [ 5.249547265459245, 48.985176651417206 ], [ 5.249157919606126, 48.985212739599348 ], [ 5.249367444564174, 48.984653769799635 ], [ 5.249598111731232, 48.984109695578525 ], [ 5.249812567074776, 48.983696363869598 ], [ 5.250033775991621, 48.983218135007007 ], [ 5.250216694514789, 48.982834180340902 ], [ 5.251041937543544, 48.983206414259165 ], [ 5.252890362556975, 48.983975934107548 ], [ 5.253019865808407, 48.983999589367372 ], [ 5.252620240810922, 48.984554940470403 ], [ 5.25287139576493, 48.98483089248775 ], [ 5.253443641243264, 48.985293322078228 ], [ 5.254338705321413, 48.986107714973073 ], [ 5.254710652752538, 48.985954092089536 ], [ 5.25512079922925, 48.985767364889341 ], [ 5.255958063611202, 48.986068272601663 ], [ 5.256822886563471, 48.986374053528273 ], [ 5.256939377589132, 48.986853137273044 ], [ 5.25702070497568, 48.987089096180014 ], [ 5.257117795347104, 48.987247394483077 ], [ 5.25751460458889, 48.987225533538627 ], [ 5.257862673211541, 48.987151513524118 ], [ 5.258189364315751, 48.987214631192991 ], [ 5.258060766583499, 48.987557993125222 ], [ 5.258004974973134, 48.987752453129168 ], [ 5.258272943724305, 48.987848161332224 ], [ 5.258544417160606, 48.987804368043427 ], [ 5.258787402433819, 48.987734123195686 ], [ 5.259458252415517, 48.987036007733266 ], [ 5.259881570570853, 48.986743765141213 ], [ 5.260734911990446, 48.987004755565344 ], [ 5.261883213279438, 48.987478776545366 ], [ 5.26237890750633, 48.987781582872977 ], [ 5.262842973268572, 48.98817404239756 ], [ 5.262923785929934, 48.98842889846582 ], [ 5.262863466851534, 48.98877007797708 ], [ 5.263054500148319, 48.988887917389867 ], [ 5.262964624532721, 48.989115407717861 ], [ 5.262742038920339, 48.989402974525298 ], [ 5.2626431962764, 48.989707097901068 ], [ 5.263495180432542, 48.990123722060488 ], [ 5.263909362737065, 48.99002954616568 ], [ 5.264333652762498, 48.989947772126726 ], [ 5.264695158586338, 48.990119064408958 ], [ 5.264773895589332, 48.990482807353857 ], [ 5.264586120751644, 48.99075352761988 ], [ 5.265707212852599, 48.99157256513783 ], [ 5.266195956022566, 48.991933959618365 ], [ 5.265942092400751, 48.992099779864702 ], [ 5.265222346315755, 48.992491196225529 ], [ 5.2645398335952, 48.992513977677 ], [ 5.264572765080335, 48.992924463126357 ], [ 5.265922000876389, 48.993488208722525 ], [ 5.266429650495429, 48.993655835650777 ], [ 5.266819926989623, 48.993357897885403 ], [ 5.267568536155783, 48.992562915338915 ], [ 5.267703871470344, 48.992375043741006 ], [ 5.26786737912129, 48.99217494479965 ], [ 5.268090073628366, 48.991921550897587 ], [ 5.268386993597186, 48.991677547866324 ], [ 5.268577091666246, 48.991554308810429 ], [ 5.268723057635491, 48.991453494021776 ], [ 5.268922212882108, 48.991349873836747 ], [ 5.269145394725934, 48.99120171934679 ], [ 5.2694034590754, 48.991038511177365 ], [ 5.269588520978035, 48.990925261024749 ], [ 5.269794523576938, 48.990759438606631 ], [ 5.269993420758225, 48.990587453174633 ], [ 5.270199185052296, 48.990416236978362 ], [ 5.270423184181963, 48.990286955589312 ], [ 5.270762354972685, 48.990071832421918 ], [ 5.271090399965972, 48.989852420933587 ], [ 5.271198938748864, 48.989771202634365 ], [ 5.271382508519184, 48.989655278923884 ], [ 5.271632638453174, 48.989498512768357 ], [ 5.271747739400506, 48.989442357968251 ], [ 5.271819105035296, 48.98941761720608 ], [ 5.27199223752001, 48.989375655975799 ], [ 5.27235403654442, 48.989303133054051 ], [ 5.272734179757016, 48.989243755202601 ], [ 5.273585999406478, 48.989873513659894 ], [ 5.274163425185685, 48.99029256858033 ], [ 5.274955382896954, 48.989897927256941 ], [ 5.276479834581656, 48.989312162929373 ], [ 5.27724775588341, 48.990022651862283 ], [ 5.278130749510543, 48.989678436569378 ], [ 5.280652840109226, 48.988652660313953 ], [ 5.281907827412156, 48.988002679367199 ], [ 5.282935685423557, 48.987441568767174 ], [ 5.284893468888554, 48.988383042978093 ], [ 5.286502799348306, 48.987089352747027 ], [ 5.28539218794024, 48.986576162635629 ], [ 5.286602999309948, 48.985514958213635 ], [ 5.287666801806806, 48.984685939705948 ], [ 5.289647257388993, 48.985894084862643 ], [ 5.290627973531091, 48.986374633096744 ], [ 5.292121441826581, 48.987013599659214 ], [ 5.29373488096812, 48.987520712585955 ], [ 5.293546588344387, 48.986971064000954 ], [ 5.293382673741214, 48.986509108882558 ], [ 5.293316211177691, 48.986334959072281 ], [ 5.293242348304308, 48.986178942553096 ], [ 5.293174130229861, 48.986057902179446 ], [ 5.29312018738024, 48.985981568493223 ], [ 5.293178294620525, 48.985935477906359 ], [ 5.293199686560855, 48.985893687629805 ], [ 5.293198694728356, 48.985871216763933 ], [ 5.29319991854112, 48.985837008825001 ], [ 5.293176298910391, 48.985766392545848 ], [ 5.293104437700734, 48.985624731105361 ], [ 5.293075593558146, 48.98555961224141 ], [ 5.293061517158547, 48.985519399653285 ], [ 5.293054626259798, 48.985487146030714 ], [ 5.293074000813389, 48.98546158700838 ], [ 5.293111208631751, 48.985437486223979 ], [ 5.293165479091421, 48.985428352297177 ], [ 5.293218939270775, 48.985431828147156 ], [ 5.293318300324873, 48.985453317809281 ], [ 5.293435851861124, 48.985484355096183 ], [ 5.293643403462507, 48.985541558636918 ], [ 5.293875339546756, 48.985593797508642 ], [ 5.294129325627675, 48.985650112159071 ], [ 5.294399621201868, 48.985704315105508 ], [ 5.294628152517149, 48.985741324579159 ], [ 5.294941635223561, 48.985783005375339 ], [ 5.295150293082269, 48.985803301833059 ], [ 5.295347747556441, 48.985817515173608 ], [ 5.295539620209623, 48.985829136237875 ], [ 5.295753383819229, 48.985841237590265 ], [ 5.296055838404371, 48.985849841600348 ], [ 5.296328168295386, 48.985857222409336 ], [ 5.296664805233768, 48.985866070048175 ], [ 5.296955658984936, 48.985859600822927 ], [ 5.297252372884057, 48.985862014597387 ], [ 5.297700520141588, 48.985857928395831 ], [ 5.298163570709456, 48.985850856179916 ], [ 5.298478038663109, 48.985852926744649 ], [ 5.298705181637284, 48.985858469295842 ], [ 5.298933769900927, 48.985865782906231 ], [ 5.299167900566774, 48.985874789030852 ], [ 5.299408780234192, 48.985881866125268 ], [ 5.299613024869919, 48.98589504270403 ], [ 5.299805336426151, 48.9859165441028 ], [ 5.300012909560992, 48.985943150114018 ], [ 5.30025502331729, 48.985978089310521 ], [ 5.300540389482532, 48.986032889132559 ], [ 5.300778685541736, 48.986074197677183 ], [ 5.301041723845586, 48.986118629472593 ], [ 5.301333999755546, 48.98617509406197 ], [ 5.301700131993111, 48.986263425715407 ], [ 5.302223628950138, 48.986386518899302 ], [ 5.302725157493246, 48.98650733280413 ], [ 5.303168850223346, 48.986618460070531 ], [ 5.303580655129757, 48.986719402992733 ], [ 5.304036523385596, 48.986827594474327 ], [ 5.304477011781087, 48.986927983376198 ], [ 5.304739369699228, 48.986987713377829 ], [ 5.304862234916337, 48.987015039135336 ], [ 5.304919675049242, 48.987015734545729 ], [ 5.304975310804076, 48.987006569046088 ], [ 5.305025373859167, 48.986964225555411 ], [ 5.305088425895123, 48.986875753012313 ], [ 5.305180008008775, 48.986752547454351 ], [ 5.305347340791097, 48.986519034698709 ], [ 5.305627425237433, 48.986146615554624 ], [ 5.305915859383347, 48.985777633414081 ], [ 5.306263001148031, 48.985314862954105 ], [ 5.3064547958258, 48.985047592654283 ], [ 5.30652270723148, 48.984945531684772 ], [ 5.306844959320857, 48.984538113143117 ], [ 5.307147799318352, 48.984155356078027 ], [ 5.307373814462657, 48.983858638383126 ], [ 5.307639167498502, 48.983493693260961 ], [ 5.307668612519246, 48.983479632720488 ], [ 5.30772066611143, 48.98348222955876 ], [ 5.307940885033081, 48.983209011623437 ], [ 5.308314145383078, 48.982565810641098 ], [ 5.308564443668288, 48.981646997937482 ], [ 5.308635724098137, 48.980575099084888 ], [ 5.308629039185928, 48.979532587649388 ], [ 5.308398272077151, 48.979198778767575 ], [ 5.308164936560852, 48.979022449526369 ], [ 5.308019370567608, 48.978791354058934 ], [ 5.308188964749891, 48.978517309135199 ], [ 5.308975313930317, 48.978897997638164 ], [ 5.309555232726985, 48.978631343094044 ], [ 5.310611572753943, 48.979336076493787 ], [ 5.310839406632423, 48.979173356206559 ], [ 5.309798280019087, 48.978503416285072 ], [ 5.310528060797081, 48.978103427464802 ], [ 5.311170581135675, 48.977800473808145 ], [ 5.311187443947873, 48.977626524858039 ], [ 5.311244624864689, 48.977467991746551 ], [ 5.311861110204449, 48.976948730506074 ], [ 5.312877057390351, 48.976408267755261 ], [ 5.314438742191981, 48.975357081563772 ], [ 5.316149838234611, 48.974256207235307 ], [ 5.317465903988821, 48.973277191885572 ], [ 5.318239300087679, 48.972632513679294 ], [ 5.318531585508778, 48.972261619663747 ], [ 5.319406958777782, 48.971422443492486 ], [ 5.320349641650594, 48.970683613701105 ], [ 5.321378270259782, 48.969819864156733 ], [ 5.322494058748545, 48.970326331528305 ], [ 5.323948061178623, 48.970878411813182 ], [ 5.324197830216748, 48.970902358372129 ], [ 5.324556821091299, 48.970893600076643 ], [ 5.324767002377476, 48.971010073781066 ], [ 5.325402972874507, 48.971358487860464 ], [ 5.326317609318744, 48.971857126147896 ], [ 5.326751598533738, 48.972058316140128 ], [ 5.327314475507169, 48.972086076008111 ], [ 5.327969107722581, 48.972087762249757 ], [ 5.329378859776325, 48.972198925205959 ], [ 5.33068616947082, 48.972493785575523 ], [ 5.331757636197592, 48.972709553924886 ], [ 5.332063174349565, 48.972422931433556 ], [ 5.332748277162215, 48.971794266464464 ], [ 5.333473488438364, 48.971207098444324 ], [ 5.334561049858074, 48.970473429841078 ], [ 5.335090967960197, 48.969646255618933 ], [ 5.335351513454189, 48.969423472928561 ], [ 5.335852772825159, 48.968871236947557 ], [ 5.341125829631062, 48.964412406575988 ], [ 5.341914454381089, 48.962720097070637 ], [ 5.341511335747297, 48.961717687492659 ], [ 5.341292005170748, 48.961185791794982 ], [ 5.341118407616733, 48.9605468460175 ], [ 5.341326225241542, 48.96015594616091 ], [ 5.341414666759038, 48.960360234274738 ], [ 5.341464206098608, 48.960459125708937 ], [ 5.341542931127701, 48.960447692105582 ], [ 5.341649320675078, 48.960443814750377 ], [ 5.341727288025671, 48.960445890287254 ], [ 5.341792415193587, 48.960466209217969 ], [ 5.341888099024565, 48.960497626385511 ], [ 5.341957402339232, 48.960519662907572 ], [ 5.342043883853698, 48.960528768956131 ], [ 5.342156179066832, 48.96053467171744 ], [ 5.342305410551488, 48.960541651952823 ], [ 5.342474388107399, 48.960532052805156 ], [ 5.342612618541299, 48.960537448358693 ], [ 5.342716966845033, 48.960548903675807 ], [ 5.342817989890284, 48.960577516879553 ], [ 5.342949691497912, 48.960619924516173 ], [ 5.343076338436396, 48.960671427116118 ], [ 5.343166846995072, 48.960709241848832 ], [ 5.343252665498602, 48.96076424117993 ], [ 5.34337378470024, 48.960844639713969 ], [ 5.343444953156533, 48.960908021959831 ], [ 5.343526798797142, 48.96096579765161 ], [ 5.343602779279335, 48.961014691638454 ], [ 5.343712006761251, 48.961073731165698 ], [ 5.343857211467917, 48.961142862764341 ], [ 5.343962466027818, 48.961204678636484 ], [ 5.344029324844358, 48.961233059194441 ], [ 5.344140310480721, 48.961270472818121 ], [ 5.344248160850279, 48.961298951340304 ], [ 5.344432263570594, 48.961352027884331 ], [ 5.344580470446985, 48.961396809875318 ], [ 5.344721649695434, 48.961437230981737 ], [ 5.344859220639687, 48.961488518074425 ], [ 5.344983628117013, 48.961550858071945 ], [ 5.345118185683479, 48.961595906399637 ], [ 5.345324982600972, 48.961667429906683 ], [ 5.346288839923146, 48.961863581465202 ], [ 5.346586672155061, 48.962135738111265 ], [ 5.346968200483971, 48.962536702007476 ], [ 5.347274042582447, 48.962834789403544 ], [ 5.347636987868787, 48.963066084776329 ], [ 5.347766375556084, 48.963117528842773 ], [ 5.34784503737089, 48.963134880601316 ], [ 5.347907546568909, 48.963127358992068 ], [ 5.348662148548919, 48.963650557286535 ], [ 5.349682091464698, 48.964270209010778 ], [ 5.35032455150334, 48.964729921740172 ], [ 5.351527010525166, 48.965607772113799 ], [ 5.35202261127544, 48.965901225778588 ], [ 5.352989427339455, 48.966371653781358 ], [ 5.354669084192547, 48.966772299387216 ], [ 5.356964848648664, 48.967199495773272 ], [ 5.35847292848177, 48.967401044834872 ], [ 5.358623854267629, 48.967444856678462 ], [ 5.359937001565586, 48.967806757909734 ], [ 5.360821264899302, 48.968352518604334 ], [ 5.361389627218493, 48.968651698693961 ], [ 5.361653405125582, 48.968713076014218 ], [ 5.362687823602519, 48.968984177014612 ], [ 5.364140822948458, 48.969354972301602 ], [ 5.365107153602284, 48.969660681624681 ], [ 5.365787579952698, 48.969809191594699 ], [ 5.366734750341698, 48.969993815861365 ], [ 5.367313640694719, 48.970012975276298 ], [ 5.368071173768577, 48.970024105679933 ], [ 5.368487792154737, 48.970080650220446 ], [ 5.369113268025347, 48.970192442471038 ], [ 5.369626235047571, 48.970264172349154 ], [ 5.370147965448422, 48.970258358458423 ], [ 5.370629406500569, 48.970238045123963 ], [ 5.371145588354668, 48.970140574057581 ], [ 5.371446036265055, 48.970106743511849 ], [ 5.371832142871821, 48.970123396497776 ], [ 5.372184032134526, 48.970258577139226 ], [ 5.372504955104248, 48.970343990052093 ], [ 5.372809518093707, 48.97037035009523 ], [ 5.37308385148161, 48.97036312161034 ], [ 5.373679695537787, 48.970424197642473 ], [ 5.374053671894695, 48.970474370107205 ], [ 5.374501506882071, 48.970615741029356 ], [ 5.375249561739509, 48.970927491601692 ], [ 5.375680174470024, 48.971259921644553 ], [ 5.375993680133402, 48.971421941168259 ], [ 5.376548819144813, 48.971518895483712 ], [ 5.377118896099032, 48.971613751852637 ], [ 5.377951307185069, 48.971737589350234 ], [ 5.378902064678627, 48.971789801425295 ], [ 5.379373533470733, 48.971820030591154 ], [ 5.379728597124854, 48.971785095648848 ], [ 5.379998484480151, 48.971710467147652 ], [ 5.380364523758333, 48.971616836193569 ], [ 5.380595557388495, 48.971559171045612 ], [ 5.380925872366491, 48.971550813266511 ], [ 5.381076382395591, 48.971555021618698 ], [ 5.381517855382232, 48.971586737631448 ], [ 5.382143918660269, 48.971680458314758 ], [ 5.382582091307686, 48.971669953148506 ], [ 5.382965822642882, 48.971634438910698 ], [ 5.383829054560135, 48.971595688936098 ], [ 5.384088585556158, 48.971563539865159 ], [ 5.384364660093919, 48.971564347784891 ], [ 5.384808642900181, 48.971710255602709 ], [ 5.385146263770138, 48.971831288502052 ], [ 5.385456130428926, 48.971913288635641 ], [ 5.385840999213944, 48.972051372361079 ], [ 5.386053024741224, 48.97211552574111 ], [ 5.386082108522798, 48.97212394335336 ], [ 5.38633169917011, 48.972202642531109 ], [ 5.386488539487093, 48.972225610513135 ], [ 5.386681128323016, 48.972223576564225 ], [ 5.386834949297658, 48.972240306741334 ], [ 5.386943795327928, 48.972289419302186 ], [ 5.387046561096969, 48.972325158264283 ], [ 5.387082182629714, 48.972327148033507 ], [ 5.387142462053856, 48.972330446171568 ], [ 5.387251605843538, 48.972296785984824 ], [ 5.387452879553095, 48.972335061532952 ], [ 5.38768919449101, 48.972392430986247 ], [ 5.387888523003502, 48.972447837641489 ], [ 5.388109242383837, 48.972492921945026 ], [ 5.388527476219532, 48.97252417557138 ], [ 5.388834503331857, 48.972514460729215 ], [ 5.389035493274297, 48.972487065818569 ], [ 5.389161763537929, 48.97246925611605 ], [ 5.389388981528821, 48.972477323486459 ], [ 5.38969828144173, 48.972517041173482 ], [ 5.389698738798448, 48.972467552019133 ], [ 5.38978886015706, 48.972198563645605 ], [ 5.389851008506457, 48.972034490609389 ], [ 5.390098620193985, 48.972070038900021 ], [ 5.390316113206898, 48.972104387824494 ], [ 5.39063956148299, 48.97212492863018 ], [ 5.391034253136375, 48.972149445765481 ], [ 5.39133792617716, 48.972155984824028 ], [ 5.391495802954312, 48.97217172852649 ], [ 5.391876883733006, 48.972227102060742 ], [ 5.392334049242092, 48.972272859665559 ], [ 5.392383613497054, 48.972280867150481 ], [ 5.392693369744873, 48.972330464059695 ], [ 5.393034197770686, 48.972401931028195 ], [ 5.393428190474649, 48.972470536575067 ], [ 5.393736583552469, 48.972520158033532 ], [ 5.394369010951385, 48.972632580848348 ], [ 5.394470541445839, 48.972671037135754 ], [ 5.394609515059773, 48.972721340529979 ], [ 5.39483429591703, 48.97276543183802 ], [ 5.395015965687665, 48.972793290695002 ], [ 5.395140829670874, 48.972804291204561 ], [ 5.395507314940197, 48.972868941270825 ], [ 5.395981496803719, 48.972957527837316 ], [ 5.396345670493393, 48.973060906037865 ], [ 5.396560319370647, 48.973122289780285 ], [ 5.396762515123893, 48.973180323505588 ], [ 5.397047625186613, 48.973258290757052 ], [ 5.397497942470914, 48.973362642346331 ], [ 5.398010364554841, 48.973480144510347 ], [ 5.398317032909475, 48.973551380184041 ], [ 5.398598549205863, 48.973640211358322 ], [ 5.398918669015731, 48.973736366342173 ], [ 5.399121654179432, 48.973781785415298 ], [ 5.399186235454352, 48.973759801575298 ], [ 5.403649098326576, 48.974371244620421 ], [ 5.404161232455992, 48.974393364759337 ], [ 5.404944267292677, 48.974510809605881 ], [ 5.405854815918073, 48.97460769827768 ], [ 5.406390505344321, 48.974666221637953 ], [ 5.406552740091011, 48.97468725611953 ], [ 5.406662475698745, 48.974725537602673 ], [ 5.406673648243602, 48.97473071121351 ], [ 5.406747676816511, 48.974765211059726 ], [ 5.406992325024921, 48.974913239489524 ], [ 5.407546829770326, 48.975200788552563 ], [ 5.407874112142803, 48.975362450005754 ], [ 5.408103738166923, 48.975481089700551 ], [ 5.408150086522136, 48.975508047797213 ], [ 5.408222807445593, 48.975455307837436 ], [ 5.410007302832709, 48.976391069208496 ], [ 5.411353228625361, 48.977210574144969 ], [ 5.411844157533315, 48.977422912631674 ], [ 5.41276883386532, 48.978028662286327 ], [ 5.412946739412694, 48.978710608545576 ], [ 5.412707402828497, 48.979001509418275 ], [ 5.414316273304387, 48.979624067739756 ], [ 5.414332243211176, 48.979908931946248 ], [ 5.418368870806442, 48.982006526050327 ], [ 5.418664012446568, 48.981799055004466 ], [ 5.421096594755105, 48.982789055173981 ], [ 5.42195040281997, 48.983072295590183 ], [ 5.421935569329121, 48.98339916417077 ], [ 5.422586508074143, 48.983699091708232 ], [ 5.422606914456528, 48.984341921228825 ], [ 5.423731361894563, 48.984975939078062 ], [ 5.424964276505704, 48.985766089893396 ], [ 5.426036124058185, 48.986560385862198 ], [ 5.427060455889668, 48.987419508086219 ], [ 5.428160710697742, 48.988381442489903 ], [ 5.428858559917839, 48.98892238924752 ], [ 5.430188038492425, 48.989435242691258 ], [ 5.430951149824773, 48.989646487782956 ], [ 5.431600206584157, 48.989640528840717 ], [ 5.431783175594388, 48.990074043120217 ], [ 5.432839267692767, 48.990586112497752 ], [ 5.433540766136621, 48.990882257295517 ], [ 5.434318244358091, 48.991311801657226 ], [ 5.435043074097701, 48.991521998860613 ], [ 5.434401049449871, 48.992466153725999 ], [ 5.434233471542212, 48.992828509075395 ], [ 5.434189386557466, 48.993229741335838 ], [ 5.438951416014387, 48.994285448159964 ], [ 5.440365251012634, 48.994813569020678 ], [ 5.440586529060923, 48.994198214346788 ], [ 5.445742494553171, 48.995862790981946 ], [ 5.447844334775474, 48.99662689570718 ], [ 5.447756324308029, 48.996732149751899 ], [ 5.447436859810882, 48.99711921394919 ], [ 5.449957499136167, 48.997542771714734 ], [ 5.451125923142481, 48.99764665287907 ], [ 5.452042944220508, 48.997725073859911 ], [ 5.452058088567277, 48.997756251629809 ], [ 5.452112505443525, 48.997779429575822 ], [ 5.452265261293842, 48.997829385770416 ], [ 5.452604574834314, 48.997950197847935 ], [ 5.452972644222668, 48.998129797092446 ], [ 5.453220428280425, 48.998310055725554 ], [ 5.453466777946483, 48.998430967119631 ], [ 5.453598396339778, 48.998525436163241 ], [ 5.453803818352148, 48.998792925162064 ], [ 5.454015605171379, 48.999050387583416 ], [ 5.454236721894605, 48.999215895779287 ], [ 5.454640236176027, 48.999392965617716 ], [ 5.454904789903738, 48.999464921248183 ], [ 5.455015682041948, 48.999496838270403 ], [ 5.455436296381361, 48.999775214538261 ], [ 5.455264437787058, 48.999784129638904 ], [ 5.455138293783097, 48.999805603533922 ], [ 5.455021535101507, 48.999852075067871 ], [ 5.45484743415499, 48.999958196205853 ], [ 5.454677508714263, 49.000094819272014 ], [ 5.454596633509642, 49.000206229614818 ], [ 5.454572740700428, 49.000337165703385 ], [ 5.45462060182168, 49.000481927535461 ], [ 5.454723711389265, 49.000580577133732 ], [ 5.454955425064681, 49.000738670038118 ], [ 5.455162212078998, 49.000890075517198 ], [ 5.455345990518103, 49.001046449707822 ], [ 5.455512819201046, 49.001220263605873 ], [ 5.455623478268641, 49.001362840060672 ], [ 5.455732547195463, 49.001558527452623 ], [ 5.455808249347365, 49.001684726156086 ], [ 5.455967868939827, 49.001850590235115 ], [ 5.456103167703257, 49.001964773134979 ], [ 5.45630856019333, 49.002086517215176 ], [ 5.456510759623759, 49.00216964200996 ], [ 5.456682657225256, 49.002219200800013 ], [ 5.456841654504659, 49.002314005281029 ], [ 5.45697174731453, 49.00243369163168 ], [ 5.45706093881124, 49.002584803069936 ], [ 5.457074407758184, 49.00269608198689 ], [ 5.457043870618304, 49.002773176337172 ], [ 5.456969066705117, 49.002839481937571 ], [ 5.456852898089164, 49.002898537817323 ], [ 5.456629878678442, 49.002953484002241 ], [ 5.456327499514265, 49.003007355610244 ], [ 5.456093258936936, 49.003027444759283 ], [ 5.455838320746938, 49.003014670635189 ], [ 5.455618985364131, 49.003002966561986 ], [ 5.455443570340809, 49.003023649707991 ], [ 5.455368345424183, 49.003052178228792 ], [ 5.455187198091109, 49.003125157078614 ], [ 5.454953538230247, 49.003215403540331 ], [ 5.454847063049507, 49.003248169672702 ], [ 5.454739221661678, 49.003280963658845 ], [ 5.454533532561634, 49.003326554941353 ], [ 5.454334552947707, 49.003340521438922 ], [ 5.454140315518905, 49.003339096836406 ], [ 5.453898187687093, 49.003308063874691 ], [ 5.453710830464335, 49.00327860922814 ], [ 5.453492146063762, 49.003222805912749 ], [ 5.453275090419734, 49.003143578435733 ], [ 5.453093213583215, 49.003056434248528 ], [ 5.452979640633268, 49.002967893335224 ], [ 5.452922161560597, 49.002880004778532 ], [ 5.452885613477774, 49.002743108063953 ], [ 5.452892949175923, 49.002608912686838 ], [ 5.452928616999833, 49.00252451753942 ], [ 5.45301627957016, 49.002440858589637 ], [ 5.453050311110666, 49.002408675606297 ], [ 5.453123795808608, 49.00234329911823 ], [ 5.453186699102562, 49.00225654771949 ], [ 5.453188130188735, 49.002171053220593 ], [ 5.453141912049891, 49.002118919825548 ], [ 5.453005238093522, 49.002062338432317 ], [ 5.452806108603603, 49.002015130449649 ], [ 5.452538202750822, 49.001988220386821 ], [ 5.452327620385332, 49.001988026705213 ], [ 5.452119202205284, 49.00203366974948 ], [ 5.45197165332142, 49.002094261860002 ], [ 5.451851289426948, 49.002180387606096 ], [ 5.451762378340932, 49.002295558382912 ], [ 5.451756872538453, 49.002439612245176 ], [ 5.451816054648435, 49.002534663610497 ], [ 5.451941902742568, 49.002680531269611 ], [ 5.452032021753349, 49.002822630832632 ], [ 5.452047296512949, 49.003001345641302 ], [ 5.45201958664504, 49.003167444409115 ], [ 5.451953982372596, 49.003283938137614 ], [ 5.451811402435774, 49.003420897126325 ], [ 5.451684332086231, 49.003509858472512 ], [ 5.451482975248486, 49.003618330179549 ], [ 5.45121856549169, 49.00372359154975 ], [ 5.451016452071976, 49.003787096274849 ], [ 5.450802764382593, 49.003866130809335 ], [ 5.450436182791428, 49.004008562974754 ], [ 5.449629032093881, 49.004290436202574 ], [ 5.449464275222398, 49.004334283248767 ], [ 5.44924982966051, 49.004368348813799 ], [ 5.448999832545167, 49.004373451831206 ], [ 5.448715216600361, 49.004369364926411 ], [ 5.448445754971833, 49.004367666991463 ], [ 5.448243878312979, 49.004349295683788 ], [ 5.448056996946408, 49.004300930279335 ], [ 5.447706692190334, 49.004498798803091 ], [ 5.447474654375129, 49.004652870835507 ], [ 5.44739211550552, 49.004700435596526 ], [ 5.447333435761957, 49.004761008085936 ], [ 5.447300870734229, 49.004853434555173 ], [ 5.447302617230161, 49.004977547829839 ], [ 5.447351542770725, 49.005087204334821 ], [ 5.447486100258984, 49.005214905946481 ], [ 5.447747221497009, 49.005387705880807 ], [ 5.447794432514677, 49.005402936078255 ], [ 5.447915986370048, 49.005370768448735 ], [ 5.448283082691212, 49.005267917708146 ], [ 5.448428273667754, 49.005273051678664 ], [ 5.448524495919441, 49.005283682934248 ], [ 5.448598638189936, 49.00531905471852 ], [ 5.448636393513873, 49.005394752751904 ], [ 5.44865610482156, 49.005551785682606 ], [ 5.448679470827632, 49.005757323996058 ], [ 5.448719250788423, 49.005904951012567 ], [ 5.448754062519874, 49.005976210906219 ], [ 5.44874089961486, 49.006016063229687 ], [ 5.448691867762752, 49.006078238669446 ], [ 5.447860720520347, 49.006490134837755 ], [ 5.447756489943129, 49.006541740755765 ], [ 5.447704819381471, 49.006576980704494 ], [ 5.447667477590568, 49.006655110494542 ], [ 5.447519580890861, 49.007143926540763 ], [ 5.447483286699042, 49.007273313631678 ], [ 5.447472706385539, 49.007367990351057 ], [ 5.447493685708339, 49.00755198608406 ], [ 5.447578187871406, 49.00774908009906 ], [ 5.447660805531314, 49.007964205016627 ], [ 5.447742936773658, 49.008227020003304 ], [ 5.447873183352181, 49.008611202577917 ], [ 5.44787538643419, 49.008657938224395 ], [ 5.447864742779116, 49.00869324079644 ], [ 5.447817295908203, 49.008731093396015 ], [ 5.447694992793278, 49.00880555839224 ], [ 5.447560096780697, 49.008873982729583 ], [ 5.447457958171826, 49.0089120511023 ], [ 5.447334044515467, 49.008952362750797 ], [ 5.447179184211961, 49.008974413251458 ], [ 5.446976855608772, 49.008975840528691 ], [ 5.4468632893875, 49.008974557869095 ], [ 5.446733063258534, 49.008997005083103 ], [ 5.446651967728172, 49.009046338806122 ], [ 5.446399856154319, 49.009268288841028 ], [ 5.446076363591343, 49.00968781167164 ], [ 5.446065325996378, 49.009743813429083 ], [ 5.446115080726492, 49.009812969949422 ], [ 5.446220374753957, 49.009899886372821 ], [ 5.446313341849655, 49.009957366382061 ], [ 5.446394489924127, 49.009996195152205 ], [ 5.446506299781067, 49.010018205484954 ], [ 5.44675622851659, 49.010040098396111 ], [ 5.446895967661623, 49.010045345629806 ], [ 5.446983566413774, 49.01007594584528 ], [ 5.447029616037354, 49.010124486172558 ], [ 5.447051178300055, 49.01023380072688 ], [ 5.447029782616166, 49.010360184539195 ], [ 5.446952835781036, 49.010497596997041 ], [ 5.44684662603741, 49.01056543534969 ], [ 5.446703622534458, 49.010607035073143 ], [ 5.446525445742221, 49.01062776075068 ], [ 5.446299206620027, 49.010615280246661 ], [ 5.446078856061514, 49.010611675528025 ], [ 5.445873565256414, 49.0106374510517 ], [ 5.445704474610967, 49.010676882410159 ], [ 5.445601037747689, 49.010745562718007 ], [ 5.445480885406329, 49.010865862144648 ], [ 5.445303324928243, 49.011044907208067 ], [ 5.445226088191692, 49.011147238941952 ], [ 5.445183643175895, 49.011262356030869 ], [ 5.445170416324006, 49.011446148731281 ], [ 5.445141440629917, 49.011614968702688 ], [ 5.445116998873694, 49.011763904546022 ], [ 5.445044778622932, 49.011914713488011 ], [ 5.444908571098416, 49.012129799638807 ], [ 5.444737044120925, 49.012262839848155 ], [ 5.444745568324126, 49.012298651088976 ], [ 5.444812759502375, 49.012331467871476 ], [ 5.444949802206425, 49.012366459958713 ], [ 5.44512770766189, 49.012397920425741 ], [ 5.445247242559612, 49.012438666646084 ], [ 5.445373089460166, 49.012497276576795 ], [ 5.445515405380719, 49.012586137925766 ], [ 5.445637450290055, 49.012651122422049 ], [ 5.445888680589565, 49.012758454950756 ], [ 5.445994680649391, 49.012802175173654 ], [ 5.446057689604141, 49.012833277272982 ], [ 5.446087260168862, 49.012880354517101 ], [ 5.446071942081665, 49.012961632770072 ], [ 5.446001809023882, 49.013127693172905 ], [ 5.445968770665932, 49.013210232195775 ], [ 5.445938464884621, 49.013292715505422 ], [ 5.445874877908695, 49.013423557087208 ], [ 5.445795498756748, 49.013538527277774 ], [ 5.445705496462151, 49.013631223353947 ], [ 5.445607307464257, 49.013695298295261 ], [ 5.445465830022001, 49.01374046361083 ], [ 5.445309769500062, 49.013737346349764 ], [ 5.445159440333366, 49.013710721950929 ], [ 5.445034425122581, 49.013698875177155 ], [ 5.444944233788583, 49.01372950061635 ], [ 5.444937323394019, 49.013815105428819 ], [ 5.444986614988202, 49.01387437580054 ], [ 5.444994480663044, 49.013954281832312 ], [ 5.444952383501761, 49.014047800482743 ], [ 5.444932879563162, 49.014127364495323 ], [ 5.44496298793025, 49.014214913938396 ], [ 5.445031862567973, 49.014312468998213 ], [ 5.445083409902025, 49.014390585392754 ], [ 5.445099601008603, 49.014473020618986 ], [ 5.445067334210582, 49.014542948831895 ], [ 5.445032431269766, 49.014585942119723 ], [ 5.44496858043542, 49.014624127442097 ], [ 5.444853284830561, 49.014644468763258 ], [ 5.444752765381264, 49.01465911123551 ], [ 5.444676477647475, 49.014723638744286 ], [ 5.444640183344843, 49.014824235945184 ], [ 5.444550896108213, 49.014932209931814 ], [ 5.444412460858723, 49.015042084540404 ], [ 5.44425280990061, 49.015137097535217 ], [ 5.444090438145827, 49.015203377876226 ], [ 5.443962788428602, 49.015251858109778 ], [ 5.443866920885684, 49.015365363223474 ], [ 5.443766885918797, 49.015535629123548 ], [ 5.443663356087463, 49.015689772916524 ], [ 5.443602675301795, 49.015795364309625 ], [ 5.443628924130343, 49.015917178030975 ], [ 5.443658566036708, 49.015994841318118 ], [ 5.443788878325953, 49.016206297135156 ], [ 5.443837976238989, 49.016319548932302 ], [ 5.443845992845464, 49.016344575011686 ], [ 5.443868507071076, 49.016416086039463 ], [ 5.443882835491335, 49.016458975956567 ], [ 5.443988908980657, 49.016446020445933 ], [ 5.444093573684733, 49.016432193912088 ], [ 5.444160921794522, 49.016410131091739 ], [ 5.444202096257929, 49.016384103201311 ], [ 5.444228633322252, 49.01633768217593 ], [ 5.444246984302057, 49.016262640060539 ], [ 5.444301685977666, 49.016059111672185 ], [ 5.444409483133566, 49.015908478918625 ], [ 5.444482121566971, 49.015795446579837 ], [ 5.444579384977177, 49.015711600020893 ], [ 5.444675789478239, 49.015638566301881 ], [ 5.444758686767757, 49.015598193963541 ], [ 5.444850501779185, 49.015572933427258 ], [ 5.444961053320305, 49.015567982355719 ], [ 5.44508982160284, 49.01560134368605 ], [ 5.44520526463444, 49.015642173341398 ], [ 5.445286928697711, 49.015691787738746 ], [ 5.445389766276239, 49.015755364557918 ], [ 5.445509774757466, 49.015805996715862 ], [ 5.445617539857306, 49.015828990043701 ], [ 5.445738588112087, 49.015843615996836 ], [ 5.445890428748948, 49.015844119967994 ], [ 5.446089839612521, 49.01583825644785 ], [ 5.446321632086195, 49.01579394848477 ], [ 5.446608769159442, 49.015734117863602 ], [ 5.446770693648402, 49.01571642273332 ], [ 5.447113110365795, 49.015697745987055 ], [ 5.447459467288973, 49.015646601562722 ], [ 5.447719613192189, 49.015594515648075 ], [ 5.448130549259699, 49.015491673311516 ], [ 5.4484050985258, 49.015397009860266 ], [ 5.448822893483023, 49.015207661486166 ], [ 5.449055473343146, 49.015093161562014 ], [ 5.449163310212039, 49.015030686200483 ], [ 5.449249062998224, 49.014992951236728 ], [ 5.449448574219621, 49.014931303453842 ], [ 5.449576133225184, 49.014881019859438 ], [ 5.449657965424149, 49.01481817519543 ], [ 5.449720295960783, 49.014718844048055 ], [ 5.449743383059908, 49.014628410546457 ], [ 5.449776034679273, 49.014537781785648 ], [ 5.44984292083908, 49.014477041304993 ], [ 5.44991303911678, 49.014455818186988 ], [ 5.450016840769393, 49.014452799437898 ], [ 5.450114795239592, 49.014441803374439 ], [ 5.45018982747872, 49.014408784671396 ], [ 5.450289590605262, 49.014349171910609 ], [ 5.450404077533021, 49.014311748985605 ], [ 5.450495114996891, 49.014299094594925 ], [ 5.450629579143862, 49.014279255975865 ], [ 5.450825156587921, 49.014221284596658 ], [ 5.451074963765462, 49.014153209050882 ], [ 5.451213780968984, 49.01413867859241 ], [ 5.451264760598159, 49.014146633519303 ], [ 5.451314883054345, 49.014165401412512 ], [ 5.451473448813965, 49.014221537493924 ], [ 5.45161617862585, 49.014260904042054 ], [ 5.451722237353819, 49.014276729786644 ], [ 5.451847603276401, 49.014266971523959 ], [ 5.451970414400955, 49.014232075874268 ], [ 5.45210091419268, 49.014186227509938 ], [ 5.452197840928577, 49.014182447712585 ], [ 5.452305690516599, 49.014207232584333 ], [ 5.452449922574018, 49.0142204783726 ], [ 5.45257921749662, 49.014207040552272 ], [ 5.452658728999515, 49.014182025329774 ], [ 5.452710700951632, 49.014153074795061 ], [ 5.452767933764539, 49.014090730631281 ], [ 5.452867261035375, 49.014050916270826 ], [ 5.453047847673195, 49.013994147217545 ], [ 5.45326925467297, 49.013932944904646 ], [ 5.453407101341556, 49.013868952392563 ], [ 5.453529698131909, 49.013829561354264 ], [ 5.453718566316267, 49.013774421180486 ], [ 5.453863618865116, 49.013747165381552 ], [ 5.453982930128515, 49.013696145925962 ], [ 5.454043056456459, 49.01366612840247 ], [ 5.454275497387977, 49.013520133793968 ], [ 5.45444503612861, 49.013403313615122 ], [ 5.454572515096644, 49.013293650844297 ], [ 5.454834911178561, 49.013029191401685 ], [ 5.455017868385581, 49.012849122012923 ], [ 5.455208057627308, 49.012590636870407 ], [ 5.455340932259612, 49.012392699371915 ], [ 5.455430453991357, 49.012261321470369 ], [ 5.455467193118238, 49.012170607087157 ], [ 5.455431348012356, 49.012077779396222 ], [ 5.455382520014912, 49.011999611361333 ], [ 5.455389886759406, 49.011895103947502 ], [ 5.455473517317772, 49.01175485020633 ], [ 5.455570634119783, 49.011639509962741 ], [ 5.45562876565922, 49.011538461808762 ], [ 5.456498742866761, 49.011773451041826 ], [ 5.456564617014412, 49.011807187988111 ], [ 5.456612006534955, 49.011826009650903 ], [ 5.456652437040547, 49.011842274879172 ], [ 5.456771942719084, 49.011853322706862 ], [ 5.457085372231036, 49.011887388683611 ], [ 5.457325064561277, 49.011923863457582 ], [ 5.45745246544983, 49.011957239620862 ], [ 5.457567479621595, 49.012017858144716 ], [ 5.457717072006464, 49.012115552721291 ], [ 5.457879604783027, 49.012197688405863 ], [ 5.458158264669479, 49.012335021282489 ], [ 5.458470913628276, 49.01246805868989 ], [ 5.458695613767719, 49.012563313693768 ], [ 5.458716534066916, 49.012571881333528 ], [ 5.458950501394176, 49.012660648604367 ], [ 5.459312980404512, 49.012806157201084 ], [ 5.459620042138995, 49.012936607296034 ], [ 5.459886374882561, 49.013044501202032 ], [ 5.460123291908903, 49.013137703903652 ], [ 5.460498500420597, 49.013291944302551 ], [ 5.460748355595672, 49.013398374925451 ], [ 5.460935491258376, 49.013480002056497 ], [ 5.461089409358864, 49.013553313869274 ], [ 5.461289053165462, 49.013667970144752 ], [ 5.461568709941925, 49.013825966237491 ], [ 5.46204425742991, 49.014105890739728 ], [ 5.462699992349825, 49.014464881518052 ], [ 5.462834786756572, 49.014538583576943 ], [ 5.462875133898356, 49.014581837270583 ], [ 5.46289088650585, 49.014625595703023 ], [ 5.462937044547469, 49.014618351010427 ], [ 5.463001732743247, 49.01462691927766 ], [ 5.463071415392545, 49.01465427716893 ], [ 5.463208261360082, 49.014713542677882 ], [ 5.463397456119504, 49.01478072975015 ], [ 5.463663637309039, 49.014856231980986 ], [ 5.464098180381243, 49.014963362265249 ], [ 5.464451383762123, 49.015056867735801 ], [ 5.464878756906189, 49.015156945463488 ], [ 5.465309376550135, 49.015267750528871 ], [ 5.46562919343461, 49.015349343657419 ], [ 5.466022027407139, 49.015442030351785 ], [ 5.466374725193873, 49.015524745119514 ], [ 5.466671615637982, 49.015584316002602 ], [ 5.466917395153511, 49.015633241652466 ], [ 5.467100278381615, 49.015682560187095 ], [ 5.467433636808054, 49.015789959404863 ], [ 5.467724168407156, 49.015888342451156 ], [ 5.46784919465406, 49.015928953640952 ], [ 5.467939633910053, 49.015961279692959 ], [ 5.468019568604256, 49.01597402989858 ], [ 5.468067734363715, 49.0159802363778 ], [ 5.468114191949345, 49.015979280946986 ], [ 5.46814134904544, 49.015975123924534 ], [ 5.468187293931682, 49.015963383477562 ], [ 5.46818656839909, 49.015976892814102 ], [ 5.468185930662289, 49.016078563850002 ], [ 5.468185888720175, 49.016106453166799 ], [ 5.468253056906636, 49.016138357959832 ], [ 5.468303785595298, 49.016169701206593 ], [ 5.468357332610864, 49.016202785720566 ], [ 5.46839439736433, 49.016234409965662 ], [ 5.468429540280475, 49.016254378570885 ], [ 5.468462633145053, 49.0162599952927 ], [ 5.468517503065842, 49.016263364818101 ], [ 5.468584157876737, 49.016255696377421 ], [ 5.46866131658973, 49.016238815555354 ], [ 5.468710890737985, 49.01621710435429 ], [ 5.468735997758967, 49.016198595328909 ], [ 5.46908976324624, 49.016073466268715 ], [ 5.469242786522956, 49.015782436894774 ], [ 5.470412345615181, 49.015929296531915 ], [ 5.471560693314252, 49.016118864282795 ], [ 5.471645522348729, 49.015947087387943 ], [ 5.472532733861751, 49.016253577813927 ], [ 5.4734657008107, 49.016658977606532 ], [ 5.473106029166027, 49.017320419914597 ], [ 5.472957733673726, 49.018083661291385 ], [ 5.473423553449894, 49.018645325451459 ], [ 5.473689760698044, 49.018978998338454 ], [ 5.474250750550908, 49.019327285252317 ], [ 5.474656108471163, 49.019480860725416 ], [ 5.475377256946831, 49.019630621008417 ], [ 5.475797336996399, 49.019691227462886 ], [ 5.476570059282137, 49.019746355540349 ], [ 5.476721907341075, 49.01994743750857 ], [ 5.476844700212551, 49.020055557653379 ], [ 5.477018019617401, 49.020419928252061 ], [ 5.477116074097023, 49.020668900453273 ], [ 5.477336196629627, 49.021010713453173 ], [ 5.477628398526397, 49.021515669711555 ], [ 5.477803977320504, 49.021812520288428 ], [ 5.477978148667464, 49.0221084999976 ], [ 5.4781037012221, 49.022302925894387 ], [ 5.478265888190865, 49.02246240945373 ], [ 5.47844841599984, 49.022675450305044 ], [ 5.478609337559013, 49.022894334800561 ], [ 5.478746348616961, 49.023128106858287 ], [ 5.478850743898816, 49.023223110423238 ], [ 5.479083361669407, 49.023396431895669 ], [ 5.479393260915047, 49.023669814200261 ], [ 5.479553273888488, 49.02381224801524 ], [ 5.479563240614183, 49.023877714745637 ], [ 5.479572513421219, 49.023900013810959 ], [ 5.47957390130995, 49.023986349129551 ], [ 5.479575711388789, 49.024052883974093 ], [ 5.479595680835138, 49.024155928290327 ], [ 5.479644091617769, 49.024252987293963 ], [ 5.479684252812932, 49.024320529088257 ], [ 5.479738345032287, 49.024421968796148 ], [ 5.479764175003585, 49.024561776586026 ], [ 5.479824929483333, 49.024831308344467 ], [ 5.479864226032926, 49.025023915671895 ], [ 5.479894922096871, 49.025151028097483 ], [ 5.479943728087424, 49.025284963333263 ], [ 5.480032425719103, 49.025595300203207 ], [ 5.480109396097134, 49.025803322170866 ], [ 5.480125618228735, 49.025942428624191 ], [ 5.480083518258736, 49.026149312208652 ], [ 5.480021970502149, 49.026464552291337 ], [ 5.479849571135353, 49.026864847659887 ], [ 5.479796421089951, 49.026955008303347 ], [ 5.47974339966071, 49.027047865121595 ], [ 5.47968603470145, 49.0271929897172 ], [ 5.47965816424357, 49.027268234086677 ], [ 5.479574144717258, 49.027399515246913 ], [ 5.47947496934842, 49.027557198410683 ], [ 5.479316094696922, 49.027753898626301 ], [ 5.479153369397597, 49.027927287942887 ], [ 5.479077784871267, 49.027977428508187 ], [ 5.478925628214308, 49.028057038589026 ], [ 5.478600921836359, 49.028133014461929 ], [ 5.478403956299872, 49.028191058538603 ], [ 5.478271140200233, 49.028245978663406 ], [ 5.478167840144399, 49.02831738208328 ], [ 5.477922744067815, 49.028398909469665 ], [ 5.47760336628058, 49.028443285839892 ], [ 5.477455171564462, 49.028491325466121 ], [ 5.477331411906214, 49.028564049990123 ], [ 5.477177375206657, 49.028661688919364 ], [ 5.477075825549241, 49.028741151780913 ], [ 5.477005967758024, 49.028825358316872 ], [ 5.476893617906459, 49.028936530545181 ], [ 5.476784290139926, 49.028996361979516 ], [ 5.476673080797229, 49.029045436692272 ], [ 5.476507421431529, 49.029128920547919 ], [ 5.474213761934937, 49.030002966660263 ], [ 5.472727231078336, 49.030762285822647 ], [ 5.472602771143824, 49.030791837899649 ], [ 5.472241223750645, 49.030899141599839 ], [ 5.471966293565585, 49.030986668281663 ], [ 5.471696104802406, 49.031087590923718 ], [ 5.471368169681857, 49.031211292522137 ], [ 5.47099841834846, 49.031347548911157 ], [ 5.470635798562664, 49.031489954640463 ], [ 5.470359326622172, 49.031602698424464 ], [ 5.470095539728375, 49.031723277063875 ], [ 5.469840508465792, 49.031855369939869 ], [ 5.469574072519501, 49.032006588743791 ], [ 5.469233316142854, 49.032206115516573 ], [ 5.469009376617484, 49.032359157695453 ], [ 5.468886921163827, 49.032459734018026 ], [ 5.468825415958511, 49.032518574161564 ], [ 5.470177267319362, 49.033296819845127 ], [ 5.469879272683515, 49.033676290456576 ], [ 5.47029237677914, 49.033846813882938 ], [ 5.470492000911136, 49.034102694299612 ], [ 5.470890412463327, 49.034223139729519 ], [ 5.471211819648344, 49.034450423658917 ], [ 5.471441287346452, 49.035419080846289 ], [ 5.471747945721318, 49.03631327919706 ], [ 5.47228752012092, 49.036897712144231 ], [ 5.472861006928163, 49.037332108706941 ], [ 5.473409760692698, 49.037362187135642 ], [ 5.473831383896532, 49.037366095050132 ], [ 5.474281131313295, 49.037185001530702 ], [ 5.474419909421557, 49.03711107212645 ], [ 5.474678696307383, 49.037143522042385 ], [ 5.474919627401068, 49.037174540259066 ], [ 5.475116501100936, 49.037371994841131 ], [ 5.475708900399393, 49.037571189667254 ], [ 5.476170632694271, 49.037784771519902 ], [ 5.476668193891027, 49.037917547108805 ], [ 5.476821709200299, 49.03740699906195 ], [ 5.477155092233769, 49.037052870601286 ], [ 5.477329188223321, 49.038005566437889 ], [ 5.478942949780635, 49.039276695483117 ], [ 5.48108152321239, 49.040704287175657 ], [ 5.482277943465872, 49.041257109199115 ], [ 5.483045244555376, 49.041506629317851 ], [ 5.484012427174278, 49.041700731881562 ], [ 5.485477189844313, 49.041769377716768 ], [ 5.486476279695943, 49.041686619327919 ], [ 5.488082612059332, 49.041311491441085 ], [ 5.49154156943372, 49.040818746349558 ], [ 5.495197206570734, 49.040205762398443 ], [ 5.49855172465679, 49.03982023767044 ], [ 5.498895554466235, 49.039856263883522 ], [ 5.499646471775226, 49.040247260541975 ], [ 5.500361486024588, 49.040460875879162 ], [ 5.502881903876885, 49.041280093671979 ], [ 5.504539363001392, 49.041541506935758 ], [ 5.50544569605545, 49.041607162687392 ], [ 5.508246047598358, 49.041533403414135 ], [ 5.510419920983137, 49.041295453279581 ], [ 5.51068970145591, 49.041243032130112 ], [ 5.513634147652636, 49.041291181002514 ], [ 5.514672744674794, 49.04148804207059 ], [ 5.518802890855456, 49.042817479412754 ], [ 5.519786828051508, 49.043240349333693 ], [ 5.521661360898002, 49.043684994671281 ], [ 5.527816332384972, 49.043814670798191 ], [ 5.528297541664784, 49.043832427891047 ], [ 5.528841831812524, 49.043796676290462 ], [ 5.529700553541494, 49.043754298318213 ], [ 5.530825471252109, 49.043670318818045 ], [ 5.531340566761874, 49.043625275254485 ], [ 5.531594327718089, 49.043581241432257 ], [ 5.531981719933264, 49.043499303849373 ], [ 5.53223376179466, 49.043448107879321 ], [ 5.532704734250943, 49.043312226883806 ], [ 5.533064217876641, 49.04319129075958 ], [ 5.533366677475818, 49.043079653289588 ], [ 5.533764662153756, 49.04293451232563 ], [ 5.534069238469814, 49.042810233531959 ], [ 5.534538099681432, 49.042603318931235 ], [ 5.534932822593915, 49.042419558687527 ], [ 5.5354483322829, 49.042215253983699 ], [ 5.535609755334785, 49.042102090450875 ], [ 5.535727212600542, 49.041985357025986 ], [ 5.535862375489159, 49.041754896159944 ], [ 5.536072800949941, 49.041356413820111 ], [ 5.536164375258202, 49.041214137231833 ], [ 5.536178446257557, 49.04119404814476 ], [ 5.53626086851193, 49.041172515269629 ], [ 5.536691755303523, 49.041113033413183 ], [ 5.537065440926411, 49.041087145380118 ], [ 5.538566730249526, 49.041117488218426 ], [ 5.539402284886229, 49.041134005550603 ], [ 5.539911517518896, 49.041165517146801 ], [ 5.540322193083764, 49.041196412927611 ], [ 5.541007063220388, 49.041265586868882 ], [ 5.541354945070364, 49.041299607286739 ], [ 5.541688538387834, 49.041349222924275 ], [ 5.541955324057602, 49.041403850558282 ], [ 5.542103973420391, 49.041449283613822 ], [ 5.542234279291351, 49.041483409653885 ], [ 5.542653817547341, 49.041583381596425 ], [ 5.542787740808414, 49.041607534484477 ], [ 5.543218617122894, 49.041659583841167 ], [ 5.543672513639875, 49.041706645826139 ], [ 5.544114019533609, 49.04175216938485 ], [ 5.544944248778353, 49.041827237404846 ], [ 5.545268853789531, 49.041832951696527 ], [ 5.545414288765103, 49.041840664262175 ], [ 5.545546670996808, 49.041833359608859 ], [ 5.545647434987164, 49.041823126625907 ], [ 5.54575027168325, 49.041799355108949 ], [ 5.545863206852627, 49.041758276344687 ], [ 5.545952108606137, 49.041701513666112 ], [ 5.546032587645252, 49.041612542698786 ], [ 5.54755598574539, 49.04145158229263 ], [ 5.54935044028509, 49.041265055500972 ], [ 5.550306437476426, 49.041365304775816 ], [ 5.5524944054839, 49.041556315707027 ], [ 5.553194182696927, 49.041482961113282 ], [ 5.555374333837128, 49.041014651853857 ], [ 5.556378140142153, 49.040890725206005 ], [ 5.558833309120735, 49.03839680322659 ], [ 5.559722275224857, 49.037582570215335 ], [ 5.562798821764626, 49.036040621485775 ], [ 5.562984254592606, 49.035833343206036 ], [ 5.569093798609393, 49.030692610440774 ], [ 5.570352155138212, 49.029607681599721 ], [ 5.570738365498678, 49.029145985923769 ], [ 5.570818960648246, 49.029060592085322 ], [ 5.570902066337336, 49.028970646141858 ], [ 5.570938272643812, 49.028900597343743 ], [ 5.570947514585252, 49.028866212552465 ], [ 5.571333394152246, 49.028563760325184 ], [ 5.573354340162777, 49.02647103596351 ], [ 5.57612327851274, 49.025257379289407 ], [ 5.577776433453253, 49.024690188145804 ], [ 5.579532820792652, 49.024026290163285 ], [ 5.580460587165155, 49.023756241584451 ], [ 5.581141925027949, 49.023620136985073 ], [ 5.581634160254494, 49.023505189602709 ], [ 5.581947135026332, 49.023361708635164 ], [ 5.581362558158707, 49.022967634972218 ], [ 5.580372625633381, 49.022454521814595 ], [ 5.578595559557566, 49.021378931451842 ], [ 5.576521150406977, 49.019905750033175 ], [ 5.575770443503328, 49.019221925537188 ], [ 5.575379789963627, 49.017992370921448 ], [ 5.575282595601787, 49.017908088780388 ], [ 5.574803654018036, 49.017518014343203 ], [ 5.574190799893662, 49.017020151654805 ], [ 5.574023092804191, 49.016865407739971 ], [ 5.573326448446795, 49.016166913052267 ], [ 5.573020376923227, 49.015897278391819 ], [ 5.572619351647792, 49.015505524642705 ], [ 5.572439075995708, 49.015317760288845 ], [ 5.571783281376249, 49.014697551492674 ], [ 5.571503631362865, 49.014436343370122 ], [ 5.571207708759266, 49.014150292586635 ], [ 5.571485591035851, 49.014044475262743 ], [ 5.576184392487529, 49.012568099816477 ], [ 5.576539414835658, 49.012666638562891 ], [ 5.577944726819922, 49.012873069637131 ], [ 5.578958701212708, 49.013048309979887 ], [ 5.579949956715277, 49.013316696405127 ], [ 5.580875202112958, 49.013522617877747 ], [ 5.581450727435421, 49.013599306004053 ], [ 5.582492997934241, 49.013737921377469 ], [ 5.583144095564979, 49.013848961947595 ], [ 5.583819301526333, 49.013894703594865 ], [ 5.583827543933879, 49.013895425794303 ], [ 5.584030603271588, 49.013908147185994 ], [ 5.58397354107907, 49.013805913666943 ], [ 5.584080721722894, 49.013128851667012 ], [ 5.584294089025934, 49.012716705120354 ], [ 5.584583043408132, 49.012311926674954 ], [ 5.585163745568732, 49.01177850668418 ], [ 5.585623438465849, 49.011451916994687 ], [ 5.586280752756887, 49.011193939753262 ], [ 5.586906767570664, 49.011158853254841 ], [ 5.587482745568032, 49.011272389186018 ], [ 5.588580105928974, 49.011556410523859 ], [ 5.58971983121173, 49.011839507714328 ], [ 5.590606412779045, 49.012119962563759 ], [ 5.591234353905718, 49.012315129126101 ], [ 5.591757617160985, 49.012550339765973 ], [ 5.592431709344542, 49.013039597018668 ], [ 5.593076718695482, 49.013521381906621 ], [ 5.593453413134925, 49.013806535532652 ], [ 5.593906623396264, 49.014090034078265 ], [ 5.594999200592452, 49.014577428022193 ], [ 5.595788131254035, 49.014845562294013 ], [ 5.595909335795123, 49.014889723577582 ], [ 5.596432709121296, 49.015098821317842 ], [ 5.597170644055528, 49.015440923739575 ], [ 5.597780009178544, 49.015728225749477 ], [ 5.598057427891131, 49.015777999966517 ], [ 5.599149660745717, 49.015983766012866 ], [ 5.599915651382513, 49.016148008193824 ], [ 5.601358970268911, 49.016481099099302 ], [ 5.601310812229906, 49.01595673212443 ], [ 5.601261419525258, 49.013223682774608 ], [ 5.601225690473463, 49.013029226986959 ], [ 5.601169407465365, 49.012861307392896 ], [ 5.602109939234471, 49.012333496806477 ], [ 5.606647022832343, 49.010243128378328 ], [ 5.607988210931173, 49.009661579536704 ], [ 5.60884323631204, 49.009230936905119 ], [ 5.609119717982953, 49.008963116854716 ], [ 5.609422006326453, 49.008501302384424 ], [ 5.609559068875113, 49.008071870366365 ], [ 5.609609161474578, 49.007626335808823 ], [ 5.609678616053179, 49.007266749849578 ], [ 5.609892467846951, 49.006895925670463 ], [ 5.610255861688682, 49.006507452675784 ], [ 5.610616047466582, 49.006272894807019 ], [ 5.611130444980962, 49.005950409032522 ], [ 5.611869058660766, 49.005599648120445 ], [ 5.612575329617045, 49.005258583499376 ], [ 5.613078471126864, 49.004767191910311 ], [ 5.613356301781425, 49.004282505114482 ], [ 5.613857623922947, 49.003048903328512 ], [ 5.613841548058518, 49.002783844362213 ], [ 5.613798243801704, 49.002657031498288 ], [ 5.614417285044672, 49.00297463000593 ], [ 5.61514542775808, 49.003150394972636 ], [ 5.615805177688737, 49.003352838176987 ], [ 5.617123008248482, 49.00358860808867 ], [ 5.617750217344549, 49.003606413873861 ], [ 5.618158286031269, 49.003590311960188 ], [ 5.618638628907439, 49.003515950493352 ], [ 5.618959169017751, 49.003364103106122 ], [ 5.61904077798317, 49.00330114243534 ], [ 5.619760965783661, 49.003508542730223 ], [ 5.620481250032523, 49.003717736069859 ], [ 5.623064242136619, 49.004282080480422 ], [ 5.62469702843738, 49.004606249630733 ], [ 5.625578455649987, 49.00472911563444 ], [ 5.626939946089825, 49.004907142915791 ], [ 5.627944640786606, 49.005087572334496 ], [ 5.62906727161034, 49.005382369694168 ], [ 5.629723190223024, 49.005507447867366 ], [ 5.630195655284483, 49.005520483509798 ], [ 5.63051485131531, 49.005558470479563 ], [ 5.633881955619191, 49.005777901910243 ], [ 5.634057745915569, 49.00544205430765 ], [ 5.63642547227962, 49.007067985911682 ], [ 5.637197307121798, 49.007481978713642 ], [ 5.643696007131148, 49.01051399967708 ], [ 5.643973645048717, 49.010648235077717 ], [ 5.644153312124947, 49.010711753324244 ], [ 5.644666478544427, 49.0110126389377 ], [ 5.645283921928825, 49.011427284538811 ], [ 5.645686845276246, 49.011711702522469 ], [ 5.645998543075984, 49.011950446892591 ], [ 5.646246123945566, 49.012192403838306 ], [ 5.646354451870259, 49.012305176008233 ], [ 5.646478929729099, 49.012359111622054 ], [ 5.646677678768863, 49.012394314740945 ], [ 5.647507715230236, 49.012444381190214 ], [ 5.648231335563768, 49.012526480518261 ], [ 5.648484102023168, 49.012574883695919 ], [ 5.648741315992837, 49.01271045880204 ], [ 5.648904702411731, 49.012803119775832 ], [ 5.64987122174142, 49.012820467128257 ], [ 5.650858719114175, 49.012793258092053 ], [ 5.651891254544285, 49.012764145889548 ], [ 5.652301393470879, 49.012760479412798 ], [ 5.652622108186698, 49.012800174497563 ], [ 5.652829519523002, 49.012844173043888 ], [ 5.654411124878383, 49.013388603340168 ], [ 5.656121616731833, 49.013965248737613 ], [ 5.657008679181641, 49.014327083186394 ], [ 5.657537292883021, 49.014606880076457 ], [ 5.657854840024601, 49.014744698783396 ], [ 5.658690050366125, 49.01484135863015 ], [ 5.663639955260694, 49.015663678586009 ], [ 5.666104381926702, 49.017466833322032 ], [ 5.666223008793319, 49.01791224821558 ], [ 5.666315980998427, 49.01847069520754 ], [ 5.666467294044742, 49.018886592966673 ], [ 5.666631516238801, 49.019127662093261 ], [ 5.666936125289557, 49.01925224933818 ], [ 5.668330035315505, 49.019704403625717 ], [ 5.6690591949824, 49.020077759045272 ], [ 5.669771494067195, 49.020548652649666 ], [ 5.670461804691265, 49.021017332274383 ], [ 5.671156566957538, 49.021572279945538 ], [ 5.671524372493335, 49.021807911543192 ], [ 5.67190376048989, 49.022055879954145 ], [ 5.672689009571726, 49.022321800736506 ], [ 5.673169442397133, 49.022353386883864 ], [ 5.674190321764992, 49.022280261477235 ], [ 5.675205154280278, 49.022116392485948 ], [ 5.67536306002486, 49.022048094316062 ], [ 5.676225703520626, 49.022196205884548 ], [ 5.676863049386879, 49.022325944331534 ], [ 5.677140256086459, 49.022422327050151 ], [ 5.677794264858679, 49.022689343026926 ], [ 5.678874069122855, 49.022697635531145 ], [ 5.680176573297644, 49.023389216171154 ], [ 5.680966165741045, 49.02384392389925 ], [ 5.681661814763322, 49.024360105733514 ], [ 5.682125084284825, 49.024747421427051 ], [ 5.68226874676759, 49.024694727504432 ], [ 5.683139967646007, 49.024292881933462 ], [ 5.683970068545348, 49.023916241057464 ], [ 5.683974075073861, 49.023914352060267 ], [ 5.684047047889141, 49.023870434246497 ], [ 5.684194246367516, 49.02393911846557 ], [ 5.684262085888763, 49.024086951661978 ], [ 5.684276317244992, 49.024150512155792 ], [ 5.684264129325601, 49.024258748848474 ], [ 5.684252006674718, 49.024341792444964 ], [ 5.684294301603909, 49.02449829417332 ], [ 5.684447597680032, 49.025002296771497 ], [ 5.684584647397019, 49.025430187876495 ], [ 5.684707550723641, 49.02574323355271 ], [ 5.682004448012807, 49.026543216949413 ], [ 5.681635316312954, 49.026760194400936 ], [ 5.681655096383543, 49.026957685969016 ], [ 5.68184253231861, 49.027407845427412 ], [ 5.682062922075604, 49.027966131465206 ], [ 5.682250066366168, 49.028251652048269 ], [ 5.682377247112975, 49.028382864814361 ], [ 5.682590257220405, 49.028242250287157 ], [ 5.683181604706707, 49.027930333460198 ], [ 5.684083379853544, 49.028541759513196 ], [ 5.682643130823721, 49.029741761898599 ], [ 5.683509675179274, 49.030041784762986 ], [ 5.684476960271762, 49.030702125962918 ], [ 5.68427187637919, 49.030757994795067 ], [ 5.684016677716728, 49.031035409111517 ], [ 5.685027192008797, 49.031710973741951 ], [ 5.68344372550076, 49.032497625860863 ], [ 5.683932007239153, 49.032890672224958 ], [ 5.685143655201124, 49.033829846984673 ], [ 5.689547724986787, 49.030623707317432 ], [ 5.689452526611713, 49.030555663863439 ], [ 5.688978137916846, 49.030219908053958 ], [ 5.693336259842916, 49.027061420065316 ], [ 5.693662494137479, 49.027310514361297 ], [ 5.694032760637054, 49.027617100129099 ], [ 5.694333406655806, 49.028058403381216 ], [ 5.69460816631525, 49.028449003957284 ], [ 5.694941420585303, 49.028912066064038 ], [ 5.695367931473563, 49.02948459604827 ], [ 5.695544467858528, 49.029748742641971 ], [ 5.695558554230542, 49.029756523621273 ], [ 5.695627492636753, 49.029766671613366 ], [ 5.695710250522088, 49.029753117000475 ], [ 5.69690340217759, 49.029359237755308 ], [ 5.697699223850331, 49.029086739272707 ], [ 5.697831003403082, 49.029042391243742 ], [ 5.697910372375909, 49.029016315404149 ], [ 5.698110867732484, 49.028951528821224 ], [ 5.697204663744199, 49.028073992055923 ], [ 5.698868727731895, 49.027001928459512 ], [ 5.699497293953559, 49.026776362882558 ], [ 5.699029731440184, 49.026493573943405 ], [ 5.69900433924835, 49.026478849945526 ], [ 5.699028959907675, 49.026426113436095 ], [ 5.698994164052525, 49.026256851658815 ], [ 5.698872878494081, 49.025923988910982 ], [ 5.698765890717301, 49.025655583273831 ], [ 5.698703953112915, 49.02559579595048 ], [ 5.701394589879756, 49.022879331700658 ], [ 5.701777866972742, 49.022962474590294 ], [ 5.701968261441107, 49.022993277085327 ], [ 5.702294170943661, 49.022894169205316 ], [ 5.704507025136555, 49.021253636780457 ], [ 5.705010745724196, 49.020839213673376 ], [ 5.705306429253111, 49.021052978296666 ], [ 5.706136097434304, 49.021564203838153 ], [ 5.706807908414445, 49.022012405446283 ], [ 5.707698364924002, 49.02261312026927 ], [ 5.708358748871348, 49.023077765964274 ], [ 5.708442979805815, 49.023145142951194 ], [ 5.708559804119043, 49.022893286494934 ], [ 5.708870236384041, 49.022261880257929 ], [ 5.709159583137474, 49.021698427101434 ], [ 5.709295711752885, 49.021475824195178 ], [ 5.709586548457205, 49.021150759835344 ], [ 5.709821388443232, 49.020906133773963 ], [ 5.710286681135666, 49.020411580745481 ], [ 5.710339371443696, 49.020346511092704 ], [ 5.710397245603895, 49.020275926049486 ], [ 5.710411536423155, 49.020209024425704 ], [ 5.710396752336968, 49.020161673442168 ], [ 5.710429984630027, 49.020090745167415 ], [ 5.710600180065188, 49.019813387931592 ], [ 5.707674569266863, 49.018275239638093 ], [ 5.707885064891854, 49.018140931150988 ], [ 5.708851106969105, 49.017333677072521 ], [ 5.708686333441361, 49.017216834346613 ], [ 5.709014675079636, 49.016798252211196 ], [ 5.709250911252783, 49.016554494067492 ], [ 5.711455718387515, 49.017859671818769 ], [ 5.712205286085145, 49.018199021585453 ], [ 5.712351242760079, 49.018217316042957 ], [ 5.712751896880079, 49.017978832082584 ], [ 5.713249952124205, 49.017902792867623 ], [ 5.713332208349263, 49.01793242321591 ], [ 5.713407308519125, 49.017929825474539 ], [ 5.713480431751414, 49.017915576056261 ], [ 5.713532026908912, 49.01788201958513 ], [ 5.713606242710786, 49.017810163440771 ], [ 5.714001406944182, 49.017362164787912 ], [ 5.714492139510102, 49.016701468513958 ], [ 5.715026344960932, 49.016035287379232 ], [ 5.71506432164958, 49.016002937959243 ], [ 5.715316977570429, 49.015681419520739 ], [ 5.717189493866587, 49.016176168111045 ], [ 5.718267019900496, 49.016613321913496 ], [ 5.718365294102157, 49.016661480170342 ], [ 5.718786091830962, 49.016912866395231 ], [ 5.719829667871616, 49.017615293520372 ], [ 5.720047560873954, 49.017857778091674 ], [ 5.720142019414138, 49.018015787289535 ], [ 5.720258477787879, 49.018280364418231 ], [ 5.720320853106761, 49.018426504601081 ], [ 5.72038666917173, 49.018533878787927 ], [ 5.720632599939786, 49.018867498076432 ], [ 5.720808900959311, 49.019020952108541 ], [ 5.721429213722492, 49.019554816266201 ], [ 5.722449983691244, 49.020524954596127 ], [ 5.722746822264943, 49.020811528944499 ], [ 5.722787861880234, 49.020863681285491 ], [ 5.722794364888631, 49.020909419410131 ], [ 5.723419970193228, 49.020578523288663 ], [ 5.724315846569652, 49.019715152356866 ], [ 5.725654586288897, 49.018402651506747 ], [ 5.725856509808353, 49.018288299067983 ], [ 5.726911906031959, 49.018640406078397 ], [ 5.727933208615496, 49.019020270682269 ], [ 5.729254528681096, 49.017898863805684 ], [ 5.730072409153011, 49.018078199603707 ], [ 5.731159557534204, 49.018279293598525 ], [ 5.731701823343858, 49.018419904483096 ], [ 5.732257008776577, 49.018130150396274 ], [ 5.733131181354158, 49.018417050727294 ], [ 5.733614004463056, 49.018597695060073 ], [ 5.735477708505375, 49.018919616817186 ], [ 5.735472182082897, 49.018866658979718 ], [ 5.735462786584347, 49.018792195916518 ], [ 5.735451456574984, 49.018706980234747 ], [ 5.735460398354304, 49.018668987936472 ], [ 5.735468352617847, 49.018638215951455 ], [ 5.735486337712457, 49.018590120529822 ], [ 5.735513650212611, 49.018537313860023 ], [ 5.735550905672167, 49.01849147833962 ], [ 5.735588587249059, 49.018453730624437 ], [ 5.735875773371662, 49.018192561311714 ], [ 5.73599767028664, 49.018065620038527 ], [ 5.736225234164732, 49.018074827272422 ], [ 5.736529971335556, 49.018250523174387 ], [ 5.736604280403653, 49.018284817733964 ], [ 5.73707164314258, 49.01840551930335 ], [ 5.737814364894555, 49.018741270212423 ], [ 5.738269810924989, 49.018998997529721 ], [ 5.738314813155149, 49.019022263309964 ], [ 5.738759372349313, 49.019255044881746 ], [ 5.739036203302074, 49.019342298501577 ], [ 5.739248740145213, 49.01948140372982 ], [ 5.73938400117014, 49.019737437514628 ], [ 5.73964259396558, 49.020075229991292 ], [ 5.739942096995681, 49.020306819934191 ], [ 5.740208971900015, 49.020464476873173 ], [ 5.740829207060528, 49.020966756358824 ], [ 5.741156123563266, 49.021147332606773 ], [ 5.741479407864545, 49.021310896164898 ], [ 5.741702985331102, 49.021451544372084 ], [ 5.741908031352766, 49.021552127889997 ], [ 5.742225047950973, 49.021700537344543 ], [ 5.742463496256418, 49.02178596110992 ], [ 5.742656886199066, 49.021717661265676 ], [ 5.743032237215504, 49.021520140425999 ], [ 5.743295052040552, 49.021393569943669 ], [ 5.743510228417999, 49.021375155332429 ], [ 5.743903755111827, 49.021495719355762 ], [ 5.744286056154816, 49.021585048371485 ], [ 5.744635519157149, 49.021570758862765 ], [ 5.745020638148346, 49.021635728502616 ], [ 5.745636512571947, 49.021847471926279 ], [ 5.746039636961362, 49.022019993688779 ], [ 5.746258692123269, 49.022230016119799 ], [ 5.746438265789171, 49.02244364082366 ], [ 5.746781540834551, 49.022777681087305 ], [ 5.747129468201398, 49.023173695005156 ], [ 5.747639111965063, 49.023471534502896 ], [ 5.748071759644414, 49.023658669077498 ], [ 5.748172569816386, 49.02370224684757 ], [ 5.749364872457528, 49.024051025733158 ], [ 5.750396667565992, 49.024339590714057 ], [ 5.751019461220642, 49.024525956304259 ], [ 5.751788107667894, 49.024650492543863 ], [ 5.752263525228107, 49.024689076511599 ], [ 5.752499828537868, 49.024681858071617 ], [ 5.752752005147116, 49.024664378103473 ], [ 5.753182663515672, 49.024787659673848 ], [ 5.753201745849805, 49.024941075336002 ], [ 5.753250811467046, 49.025040719270891 ], [ 5.753354409286963, 49.025085128574283 ], [ 5.75362665564892, 49.025059088860125 ], [ 5.754513200048768, 49.025239385283712 ], [ 5.755219565574027, 49.025427410441807 ], [ 5.756025642141046, 49.025612242248414 ], [ 5.756871692020248, 49.025879825302354 ], [ 5.757640915731625, 49.026040300565214 ], [ 5.758325450442488, 49.026177524875081 ], [ 5.759047667403538, 49.02635436692848 ], [ 5.759545839195654, 49.026485971201041 ], [ 5.759922145276017, 49.02653850042136 ], [ 5.760224564929479, 49.026590928197002 ], [ 5.759856228366921, 49.026997078174446 ], [ 5.758882877411049, 49.029972357690028 ], [ 5.759267579952814, 49.030002203231255 ], [ 5.759517591452664, 49.030020748475927 ], [ 5.760040493488365, 49.030024921217837 ], [ 5.760145578457631, 49.03001980570091 ], [ 5.760552707860887, 49.031114406388561 ], [ 5.759791781143869, 49.03190926519887 ], [ 5.758899172982589, 49.033187596502366 ], [ 5.762907921186295, 49.034025711904604 ], [ 5.763703098481901, 49.034054193291801 ], [ 5.765720103686068, 49.034157094329935 ], [ 5.766639102591427, 49.034197998869345 ], [ 5.767336362884477, 49.034186425857385 ], [ 5.767968211189321, 49.034231240312316 ], [ 5.767933743734287, 49.034636911340769 ], [ 5.769152326892488, 49.034855332551679 ], [ 5.769557764363138, 49.034990835240563 ], [ 5.77088642304839, 49.037065531000465 ], [ 5.770226343112967, 49.037312893086764 ], [ 5.769101521784438, 49.037698732484294 ], [ 5.76836080940284, 49.037871467198805 ], [ 5.767639882580075, 49.037825108647176 ], [ 5.766545625571518, 49.037835034768499 ], [ 5.766192923229127, 49.037764886262508 ], [ 5.764660457932693, 49.039002213011585 ], [ 5.763704507963953, 49.039708009413573 ], [ 5.763920699299041, 49.039810099095583 ], [ 5.764542489231899, 49.040152971364712 ], [ 5.765400195821643, 49.040608269894214 ], [ 5.765926566076883, 49.040906547603022 ], [ 5.766623967365993, 49.041280957009079 ], [ 5.767305192601887, 49.041634142057049 ], [ 5.767808179784212, 49.04190415967178 ], [ 5.768135417849903, 49.042086456060588 ], [ 5.768687406740275, 49.042376933554934 ], [ 5.769103021157791, 49.042599476147402 ], [ 5.769422186492866, 49.042758562617813 ], [ 5.770029923215605, 49.043118825959802 ], [ 5.770437994902874, 49.043328042284749 ], [ 5.770849283651466, 49.043546180199407 ], [ 5.771274101440633, 49.043761305322249 ], [ 5.771419505686223, 49.043844322130269 ], [ 5.771714656473563, 49.044014753582566 ], [ 5.771984362420572, 49.044144384723907 ], [ 5.77217569501207, 49.044241635507312 ], [ 5.772338804887475, 49.044399818771581 ], [ 5.772498029407903, 49.044536498292786 ], [ 5.773028115009415, 49.045030798364039 ], [ 5.773390250013279, 49.045378722631732 ], [ 5.773889771858497, 49.045838635854821 ], [ 5.774137341438339, 49.046065943163555 ], [ 5.774680818759673, 49.0465797203208 ], [ 5.775562984715436, 49.04738617215898 ], [ 5.775944868911503, 49.047744428810354 ], [ 5.776258473757744, 49.048079970568004 ], [ 5.7772942115798, 49.049043908202535 ], [ 5.777316545915236, 49.049077580853051 ], [ 5.778495897387048, 49.050192037873849 ], [ 5.778599576018689, 49.050287707909398 ], [ 5.778868156292342, 49.050548708489529 ], [ 5.779110301595608, 49.050776131066641 ], [ 5.779215850309588, 49.050855562413055 ], [ 5.779445414706684, 49.051001401387431 ], [ 5.778375651099146, 49.051806209582047 ], [ 5.777795280962166, 49.052139034275257 ], [ 5.777537354168035, 49.052230472997167 ], [ 5.777007614763344, 49.051949417690707 ], [ 5.776494238944824, 49.051667082053655 ], [ 5.775744689858334, 49.051217458553737 ], [ 5.775445014041921, 49.050963468134086 ], [ 5.775077913292354, 49.050651654024456 ], [ 5.77465912786014, 49.050320339621081 ], [ 5.774155009798345, 49.049980198596394 ], [ 5.7735362792757, 49.049672393332678 ], [ 5.772600501297942, 49.048861767820846 ], [ 5.771622855563553, 49.048112382346019 ], [ 5.77118351074195, 49.047779731119711 ], [ 5.7710439217248, 49.047626402131925 ], [ 5.770566181439301, 49.047010324742992 ], [ 5.770343900537538, 49.046743739322359 ], [ 5.769888531170678, 49.046443842853954 ], [ 5.769807036839976, 49.046404335838311 ], [ 5.76971201628125, 49.046367839921828 ], [ 5.769468445760307, 49.046317675692826 ], [ 5.768303314070743, 49.046080027233522 ], [ 5.767087401414875, 49.045762563583274 ], [ 5.766374647726773, 49.045589147153073 ], [ 5.766211593746586, 49.045534422225522 ], [ 5.765320270959085, 49.04658152682714 ], [ 5.764267998035614, 49.047716901182241 ], [ 5.763597803675279, 49.048548366017947 ], [ 5.763567509437761, 49.048570656295951 ], [ 5.763533353233365, 49.048597534000884 ], [ 5.763404110943108, 49.048740863251716 ], [ 5.76280288713935, 49.049428580811096 ], [ 5.76225415923804, 49.050048508508851 ], [ 5.761045572626323, 49.05138717829265 ], [ 5.760769334289097, 49.051675137723763 ], [ 5.760454516063604, 49.052009868264058 ], [ 5.760121652740016, 49.052365705777483 ], [ 5.759939826558771, 49.052575917478819 ], [ 5.759797934584168, 49.052533293395911 ], [ 5.758505948552887, 49.054313803602703 ], [ 5.757498946948832, 49.054194776629188 ], [ 5.755003991489638, 49.053921847083522 ], [ 5.754624610607441, 49.054382200494636 ], [ 5.753532484855628, 49.055367227568411 ], [ 5.753007050659448, 49.05588760437319 ], [ 5.752495852440846, 49.056341074312243 ], [ 5.749178114682072, 49.058729289178522 ], [ 5.748598349680118, 49.05928507527917 ], [ 5.747750502273118, 49.059820000486134 ], [ 5.746794545248832, 49.059632237648316 ], [ 5.745952981937162, 49.059639784858064 ], [ 5.745127766058399, 49.059930356173616 ], [ 5.745270854902954, 49.060098927258032 ], [ 5.745528188767045, 49.06035665549097 ], [ 5.745634407481591, 49.060526968617545 ], [ 5.745669901165464, 49.060602631202805 ], [ 5.745666395264143, 49.060976084119197 ], [ 5.745626609642514, 49.061103850334312 ], [ 5.745584290859883, 49.061157899591414 ], [ 5.745528820882863, 49.061222146066427 ], [ 5.745459723992651, 49.06128760368204 ], [ 5.745389639992868, 49.061360281354858 ], [ 5.745317058727857, 49.061437514519426 ], [ 5.74526347872648, 49.061511614261221 ], [ 5.745221028347399, 49.06158905836736 ], [ 5.74511547224642, 49.06184518412163 ], [ 5.745073401834426, 49.061929816993043 ], [ 5.74505682561403, 49.061978779204999 ], [ 5.745037668827895, 49.06205659053434 ], [ 5.745018345141069, 49.062182989034724 ], [ 5.745013421015454, 49.06234864487557 ], [ 5.745011945949163, 49.062424252695486 ], [ 5.745000933665332, 49.062578351640028 ], [ 5.744998340571083, 49.062684574504992 ], [ 5.744999231645287, 49.062779021745982 ], [ 5.744994605261375, 49.062872695378097 ], [ 5.745012037057646, 49.062943372621532 ], [ 5.745037864011817, 49.063017456766296 ], [ 5.745064963404431, 49.063089712439776 ], [ 5.745220011228441, 49.063302994514181 ], [ 5.745222984010251, 49.063307425027268 ], [ 5.745712629265339, 49.063582335077328 ], [ 5.746369557364472, 49.06399107124696 ], [ 5.747093028100949, 49.064389285189918 ], [ 5.747988810002867, 49.064860926427734 ], [ 5.748383240859461, 49.06506962753614 ], [ 5.748616244368542, 49.065255030570405 ], [ 5.748732219410689, 49.065376534074133 ], [ 5.748990481342816, 49.06570260981141 ], [ 5.749414385654956, 49.066157148258426 ], [ 5.750085426947867, 49.066908323376602 ], [ 5.75067384933701, 49.067547125932421 ], [ 5.751120442636249, 49.068041624716351 ], [ 5.75143330942222, 49.068389836377897 ], [ 5.751735954584079, 49.068751776679832 ], [ 5.752125367822952, 49.069174706609907 ], [ 5.752301755897311, 49.069427976461746 ], [ 5.752471482768415, 49.069658906445127 ], [ 5.752633146047585, 49.070047466372927 ], [ 5.752697296494842, 49.070224134692516 ], [ 5.752779894870081, 49.07041297586526 ], [ 5.752904144212048, 49.070612558460262 ], [ 5.753042087559932, 49.070760544896572 ], [ 5.753251532864022, 49.070914090001502 ], [ 5.753922673478053, 49.071484403488675 ], [ 5.754385201261094, 49.071865163882919 ], [ 5.754918842733169, 49.072295573961092 ], [ 5.755351469129941, 49.072654524168968 ], [ 5.755457742185572, 49.072747453584064 ], [ 5.755481583526072, 49.072783793927499 ], [ 5.755757534985019, 49.07320931409749 ], [ 5.756092751448471, 49.073667662087189 ], [ 5.756319451332622, 49.073990846759116 ], [ 5.75645787361813, 49.074121724196004 ], [ 5.756902489018334, 49.07452537800976 ], [ 5.757292871868912, 49.074861898707809 ], [ 5.757660801637642, 49.075188137281579 ], [ 5.757848059198594, 49.07533588591086 ], [ 5.758480651426933, 49.075668642164473 ], [ 5.759082203607691, 49.075984114275826 ], [ 5.759718905679627, 49.07623939683215 ], [ 5.760382569864813, 49.076589423315106 ], [ 5.760929650368804, 49.076884545420107 ], [ 5.761034028167526, 49.076941526085349 ], [ 5.761636144833227, 49.077215587218404 ], [ 5.762423406448448, 49.077494385648201 ], [ 5.762874435905257, 49.07768284548775 ], [ 5.763466756406868, 49.077952624509756 ], [ 5.764368302121515, 49.078370932240617 ], [ 5.764688779756081, 49.078499411022534 ], [ 5.765478267802715, 49.078690869182196 ], [ 5.76577833508144, 49.078719050092189 ], [ 5.765895755388372, 49.078737939612999 ], [ 5.766004463447752, 49.078773223928785 ], [ 5.766918720887462, 49.079069762768391 ], [ 5.767703400926061, 49.079299104131501 ], [ 5.767838556304494, 49.079367965689009 ], [ 5.768356070969814, 49.079646641875797 ], [ 5.769260757337526, 49.080071139251821 ], [ 5.769620087292086, 49.080208606298662 ], [ 5.770870158039554, 49.080560352787764 ], [ 5.771200480951423, 49.080693086013191 ], [ 5.771370540274822, 49.080799825207805 ], [ 5.771707330202019, 49.081130338870189 ], [ 5.771835107002954, 49.08126594301239 ], [ 5.771967658433286, 49.081362750373735 ], [ 5.772046306558237, 49.081424813704153 ], [ 5.772124954871399, 49.081486876979369 ], [ 5.772616679092861, 49.081973957674897 ], [ 5.772959696225635, 49.082241346132776 ], [ 5.773108690149651, 49.08231258160933 ], [ 5.773425708755583, 49.082426722524112 ], [ 5.773609720459572, 49.082512443806145 ], [ 5.773684146097888, 49.082546713291919 ], [ 5.773766539335598, 49.082576300384069 ], [ 5.773858748895333, 49.082610159246165 ], [ 5.774450584179753, 49.082894291636798 ], [ 5.775314737370572, 49.083250404636466 ], [ 5.775809570668838, 49.083462096928052 ], [ 5.77647146963106, 49.083647435049677 ], [ 5.77689164205352, 49.083155494183778 ], [ 5.77755508619997, 49.082321445401845 ], [ 5.779116827687565, 49.080487756903608 ], [ 5.779524313998628, 49.080552105962099 ], [ 5.781718915949718, 49.081020440604512 ], [ 5.782294510638543, 49.081231136771919 ], [ 5.782984767511379, 49.08038833579279 ], [ 5.783231632803385, 49.080445596184106 ], [ 5.783983884700787, 49.080579317266668 ], [ 5.784523980063651, 49.079516861486866 ], [ 5.784812844916808, 49.079591139145435 ], [ 5.785478315553202, 49.07974125717255 ], [ 5.7859899735621, 49.079858050675028 ], [ 5.786662477948851, 49.078762823243302 ], [ 5.786917776272888, 49.078289060774573 ], [ 5.787581648258588, 49.077670864544167 ], [ 5.787494843611691, 49.077100672015526 ], [ 5.787483743342366, 49.076715859621252 ], [ 5.788056277963094, 49.076691778748057 ], [ 5.790881286788096, 49.077372938875513 ], [ 5.79135988221064, 49.077359121729209 ], [ 5.791512138200896, 49.077287207333221 ], [ 5.792203803481385, 49.077491561168856 ], [ 5.79354302998184, 49.076217047208935 ], [ 5.794011615671761, 49.07606849705445 ], [ 5.795485639329074, 49.074882592412038 ], [ 5.795695349684215, 49.075089142415692 ], [ 5.795928556096617, 49.075299643766421 ], [ 5.796091556394838, 49.075427206707843 ], [ 5.796231122427082, 49.075526524417008 ], [ 5.796341685793307, 49.075595927177837 ], [ 5.796506174484715, 49.075674871081326 ], [ 5.79695405277617, 49.073289231963386 ], [ 5.797916059568381, 49.073961402367964 ], [ 5.798102239307251, 49.073782523933914 ], [ 5.798781207361378, 49.073295263865504 ], [ 5.799949830992857, 49.072847871543445 ], [ 5.800692102261116, 49.072696513619952 ], [ 5.802188973369904, 49.07244477932408 ], [ 5.802973587577196, 49.073229013201988 ], [ 5.804112824055593, 49.073099861448661 ], [ 5.804214970777306, 49.073241430192191 ], [ 5.803741948016933, 49.073382927713858 ], [ 5.80394459255134, 49.074471340286507 ], [ 5.804035277543637, 49.074730138162032 ], [ 5.8041243328087, 49.074882808829088 ], [ 5.804247526907032, 49.075058974609682 ], [ 5.804390113549115, 49.075239186113471 ], [ 5.804484364208731, 49.075335953545313 ], [ 5.804551711131302, 49.075391062828416 ], [ 5.80457894847541, 49.075464202763975 ], [ 5.804582787907433, 49.075712431481065 ], [ 5.804616718559526, 49.075782716033004 ], [ 5.804692307704914, 49.075888915950628 ], [ 5.804820657529787, 49.075983087664788 ], [ 5.804971073335905, 49.07613072631203 ], [ 5.805151033369442, 49.07631816164438 ], [ 5.805223853456432, 49.076373142757404 ], [ 5.805349670885017, 49.076445780151857 ], [ 5.805542212618237, 49.076536652830292 ], [ 5.806356533057084, 49.076956690255862 ], [ 5.806930730660326, 49.07668506189016 ], [ 5.807421481188391, 49.076440572219518 ], [ 5.807716373699471, 49.076271734303624 ], [ 5.80789860853575, 49.076146914992229 ], [ 5.808042641858536, 49.076024787638332 ], [ 5.808135380102452, 49.075916454887441 ], [ 5.808198362286069, 49.075840307243176 ], [ 5.80821961930301, 49.075802922466956 ], [ 5.808294527034314, 49.075694106612353 ], [ 5.808393723882487, 49.075528041468807 ], [ 5.808434480238778, 49.075446115246635 ], [ 5.808448221807155, 49.07537111843989 ], [ 5.808465502864612, 49.07518447533954 ], [ 5.808468209964831, 49.075082745267231 ], [ 5.808466998332221, 49.07503508916313 ], [ 5.808428380760637, 49.074928926847356 ], [ 5.808381567038804, 49.074772572545186 ], [ 5.808312966976179, 49.074618526880698 ], [ 5.808256082717977, 49.074503794400812 ], [ 5.808220276025996, 49.07427250704653 ], [ 5.808188814266762, 49.073817990728678 ], [ 5.807399205374534, 49.073575529793089 ], [ 5.80741692743993, 49.073396973652059 ], [ 5.807421587991674, 49.073305994311497 ], [ 5.807429865178396, 49.073205933373686 ], [ 5.807434925999948, 49.073071758702348 ], [ 5.807439906179988, 49.072860211039618 ], [ 5.807436409097777, 49.072770321989914 ], [ 5.807413655835778, 49.072729467144185 ], [ 5.807392124365664, 49.072685884618664 ], [ 5.807381989081208, 49.072574557688824 ], [ 5.807378362949287, 49.072406397033539 ], [ 5.807379120593843, 49.072293915816083 ], [ 5.807388419274949, 49.072212724783199 ], [ 5.807402021137904, 49.072109840183444 ], [ 5.807412893162561, 49.071981827527935 ], [ 5.807403190210151, 49.07190377963795 ], [ 5.807368680166257, 49.071797520776428 ], [ 5.807273820746891, 49.071588305940196 ], [ 5.807181740373993, 49.071405117622838 ], [ 5.80709883941009, 49.071239708905644 ], [ 5.806971644800031, 49.071040246419834 ], [ 5.806914275246649, 49.070941719171806 ], [ 5.806879146236935, 49.070773394633385 ], [ 5.806816748421561, 49.070455455709144 ], [ 5.806951608605457, 49.069809911836579 ], [ 5.807046467082805, 49.069361438985609 ], [ 5.807084891811793, 49.069211189138983 ], [ 5.80711193204086, 49.069078299789652 ], [ 5.807130323082045, 49.0689627070361 ], [ 5.807136849137255, 49.068830297016731 ], [ 5.807136671702794, 49.068751126585859 ], [ 5.807121590968417, 49.068700195456927 ], [ 5.807081905102268, 49.068599455462788 ], [ 5.807030208690317, 49.068479202455002 ], [ 5.806965760762876, 49.068376341896567 ], [ 5.806908145176456, 49.06829851357292 ], [ 5.806643848586134, 49.068146339733339 ], [ 5.806336441590188, 49.067931292952991 ], [ 5.805974103934352, 49.067662646125498 ], [ 5.805852950721052, 49.06757460519934 ], [ 5.805629713438348, 49.067320702396678 ], [ 5.805579395406082, 49.066795546115074 ], [ 5.806054929857511, 49.066701665028816 ], [ 5.806121755912232, 49.065659136048929 ], [ 5.805069763308189, 49.064891959405585 ], [ 5.805954258114832, 49.064005775547685 ], [ 5.80569495073601, 49.063920061909073 ], [ 5.806171511250065, 49.063516653494794 ], [ 5.807134414315746, 49.063624612559231 ], [ 5.807156073260071, 49.063518839645639 ], [ 5.807170053576657, 49.063245899019968 ], [ 5.807175542984518, 49.062942566409092 ], [ 5.80716734972736, 49.062892373785971 ], [ 5.807136304822976, 49.062824720899577 ], [ 5.807127273439157, 49.062809636793553 ], [ 5.807027685407809, 49.062639218668686 ], [ 5.806728104509675, 49.062087495555225 ], [ 5.80669500657521, 49.062032486537113 ], [ 5.806732777058059, 49.06194613082485 ], [ 5.806854449763322, 49.061639183150355 ], [ 5.806929509023055, 49.061432293508098 ], [ 5.807033240102392, 49.061198641872281 ], [ 5.807086353971237, 49.061066941474117 ], [ 5.807144688258727, 49.060955812531176 ], [ 5.810378926564907, 49.061594555683179 ], [ 5.811808359289271, 49.061848111013916 ], [ 5.813224523723379, 49.062538324188964 ], [ 5.814829229988582, 49.063321272460385 ], [ 5.814780288568325, 49.063403394083892 ], [ 5.816388470410359, 49.06404768389406 ], [ 5.816550624338001, 49.06378116369909 ], [ 5.818341444772601, 49.06456060167811 ], [ 5.821144981739081, 49.064951846239481 ], [ 5.821885920819844, 49.065055904064096 ], [ 5.82255448376312, 49.065163457554597 ], [ 5.823282242930406, 49.065276813796686 ], [ 5.823378798922511, 49.065289839534231 ], [ 5.823600872996265, 49.065319708578471 ], [ 5.823777894165986, 49.065100513915233 ], [ 5.824720793798503, 49.063934797443451 ], [ 5.823894124565368, 49.063010426332887 ], [ 5.824559853370455, 49.062412651819926 ], [ 5.827028310985662, 49.063490029571106 ], [ 5.828708920721042, 49.064354685178458 ], [ 5.829164752196803, 49.064478008379638 ], [ 5.829470644088923, 49.064563474682018 ], [ 5.829673579221276, 49.064618975641835 ], [ 5.830037249840393, 49.064709377444714 ], [ 5.830077494927711, 49.064719225919042 ], [ 5.830733896481501, 49.064127035139194 ], [ 5.831183193746574, 49.064281095411893 ], [ 5.831724169070049, 49.064459084791736 ], [ 5.832512728908768, 49.064707710268252 ], [ 5.832873382454719, 49.064817968709292 ], [ 5.832909476661805, 49.064827014419642 ], [ 5.836063005358745, 49.066057200411912 ], [ 5.837421979775223, 49.065118182758731 ], [ 5.833860036483625, 49.06250219199547 ], [ 5.834918874692116, 49.061759222268279 ], [ 5.834193369973019, 49.061260799681754 ], [ 5.834799010557187, 49.060893812997172 ], [ 5.833550381382703, 49.060142312214204 ], [ 5.834436288264463, 49.058365134410167 ], [ 5.836275131967015, 49.058669019208018 ], [ 5.836745278256873, 49.058053295400292 ], [ 5.836634213307599, 49.056422902999095 ], [ 5.836304606158436, 49.056278632768588 ], [ 5.837162199666858, 49.056364544496752 ], [ 5.836887612079378, 49.055624251579097 ], [ 5.836686253603612, 49.055672195205311 ], [ 5.836314228363447, 49.054977389534244 ], [ 5.836361997727753, 49.054874591257636 ], [ 5.836472568673237, 49.054793702757934 ], [ 5.836612382470685, 49.054696827917518 ], [ 5.836790853130645, 49.054555852444444 ], [ 5.837011165354192, 49.054403991119642 ], [ 5.837200374882601, 49.054259162310586 ], [ 5.837344180196904, 49.054135200116704 ], [ 5.837549284409175, 49.053930612532476 ], [ 5.837755861650206, 49.05375298181108 ], [ 5.837965703307538, 49.053559977998226 ], [ 5.838074164379014, 49.053465641602585 ], [ 5.838647318429587, 49.052982431832952 ], [ 5.839138541288496, 49.052528148085251 ], [ 5.839368997682691, 49.052261775144032 ], [ 5.839470499463888, 49.052115416947395 ], [ 5.839666910365261, 49.051702291045999 ], [ 5.839908558201318, 49.051115344733915 ], [ 5.840162828107532, 49.050484011657005 ], [ 5.840351633143223, 49.050007182000449 ], [ 5.840408998219875, 49.049879861340635 ], [ 5.840490066991277, 49.049810463099568 ], [ 5.840858019595425, 49.049605614971938 ], [ 5.841037060790783, 49.049725543377193 ], [ 5.842863663795608, 49.048736683140113 ], [ 5.843345394657535, 49.04861010988482 ], [ 5.843462318313962, 49.04869551599819 ], [ 5.844873050955256, 49.048261714913451 ], [ 5.845484226975829, 49.049422298945522 ], [ 5.845597137838662, 49.049384533259143 ], [ 5.845741182101956, 49.04931543834654 ], [ 5.845838880896508, 49.049224948042074 ], [ 5.845934607666012, 49.049098514619999 ], [ 5.845958412769766, 49.049058361680011 ], [ 5.846066097302397, 49.0489253464971 ], [ 5.846116257234741, 49.048866573964958 ], [ 5.846169693394915, 49.048817620938102 ], [ 5.846245051429105, 49.048769048004004 ], [ 5.845424196341915, 49.047079886900541 ], [ 5.845394962130501, 49.046621709338808 ], [ 5.846233921717388, 49.045622001002741 ], [ 5.846544324464404, 49.0457163139681 ], [ 5.847642157259158, 49.044221892856669 ], [ 5.848215081366178, 49.044361260609364 ], [ 5.84839708448623, 49.044111311440602 ], [ 5.849069809324007, 49.044273500460918 ], [ 5.849219011582253, 49.04412420047835 ], [ 5.851891093037928, 49.044604210157452 ], [ 5.852548788108063, 49.043696033376797 ], [ 5.851940025194607, 49.04347745953708 ], [ 5.852248128329425, 49.04280792329746 ], [ 5.852564734097112, 49.042840890312881 ], [ 5.853981044632662, 49.043134741740374 ], [ 5.853959370472804, 49.043064176499101 ], [ 5.854206686592403, 49.042136050521812 ], [ 5.854210916328549, 49.042038776590168 ], [ 5.854153819966548, 49.041996046012962 ], [ 5.854070968175164, 49.041982719783611 ], [ 5.853906359676437, 49.041552951485365 ], [ 5.853752805689956, 49.041224592299649 ], [ 5.853651128105251, 49.040943586551265 ], [ 5.8536064483122, 49.040778193989887 ], [ 5.85359710964814, 49.040683041989318 ], [ 5.853525079052129, 49.040642465580291 ], [ 5.853476679872293, 49.040608525502762 ], [ 5.853175153943519, 49.040401550146598 ], [ 5.852074511934612, 49.039798773893963 ], [ 5.851717419581144, 49.039551726299365 ], [ 5.851638261757901, 49.039505919555843 ], [ 5.851422478082922, 49.039314898335469 ], [ 5.850920586182719, 49.038873341439007 ], [ 5.850491320251229, 49.038483143613092 ], [ 5.850173994487067, 49.038262139943839 ], [ 5.850102235755797, 49.038176567318757 ], [ 5.849914321995235, 49.038044265598764 ], [ 5.849537486841104, 49.038135088491337 ], [ 5.849309168692676, 49.038189094407556 ], [ 5.84917620332872, 49.03811037246102 ], [ 5.84836997250894, 49.037633739212232 ], [ 5.845509416731226, 49.036754135117981 ], [ 5.845457320416614, 49.036727477562629 ], [ 5.845341504372142, 49.036661841318605 ], [ 5.844667581752526, 49.036126263090708 ], [ 5.844299788618397, 49.035832660329433 ], [ 5.844206963489808, 49.035961725060147 ], [ 5.844127004776697, 49.036050895663031 ], [ 5.843569599047282, 49.035893147055894 ], [ 5.842526036611624, 49.035629040680817 ], [ 5.841730468729322, 49.035420238361468 ], [ 5.840896924433836, 49.035192535028038 ], [ 5.840661969904462, 49.035125215029723 ], [ 5.840607154879815, 49.035123812870538 ], [ 5.840361058725576, 49.03537796802145 ], [ 5.840266096777268, 49.035318131868863 ], [ 5.838491686927784, 49.034576416426596 ], [ 5.836773282698193, 49.03403219743894 ], [ 5.836083968669522, 49.033813649490789 ], [ 5.834382282561976, 49.033349080109545 ], [ 5.833784665025718, 49.033180539755556 ], [ 5.832301971539883, 49.032891621823261 ], [ 5.832244709912619, 49.033045930787836 ], [ 5.831687133612115, 49.032908826516511 ], [ 5.830520389787863, 49.032591739055412 ], [ 5.830582643768837, 49.032478701828502 ], [ 5.830929530048554, 49.031663443432002 ], [ 5.829497031634599, 49.031666627332513 ], [ 5.829615309059571, 49.031276045879402 ], [ 5.829568444988264, 49.030993728467337 ], [ 5.829556271998412, 49.030895942344856 ], [ 5.8295373151473, 49.030799215881025 ], [ 5.829506010182564, 49.030701880731414 ], [ 5.829454549641913, 49.03061131895312 ], [ 5.829379318682764, 49.030511420172722 ], [ 5.829271819113813, 49.030371793042498 ], [ 5.829208011228205, 49.030280622430574 ], [ 5.829163291460856, 49.030213295220577 ], [ 5.829107830281613, 49.030124627078948 ], [ 5.829054367683841, 49.030022415500305 ], [ 5.828990898572976, 49.029912341950691 ], [ 5.828937338464757, 49.029808333100561 ], [ 5.828919842807088, 49.029688178438647 ], [ 5.828946130612195, 49.029593084724723 ], [ 5.829003550082745, 49.029466665620127 ], [ 5.829070486082901, 49.029339122411528 ], [ 5.829278854496906, 49.028944617402175 ], [ 5.829324282791597, 49.028899458602041 ], [ 5.829528568601941, 49.02860582170544 ], [ 5.829616239726546, 49.028457094854645 ], [ 5.829222829438377, 49.028469067955854 ], [ 5.829012679446775, 49.02847941980805 ], [ 5.82895938520818, 49.028480675916711 ], [ 5.828880078127625, 49.028481645331496 ], [ 5.828860594346478, 49.028425419976912 ], [ 5.82897274184804, 49.028399383170999 ], [ 5.829001340742202, 49.028396909603437 ], [ 5.829023934789552, 49.028384680256771 ], [ 5.829054625030372, 49.02834526742884 ], [ 5.829086142950527, 49.02829593777615 ], [ 5.82911707303592, 49.028235824905472 ], [ 5.82945323850057, 49.027525191728529 ], [ 5.829467421760864, 49.027433982027482 ], [ 5.829473950026354, 49.027378043259446 ], [ 5.829478469826276, 49.027285261835814 ], [ 5.829418486236781, 49.02726418197124 ], [ 5.829307261991081, 49.027256906547755 ], [ 5.829149430294457, 49.027248030359488 ], [ 5.828974760015885, 49.027231453044912 ], [ 5.82876724042376, 49.027189556758238 ], [ 5.828566018960365, 49.026635550493516 ], [ 5.827998553092507, 49.024758533291575 ], [ 5.827846885784177, 49.024511074509363 ], [ 5.827425458261654, 49.024309560253471 ], [ 5.827425311416901, 49.024306864439431 ], [ 5.827386607283471, 49.024274485197047 ], [ 5.827270654206628, 49.024255622574202 ], [ 5.827146502763529, 49.024236952961978 ], [ 5.827104968155647, 49.024202840791069 ], [ 5.827063915089915, 49.024127328403921 ], [ 5.827029844934176, 49.024079544010903 ], [ 5.82692754866266, 49.024009972938693 ], [ 5.826846923186761, 49.023961485546366 ], [ 5.82676957660895, 49.02397320465019 ], [ 5.826689843522653, 49.024016471433427 ], [ 5.82662518968255, 49.024060282775075 ], [ 5.826555943468256, 49.024070011442397 ], [ 5.826499721466829, 49.024042543277012 ], [ 5.826453399525386, 49.023970753809905 ], [ 5.826395416202633, 49.023910935798519 ], [ 5.826297811042266, 49.023877244040783 ], [ 5.826198406361891, 49.023885883193003 ], [ 5.8260925610465, 49.023901871983277 ], [ 5.825959387650728, 49.023918504155326 ], [ 5.825845976380395, 49.023921174511479 ], [ 5.825757059147633, 49.023896275337066 ], [ 5.825685367101304, 49.023861073217553 ], [ 5.825612403325153, 49.023802507302143 ], [ 5.825543633505267, 49.023720448909152 ], [ 5.825465452267871, 49.023691697738556 ], [ 5.825386882969998, 49.023680950804511 ], [ 5.825328023919123, 49.023630150489204 ], [ 5.825282538544499, 49.023598829985829 ], [ 5.82520352617993, 49.023554802336051 ], [ 5.825132128427206, 49.023524991512296 ], [ 5.825035163572688, 49.023528173738242 ], [ 5.8249346404137, 49.023566530181292 ], [ 5.824820453173909, 49.023605208146137 ], [ 5.824717438595295, 49.02362292861978 ], [ 5.824591195243046, 49.023641195693827 ], [ 5.824500768728639, 49.023638825058974 ], [ 5.824261739664099, 49.023570670097698 ], [ 5.824141396772925, 49.023546509263333 ], [ 5.824054140725569, 49.023526968306115 ], [ 5.823964589488103, 49.023490385907166 ], [ 5.823895922886632, 49.023435316902493 ], [ 5.823886209078798, 49.023407652989711 ], [ 5.823879619145261, 49.023387113630882 ], [ 5.823665419837804, 49.02319690606592 ], [ 5.821079644322278, 49.022340862981657 ], [ 5.820833540329089, 49.022016436921454 ], [ 5.820858728453052, 49.020944233624654 ], [ 5.820049121534781, 49.020521479685442 ], [ 5.820017734163225, 49.020019252371732 ], [ 5.820241261450087, 49.019651396828586 ], [ 5.820480492800944, 49.019119415373495 ], [ 5.820504790511269, 49.019037865952576 ], [ 5.82055693855533, 49.018587660195998 ], [ 5.821232316765238, 49.018680655366069 ], [ 5.821235827256827, 49.018619389146821 ], [ 5.821265002560979, 49.018526927707256 ], [ 5.821305841560594, 49.018472881731313 ], [ 5.821348681622395, 49.018430485575934 ], [ 5.821362975507499, 49.018366266530684 ], [ 5.821341014144965, 49.018289403452506 ], [ 5.821280408218113, 49.018231444114441 ], [ 5.821187354206341, 49.018180545901764 ], [ 5.821100985135369, 49.01812679118455 ], [ 5.821019787220977, 49.018042322984847 ], [ 5.820954203250556, 49.017943091518291 ], [ 5.820887985722347, 49.017857371315721 ], [ 5.820863390450207, 49.017782369570959 ], [ 5.820887100987027, 49.017690036612663 ], [ 5.820920764752702, 49.017579474448596 ], [ 5.82094535303254, 49.017478123212776 ], [ 5.820959014373199, 49.017452608758759 ], [ 5.820982628959187, 49.017408865101508 ], [ 5.821072993516138, 49.017359953211525 ], [ 5.821171066947874, 49.01730186240335 ], [ 5.821239131976767, 49.01724537677098 ], [ 5.821270602903719, 49.017220343326514 ], [ 5.821360574970313, 49.017139049011611 ], [ 5.821414780767817, 49.017054096736295 ], [ 5.821460447196712, 49.016963046871908 ], [ 5.821492158252428, 49.016866926532181 ], [ 5.821499619182312, 49.016777674687916 ], [ 5.821516739983246, 49.016664801895658 ], [ 5.821531519002065, 49.016559182245494 ], [ 5.821546396927573, 49.016480553120168 ], [ 5.821549469927652, 49.016461585859801 ], [ 5.82155444507172, 49.016427277916783 ], [ 5.82157512701384, 49.016304423954267 ], [ 5.8215972238978, 49.016182436463637 ], [ 5.82162195539128, 49.016058587477623 ], [ 5.821638539779808, 49.015961023156592 ], [ 5.82167244367924, 49.015829760346605 ], [ 5.821700348133137, 49.015739127909562 ], [ 5.821711565212236, 49.015643489279128 ], [ 5.821739272749234, 49.015524069027002 ], [ 5.8217643971143, 49.015457795519964 ], [ 5.821786251792089, 49.015381701495549 ], [ 5.821784443225188, 49.01532325941735 ], [ 5.821756091224076, 49.015254644356787 ], [ 5.821721737352519, 49.015176273024835 ], [ 5.821701971904656, 49.015089460764287 ], [ 5.821651712590709, 49.01502046105378 ], [ 5.821594282014338, 49.014970524979361 ], [ 5.821582568643802, 49.014906017438634 ], [ 5.821559925984742, 49.01484176688389 ], [ 5.821512838957757, 49.014780790388343 ], [ 5.821515812921841, 49.014734832516766 ], [ 5.821544304396992, 49.014680176758667 ], [ 5.821571869193839, 49.014633640653081 ], [ 5.821607485692001, 49.014609409301507 ], [ 5.821603824129105, 49.0145672065035 ], [ 5.82155254244849, 49.014529722506062 ], [ 5.821486234390032, 49.014517785195942 ], [ 5.821423341137547, 49.014493170865002 ], [ 5.821372693301256, 49.014442175432372 ], [ 5.821364590442621, 49.014368585316326 ], [ 5.82135824442816, 49.014302151998791 ], [ 5.821322672137807, 49.014226508450534 ], [ 5.821293247028375, 49.014138123660167 ], [ 5.821280363403923, 49.014077242623443 ], [ 5.821208248465958, 49.014033949957813 ], [ 5.821136426626544, 49.013996048943518 ], [ 5.821088804812668, 49.013950380825555 ], [ 5.821096218257922, 49.013885423514424 ], [ 5.82110182608584, 49.013812410771379 ], [ 5.82104298345366, 49.013786801252422 ], [ 5.820943985828199, 49.01375223831937 ], [ 5.820902268376726, 49.013714529196797 ], [ 5.820917781172857, 49.013647581950679 ], [ 5.820953346472175, 49.013572065397135 ], [ 5.820955296514683, 49.01353242991938 ], [ 5.820892404706957, 49.013507815287205 ], [ 5.820750912142739, 49.013496745313859 ], [ 5.820677871714866, 49.013461571970545 ], [ 5.820616588678863, 49.013391031396466 ], [ 5.820534961183303, 49.013348861706518 ], [ 5.820435721395529, 49.013334998640488 ], [ 5.820337701340376, 49.013318407531372 ], [ 5.820293837521455, 49.013266352419606 ], [ 5.820292372408122, 49.01321420052097 ], [ 5.819809298617492, 49.013059097356162 ], [ 5.819401801739883, 49.012759153964744 ], [ 5.818536615460705, 49.012544641550953 ], [ 5.817866502585161, 49.011992629228111 ], [ 5.817661933110542, 49.011877764578479 ], [ 5.817506884328107, 49.01179322853546 ], [ 5.81734988407363, 49.011723134350277 ], [ 5.817310512172758, 49.011703364222214 ], [ 5.81720913096649, 49.01164995920432 ], [ 5.817083843969608, 49.011584518664392 ], [ 5.81702920159865, 49.011560608144343 ], [ 5.816991537313718, 49.011547096175065 ], [ 5.816960947226954, 49.011537916935374 ], [ 5.816876593452335, 49.01149580882673 ], [ 5.816733791988407, 49.011435277928697 ], [ 5.816622946859408, 49.011383894124954 ], [ 5.816513370530759, 49.011330680909417 ], [ 5.816472733008708, 49.011262352938729 ], [ 5.816395504121116, 49.011200282437038 ], [ 5.816291197723069, 49.011143346266934 ], [ 5.816253537768957, 49.011054253745506 ], [ 5.816255396373933, 49.010962434126341 ], [ 5.81629516354953, 49.010863426367393 ], [ 5.816340930997296, 49.010774175156385 ], [ 5.815570099798543, 49.00975123771881 ], [ 5.815490968897997, 49.009729700702998 ], [ 5.815384665271653, 49.009686307106158 ], [ 5.815359787748566, 49.009631105392245 ], [ 5.815399943729605, 49.00956448025773 ], [ 5.815412145604347, 49.009486814100164 ], [ 5.815465474392322, 49.00941088217062 ], [ 5.815484506250929, 49.009333055721015 ], [ 5.815445724935175, 49.009273681442174 ], [ 5.815341860250893, 49.009250025427846 ], [ 5.815224871404594, 49.009236574690696 ], [ 5.815162620898191, 49.009223639049388 ], [ 5.815119104941976, 49.00920306568657 ], [ 5.815101251072746, 49.00917649161515 ], [ 5.815089058023523, 49.009128190344718 ], [ 5.815089891802097, 49.009067886472458 ], [ 5.815081015463615, 49.00903030456864 ], [ 5.815041307296801, 49.008979049797645 ], [ 5.815006235039698, 49.008912390224289 ], [ 5.815025998191231, 49.008848043154927 ], [ 5.814985608159962, 49.008784207634733 ], [ 5.814939950982825, 49.008698901288923 ], [ 5.814902484183889, 49.008688983119896 ], [ 5.814866383406022, 49.008679032891258 ], [ 5.814755203000387, 49.008646550363139 ], [ 5.814657636125749, 49.008587655155935 ], [ 5.81461339437397, 49.00850321524792 ], [ 5.814599009922296, 49.008414475840979 ], [ 5.814569794388759, 49.008329683409215 ], [ 5.814653962738625, 49.008166650724007 ], [ 5.814722319206068, 49.008065173018309 ], [ 5.814781892916464, 49.007978297573139 ], [ 5.814833706978487, 49.007924895505347 ], [ 5.814849516198271, 49.007888533934029 ], [ 5.814783027285272, 49.007822611318758 ], [ 5.814714782856244, 49.007749531716676 ], [ 5.814694788382693, 49.007658224569944 ], [ 5.814708553719912, 49.007558927271567 ], [ 5.814697144878314, 49.007474616825924 ], [ 5.814659683112105, 49.007414311518154 ], [ 5.814598220541378, 49.007340172969307 ], [ 5.814552565269605, 49.007254866359261 ], [ 5.814580767708896, 49.007194820118592 ], [ 5.814645120508068, 49.00712042928 ], [ 5.814683176787002, 49.007065550437375 ], [ 5.814653959820301, 49.007005951453998 ], [ 5.814591911137899, 49.006946222914216 ], [ 5.814492348476643, 49.00687567740006 ], [ 5.814387807133419, 49.006839439758224 ], [ 5.814266969608545, 49.006830577308598 ], [ 5.814149353361928, 49.006805443367504 ], [ 5.814069596766481, 49.006747029686672 ], [ 5.813999209609497, 49.006659603638951 ], [ 5.813899261142344, 49.006556675064829 ], [ 5.813782824293429, 49.006452333574472 ], [ 5.813690244537773, 49.006333935957464 ], [ 5.813614446055536, 49.006222342859047 ], [ 5.813571038348451, 49.006127985459578 ], [ 5.81356460850765, 49.006034560399797 ], [ 5.813583301136513, 49.005950443620385 ], [ 5.813638581756602, 49.005860070164012 ], [ 5.813737031342868, 49.005809173803421 ], [ 5.813840211573012, 49.005769863389631 ], [ 5.813921828952922, 49.005736457238697 ], [ 5.813992771787423, 49.005607026192635 ], [ 5.813992873933929, 49.005558436304803 ], [ 5.813981315838198, 49.005521816896717 ], [ 5.8139412194602, 49.005488566153858 ], [ 5.813878292018436, 49.005463049032791 ], [ 5.813748777800511, 49.005420198433043 ], [ 5.813722194778661, 49.005383931381651 ], [ 5.813698202590666, 49.005294517221785 ], [ 5.813683377307838, 49.005248076953073 ], [ 5.813649818762123, 49.005209274172159 ], [ 5.813585136359613, 49.005176599911699 ], [ 5.813549040865145, 49.005141455673424 ], [ 5.813532119498715, 49.005081568011036 ], [ 5.81350320232877, 49.004976973228437 ], [ 5.813472475915885, 49.00491470999112 ], [ 5.81429773462219, 49.004824272146571 ], [ 5.81458743603437, 49.005021723570003 ], [ 5.814601388263182, 49.005607145763591 ], [ 5.814606447754786, 49.00577618354972 ], [ 5.815276290518799, 49.00715780697729 ], [ 5.815451882135605, 49.00764675911482 ], [ 5.815724051144668, 49.008478954802349 ], [ 5.817441758160171, 49.008047232102157 ], [ 5.817771353108768, 49.007971109498058 ], [ 5.819226223732544, 49.007711990100859 ], [ 5.820621819567056, 49.00784744538786 ], [ 5.822723301677578, 49.008060755241388 ], [ 5.823702040463872, 49.008151095693165 ], [ 5.824660279954244, 49.006808575560896 ], [ 5.827618788144206, 49.007364227215888 ], [ 5.828275808850742, 49.006494856150866 ], [ 5.826274690216369, 49.00576281020242 ], [ 5.825301436982076, 49.005521200439141 ], [ 5.824372086844425, 49.005181373915931 ], [ 5.824189973364234, 49.005101982199442 ], [ 5.821703330835808, 49.005047121769934 ], [ 5.820410994163248, 49.005325847072676 ], [ 5.82033391021655, 49.005064925986211 ], [ 5.820223798792892, 49.004699507923 ], [ 5.822083352976994, 49.004364253614384 ], [ 5.823061054347678, 49.00395884729658 ], [ 5.822311361092047, 49.00365256803029 ], [ 5.821792366535592, 49.003438933397042 ], [ 5.821158837131191, 49.003181201825612 ], [ 5.820398190700016, 49.002874268714201 ], [ 5.819847016592866, 49.002646986042741 ], [ 5.819252823277026, 49.002408115061215 ], [ 5.818534344937082, 49.002121774013624 ], [ 5.818439224843429, 49.002082619226641 ], [ 5.818173421751811, 49.002275116686597 ], [ 5.817916739184529, 49.002434107654103 ], [ 5.816993806675343, 49.001504723498584 ], [ 5.816694649334742, 49.001384879979213 ], [ 5.816368860673112, 49.001253064137458 ], [ 5.816405545024163, 49.001198216508804 ], [ 5.816402864553947, 49.001148791918204 ], [ 5.81634974794781, 49.001077157319514 ], [ 5.816232001387426, 49.000973748357552 ], [ 5.816119672454702, 49.000818925025044 ], [ 5.816105772159903, 49.000789558816756 ], [ 5.816284840483637, 49.000737667055503 ], [ 5.816655855247951, 49.000593990282688 ], [ 5.816863851617574, 49.000445142587822 ], [ 5.81700609504552, 49.000269045792372 ], [ 5.817077172486363, 49.000041533337253 ], [ 5.817083080451621, 48.999873136780913 ], [ 5.817048891822697, 48.999747071440318 ], [ 5.816950514176676, 48.999572126042267 ], [ 5.816771069856928, 48.999390086376948 ], [ 5.816079053899186, 48.998758495956615 ], [ 5.816071836717339, 48.998726273483861 ], [ 5.815966839003112, 48.998403919507552 ], [ 5.815878026202983, 48.998253942328176 ], [ 5.81585866674569, 48.998174316766118 ], [ 5.815850966968516, 48.998057526698979 ], [ 5.815761331378418, 48.997816691378056 ], [ 5.815662864283515, 48.997639947340716 ], [ 5.815203689092017, 48.996989389319566 ], [ 5.815172330325417, 48.99694063759393 ], [ 5.815174235443252, 48.996900102952289 ], [ 5.813992354773211, 48.996059550862839 ], [ 5.813781868270855, 48.995834145836767 ], [ 5.812499229913849, 48.994520860617634 ], [ 5.811594837069591, 48.99350012129046 ], [ 5.810366151569434, 48.992499570856658 ], [ 5.809554347776379, 48.99177357335531 ], [ 5.808193603794393, 48.990175042048477 ], [ 5.807297866369384, 48.989766816988471 ], [ 5.80680999749504, 48.98931574897145 ], [ 5.806099909091763, 48.988648532745437 ], [ 5.805144889977545, 48.988331657002341 ], [ 5.804502567846096, 48.988209912413851 ], [ 5.804061936144411, 48.98812663838018 ], [ 5.802265020128994, 48.987713349771099 ], [ 5.801429887824527, 48.987311763937505 ], [ 5.80058296131271, 48.986234713757682 ], [ 5.801111484317201, 48.985920044320082 ], [ 5.801452857678118, 48.985709619869155 ], [ 5.801955176858694, 48.985416253386255 ], [ 5.8024817766018, 48.985116918495734 ], [ 5.802652910931887, 48.985045435584425 ], [ 5.803046261683861, 48.984810397084978 ], [ 5.803543392650694, 48.984522543250961 ], [ 5.803947318864594, 48.98428095578425 ], [ 5.804333144936288, 48.984058685520985 ], [ 5.804509596120888, 48.983959182146002 ], [ 5.804514863518063, 48.983955459829666 ], [ 5.804605240844583, 48.983882263350523 ], [ 5.804693531683509, 48.983770424916692 ], [ 5.804760316083376, 48.983665387884734 ], [ 5.804832145395649, 48.983476552946335 ], [ 5.804891721024505, 48.983339292195652 ], [ 5.805003358604533, 48.983077543255256 ], [ 5.805068284223043, 48.982988745537526 ], [ 5.80514422268567, 48.982926683681015 ], [ 5.805245658970836, 48.982881121201501 ], [ 5.805528163518717, 48.982771037077889 ], [ 5.805774822228132, 48.982680686429411 ], [ 5.805895171622694, 48.982656275676213 ], [ 5.806091439101624, 48.982645384673916 ], [ 5.806182673359142, 48.982638750828322 ], [ 5.806365238894, 48.982627280226303 ], [ 5.806411611474351, 48.982625295204876 ], [ 5.806715836639949, 48.982613676189722 ], [ 5.807091349973848, 48.982605786387552 ], [ 5.807523278634304, 48.982604672690364 ], [ 5.807952428052638, 48.982602722729887 ], [ 5.808418198320379, 48.982595414668815 ], [ 5.808554827993747, 48.982594014362817 ], [ 5.808792637459772, 48.982592943404036 ], [ 5.808906697928466, 48.982553380533204 ], [ 5.809297641064085, 48.982426350620365 ], [ 5.809557114040679, 48.982345589423701 ], [ 5.809661099445175, 48.982195588118387 ], [ 5.809791626021561, 48.981954986128379 ], [ 5.809895614327775, 48.981779790428824 ], [ 5.809904296553046, 48.981763390819793 ], [ 5.810006212464252, 48.981726810745833 ], [ 5.810247397237489, 48.981636578786294 ], [ 5.810485996425881, 48.981549106275715 ], [ 5.81079325239453, 48.981442028227193 ], [ 5.811051644590011, 48.98136668761358 ], [ 5.811416146781568, 48.981231272272304 ], [ 5.811717010256315, 48.981132439704155 ], [ 5.811870172131219, 48.981082959104562 ], [ 5.812174837863045, 48.980978637443364 ], [ 5.812270118822047, 48.980945810100344 ], [ 5.812432051935856, 48.980932114589613 ], [ 5.812638750275145, 48.980886776055975 ], [ 5.812866270908124, 48.980822053151833 ], [ 5.81333413860869, 48.980651814554705 ], [ 5.813543616844537, 48.980582114870785 ], [ 5.813745048926971, 48.980515302974872 ], [ 5.814147033047737, 48.980390696670838 ], [ 5.814554476281821, 48.980265960824781 ], [ 5.814797447848669, 48.980208969549643 ], [ 5.815062360378662, 48.980153262261048 ], [ 5.815267980248928, 48.980113343098907 ], [ 5.815795461896159, 48.980009179141135 ], [ 5.815936229037164, 48.98000857289437 ], [ 5.816633183148834, 48.980155965939787 ], [ 5.817017694382408, 48.980238712149784 ], [ 5.817726650128166, 48.980355224103846 ], [ 5.817705147704577, 48.980336833753796 ], [ 5.817625575167788, 48.980230728569715 ], [ 5.817526940769266, 48.980025194369063 ], [ 5.817216413682273, 48.979441327241588 ], [ 5.817106128771787, 48.97924776363444 ], [ 5.816845291830083, 48.978748208188854 ], [ 5.816813991250989, 48.978700354702028 ], [ 5.816770012985666, 48.978670794866574 ], [ 5.816852175537271, 48.978522198583235 ], [ 5.817097919057066, 48.978365260196746 ], [ 5.817543420832263, 48.978161337271835 ], [ 5.817707198171508, 48.978081006336062 ], [ 5.818330366559244, 48.977775727432686 ], [ 5.818753479159474, 48.977562428180519 ], [ 5.819126125474023, 48.977376407891377 ], [ 5.81934435855015, 48.977266900571308 ], [ 5.819562932082134, 48.977163683378812 ], [ 5.820082814782218, 48.976920209821259 ], [ 5.820151608558767, 48.976878101017526 ], [ 5.820491196895644, 48.97696459187916 ], [ 5.820989829383785, 48.977059937198874 ], [ 5.821609085739848, 48.977136245677293 ], [ 5.821992899215632, 48.977206395115516 ], [ 5.823289689758582, 48.977425111190989 ], [ 5.824179658281204, 48.977577813307846 ], [ 5.824189361111535, 48.97758028416132 ], [ 5.824640805481241, 48.977637134941098 ], [ 5.825219753737508, 48.977726071922717 ], [ 5.825874421384238, 48.977799724706962 ], [ 5.826294790800301, 48.977712434378816 ], [ 5.827088913656182, 48.977535349100236 ], [ 5.827738522406518, 48.977390460139695 ], [ 5.828501658149589, 48.977121416762948 ], [ 5.828992453390196, 48.976946974460624 ], [ 5.829078306989682, 48.976917055043749 ], [ 5.83028746438381, 48.976505204699514 ], [ 5.831217360377221, 48.976211511293961 ], [ 5.832127791082837, 48.975911971526813 ], [ 5.832297649149845, 48.975893562444682 ], [ 5.832498856182865, 48.975873512743547 ], [ 5.832792696124152, 48.975847674972293 ], [ 5.833626378481949, 48.975745193605292 ], [ 5.833758943086643, 48.975744760016077 ], [ 5.834080910182918, 48.975708356464487 ], [ 5.834395953146021, 48.975670316116755 ], [ 5.834535147087441, 48.975666125741256 ], [ 5.834566246691725, 48.97548453027084 ], [ 5.834731662172503, 48.97513419557729 ], [ 5.834902824726072, 48.974613661816129 ], [ 5.834970772169225, 48.974406000269582 ], [ 5.834173171999586, 48.973114742862556 ], [ 5.834100277262854, 48.973081373636937 ], [ 5.834009293761478, 48.973042133316419 ], [ 5.833180347166197, 48.972654113603433 ], [ 5.832795454157753, 48.972488646375822 ], [ 5.832530259494907, 48.972362640848104 ], [ 5.832042435011672, 48.972114121655402 ], [ 5.831831998566906, 48.972014715059323 ], [ 5.831692795569928, 48.971943319209103 ], [ 5.831562021840997, 48.971851028626311 ], [ 5.831557804256227, 48.971748550559724 ], [ 5.831668008829125, 48.971262752716555 ], [ 5.831703914369975, 48.970968568289521 ], [ 5.831708517016561, 48.970852384733789 ], [ 5.831758066673346, 48.970733339916478 ], [ 5.831969369557651, 48.970422414935463 ], [ 5.832178263484688, 48.970042261287325 ], [ 5.83223205316693, 48.969925815392507 ], [ 5.832356625357184, 48.969804097986717 ], [ 5.832453349175577, 48.969823408158376 ], [ 5.832501466188194, 48.969828569970417 ], [ 5.832561384754383, 48.969849649439887 ], [ 5.832619203591507, 48.969857281397942 ], [ 5.832878660478896, 48.969903339550399 ], [ 5.833245958021474, 48.969972043207335 ], [ 5.833703744427171, 48.970070999984451 ], [ 5.834010102827794, 48.970124945197362 ], [ 5.834130228608413, 48.97014730006385 ], [ 5.834210453626639, 48.970089615499994 ], [ 5.835397124807839, 48.969344409240982 ], [ 5.836227931483076, 48.968840660038964 ], [ 5.837048931017264, 48.968357832167115 ], [ 5.837422280037806, 48.968187030462616 ], [ 5.837608444771855, 48.96804225376227 ], [ 5.837635930472183, 48.968020007734069 ], [ 5.837979053419351, 48.96772124674159 ], [ 5.838425984675833, 48.967371436967092 ], [ 5.839017442066159, 48.966890429434287 ], [ 5.839315096188503, 48.966660226626409 ], [ 5.839329520754778, 48.96664908723946 ], [ 5.839636304445009, 48.966460958444834 ], [ 5.840009659984879, 48.966240658027644 ], [ 5.840512359339106, 48.965961503168046 ], [ 5.841085955414838, 48.965629376396187 ], [ 5.841557349762516, 48.965352758284432 ], [ 5.841973604737487, 48.965067547427886 ], [ 5.842415295522956, 48.964772733671346 ], [ 5.84304215779156, 48.964365548678693 ], [ 5.843217828894428, 48.964254304105317 ], [ 5.843291910781691, 48.964234550647419 ], [ 5.843244757573737, 48.964196977021459 ], [ 5.843306408491569, 48.964174818954469 ], [ 5.84351581738042, 48.964080769957675 ], [ 5.844244629653058, 48.963763840630556 ], [ 5.844449117005428, 48.963679804643753 ], [ 5.844847318891705, 48.963514686675452 ], [ 5.845518081569788, 48.963236019230706 ], [ 5.845644981457759, 48.963182616998139 ], [ 5.84615925469199, 48.962966148724632 ], [ 5.846554470013121, 48.962796596542312 ], [ 5.846936478033831, 48.962635455014706 ], [ 5.847229702457961, 48.962525011301445 ], [ 5.847354298624762, 48.962454565310281 ], [ 5.8475386350348, 48.962352106185811 ], [ 5.84864865439999, 48.96168596011573 ], [ 5.849297921682539, 48.961315099368989 ], [ 5.849134030206308, 48.961192120447343 ], [ 5.848924743880784, 48.961038726542803 ], [ 5.848566828312131, 48.960766488973562 ], [ 5.849870784117153, 48.95985006904553 ], [ 5.85019698955705, 48.959668646975715 ], [ 5.850531445492559, 48.959513122567117 ], [ 5.850128088001513, 48.959209576414061 ], [ 5.849626527702686, 48.95890926354484 ], [ 5.850184051466752, 48.9583363173791 ], [ 5.850415136757937, 48.958040179062259 ], [ 5.850556747425636, 48.957682280683642 ], [ 5.850169264072801, 48.957493534403355 ], [ 5.850012049864121, 48.95751706897817 ], [ 5.849046879256542, 48.956735573195076 ], [ 5.847782650078693, 48.956231123223596 ], [ 5.848369323732437, 48.955940935959021 ], [ 5.848694756678205, 48.955720842752278 ], [ 5.848299227649073, 48.955659157105003 ], [ 5.847956362934259, 48.955561125593562 ], [ 5.848030085959572, 48.955535078466532 ], [ 5.848266588987526, 48.955512361521883 ], [ 5.848286219469889, 48.955322031964222 ], [ 5.848183137005611, 48.955310984335092 ], [ 5.848172422322581, 48.954891020672214 ], [ 5.848147633945908, 48.95466305412986 ], [ 5.848106484600184, 48.954286105292084 ], [ 5.849213682729271, 48.954020434568918 ], [ 5.848847055420606, 48.953264297540422 ], [ 5.848812125160129, 48.953200340328117 ], [ 5.847946345739749, 48.953507962025803 ], [ 5.847918520450253, 48.953424039572539 ], [ 5.847708138830074, 48.952726274192543 ], [ 5.847629884988734, 48.952395197646567 ], [ 5.847258176529623, 48.951820041495289 ], [ 5.846913684387219, 48.951816527832328 ], [ 5.846726798008499, 48.951821867100477 ], [ 5.846491281909497, 48.951837359410582 ], [ 5.846260252798234, 48.951859943304044 ], [ 5.846052961131941, 48.951891861120423 ], [ 5.845769946150945, 48.951938174290262 ], [ 5.845495314426887, 48.951987887035727 ], [ 5.845157042536957, 48.952048108283989 ], [ 5.844726770577076, 48.952124909627344 ], [ 5.844405743726368, 48.952175721098165 ], [ 5.844024874661476, 48.952231551138688 ], [ 5.843682444787949, 48.952265771867516 ], [ 5.843408817871412, 48.952283961997772 ], [ 5.842169946466128, 48.952215268181291 ], [ 5.840652017473312, 48.951990308256519 ], [ 5.838954823323598, 48.951534722041082 ], [ 5.83824632982773, 48.951470519433997 ], [ 5.837573298130159, 48.951630428949834 ], [ 5.836755039805891, 48.951933244846231 ], [ 5.836415376666784, 48.951943084055173 ], [ 5.83453863446961, 48.950649451470696 ], [ 5.834666991760842, 48.949520735953236 ], [ 5.835317973131181, 48.947028116075963 ], [ 5.835552673304674, 48.946196521453302 ], [ 5.835500958843385, 48.946150054331575 ], [ 5.835452161205877, 48.946081922311691 ], [ 5.835399058607795, 48.945959902489868 ], [ 5.835305182233403, 48.945716470861662 ], [ 5.835201658382061, 48.945471467737093 ], [ 5.835089949539674, 48.945226658147106 ], [ 5.835045279638723, 48.945108937734602 ], [ 5.835005928019321, 48.945013587172568 ], [ 5.834972915894008, 48.94493428351246 ], [ 5.834959984395395, 48.944872501317008 ], [ 5.834957436206561, 48.944825770538515 ], [ 5.834854472778865, 48.944966780037433 ], [ 5.834765128970901, 48.945031881667582 ], [ 5.834655859055269, 48.945107352709478 ], [ 5.834467408863021, 48.945183796827727 ], [ 5.834362510155586, 48.945214172792674 ], [ 5.83417818631415, 48.945241028311266 ], [ 5.834219733674491, 48.944524682460184 ], [ 5.834122132837307, 48.944513493551398 ], [ 5.833791710506193, 48.944466418798946 ], [ 5.833490519893451, 48.944404254662658 ], [ 5.83314254492753, 48.94431080216183 ], [ 5.832821759333056, 48.944214906222939 ], [ 5.832460235177942, 48.94409837658349 ], [ 5.832124879053432, 48.943985726519642 ], [ 5.831964900966092, 48.94393281847087 ], [ 5.831874606407093, 48.943905258184756 ], [ 5.831779491087409, 48.943889509521092 ], [ 5.831647588822626, 48.943875529959193 ], [ 5.831421403504345, 48.943861078711485 ], [ 5.831240582580183, 48.943851853950932 ], [ 5.831066974673309, 48.943849657116886 ], [ 5.830744658708114, 48.943850973247791 ], [ 5.830291223673569, 48.943852686201318 ], [ 5.829973728934241, 48.943842188627649 ], [ 5.829764453800286, 48.943837232979917 ], [ 5.829594889978493, 48.943834038684038 ], [ 5.829401937541933, 48.943827797121479 ], [ 5.829249967908855, 48.943846682552113 ], [ 5.829067651212253, 48.943910375796605 ], [ 5.828846023536843, 48.944029886235128 ], [ 5.828574555908899, 48.944187465632638 ], [ 5.828331781435788, 48.944320071786571 ], [ 5.828017777053595, 48.94449934982169 ], [ 5.827752881658031, 48.944652272933332 ], [ 5.827575928243424, 48.944764427748382 ], [ 5.827547037333582, 48.944785805475377 ], [ 5.827083474502031, 48.944576286183526 ], [ 5.826467736749391, 48.944306467209351 ], [ 5.825681021429796, 48.943982188624148 ], [ 5.825249389261526, 48.943781807511812 ], [ 5.824895045440543, 48.943646189853425 ], [ 5.824635723820252, 48.943574918267366 ], [ 5.824311502849351, 48.943515973774488 ], [ 5.823954054027405, 48.943474008376995 ], [ 5.823509679559355, 48.943416093784535 ], [ 5.823008201243442, 48.943363122238445 ], [ 5.822731151640942, 48.94334265444752 ], [ 5.822398945408853, 48.943312687347152 ], [ 5.822021181595218, 48.943273894235183 ], [ 5.821703544377551, 48.943235483682365 ], [ 5.82130867875358, 48.943183593718366 ], [ 5.820855880232096, 48.943121368631999 ], [ 5.820383836623921, 48.943056895380892 ], [ 5.819953258709709, 48.943001342484408 ], [ 5.819669634155667, 48.942960326481995 ], [ 5.819397314127909, 48.9429262424106 ], [ 5.819175424090963, 48.942915266446903 ], [ 5.818990856879797, 48.94291241023528 ], [ 5.818823245721755, 48.942894757675354 ], [ 5.81868930309762, 48.942868214458535 ], [ 5.818597312113491, 48.94283438549801 ], [ 5.818517745871083, 48.942802963675788 ], [ 5.818402123785932, 48.942786787073487 ], [ 5.818256780029415, 48.942776708372136 ], [ 5.818148466563679, 48.942769357856179 ], [ 5.81814573801616, 48.942769422030494 ], [ 5.817979638004015, 48.942754432233755 ], [ 5.817806765426988, 48.942740501300818 ], [ 5.817544582087167, 48.942716972561215 ], [ 5.817339747116877, 48.942692994664448 ], [ 5.817033764151167, 48.942592210086964 ], [ 5.816984452904398, 48.942665355219766 ], [ 5.816660418337077, 48.94313908078778 ], [ 5.816594687037885, 48.943186516842623 ], [ 5.816242612901497, 48.943016627568433 ], [ 5.815627516482349, 48.943034682230412 ], [ 5.815219693329843, 48.943046064376176 ], [ 5.815098270315414, 48.943074112153177 ], [ 5.813202602511105, 48.943510055863705 ], [ 5.813149758936276, 48.94374524979402 ], [ 5.812614204764443, 48.943895494455987 ], [ 5.812397204766786, 48.94372242353198 ], [ 5.812260823138766, 48.943726524302051 ], [ 5.811200789736497, 48.944206707086991 ], [ 5.81083539208752, 48.944244973104354 ], [ 5.810590835228927, 48.944269605817937 ], [ 5.809406833179048, 48.944124606508787 ], [ 5.806589016713436, 48.945699632035968 ], [ 5.805731072871615, 48.946129139432891 ], [ 5.803954241978939, 48.947125432198824 ], [ 5.803681459524717, 48.947133614346683 ], [ 5.802543337442946, 48.946446685229581 ], [ 5.801609679157563, 48.945979019003737 ], [ 5.800507385413495, 48.946640953239807 ], [ 5.800241293944594, 48.946747950616867 ], [ 5.799584213681805, 48.946316996614527 ], [ 5.799059159199417, 48.945978335362135 ], [ 5.797190679655428, 48.945375000981159 ], [ 5.796046423148681, 48.945181252306483 ], [ 5.795177057440974, 48.944840710230849 ], [ 5.793529737376895, 48.943724666942359 ], [ 5.793013223982816, 48.94339117967435 ], [ 5.792583432138811, 48.943375102519944 ], [ 5.792545051272064, 48.943347203018995 ], [ 5.792487956338474, 48.943326938136622 ], [ 5.792439446223985, 48.9432884769178 ], [ 5.792397950759221, 48.94325345145743 ], [ 5.79235947354956, 48.943223754519039 ], [ 5.792343996433308, 48.943189922330681 ], [ 5.792338951078527, 48.943146848917102 ], [ 5.792313550659933, 48.943080854729956 ], [ 5.792305741359765, 48.94301175116216 ], [ 5.792305718849097, 48.942960462378529 ], [ 5.792306288393795, 48.942894762795476 ], [ 5.792318943497647, 48.942825182319005 ], [ 5.792324426398041, 48.942774665041419 ], [ 5.79232450039908, 48.942725173622279 ], [ 5.792312392345015, 48.942677765715537 ], [ 5.792305741456944, 48.942630230633362 ], [ 5.792283057013274, 48.942589367879542 ], [ 5.792253358131421, 48.942545069330123 ], [ 5.792217127464698, 48.94250632186062 ], [ 5.792187428686411, 48.942462023291469 ], [ 5.79214930296719, 48.942413422020032 ], [ 5.792107711873987, 48.942376599054256 ], [ 5.792063006201525, 48.942332650146902 ], [ 5.792002280115408, 48.94227017845175 ], [ 5.791967571918839, 48.942208900106799 ], [ 5.791924871193041, 48.942151407235109 ], [ 5.791859521847942, 48.942079145248847 ], [ 5.791806740646245, 48.942011989268394 ], [ 5.79172745943438, 48.941934652941448 ], [ 5.79166684390796, 48.941848783356768 ], [ 5.791610597669838, 48.941793405589081 ], [ 5.791551829270409, 48.941716491040005 ], [ 5.791505808623514, 48.941673472371491 ], [ 5.791459546807455, 48.941625960237886 ], [ 5.791406463781207, 48.941578606998739 ], [ 5.7913641984188, 48.941529202097001 ], [ 5.79131920462387, 48.941479860741865 ], [ 5.791276842933149, 48.941428658426055 ], [ 5.79123642451921, 48.94138820858528 ], [ 5.791185684491945, 48.941333602160213 ], [ 5.791139085568159, 48.941279799061114 ], [ 5.791105778083662, 48.941244582408956 ], [ 5.791067750751197, 48.941197778117939 ], [ 5.791024955367826, 48.941138487492346 ], [ 5.790979624550817, 48.941082855163394 ], [ 5.790933508458913, 48.941038038870246 ], [ 5.7908969557128, 48.940967805023675 ], [ 5.790863565690952, 48.940905595817974 ], [ 5.790806308349913, 48.940831345133503 ], [ 5.790738474920406, 48.940763639450353 ], [ 5.790675010117594, 48.940726425643341 ], [ 5.790624560727692, 48.940677211088811 ], [ 5.790579761303035, 48.940631464178381 ], [ 5.790520933767755, 48.940578845454944 ], [ 5.790484898685877, 48.940543692152964 ], [ 5.790418368259789, 48.940500250913878 ], [ 5.790380969071307, 48.940465129349732 ], [ 5.790340889703003, 48.940430970004911 ], [ 5.790302463983494, 48.940402171019137 ], [ 5.790278080265216, 48.940355048737047 ], [ 5.790249459231368, 48.940305325684946 ], [ 5.790211529808509, 48.940260318463096 ], [ 5.790163423954072, 48.940203850627924 ], [ 5.790114436226308, 48.940156401447872 ], [ 5.790075046360132, 48.940109628562901 ], [ 5.790008709721661, 48.940069781842986 ], [ 5.789959529374683, 48.94001873782944 ], [ 5.789915950657189, 48.939970262803172 ], [ 5.789866866935232, 48.939921016129276 ], [ 5.789827091716114, 48.939867053622571 ], [ 5.789793641368644, 48.939829140485791 ], [ 5.789766288863822, 48.939777588146825 ], [ 5.789732790400729, 48.939738776298512 ], [ 5.789707525468892, 48.939700672549769 ], [ 5.789669934469972, 48.939661955971779 ], [ 5.789642423362001, 48.939632902648214 ], [ 5.789579312422544, 48.939576783936012 ], [ 5.789533439941471, 48.93953646049988 ], [ 5.789491708361091, 48.939496940453111 ], [ 5.789444086116083, 48.939449459206884 ], [ 5.78939187494848, 48.939418281432623 ], [ 5.789355696801715, 48.939380431677804 ], [ 5.789320979329148, 48.939344347535389 ], [ 5.789288108199326, 48.939317218542442 ], [ 5.789254562180704, 48.939277507851941 ], [ 5.789222428620375, 48.939238664084584 ], [ 5.789191803928818, 48.93920248462576 ], [ 5.78916556111384, 48.939171602038435 ], [ 5.789121646401546, 48.939116835840174 ], [ 5.789084104466252, 48.939079017749719 ], [ 5.789036372106663, 48.939054934078335 ], [ 5.789006422512228, 48.939031336258083 ], [ 5.788968287786914, 48.939007928961161 ], [ 5.788910557855573, 48.939001174433713 ], [ 5.788851656552722, 48.938998046401835 ], [ 5.788784762901855, 48.938998703629466 ], [ 5.78871932984079, 48.939001126452318 ], [ 5.788656514119769, 48.939026883491643 ], [ 5.788612797058187, 48.939052195983137 ], [ 5.788570299558819, 48.939074780630122 ], [ 5.788526437826921, 48.939097397011722 ], [ 5.788480826298498, 48.939112855586941 ], [ 5.788434925576076, 48.939122921989849 ], [ 5.788399601051884, 48.939126443538704 ], [ 5.788286050218979, 48.939097592641843 ], [ 5.788259118479083, 48.939079323296248 ], [ 5.788257576355175, 48.93905056513394 ], [ 5.788257253852843, 48.939019079145901 ], [ 5.788256642203275, 48.938982201001117 ], [ 5.788244827873899, 48.938940184675104 ], [ 5.788238822508025, 48.938879137064745 ], [ 5.788237777155874, 48.938834170680146 ], [ 5.788232542861011, 48.938787502148571 ], [ 5.788220487643209, 48.938740992348308 ], [ 5.788216521177866, 48.938692494679508 ], [ 5.78823213520008, 48.938652539483975 ], [ 5.788232213088743, 48.938603047878253 ], [ 5.788229755375778, 48.938557214535891 ], [ 5.788213414912204, 48.93850720519309 ], [ 5.788202868525154, 48.938463359711641 ], [ 5.788187762596684, 48.938385427380382 ], [ 5.788172545457238, 48.938330892811685 ], [ 5.788152931806441, 48.938296256473834 ], [ 5.788134248659359, 48.938253500146317 ], [ 5.788118646109353, 48.938191776017327 ], [ 5.78810225767957, 48.938140867949045 ], [ 5.788080605353525, 48.938093681630448 ], [ 5.788067634876805, 48.938030096608422 ], [ 5.78805938336049, 48.937978099363086 ], [ 5.788049078144086, 48.937938747314554 ], [ 5.788050423996697, 48.937887426544208 ], [ 5.788049908880354, 48.937852345747025 ], [ 5.788060210689866, 48.937815213602804 ], [ 5.788070705232424, 48.937781676231282 ], [ 5.788070431037974, 48.937751088899475 ], [ 5.788085370270012, 48.937698551975274 ], [ 5.788102059128561, 48.937653172851817 ], [ 5.788112423955698, 48.937591744216867 ], [ 5.788118488640047, 48.937552011213356 ], [ 5.788125435593062, 48.937503259523233 ], [ 5.788133153536534, 48.937468886933829 ], [ 5.788135752174973, 48.937440932183776 ], [ 5.788150579987816, 48.937411793026307 ], [ 5.788156933750353, 48.937377452178374 ], [ 5.788163673009634, 48.937350300881327 ], [ 5.788178597157759, 48.937322959106069 ], [ 5.788198785129699, 48.937291895566212 ], [ 5.788224766991974, 48.937266995893729 ], [ 5.788241151609943, 48.937241419750002 ], [ 5.788277212541773, 48.937226183471147 ], [ 5.788306356340043, 48.937209308531699 ], [ 5.788336767883211, 48.937190604448688 ], [ 5.788396308374026, 48.937180220578888 ], [ 5.788451949177539, 48.937173526703816 ], [ 5.788488732904352, 48.937171770771528 ], [ 5.788516994399538, 48.93716391447046 ], [ 5.788546571836314, 48.937155127718206 ], [ 5.788573517364305, 48.937148201848153 ], [ 5.788596240538289, 48.937113479958541 ], [ 5.788609559270248, 48.937081676404198 ], [ 5.788612495002725, 48.937060012492495 ], [ 5.788611097330068, 48.937033950363286 ], [ 5.788608383713542, 48.937008818678734 ], [ 5.788585448972666, 48.936988656729291 ], [ 5.788573234588263, 48.936964645992859 ], [ 5.788561020215137, 48.936940635254643 ], [ 5.788549046825307, 48.936921117985861 ], [ 5.788539657137855, 48.936898841132049 ], [ 5.788533781541363, 48.936865684694759 ], [ 5.788533796243849, 48.936840489503979 ], [ 5.788532495004564, 48.936816224757216 ], [ 5.788545958282075, 48.936787117284247 ], [ 5.78855483250589, 48.936774313309826 ], [ 5.788563272974781, 48.936753421085285 ], [ 5.788563046690594, 48.936723732419878 ], [ 5.788558776203281, 48.93669503769992 ], [ 5.788536868394276, 48.936668553123603 ], [ 5.788509455889106, 48.9366412968484 ], [ 5.78848053470331, 48.936611376232371 ], [ 5.78845259214106, 48.936574234302626 ], [ 5.788411008333126, 48.936537409854949 ], [ 5.788377850305096, 48.936504888373989 ], [ 5.788348302793981, 48.936463284691364 ], [ 5.788323811507973, 48.936439559650971 ], [ 5.788298004308457, 48.936416765047454 ], [ 5.788280622827283, 48.936398273427557 ], [ 5.788246100845285, 48.936365783653379 ], [ 5.788222829210641, 48.936339330758628 ], [ 5.788189719614143, 48.936307707914537 ], [ 5.788166448034148, 48.936281255007444 ], [ 5.788139228673987, 48.936257593417572 ], [ 5.788110259728264, 48.93622677400657 ], [ 5.788087132782164, 48.936203017167138 ], [ 5.788062448996538, 48.936175697287446 ], [ 5.78802884280782, 48.936160282650448 ], [ 5.787994995718429, 48.93614037452825 ], [ 5.787978400349531, 48.936111066774004 ], [ 5.787971498368501, 48.936084232895119 ], [ 5.787971176057707, 48.936052746819826 ], [ 5.787987753153449, 48.93603076546286 ], [ 5.7880105725988, 48.935997841038805 ], [ 5.788030567418563, 48.935963182708157 ], [ 5.788037402929897, 48.935937828773199 ], [ 5.788036487421688, 48.935920753563025 ], [ 5.788037673738225, 48.935891931824379 ], [ 5.788027609873556, 48.93585707317466 ], [ 5.788005750871876, 48.935831487176081 ], [ 5.787978435453102, 48.935806028149081 ], [ 5.787954281926754, 48.935788593886663 ], [ 5.787913069555465, 48.93578415401899 ], [ 5.787873221300239, 48.935779682394333 ], [ 5.787837079930278, 48.935767925965393 ], [ 5.787803763154463, 48.935757903432439 ], [ 5.787767477275877, 48.935743450895735 ], [ 5.787722428622435, 48.935718404447904 ], [ 5.787688678294631, 48.93570029362224 ], [ 5.787674522382436, 48.935665530158758 ], [ 5.787673173395246, 48.935640366680609 ], [ 5.787672610377504, 48.935604387113138 ], [ 5.787673555998238, 48.935571071891076 ], [ 5.787672014302032, 48.935542313627764 ], [ 5.787671692175858, 48.935510827535857 ], [ 5.787664501365895, 48.935478601449667 ], [ 5.787649029607316, 48.935444768412296 ], [ 5.787635451917855, 48.935420789286241 ], [ 5.787628405674038, 48.935391259282824 ], [ 5.787622771713401, 48.935362596234121 ], [ 5.787615870015115, 48.935335762316193 ], [ 5.787616767490501, 48.935301548390328 ], [ 5.787650836858385, 48.935274660964694 ], [ 5.787671506127531, 48.935252584414663 ], [ 5.787721270070638, 48.935212734336261 ], [ 5.787771226654913, 48.935176479019781 ], [ 5.787816401321806, 48.93515293239421 ], [ 5.787850711392592, 48.935130538388208 ], [ 5.787890815068965, 48.935114308271999 ], [ 5.787935459624502, 48.935080875943854 ], [ 5.787978050502455, 48.935060088830447 ], [ 5.78800793089075, 48.93503149913721 ], [ 5.788027380373886, 48.935012150353352 ], [ 5.78805228619569, 48.934992674586624 ], [ 5.788078748824513, 48.934976761853406 ], [ 5.788111839134038, 48.934957095602357 ], [ 5.78814935897852, 48.934943624976299 ], [ 5.788207725595096, 48.934936867708771 ], [ 5.788256591778419, 48.934931231339561 ], [ 5.788298348389925, 48.934920361512937 ], [ 5.78833265809986, 48.934897967364151 ], [ 5.788364335988863, 48.93487743409397 ], [ 5.788411949155716, 48.934848431564326 ], [ 5.788458439140471, 48.934823954244614 ], [ 5.788502104532335, 48.934797743014286 ], [ 5.788528036811714, 48.934771944522502 ], [ 5.78858738172389, 48.934757965750364 ], [ 5.788620471701962, 48.934738299354905 ], [ 5.78865633801069, 48.934719468142511 ], [ 5.788687822884256, 48.934695339999237 ], [ 5.788710785886098, 48.934665111489373 ], [ 5.788732336587315, 48.93463401603082 ], [ 5.788758813418556, 48.934592907898924 ], [ 5.788763209417092, 48.934573009572929 ], [ 5.788763224007814, 48.934547814328639 ], [ 5.788747800007114, 48.934514880100117 ], [ 5.78873125292795, 48.934486471102204 ], [ 5.788703600496756, 48.934454721335264 ], [ 5.788666158617961, 48.934418700343151 ], [ 5.788647076244755, 48.934393949620009 ], [ 5.788622296636825, 48.934364832417224 ], [ 5.788590793088472, 48.934337671356545 ], [ 5.78856304443764, 48.934304124160008 ], [ 5.788539291646174, 48.934268684311839 ], [ 5.788527126113243, 48.934245572206727 ], [ 5.78851739957855, 48.934217004420525 ], [ 5.788512647409709, 48.934179322667028 ], [ 5.788511842871233, 48.934138849572001 ], [ 5.788511568436615, 48.934108262138054 ], [ 5.788511149428961, 48.934074978613388 ], [ 5.788511323427481, 48.934027284191039 ], [ 5.788503794966052, 48.933988767234098 ], [ 5.788482481337411, 48.933947871683863 ], [ 5.788437819412253, 48.933930015037369 ], [ 5.788412061596937, 48.933908119102249 ], [ 5.788378808866778, 48.933873800148746 ], [ 5.788359485888714, 48.933844555883013 ], [ 5.788332460466842, 48.933824489071228 ], [ 5.788300075212372, 48.933806346637887 ], [ 5.788271493029915, 48.933782716771589 ], [ 5.788241450445271, 48.933757321251029 ], [ 5.788215933726621, 48.933739918755336 ], [ 5.78818409347293, 48.933706466692726 ], [ 5.7881553186596, 48.933679242008211 ], [ 5.788105697610197, 48.933645303923541 ], [ 5.788080870478599, 48.933615287891477 ], [ 5.788058819661248, 48.933586107060691 ], [ 5.788041598698362, 48.933545116181804 ], [ 5.788027924959232, 48.933519339663505 ], [ 5.787990484221465, 48.93348331842914 ], [ 5.787959415165899, 48.933464245456449 ], [ 5.787930736965118, 48.93343881810668 ], [ 5.787899378878377, 48.933414352933205 ], [ 5.787836406860118, 48.933386124344423 ], [ 5.787798758580807, 48.933371703527925 ], [ 5.787758141343986, 48.933352852694952 ], [ 5.787719369949119, 48.933342957082296 ], [ 5.787691495819468, 48.933358002803502 ], [ 5.787660685754142, 48.933394712480371 ], [ 5.787636792234156, 48.93343306084239 ], [ 5.78759755692015, 48.933465467453907 ], [ 5.787561739266876, 48.933485197068819 ], [ 5.78753254913964, 48.933501173187878 ], [ 5.787493569779843, 48.93351287798238 ], [ 5.787456692261714, 48.933512836220196 ], [ 5.787424211163052, 48.933492896149893 ], [ 5.787376259104574, 48.933439122935056 ], [ 5.787352796539418, 48.933409075009202 ], [ 5.787332110264286, 48.933379862302196 ], [ 5.787316446666813, 48.933342434365372 ], [ 5.787302002627819, 48.933302278595598 ], [ 5.787293559949338, 48.933246686278757 ], [ 5.787292708204429, 48.933205314442787 ], [ 5.787292819845412, 48.933181916562518 ], [ 5.78730793593336, 48.933158169581688 ], [ 5.78732675876922, 48.933127137805414 ], [ 5.787359559164584, 48.933102079540973 ], [ 5.787398441904773, 48.933088577389817 ], [ 5.787419543954427, 48.933074589119748 ], [ 5.787436313020691, 48.9330562025701 ], [ 5.787450465570044, 48.933014481609924 ], [ 5.78745086617045, 48.932996475913072 ], [ 5.787429201339964, 48.932974484533503 ], [ 5.787393751663587, 48.932950114430696 ], [ 5.787377302162447, 48.932923502600794 ], [ 5.787361382549936, 48.932906776446643 ], [ 5.787343954404514, 48.932887385932794 ], [ 5.787330714710331, 48.93286969760215 ], [ 5.787302470666449, 48.932852358371093 ], [ 5.787279201083237, 48.932825905207132 ], [ 5.787253636975078, 48.932807603793393 ], [ 5.787222375922535, 48.932784935824927 ], [ 5.787195495991239, 48.932767564831813 ], [ 5.787171488638178, 48.932752826457367 ], [ 5.7871335038389, 48.932732114535504 ], [ 5.787100237308262, 48.932722990477153 ], [ 5.787063023196412, 48.932716657705591 ], [ 5.787045098158454, 48.932713475448722 ], [ 5.787012072474996, 48.932708844857494 ], [ 5.786969739410957, 48.932708929877712 ], [ 5.78695059484105, 48.932708475434445 ], [ 5.786899724975865, 48.932727655222386 ], [ 5.786854744645131, 48.932754796348817 ], [ 5.786815253018753, 48.932807904517965 ], [ 5.786776451104544, 48.932848399164364 ], [ 5.786701365548578, 48.932874440898857 ], [ 5.786626632644761, 48.932881578191299 ], [ 5.786573676108144, 48.932887309091015 ], [ 5.786521842815734, 48.932888514747773 ], [ 5.786476926001186, 48.932891359144129 ], [ 5.786436502235007, 48.932876102648642 ], [ 5.786418881829199, 48.932853117205823 ], [ 5.78641393869002, 48.932811840527528 ], [ 5.786388423046421, 48.932794437627521 ], [ 5.786352043322723, 48.932778187225558 ], [ 5.786314540350679, 48.932766462030443 ], [ 5.786257202897555, 48.932766895774783 ], [ 5.786202689805649, 48.932769063441228 ], [ 5.786149348143955, 48.932767604564965 ], [ 5.786103709188612, 48.932756968341835 ], [ 5.786077567753765, 48.932727882291594 ], [ 5.786075048176777, 48.932706345244497 ], [ 5.786123045821403, 48.932684533155999 ], [ 5.786162474061839, 48.932655721798767 ], [ 5.786182854024698, 48.932628253259381 ], [ 5.78618978629763, 48.932604696749138 ], [ 5.786194776741471, 48.93257038757617 ], [ 5.786216472528957, 48.93254198860626 ], [ 5.786242212215428, 48.932512595759874 ], [ 5.786294157228419, 48.932487992329285 ], [ 5.786339426533571, 48.932466243599571 ], [ 5.786368231225763, 48.9324430781651 ], [ 5.786370589798503, 48.932410629828972 ], [ 5.786370461089622, 48.932382738437916 ], [ 5.786368679445654, 48.932349486578438 ], [ 5.786316958762366, 48.932327294249269 ], [ 5.786268399517624, 48.932313126739011 ], [ 5.786222568336864, 48.93229889576066 ], [ 5.786195737139985, 48.93228242323454 ], [ 5.786176608576539, 48.932256773370085 ], [ 5.786125626703764, 48.932299350736315 ], [ 5.786069108267768, 48.932315062274718 ], [ 5.786009572880443, 48.932325445035197 ], [ 5.785962361793866, 48.932336440975277 ], [ 5.785920654912992, 48.932348208713123 ], [ 5.785897755434862, 48.932354140157202 ], [ 5.785844013055707, 48.932370686846866 ], [ 5.785785777406468, 48.932405334371161 ], [ 5.785740556064597, 48.932427981592092 ], [ 5.785709167478767, 48.932453906409897 ], [ 5.785675339657884, 48.932485286849172 ], [ 5.785649599664657, 48.932514679574567 ], [ 5.785618259120918, 48.932541503065508 ], [ 5.785590962484229, 48.93256733269785 ], [ 5.785569699595142, 48.932603819845156 ], [ 5.785536513544685, 48.932621688039106 ], [ 5.785444176238484, 48.932733612853184 ], [ 5.785414536443151, 48.932766695462789 ], [ 5.785398488797963, 48.932798562218593 ], [ 5.78537887852788, 48.932840409802907 ], [ 5.785352303646957, 48.93287971985697 ], [ 5.785332741444274, 48.932922466129455 ], [ 5.785319710583628, 48.932959661635095 ], [ 5.785175104659405, 48.933141187564402 ], [ 5.785021576170673, 48.933258133825987 ], [ 5.784904427918682, 48.933314846207224 ], [ 5.784833144131841, 48.933335399440573 ], [ 5.784727903479165, 48.93335944140923 ], [ 5.784602202006365, 48.933383958871474 ], [ 5.78439683955605, 48.933425624603274 ], [ 5.784120192499405, 48.933487842787976 ], [ 5.783750242961315, 48.933567525269801 ], [ 5.783534014770697, 48.933610341782078 ], [ 5.783392135871928, 48.933638833086178 ], [ 5.783270140461992, 48.933656064477098 ], [ 5.783141613275773, 48.933678846383515 ], [ 5.783002269708145, 48.93370367904987 ], [ 5.782862571906775, 48.933747415922092 ], [ 5.782735198501742, 48.933791766170017 ], [ 5.782590428703161, 48.933842819052046 ], [ 5.782434571428914, 48.933865335148823 ], [ 5.782309510458684, 48.933876338025605 ], [ 5.782228387941132, 48.933891719259826 ], [ 5.7818460598942, 48.933969883542531 ], [ 5.781557436795481, 48.934012577788259 ], [ 5.781345892144475, 48.934040884460174 ], [ 5.78124928368232, 48.934047626387411 ], [ 5.781086623180787, 48.934045103809176 ], [ 5.781005710631904, 48.934038883756756 ], [ 5.780908429292831, 48.934033043613908 ], [ 5.780806556749662, 48.934043506637394 ], [ 5.78067549161349, 48.934069944014695 ], [ 5.780371488566982, 48.934157083277988 ], [ 5.78007231620472, 48.934232412048573 ], [ 5.779961019865248, 48.934270987279284 ], [ 5.779828023360617, 48.934337960176101 ], [ 5.77888367522381, 48.93343215973286 ], [ 5.778295142189593, 48.932999501688265 ], [ 5.777204975767369, 48.931996290430241 ], [ 5.776780804978493, 48.931597606837833 ], [ 5.777076865545884, 48.931259611734404 ], [ 5.778297696715526, 48.931411267598158 ], [ 5.781183529232433, 48.93046878148062 ], [ 5.781286163707682, 48.930472697342516 ], [ 5.781641950523052, 48.930486031995848 ], [ 5.781908838828017, 48.930496930994828 ], [ 5.782056580713417, 48.930501598315125 ], [ 5.782233206480336, 48.930510093713067 ], [ 5.782389516934776, 48.930521760166727 ], [ 5.782552791587639, 48.930535964110433 ], [ 5.782631456377578, 48.930474748809075 ], [ 5.783223735178993, 48.929930995839854 ], [ 5.784177424645496, 48.929046806168472 ], [ 5.7840879197552, 48.929007494677819 ], [ 5.783996906742121, 48.928965518709752 ], [ 5.783941115562181, 48.928918225007692 ], [ 5.783881826921682, 48.928856615427812 ], [ 5.783798197123419, 48.928773975790484 ], [ 5.783698344791095, 48.928694412544715 ], [ 5.783515135272213, 48.928562796959355 ], [ 5.783337172754088, 48.928452654884985 ], [ 5.78324038624231, 48.928379318775207 ], [ 5.782970854353022, 48.928191219662573 ], [ 5.782905871599982, 48.928125242788376 ], [ 5.782822598603962, 48.928023697946152 ], [ 5.782658523427934, 48.927841246571589 ], [ 5.782442879275675, 48.92763929695758 ], [ 5.782328605267121, 48.927570865433594 ], [ 5.78222387882737, 48.927502212045411 ], [ 5.782097378438489, 48.927434964105124 ], [ 5.781974086880684, 48.92737663972347 ], [ 5.781871446242688, 48.927321434912002 ], [ 5.781788495066395, 48.927251375624571 ], [ 5.781714658718894, 48.927173006218993 ], [ 5.781659274094823, 48.927107705600775 ], [ 5.78155381042434, 48.927050766437759 ], [ 5.781467921969938, 48.927002370851504 ], [ 5.781230985868768, 48.926887296355567 ], [ 5.780948647133271, 48.926714787106071 ], [ 5.780822168740855, 48.926622342343016 ], [ 5.78071418991068, 48.926543865135429 ], [ 5.78061652725436, 48.926479545499582 ], [ 5.78054200254884, 48.926413788862405 ], [ 5.780499375456754, 48.926357189787211 ], [ 5.780456297443395, 48.926317697772376 ], [ 5.780377855105475, 48.926280826260857 ], [ 5.78030780691202, 48.926222164143852 ], [ 5.780198092073988, 48.92618781803094 ], [ 5.7800818170569, 48.92613292818266 ], [ 5.779930119668903, 48.926028470311778 ], [ 5.779839825513583, 48.925948682080168 ], [ 5.779670495114051, 48.925846432747157 ], [ 5.779505449044517, 48.925747683050297 ], [ 5.7793610054065, 48.925651154547388 ], [ 5.779229701332917, 48.925570517793382 ], [ 5.779095929349151, 48.925469242259354 ], [ 5.778993286146754, 48.925362745265069 ], [ 5.778936043502499, 48.925313683302313 ], [ 5.778902178294126, 48.925267678246193 ], [ 5.778787578046178, 48.925192952240863 ], [ 5.778655564876396, 48.925150123837064 ], [ 5.778351180629166, 48.925101395598759 ], [ 5.778197086981762, 48.925079774763063 ], [ 5.778026079649534, 48.925073842974896 ], [ 5.777615961353646, 48.925014067784616 ], [ 5.777325505132184, 48.924970412921553 ], [ 5.777210579514601, 48.924940684069405 ], [ 5.776996470844189, 48.924869163385537 ], [ 5.776878290182347, 48.924829611652505 ], [ 5.776725369864149, 48.924804362464897 ], [ 5.776585635696012, 48.924795904023568 ], [ 5.776435539221501, 48.924772388654219 ], [ 5.77634243577692, 48.924742153154732 ], [ 5.776334060928178, 48.924738747988805 ], [ 5.776198028095641, 48.924671714931975 ], [ 5.776068335055464, 48.924595536578053 ], [ 5.77597367005128, 48.92451044789685 ], [ 5.775896591106245, 48.924422252117594 ], [ 5.775802325027487, 48.924267867812617 ], [ 5.775735773540278, 48.924172229384084 ], [ 5.775690542729876, 48.924092293625684 ], [ 5.775597036301698, 48.924080063334003 ], [ 5.775483387454345, 48.924099793460137 ], [ 5.77538648789384, 48.92412633394806 ], [ 5.775233576040919, 48.924152372520702 ], [ 5.775120955055574, 48.924165779731247 ], [ 5.77494237024283, 48.924196911841769 ], [ 5.774677577262172, 48.924224641810852 ], [ 5.774492050585311, 48.924228039599832 ], [ 5.774286498092895, 48.924239999325373 ], [ 5.774053403318165, 48.924222002672636 ], [ 5.773769607944662, 48.924200680580569 ], [ 5.773666219597725, 48.924182378886208 ], [ 5.773596042083597, 48.924172306279488 ], [ 5.773553092936589, 48.924160703320482 ], [ 5.773528614187629, 48.924136974987562 ], [ 5.773549380870922, 48.924116698067976 ], [ 5.773805694935462, 48.923981188453077 ], [ 5.773630622205023, 48.923950149646608 ], [ 5.773492947536044, 48.923929042475962 ], [ 5.773358118479044, 48.923884473923025 ], [ 5.773179529927265, 48.923864313722675 ], [ 5.773039198173997, 48.923818972400532 ], [ 5.772902910163451, 48.923772637482415 ], [ 5.772834550650618, 48.923745425762839 ], [ 5.772733555778451, 48.923720769131549 ], [ 5.772633254101735, 48.923683498882326 ], [ 5.772535942142011, 48.923625463473165 ], [ 5.772421689978102, 48.923557022249142 ], [ 5.772337776946251, 48.923494177439167 ], [ 5.772236996987732, 48.923447919731231 ], [ 5.772155383493944, 48.923428212963294 ], [ 5.772026349843751, 48.923441097332493 ], [ 5.771930407645108, 48.923485609282295 ], [ 5.771795731610638, 48.923597604216944 ], [ 5.771684383310715, 48.923711758625373 ], [ 5.771641414225637, 48.923776640168597 ], [ 5.771572747187796, 48.923820520646771 ], [ 5.771512643971561, 48.923820111743886 ], [ 5.77141330070345, 48.923800814716351 ], [ 5.771216911050682, 48.923754068896976 ], [ 5.771101083475257, 48.923758548320308 ], [ 5.771011049218655, 48.923785826228901 ], [ 5.770859739366446, 48.92381632123773 ], [ 5.770713310072433, 48.923835905316309 ], [ 5.770616814925685, 48.92384443616092 ], [ 5.770544031049166, 48.923862316484687 ], [ 5.770496130753827, 48.923885919935778 ], [ 5.770439832625924, 48.923931313275773 ], [ 5.770388893903201, 48.923974782986363 ], [ 5.770297112959182, 48.924046191884777 ], [ 5.770207221380552, 48.924076165318809 ], [ 5.770114386367866, 48.924076512720312 ], [ 5.770023704629504, 48.924066012421882 ], [ 5.769952092138701, 48.924028976309181 ], [ 5.769906057134349, 48.923985049933378 ], [ 5.769855500043175, 48.923933129739865 ], [ 5.769787452839101, 48.923886113071816 ], [ 5.769717252428385, 48.923849943987925 ], [ 5.769606999314138, 48.92383089775506 ], [ 5.769548068491863, 48.923826861480684 ], [ 5.769461095901899, 48.923809076448315 ], [ 5.769275881486533, 48.923792662947641 ], [ 5.769173955031877, 48.923776123264695 ], [ 5.769090595609078, 48.923749256242104 ], [ 5.769015969541252, 48.923706890339837 ], [ 5.768902056727931, 48.923644736756771 ], [ 5.768686624540623, 48.923599326876783 ], [ 5.7685375640341, 48.923569479070864 ], [ 5.768340531532991, 48.923536240751069 ], [ 5.768123975632044, 48.923495354943263 ], [ 5.767926249438176, 48.923474729448699 ], [ 5.767764460381911, 48.923462271398435 ], [ 5.767554364636291, 48.92344013149016 ], [ 5.767333023981625, 48.923411952291069 ], [ 5.767188056178095, 48.923382008272988 ], [ 5.767111134899064, 48.923347792612176 ], [ 5.767044957942298, 48.92328453449305 ], [ 5.766994021911008, 48.923225423344924 ], [ 5.7668990144103, 48.923159231893784 ], [ 5.766805416113558, 48.92314519730246 ], [ 5.766664324224102, 48.923136758782242 ], [ 5.766543641433741, 48.923126948876757 ], [ 5.766428917246963, 48.923100804492002 ], [ 5.766338193248373, 48.923038112949691 ], [ 5.766233904895619, 48.92295143950922 ], [ 5.766102054454334, 48.922860003592803 ], [ 5.765990374444805, 48.922762702823164 ], [ 5.765903603054061, 48.922645930555277 ], [ 5.765834678805471, 48.922556640478419 ], [ 5.765731539142937, 48.92249153573006 ], [ 5.765571812238263, 48.922466429710354 ], [ 5.765417514688473, 48.922466393048786 ], [ 5.765245822529821, 48.922473056512452 ], [ 5.765009146907607, 48.922490218086857 ], [ 5.764684924427396, 48.922530095841061 ], [ 5.764471432558754, 48.922546721202451 ], [ 5.76444970766688, 48.92254902226172 ], [ 5.764333187095226, 48.922566108645924 ], [ 5.764240901412011, 48.922602431606293 ], [ 5.764148854398762, 48.922643248073676 ], [ 5.764039364645994, 48.922689865900381 ], [ 5.763898555474439, 48.922738106162491 ], [ 5.763748390572334, 48.922790161401238 ], [ 5.763592531479632, 48.922837848737203 ], [ 5.763446245448092, 48.92286012010063 ], [ 5.763285509766555, 48.922867427747072 ], [ 5.763008476698531, 48.922818929880407 ], [ 5.762755821857526, 48.922792364506797 ], [ 5.762267717123761, 48.922728937405793 ], [ 5.761926846763746, 48.922712503063231 ], [ 5.76170591402223, 48.922717597416757 ], [ 5.761555802508415, 48.922719258879823 ], [ 5.761391910020699, 48.92271853842287 ], [ 5.761060709896661, 48.922678483441437 ], [ 5.760858659748222, 48.922653446997664 ], [ 5.760698171495465, 48.922613955009993 ], [ 5.760577376183513, 48.922576247421183 ], [ 5.760440720961222, 48.922522708537279 ], [ 5.760406797909632, 48.922500994939647 ], [ 5.760275636789058, 48.922499518617109 ], [ 5.760192255584933, 48.922497840892923 ], [ 5.760144237223592, 48.922493548563111 ], [ 5.760111315802098, 48.922490707950708 ], [ 5.760047962080717, 48.922480470257561 ], [ 5.760016166008787, 48.922473104604279 ], [ 5.759969129962488, 48.9224615910368 ], [ 5.759920682473885, 48.922449210158092 ], [ 5.75987364647031, 48.922437696552862 ], [ 5.759800269583366, 48.922418691522033 ], [ 5.759707609163581, 48.922396531493035 ], [ 5.759587005797039, 48.922362417769754 ], [ 5.759432956850415, 48.922315577226826 ], [ 5.759276132961477, 48.922267900601177 ], [ 5.759069260169338, 48.922203380367272 ], [ 5.758886774112204, 48.922109503933719 ], [ 5.758707426707015, 48.92199755860922 ], [ 5.75863926760655, 48.921973933621636 ], [ 5.758579481805341, 48.921953715010829 ], [ 5.758494165828516, 48.921941282890046 ], [ 5.758430908414945, 48.921932841774158 ], [ 5.758373535010987, 48.92193236346391 ], [ 5.758307931366157, 48.921931174847956 ], [ 5.758268334553949, 48.921931186917455 ], [ 5.75818868263277, 48.921948318080105 ], [ 5.758135275779834, 48.921971143533845 ], [ 5.758057595765422, 48.922051216327638 ], [ 5.75803071983485, 48.922085128400084 ], [ 5.758000229093038, 48.922128121862521 ], [ 5.757973543696036, 48.922165628794581 ], [ 5.7579351856576, 48.922189007440366 ], [ 5.757886852322858, 48.922204517418763 ], [ 5.757794354115481, 48.922211146307014 ], [ 5.757670346190089, 48.922215801158977 ], [ 5.757362467222299, 48.92222918807127 ], [ 5.757143328604506, 48.92224233108864 ], [ 5.757098151269395, 48.922265866431893 ], [ 5.757068165956744, 48.922292651315907 ], [ 5.757027145187479, 48.922343085414269 ], [ 5.756979471361099, 48.922499850848531 ], [ 5.756941308454325, 48.92260420803418 ], [ 5.756901049470047, 48.922669021574372 ], [ 5.756859647170579, 48.922712265848418 ], [ 5.756826743372365, 48.922735518566618 ], [ 5.756748042386262, 48.922770623132493 ], [ 5.756690685588173, 48.922796238247862 ], [ 5.756637324838068, 48.922819961734781 ], [ 5.756572785408586, 48.922864638210633 ], [ 5.756539946452968, 48.922914883793709 ], [ 5.756505445088052, 48.9230110581736 ], [ 5.756479299473421, 48.923084544870711 ], [ 5.756416682023542, 48.923191264213102 ], [ 5.756399065269006, 48.923219563876721 ], [ 5.75636146775932, 48.923257321491135 ], [ 5.756345768918688, 48.923270280162683 ], [ 5.756291407407503, 48.923275130397997 ], [ 5.756262624726958, 48.923273093297418 ], [ 5.756234729612435, 48.923262037621868 ], [ 5.756208198309554, 48.923250950556948 ], [ 5.756191356483145, 48.923242339963913 ], [ 5.756170185151718, 48.923229329922798 ], [ 5.756130617739583, 48.923204145783686 ], [ 5.756049309687048, 48.923138530628144 ], [ 5.75600498433999, 48.92310085852646 ], [ 5.755962737133595, 48.923076635808613 ], [ 5.755924867059398, 48.923057711249491 ], [ 5.75584749459065, 48.923040595385189 ], [ 5.755773325915546, 48.923032403903818 ], [ 5.755688437366503, 48.923028058267569 ], [ 5.755609432522045, 48.923031675537921 ], [ 5.755538848490919, 48.92303959810026 ], [ 5.755458908314149, 48.923051335117087 ], [ 5.75538470893544, 48.92306833890094 ], [ 5.755302993235753, 48.923098112939869 ], [ 5.755263966815614, 48.923108908644558 ], [ 5.755220563352467, 48.923114406136975 ], [ 5.755167184855607, 48.923112034739212 ], [ 5.755092682959349, 48.923097551803671 ], [ 5.75453415632527, 48.922916037939089 ], [ 5.75442514660064, 48.92284296045996 ], [ 5.754338038054174, 48.922822468276372 ], [ 5.754302753564693, 48.922800784318206 ], [ 5.754301468639221, 48.922776518887368 ], [ 5.754339462940084, 48.92269466191398 ], [ 5.754322700456537, 48.922661754259344 ], [ 5.754309664949592, 48.922647656994471 ], [ 5.754271986145466, 48.92263232678463 ], [ 5.75414180795774, 48.922623622628855 ], [ 5.753794978390394, 48.922623498905416 ], [ 5.753701812806619, 48.922617542551833 ], [ 5.753639443350756, 48.922600080356887 ], [ 5.753616623667885, 48.922581708889894 ], [ 5.753611897835932, 48.922544025351371 ], [ 5.753600495833978, 48.922509194737671 ], [ 5.75357734316542, 48.922484532220345 ], [ 5.753347165502548, 48.92236654919445 ], [ 5.753304127218105, 48.922353141517974 ], [ 5.752982466432856, 48.922286750502678 ], [ 5.752769733752571, 48.922240350537287 ], [ 5.752684926364156, 48.922211705966497 ], [ 5.752648374325018, 48.922191850293267 ], [ 5.752624128362405, 48.922146517005196 ], [ 5.752628251765002, 48.922121227452713 ], [ 5.752654147949364, 48.922094537702762 ], [ 5.752707589378238, 48.922046519166592 ], [ 5.752718341333543, 48.922017478009899 ], [ 5.752701722777707, 48.921987266270826 ], [ 5.752625193567876, 48.921960231035307 ], [ 5.752587325519999, 48.921941305401916 ], [ 5.752576162131997, 48.921910968276755 ], [ 5.752591338347091, 48.921888124150961 ], [ 5.752640735887328, 48.921841098381499 ], [ 5.752642924769889, 48.921805055510021 ], [ 5.752656642040367, 48.921780445273654 ], [ 5.752682252675118, 48.921748363182211 ], [ 5.752729382567423, 48.921684293009825 ], [ 5.752727860595153, 48.92165553393103 ], [ 5.752719995442409, 48.921635918779749 ], [ 5.752691198300249, 48.92160778655866 ], [ 5.752636822704389, 48.921586540883347 ], [ 5.752562941959388, 48.92158373973178 ], [ 5.752523392968341, 48.921584648624126 ], [ 5.75249442114035, 48.921579015729762 ], [ 5.752471412081137, 48.921557049141796 ], [ 5.75245051231832, 48.921523336490175 ], [ 5.75242162027181, 48.921493406758458 ], [ 5.75235614464155, 48.921468816784895 ], [ 5.752266231888452, 48.921472682567568 ], [ 5.752205623725506, 48.921488472305548 ], [ 5.752146061657033, 48.921524033887252 ], [ 5.75206601078236, 48.921585261014442 ], [ 5.752011380504848, 48.921610811246481 ], [ 5.751962950844904, 48.92162452140046 ], [ 5.751895380970571, 48.921637771487035 ], [ 5.751824608080808, 48.921642096985394 ], [ 5.751759242676066, 48.921645398391625 ], [ 5.751672802791204, 48.921637486350697 ], [ 5.751616318111549, 48.921627986256958 ], [ 5.751558597376667, 48.921595119371602 ], [ 5.751416674265962, 48.921519196092774 ], [ 5.751257816072396, 48.921432863895753 ], [ 5.751078089015127, 48.921365007116776 ], [ 5.751051925351263, 48.921335014401485 ], [ 5.751034547468215, 48.921290422857233 ], [ 5.751024657327002, 48.921180872714984 ], [ 5.751013242688914, 48.921119947539864 ], [ 5.750982132389819, 48.921073871770801 ], [ 5.750927520399843, 48.921048131697255 ], [ 5.750856082829367, 48.921039874511685 ], [ 5.750794476661618, 48.92103679037028 ], [ 5.750750836820178, 48.921037792641634 ], [ 5.750707087411744, 48.921010903177887 ], [ 5.750624981706166, 48.920930005924625 ], [ 5.750623841115622, 48.920908436580582 ], [ 5.750621037167886, 48.92085541194129 ], [ 5.750614383755448, 48.9207295907527 ], [ 5.750605554595514, 48.92066590670639 ], [ 5.750591855262353, 48.920639226890508 ], [ 5.750565739766955, 48.920610132771955 ], [ 5.750517471911744, 48.920575248677437 ], [ 5.750441121618208, 48.920525712618051 ], [ 5.750346886081808, 48.920447793161884 ], [ 5.750275278280542, 48.920384650878077 ], [ 5.750165676371349, 48.920325980241763 ], [ 5.750088913348319, 48.920294449728146 ], [ 5.750051570090443, 48.920285409221854 ], [ 5.749976788587972, 48.920265530727143 ], [ 5.749926886772779, 48.920251379647716 ], [ 5.749859622562927, 48.920218731081519 ], [ 5.749806185709891, 48.920189364271693 ], [ 5.749766053580146, 48.920153393277047 ], [ 5.749707846557342, 48.920085443922261 ], [ 5.749681161743776, 48.920045564911049 ], [ 5.749659456774765, 48.919996573421081 ], [ 5.749660901519321, 48.91997224526115 ], [ 5.74971804059909, 48.919890849947166 ], [ 5.749773259724351, 48.919824795525756 ], [ 5.749806164833757, 48.919801544682201 ], [ 5.749864566949339, 48.9197957047177 ], [ 5.749915038446719, 48.919820640515368 ], [ 5.749995810939311, 48.919876374072203 ], [ 5.750072098147778, 48.919898917420319 ], [ 5.750154063629497, 48.919899734781133 ], [ 5.750194119804562, 48.91988261832855 ], [ 5.750214513749092, 48.91985515558472 ], [ 5.750217782842554, 48.919813689034505 ], [ 5.750210712429932, 48.91978325768536 ], [ 5.750175146626314, 48.919756180108308 ], [ 5.750139960980931, 48.919736292310766 ], [ 5.75000097663772, 48.919689993799643 ], [ 5.74995665860675, 48.919652319340997 ], [ 5.749925882699969, 48.919612534303532 ], [ 5.749894441689473, 48.919560167119627 ], [ 5.749892351217706, 48.919520623259274 ], [ 5.749898157913351, 48.919475499186369 ], [ 5.749925322862861, 48.919446981201723 ], [ 5.749972895817158, 48.9194170948089 ], [ 5.750061379783724, 48.919386269015369 ], [ 5.75009471211344, 48.919371106600749 ], [ 5.750138668945913, 48.9193503013217 ], [ 5.750176838332673, 48.919323330214098 ], [ 5.750215197744095, 48.919299953990368 ], [ 5.750229010534905, 48.919277141423521 ], [ 5.750231343528869, 48.919243794683659 ], [ 5.750196842430228, 48.919185199121245 ], [ 5.750139381933396, 48.919105535184713 ], [ 5.750050067366227, 48.918991509846315 ], [ 5.749973515650385, 48.918912284193965 ], [ 5.749931593103948, 48.918868256002817 ], [ 5.749845096520502, 48.918833349571926 ], [ 5.749748992704638, 48.918771669190761 ], [ 5.749717267338593, 48.918713909570805 ], [ 5.749705773769176, 48.918677281013935 ], [ 5.749662582967682, 48.918635081477873 ], [ 5.749620532359704, 48.918614451324196 ], [ 5.749551920709548, 48.918607928176606 ], [ 5.749482291812157, 48.918633821703317 ], [ 5.749380694456667, 48.91867484611857 ], [ 5.749277543258548, 48.918712306850047 ], [ 5.749261321535387, 48.918715378672374 ], [ 5.749169242167607, 48.918703995119103 ], [ 5.749055995138321, 48.918679600142369 ], [ 5.748893988048769, 48.918662622932537 ], [ 5.748842391939187, 48.918642211603562 ], [ 5.748825634237143, 48.918609303057188 ], [ 5.748816393769296, 48.918563624560385 ], [ 5.748809724643934, 48.918489092952484 ], [ 5.748794825981927, 48.918413850405194 ], [ 5.74876502191243, 48.918340749583123 ], [ 5.748734044211124, 48.918271274949021 ], [ 5.748682611512584, 48.918202269763306 ], [ 5.748594773783653, 48.918116103744154 ], [ 5.748510423448137, 48.91804425467744 ], [ 5.748385448260107, 48.917978736726354 ], [ 5.74830783510413, 48.917931027935168 ], [ 5.748235344382113, 48.917876902840035 ], [ 5.748188905834906, 48.917824879338141 ], [ 5.748133905584248, 48.917765853752208 ], [ 5.748106286810175, 48.917734094132818 ], [ 5.74807847815901, 48.91769873960078 ], [ 5.74807394669112, 48.917664650579994 ], [ 5.748071715246288, 48.917622410439684 ], [ 5.748046966330191, 48.917593284401022 ], [ 5.748008485932132, 48.917562673800482 ], [ 5.747966199468348, 48.917537549413332 ], [ 5.747909788645866, 48.917477656271473 ], [ 5.747829781680794, 48.917436300811993 ], [ 5.747769530571707, 48.917407089456425 ], [ 5.74775052136146, 48.917383230563367 ], [ 5.747745196145122, 48.917359957528006 ], [ 5.747754681195185, 48.917332745431644 ], [ 5.747774695651041, 48.917298093224268 ], [ 5.747809019472796, 48.917198325945492 ], [ 5.747819345905383, 48.91716119655684 ], [ 5.74785751488856, 48.917134226133768 ], [ 5.74788881813933, 48.917106513412527 ], [ 5.747911287969195, 48.917092500606145 ], [ 5.747975081212636, 48.917059543297569 ], [ 5.748000135855966, 48.917042771714605 ], [ 5.748022130867203, 48.917019771617298 ], [ 5.748055638999575, 48.916982110273466 ], [ 5.748102830954855, 48.916945034739598 ], [ 5.748117023867823, 48.916929412182597 ], [ 5.748118136904673, 48.916898792883671 ], [ 5.748105898430722, 48.916873878854219 ], [ 5.748064087246328, 48.916857741755983 ], [ 5.747976279095987, 48.916823763928711 ], [ 5.747920391250877, 48.916773756751205 ], [ 5.747856748967405, 48.916732025818142 ], [ 5.747764992679231, 48.916700837877571 ], [ 5.747728161563611, 48.91667558823886 ], [ 5.747676446957301, 48.916601190155639 ], [ 5.747658754244715, 48.916576401217014 ], [ 5.747651258544894, 48.91653788107903 ], [ 5.747665071726502, 48.91651506874981 ], [ 5.747908029966414, 48.916410514470392 ], [ 5.747967222419712, 48.916393859394177 ], [ 5.748018517940349, 48.916382784392063 ], [ 5.748080010286687, 48.916357978132922 ], [ 5.748106794789716, 48.916322270658995 ], [ 5.748109366395784, 48.916293417507262 ], [ 5.748108722777877, 48.916229545271918 ], [ 5.748066376685196, 48.916177427771217 ], [ 5.747957843691766, 48.916164621287827 ], [ 5.747913733146735, 48.916156635253763 ], [ 5.747873381162106, 48.916142264245138 ], [ 5.747761408991146, 48.916116039243704 ], [ 5.747622544334025, 48.916097629668172 ], [ 5.747552192897956, 48.916083946822745 ], [ 5.747478605033624, 48.916086534889331 ], [ 5.747402005139878, 48.916083793108598 ], [ 5.747308757069601, 48.916076034292495 ], [ 5.747270873351908, 48.916108396934845 ], [ 5.747248381867447, 48.916173699689118 ], [ 5.74721433883542, 48.916175380437409 ], [ 5.747118540516301, 48.916145184555525 ], [ 5.747024011010576, 48.916113159861638 ], [ 5.746997105654136, 48.916094880859646 ], [ 5.746981299084334, 48.916079946540528 ], [ 5.746973626768676, 48.916063925823941 ], [ 5.746964625662971, 48.916022740718233 ], [ 5.746980406924519, 48.915985486250491 ], [ 5.746989607380133, 48.915952881810988 ], [ 5.746978068883218, 48.915915354171176 ], [ 5.746922407639192, 48.91584374572917 ], [ 5.746873896781405, 48.915778271971881 ], [ 5.746820855571509, 48.915678709060565 ], [ 5.747071790705385, 48.915544279419059 ], [ 5.749291839921295, 48.914358663023201 ], [ 5.750981982703323, 48.914022908902481 ], [ 5.753185784010804, 48.913126431171044 ], [ 5.75572091169029, 48.913409152607649 ], [ 5.756807358372832, 48.913223978137658 ], [ 5.757652445941103, 48.912966967070062 ], [ 5.757113118413726, 48.912038170019102 ], [ 5.757032031062083, 48.910817175448862 ], [ 5.757217154894265, 48.910497974201718 ], [ 5.756351300848, 48.909022397742781 ], [ 5.75798621578014, 48.907468542950902 ], [ 5.758229752590874, 48.907273069429948 ], [ 5.758537621448804, 48.906771971114658 ], [ 5.758850564687018, 48.906340941419096 ], [ 5.759710280405177, 48.90548698691056 ], [ 5.760371870730659, 48.904835555699449 ], [ 5.760856087152693, 48.903954253908928 ], [ 5.761844329890365, 48.903928762360849 ], [ 5.762239159160177, 48.903909755884023 ], [ 5.76243557518307, 48.903855733467346 ], [ 5.762612727264895, 48.903516008273314 ], [ 5.763298871148032, 48.903430887060274 ], [ 5.763195291307564, 48.903588048971443 ], [ 5.76343528231777, 48.903532119347567 ], [ 5.763901419663984, 48.902928368989343 ], [ 5.764486790773003, 48.902359656232711 ], [ 5.765098640996221, 48.901878512369223 ], [ 5.764592306063237, 48.901134343372483 ], [ 5.764891171237452, 48.899926159823927 ], [ 5.765627666150371, 48.89935124909492 ], [ 5.765282653716981, 48.899202646985145 ], [ 5.765294778921608, 48.899199667399458 ], [ 5.765326422338923, 48.899153044749902 ], [ 5.765568497169368, 48.898751524091963 ], [ 5.765698731712837, 48.898505559089969 ], [ 5.76575223609407, 48.898408040277133 ], [ 5.765793111950775, 48.898329709798951 ], [ 5.76580980762004, 48.898284332137521 ], [ 5.76582631219486, 48.898235359530588 ], [ 5.765857168180492, 48.89814826211466 ], [ 5.765914261493283, 48.898015566540558 ], [ 5.766032724308009, 48.897804966639924 ], [ 5.766202032568521, 48.89752390405036 ], [ 5.766343809365116, 48.897315464499236 ], [ 5.766426318865781, 48.897224473686585 ], [ 5.766640841658982, 48.896998155463784 ], [ 5.766873130666326, 48.896772325983243 ], [ 5.767063564370225, 48.896632048455601 ], [ 5.767223337756536, 48.896531172481126 ], [ 5.767408770282072, 48.896425203896356 ], [ 5.767614575753419, 48.896343059705323 ], [ 5.768004279807838, 48.896177477058636 ], [ 5.768406010049219, 48.896007115737163 ], [ 5.768701967357204, 48.895875193069557 ], [ 5.768893516263925, 48.895781678325925 ], [ 5.769009569161746, 48.895731302322403 ], [ 5.769187390656504, 48.895636304916053 ], [ 5.769377837833548, 48.895522118444696 ], [ 5.769525622730638, 48.895426915514513 ], [ 5.769670154836414, 48.89532188936937 ], [ 5.769692322418758, 48.89530247978162 ], [ 5.769806173189922, 48.895210761116694 ], [ 5.769983249757779, 48.895076186547335 ], [ 5.770004245408025, 48.895060403382942 ], [ 5.770288761846136, 48.894867551848158 ], [ 5.770982491749792, 48.894388975657236 ], [ 5.771150572415988, 48.894290601135545 ], [ 5.771228407088337, 48.894240207673981 ], [ 5.771258225390254, 48.894210722348376 ], [ 5.771277880316593, 48.894169774326691 ], [ 5.771277759787706, 48.894141881940165 ], [ 5.771345865178334, 48.894190696517498 ], [ 5.771519356813059, 48.894296460855251 ], [ 5.771757007514342, 48.894402539073305 ], [ 5.771824897139791, 48.894421663515537 ], [ 5.771907014321987, 48.894426060958303 ], [ 5.772104845899559, 48.894425079206592 ], [ 5.772534224306218, 48.894389939433822 ], [ 5.772803434623913, 48.894371106082232 ], [ 5.772921038560164, 48.894375580675401 ], [ 5.773162107502321, 48.894417688000686 ], [ 5.773369484098057, 48.894467774200514 ], [ 5.774092729784277, 48.89472276903183 ], [ 5.77430398440405, 48.894794360061631 ], [ 5.774475876525463, 48.894844366916978 ], [ 5.774640666255329, 48.89488913908319 ], [ 5.774804785412564, 48.894921328738498 ], [ 5.774888458359888, 48.894929287477424 ], [ 5.774944534952209, 48.894931586957249 ], [ 5.775008550220388, 48.894929203153779 ], [ 5.775094826729316, 48.89490920619005 ], [ 5.775143390388295, 48.894872986393082 ], [ 5.77646428913925, 48.893872322699515 ], [ 5.776601172736822, 48.893752167620889 ], [ 5.777087249583127, 48.893296367312047 ], [ 5.777662471745441, 48.892746711576471 ], [ 5.777940143739936, 48.89247751221351 ], [ 5.778197444519544, 48.892235780344961 ], [ 5.778505931487086, 48.89195596586881 ], [ 5.778819223784915, 48.891689536636136 ], [ 5.779073032316601, 48.891484777439764 ], [ 5.779139471607385, 48.891425644502576 ], [ 5.77918819238777, 48.891366922914926 ], [ 5.77939368150922, 48.89145843559352 ], [ 5.780156480861774, 48.89074243707848 ], [ 5.780752094053362, 48.891111938004862 ], [ 5.783463563175266, 48.889197019363607 ], [ 5.783585083737337, 48.889223888508987 ], [ 5.783728682094563, 48.88928083908506 ], [ 5.783904812171528, 48.889384725087005 ], [ 5.784376543625184, 48.889632010312766 ], [ 5.784612113403109, 48.889801101726398 ], [ 5.784838048162016, 48.889968617149158 ], [ 5.785026817334246, 48.890104602196502 ], [ 5.785124192165181, 48.890215717987282 ], [ 5.785199151781969, 48.890290461298264 ], [ 5.78530852130155, 48.89037070282648 ], [ 5.785422573291207, 48.890436437642094 ], [ 5.785562216402468, 48.890521373569733 ], [ 5.785622698101316, 48.890555060303761 ], [ 5.786100137034322, 48.890271292620781 ], [ 5.783923555436532, 48.88894426074296 ], [ 5.785281060915855, 48.887894043338953 ], [ 5.78618255472229, 48.888471465264459 ], [ 5.786369394784771, 48.888342035978575 ], [ 5.786504720315161, 48.888397376163105 ], [ 5.786715913979278, 48.888238583954191 ], [ 5.786883561759996, 48.888209484605163 ], [ 5.787923614479241, 48.887704740268489 ], [ 5.788529320997086, 48.887243401200053 ], [ 5.788955647781346, 48.887483628049779 ], [ 5.789598206998259, 48.887073616205484 ], [ 5.789936476600103, 48.887249302552945 ], [ 5.790200255237569, 48.887028087576589 ], [ 5.790438275629477, 48.886733684093578 ], [ 5.790598488057726, 48.886133342534819 ], [ 5.790592340433611, 48.885713251757295 ], [ 5.790205180530847, 48.884625349645162 ], [ 5.790684192817476, 48.884525095099328 ], [ 5.79007413417811, 48.883707847787086 ], [ 5.790318864139977, 48.883487975344259 ], [ 5.787693241049374, 48.879428697502604 ], [ 5.786587900528682, 48.878200931869728 ], [ 5.786389779345171, 48.878297331277835 ], [ 5.786118669148041, 48.878304543506218 ], [ 5.785731272770336, 48.877821337067175 ], [ 5.784940257369579, 48.877214343547458 ], [ 5.784029155146265, 48.876836004658848 ], [ 5.783824818053851, 48.876841658345725 ], [ 5.783149941303363, 48.876951842253156 ], [ 5.782348000365877, 48.876165113541454 ], [ 5.779650197261996, 48.876612052827561 ], [ 5.779348340140263, 48.876170932900159 ], [ 5.778462920169159, 48.876195994249251 ], [ 5.778309599136313, 48.875930495394513 ], [ 5.7776177086439, 48.876079737288052 ], [ 5.777571873389967, 48.876013311584323 ], [ 5.777535767882319, 48.875950259466713 ], [ 5.777486412683611, 48.875843421646714 ], [ 5.777466801763958, 48.875782686228568 ], [ 5.7774534282462, 48.875711007685055 ], [ 5.777429154443276, 48.875639582141346 ], [ 5.777406023586907, 48.875538434611961 ], [ 5.776586077228509, 48.875665446715431 ], [ 5.776181217252503, 48.875722532962605 ], [ 5.775789140559337, 48.875149418219685 ], [ 5.774581656048559, 48.87545367991585 ], [ 5.77397246256081, 48.875516396271735 ], [ 5.773309327941607, 48.874771384838624 ], [ 5.773152281309969, 48.874460973026927 ], [ 5.773817239566229, 48.874216095644215 ], [ 5.773412930057429, 48.873540672498365 ], [ 5.773020285936597, 48.873775637973701 ], [ 5.772520673756764, 48.874076970740695 ], [ 5.772040201458848, 48.874353561562074 ], [ 5.771507590574967, 48.874650254970696 ], [ 5.771056340945937, 48.874886570760715 ], [ 5.770433600559698, 48.87518174671397 ], [ 5.77003739209043, 48.875350194394315 ], [ 5.76979555422052, 48.875445778404696 ], [ 5.769780805350831, 48.875450619092547 ], [ 5.76971533183011, 48.87547643078193 ], [ 5.76967794568167, 48.875491693875183 ], [ 5.769518623858061, 48.875343305263449 ], [ 5.7692472648, 48.875114722284188 ], [ 5.768877042100869, 48.874822736683058 ], [ 5.767555686952509, 48.8740119368777 ], [ 5.766658751561014, 48.873614244200404 ], [ 5.765352776361873, 48.873194503900869 ], [ 5.764119632356787, 48.872758669495653 ], [ 5.764466386584614, 48.872326824909898 ], [ 5.764602198428228, 48.872366880303254 ], [ 5.765627282744187, 48.871222864996852 ], [ 5.766518342851729, 48.870252911494077 ], [ 5.766902415734327, 48.869882285643705 ], [ 5.767215975645394, 48.869468296025126 ], [ 5.767411758132449, 48.869327888423534 ], [ 5.767981614086458, 48.869373197428175 ], [ 5.768233725801394, 48.869394360530904 ], [ 5.768252681509359, 48.869314733968125 ], [ 5.768761594298305, 48.867264764937921 ], [ 5.768750984560674, 48.867116532672469 ], [ 5.768682581706791, 48.867112716453121 ], [ 5.767882687042353, 48.866998944462239 ], [ 5.768265618316746, 48.865966037421352 ], [ 5.768747954817865, 48.865007316042323 ], [ 5.768733283778992, 48.864782688750303 ], [ 5.767688727601733, 48.864453210726467 ], [ 5.767324366357647, 48.864321260232721 ], [ 5.767630611494034, 48.863590682335861 ], [ 5.76802889340601, 48.862410738627908 ], [ 5.768289455778397, 48.862411908311707 ], [ 5.768728792736173, 48.861311998721931 ], [ 5.768283126265445, 48.861215228178885 ], [ 5.768517472678595, 48.860902949145725 ], [ 5.768967039280335, 48.860277932092643 ], [ 5.769207495768881, 48.859824229986074 ], [ 5.76922250323674, 48.859798686165448 ], [ 5.769277538163949, 48.859782114300259 ], [ 5.769392889198819, 48.859720052330097 ], [ 5.769544539439104, 48.859648151114868 ], [ 5.769584614559587, 48.859606729039676 ], [ 5.769616564664908, 48.859566394938476 ], [ 5.770884838167757, 48.858386086371766 ], [ 5.771016194558348, 48.858317352776425 ], [ 5.771543344570119, 48.858228650775231 ], [ 5.77234971752693, 48.858082182487536 ], [ 5.772659433783254, 48.858033609717097 ], [ 5.773018228753961, 48.857933505408859 ], [ 5.773119663327462, 48.857866362909938 ], [ 5.773337518309732, 48.857783023050409 ], [ 5.7737824516697, 48.857635925450758 ], [ 5.774091419655841, 48.85754777169624 ], [ 5.774467202134794, 48.857485063669543 ], [ 5.775040408608644, 48.8573907782175 ], [ 5.775153672664761, 48.857366553487367 ], [ 5.775295151074596, 48.857283182089446 ], [ 5.775835291552927, 48.856875602997881 ], [ 5.77648042367325, 48.856314404732721 ], [ 5.776482956097314, 48.856310746440855 ], [ 5.776932273127371, 48.855888172081926 ], [ 5.777304606688477, 48.855556471181423 ], [ 5.777663986481634, 48.855237668032515 ], [ 5.777596193697318, 48.8552194449871 ], [ 5.777534492056592, 48.855187582279889 ], [ 5.777427788585274, 48.855104571544487 ], [ 5.777281388039317, 48.854967589852805 ], [ 5.777183692258013, 48.854874471083853 ], [ 5.777098905465299, 48.854818847429243 ], [ 5.777038874355568, 48.854767148352593 ], [ 5.776954491517796, 48.85469351764192 ], [ 5.776908080610665, 48.854641502284231 ], [ 5.77679123558665, 48.85447053830147 ], [ 5.776706175669332, 48.854333031722383 ], [ 5.776562804107642, 48.854124888381129 ], [ 5.776361868136267, 48.853885685402609 ], [ 5.776149846668137, 48.853643139859571 ], [ 5.776003809631706, 48.853487250692133 ], [ 5.775876936676225, 48.853332716340773 ], [ 5.775799271789102, 48.853257129141021 ], [ 5.776462790342292, 48.852939368932503 ], [ 5.776448855969268, 48.852729120434638 ], [ 5.776228372428758, 48.85260915503455 ], [ 5.775971657316645, 48.852602515185232 ], [ 5.775964817287045, 48.852167131852404 ], [ 5.775423614510034, 48.852042009991713 ], [ 5.77448014721243, 48.851942415665405 ], [ 5.773467674315468, 48.851776023284899 ], [ 5.773966805408818, 48.850932058632694 ], [ 5.774431170056295, 48.850229278906781 ], [ 5.775669777068853, 48.848524058364966 ], [ 5.775784200248483, 48.848368422503157 ], [ 5.774804216060433, 48.847991615530773 ], [ 5.774863763766626, 48.847855251378057 ], [ 5.775546948990441, 48.847498341908228 ], [ 5.775317610159064, 48.847237298526025 ], [ 5.775533483832397, 48.84696412311434 ], [ 5.77556253637007, 48.846767273997472 ], [ 5.77697355625213, 48.845868827743871 ], [ 5.776705787576466, 48.845679770016503 ], [ 5.777197986936756, 48.845398374834964 ], [ 5.777869686349244, 48.844929231046549 ], [ 5.778510252899517, 48.84464348356817 ], [ 5.777547658298555, 48.843927037284324 ], [ 5.776633961059622, 48.843334532485351 ], [ 5.77685053025637, 48.843074835379213 ], [ 5.778528800386034, 48.841668020168534 ], [ 5.778814081998461, 48.840882085920207 ], [ 5.778991377318743, 48.839682010109691 ], [ 5.778509910675862, 48.839498822144883 ], [ 5.778897435670658, 48.838278561507465 ], [ 5.778859457492016, 48.838026574204754 ], [ 5.778285567156416, 48.837720448226889 ], [ 5.777857791438795, 48.837367730212975 ], [ 5.778221203225466, 48.83707582033044 ], [ 5.779187248222989, 48.836555728435002 ], [ 5.779903228230812, 48.836126932355171 ], [ 5.780292019431796, 48.835876720397593 ], [ 5.780443238749313, 48.835747218575811 ], [ 5.780784154833995, 48.835596206772358 ], [ 5.780853852311503, 48.835369611771448 ], [ 5.780905957131973, 48.835196519732257 ], [ 5.780966751103826, 48.835109615578261 ], [ 5.781063496108591, 48.834930085723137 ], [ 5.781644336072507, 48.833655817827285 ], [ 5.781880480816858, 48.833125682966013 ], [ 5.781983564089217, 48.832911808269614 ], [ 5.782059405834129, 48.832647273102019 ], [ 5.782073343480914, 48.832601953840751 ], [ 5.782061677438067, 48.832460041296372 ], [ 5.781967379754543, 48.832353347780646 ], [ 5.78190729159698, 48.832274654954517 ], [ 5.781889311118078, 48.832193182526687 ], [ 5.781895206453426, 48.832175947270173 ], [ 5.781605413961659, 48.832058503897301 ], [ 5.781320204849576, 48.831924755032055 ], [ 5.781067748262604, 48.831817240597978 ], [ 5.780713561103751, 48.831667996773042 ], [ 5.780384408425595, 48.831528068611838 ], [ 5.780257597143319, 48.831476123853093 ], [ 5.780057759295961, 48.831358384687746 ], [ 5.780034203045162, 48.83132563618971 ], [ 5.780032207929453, 48.831262689654359 ], [ 5.780048515298602, 48.831236213381217 ], [ 5.780268592515204, 48.83094132806464 ], [ 5.78040719882724, 48.830754525136776 ], [ 5.780471640927123, 48.830659436847974 ], [ 5.78061575765211, 48.830448208142442 ], [ 5.780923486468001, 48.830288967294962 ], [ 5.781291056086086, 48.829667584335787 ], [ 5.781311805847013, 48.828804996304029 ], [ 5.781304282576923, 48.828383117457761 ], [ 5.781684463763553, 48.828253684944976 ], [ 5.780664165799733, 48.826757486522787 ], [ 5.77992752119575, 48.825288879014487 ], [ 5.77988130155229, 48.824882297388719 ], [ 5.779963792342902, 48.824435826323054 ], [ 5.776591022688842, 48.823317343873946 ], [ 5.772901243881548, 48.822103533903196 ], [ 5.773347431549397, 48.821063692181276 ], [ 5.773793697085352, 48.820025645423989 ], [ 5.774238535952816, 48.818986728838212 ], [ 5.77444821068122, 48.818727188392671 ], [ 5.774485119222058, 48.818652539288607 ], [ 5.774858888064482, 48.817763753068043 ], [ 5.775171867498727, 48.817013162282407 ], [ 5.775560811060101, 48.816025929553987 ], [ 5.77582956153375, 48.815366353556321 ], [ 5.775916377951856, 48.815179855583516 ], [ 5.775882054133489, 48.815072663564678 ], [ 5.775225279068315, 48.814177206778197 ], [ 5.774637986020317, 48.813332327935072 ], [ 5.774617450182104, 48.813304907456811 ], [ 5.77292916091477, 48.8109476272232 ], [ 5.77279205865006, 48.810726730172867 ], [ 5.772681556073347, 48.810544811957328 ], [ 5.772259729586854, 48.80986346520956 ], [ 5.771994275966237, 48.809432265211022 ], [ 5.771901876837082, 48.809283223054116 ], [ 5.771591639103822, 48.808778368040016 ], [ 5.77092221565094, 48.807693297648107 ], [ 5.770922573224174, 48.807674391158272 ], [ 5.769949090529848, 48.806866339581823 ], [ 5.76984068270853, 48.806646573568393 ], [ 5.76969579820359, 48.806355659729697 ], [ 5.768964381879282, 48.804871552191642 ], [ 5.768899002803118, 48.804333117686745 ], [ 5.76840397722568, 48.804323889643129 ], [ 5.768137260183104, 48.804303971220314 ], [ 5.767780453714023, 48.804229444320548 ], [ 5.767216018531281, 48.804041836009361 ], [ 5.765107670180388, 48.80341030817722 ], [ 5.762999372883841, 48.802778742807227 ], [ 5.760893847903697, 48.802147077021651 ], [ 5.758197607611804, 48.801292335275967 ], [ 5.758180995019424, 48.801287319281521 ], [ 5.758172688724435, 48.801284811283416 ], [ 5.757887411332893, 48.801196905361472 ], [ 5.757196361011646, 48.800726000572148 ], [ 5.757122497548922, 48.800565720469834 ], [ 5.757110128445098, 48.800383323265685 ], [ 5.758168511278118, 48.79765194822518 ], [ 5.758221319299333, 48.797491443754183 ], [ 5.75851021612218, 48.79661815307179 ], [ 5.758567615797992, 48.796518736671068 ], [ 5.758691697364645, 48.796443878138682 ], [ 5.762555646345518, 48.794069694999834 ], [ 5.764262121910916, 48.79511912736767 ], [ 5.765736095228475, 48.795867045427066 ], [ 5.767320577519719, 48.796489096863439 ], [ 5.768439265307716, 48.796829447631161 ], [ 5.770087822795548, 48.797323089499763 ], [ 5.772078194047454, 48.797968065037708 ], [ 5.773634475517842, 48.798492597603207 ], [ 5.775374275632752, 48.799060543422925 ], [ 5.777424012831777, 48.799641058355988 ], [ 5.778197752055492, 48.79984535041703 ], [ 5.778028873720157, 48.799692690497437 ], [ 5.77797350517783, 48.799599485913788 ], [ 5.777909725812512, 48.7994506815972 ], [ 5.777883219812528, 48.799234416273606 ], [ 5.777866899913151, 48.798979217351565 ], [ 5.777860694968954, 48.798837173630872 ], [ 5.777893377336736, 48.798427848165602 ], [ 5.777910185655539, 48.798308667335704 ], [ 5.77791088731424, 48.798219558495994 ], [ 5.777882327984869, 48.798143728937639 ], [ 5.777860343473095, 48.797986753280831 ], [ 5.777548177684181, 48.79575769617302 ], [ 5.77745859217227, 48.795380009955586 ], [ 5.77707627243157, 48.793674536530254 ], [ 5.776693929830202, 48.79196816050392 ], [ 5.776311612238292, 48.790261780691928 ], [ 5.774545681921076, 48.791219837847123 ], [ 5.773494497677656, 48.790610698363771 ], [ 5.771596319223074, 48.789414652778689 ], [ 5.768377124426709, 48.790604311411442 ], [ 5.767605617252506, 48.790284715858725 ], [ 5.767511162064714, 48.790198711374302 ], [ 5.766243999455978, 48.789341634077601 ], [ 5.765172957222171, 48.788663588999952 ], [ 5.764490904743357, 48.788232112008011 ], [ 5.763924548438858, 48.787876247887624 ], [ 5.762866903697089, 48.7872185709845 ], [ 5.761754598705963, 48.786505453349463 ], [ 5.760915025344293, 48.785978606398999 ], [ 5.759328554555972, 48.784976749988573 ], [ 5.758351817538093, 48.784353162117775 ], [ 5.75498013921372, 48.782139763796678 ], [ 5.7529375927532, 48.780800071583592 ], [ 5.751608794326225, 48.779927164880498 ], [ 5.750591982750079, 48.779263041693234 ], [ 5.749370617215011, 48.77848932831759 ], [ 5.748664950439588, 48.778043907989584 ], [ 5.745491000345892, 48.77602728152884 ], [ 5.745372695817788, 48.775952607340976 ], [ 5.744902153695788, 48.775652948010553 ], [ 5.742598916648785, 48.774187685351528 ], [ 5.739707084027274, 48.772348915054344 ], [ 5.739672228801801, 48.772307418028468 ], [ 5.739653417744943, 48.772286251286324 ], [ 5.739536867497776, 48.772218730652519 ], [ 5.73945629635125, 48.772188181574442 ], [ 5.739404235195314, 48.772156078486638 ], [ 5.736815408013501, 48.770509172955265 ], [ 5.737610307940289, 48.768377913132291 ], [ 5.735908567579014, 48.765755816862686 ], [ 5.735139189921838, 48.764401045100257 ], [ 5.734928763087177, 48.763632821758279 ], [ 5.73474743865435, 48.762978222838328 ], [ 5.734313461030617, 48.76152846709865 ], [ 5.736547053500096, 48.761239707680495 ], [ 5.738840069879995, 48.760527471466084 ], [ 5.741037288444685, 48.759676998217166 ], [ 5.741395803529302, 48.760593904569483 ], [ 5.744856335881644, 48.759539755576256 ], [ 5.745601274076534, 48.759236444065557 ], [ 5.744698822123321, 48.75763189908136 ], [ 5.743796425639788, 48.756027345040401 ], [ 5.742894084621061, 48.754422781944598 ], [ 5.741991751839281, 48.752817310934645 ], [ 5.738728971447803, 48.754935087960277 ], [ 5.73903699830519, 48.753802191182146 ], [ 5.739059172263326, 48.753524499585147 ], [ 5.739083537161293, 48.75321075985778 ], [ 5.738858590614268, 48.752373573079964 ], [ 5.738562420431139, 48.751735107598826 ], [ 5.736948044786886, 48.75110707543422 ], [ 5.736519751552021, 48.751062898492265 ], [ 5.732572698242321, 48.748561482532168 ], [ 5.731739618770209, 48.749077321755543 ], [ 5.730256662901754, 48.749995897367256 ], [ 5.729928401455373, 48.750198693227148 ], [ 5.729741210712185, 48.750314567272682 ], [ 5.727940500313403, 48.751430265495088 ], [ 5.727835042485808, 48.751495671460731 ], [ 5.7277427549258, 48.751552676884259 ], [ 5.725624210470769, 48.752864586911215 ], [ 5.722703778482259, 48.750782180861627 ], [ 5.719803405335328, 48.748714546852291 ], [ 5.719785032365314, 48.748701466406082 ], [ 5.7192875595728, 48.748347425327616 ], [ 5.716865112855615, 48.74661980892369 ], [ 5.714133391402656, 48.744672392861979 ], [ 5.714051428847915, 48.744613960684141 ], [ 5.713944066979765, 48.74453810719627 ], [ 5.714332535224322, 48.74431508685101 ], [ 5.716615609853301, 48.743002320809452 ], [ 5.717523258433354, 48.742480387919528 ], [ 5.71928835467319, 48.741466441640348 ], [ 5.719347780566981, 48.741431789560735 ], [ 5.721959630123493, 48.739931430479004 ], [ 5.724167664353327, 48.738491525067374 ], [ 5.725849265182682, 48.73739478287888 ], [ 5.723569195544387, 48.735913327008021 ], [ 5.723048155354083, 48.735575136970844 ], [ 5.722429888682694, 48.735172566530736 ], [ 5.721292019876842, 48.734432662600192 ], [ 5.720855446319948, 48.734148333896322 ], [ 5.719802150699969, 48.733464084556282 ], [ 5.719013567650135, 48.732951084944169 ], [ 5.722338651623817, 48.730656880512697 ], [ 5.722668788280688, 48.730491855315464 ], [ 5.724106437833405, 48.729573483350094 ], [ 5.724224974713371, 48.729498780335391 ], [ 5.726788517312647, 48.727842793431499 ], [ 5.726814849237632, 48.727852091167613 ], [ 5.727968123657423, 48.727091359858136 ], [ 5.728735394708614, 48.726597734279196 ], [ 5.729133220420176, 48.726349244891416 ], [ 5.729471871715329, 48.726113807361713 ], [ 5.729515298262889, 48.726085814977452 ], [ 5.731846634461728, 48.72459971282526 ], [ 5.73301293212721, 48.723856628398956 ], [ 5.734547834197231, 48.722880091146777 ], [ 5.737085532694013, 48.721262249833877 ], [ 5.737446377797975, 48.721062276598268 ], [ 5.73769522424407, 48.720905371160462 ], [ 5.738064010899352, 48.720649415529117 ], [ 5.738247802540458, 48.720548900116391 ], [ 5.738481511939551, 48.720388740441564 ], [ 5.738550740664657, 48.720360152083188 ], [ 5.738595383080099, 48.72035552733842 ], [ 5.73864227958527, 48.720367950254719 ], [ 5.738709703702809, 48.720408700909367 ], [ 5.739153412003683, 48.720647804942971 ], [ 5.739377659080727, 48.720774051180655 ], [ 5.739589813050431, 48.720877175518154 ], [ 5.739709938213757, 48.720911315486035 ], [ 5.73982654480989, 48.720930236660614 ], [ 5.73995032140453, 48.720956192798191 ], [ 5.740051607082947, 48.720968265894378 ], [ 5.740123552772771, 48.720939614228762 ], [ 5.740417740713743, 48.720791561067628 ], [ 5.74082752365278, 48.720591352892072 ], [ 5.741215482597527, 48.720415943918617 ], [ 5.741497390723327, 48.720267270102106 ], [ 5.741812504839956, 48.720103432804748 ], [ 5.743363462225095, 48.719308198150237 ], [ 5.746259871667333, 48.716812520030267 ], [ 5.746193284828701, 48.716761854479188 ], [ 5.744754984730696, 48.716541166508406 ], [ 5.742731055945697, 48.716149433997195 ], [ 5.742342228654821, 48.71604857717108 ], [ 5.74186636103206, 48.715921820710285 ], [ 5.739732010614254, 48.715757569864842 ], [ 5.738742092963631, 48.715709205316259 ], [ 5.73860706838679, 48.715624108110532 ], [ 5.739579197984669, 48.715437089132173 ], [ 5.741073683474691, 48.715226359494665 ], [ 5.741642399576424, 48.715152990400121 ], [ 5.742385997695925, 48.715146695912821 ], [ 5.743416205953793, 48.715004208512049 ], [ 5.744613878634971, 48.714787660595853 ], [ 5.745436504366799, 48.714706630354996 ], [ 5.746496392594898, 48.71466333024339 ], [ 5.74713338183857, 48.714672960421659 ], [ 5.747826033294305, 48.714525608723335 ], [ 5.748682825366042, 48.714318671759145 ], [ 5.749671587249536, 48.714164484893601 ], [ 5.750686431809329, 48.714092486281494 ], [ 5.751559118556938, 48.714110156566193 ], [ 5.752305699910459, 48.714186529230382 ], [ 5.755177758624431, 48.714568411589511 ], [ 5.755062210472403, 48.71428578665116 ], [ 5.754798136610016, 48.713636699737037 ], [ 5.75467396096662, 48.713035680030323 ], [ 5.754406947668017, 48.712536956725948 ], [ 5.754162430404337, 48.712052112974618 ], [ 5.754118849893561, 48.711715625882107 ], [ 5.754133990088771, 48.711280584573863 ], [ 5.754050531801561, 48.710987317318583 ], [ 5.753687036855691, 48.710618617423812 ], [ 5.753370816992039, 48.710346923232819 ], [ 5.752965889223344, 48.709991777439164 ], [ 5.752815713244681, 48.709645150209347 ], [ 5.752859179634471, 48.709334552483163 ], [ 5.752926713642172, 48.709093597867373 ], [ 5.752940347117304, 48.708629791222684 ], [ 5.75318836358405, 48.70789147823384 ], [ 5.753889036650591, 48.707253410582055 ], [ 5.755002984037764, 48.706742589574411 ], [ 5.755768129742693, 48.706425215469572 ], [ 5.756330119564692, 48.705917234453324 ], [ 5.756647966961375, 48.705627291368025 ], [ 5.756726720462101, 48.705599371240027 ], [ 5.756752632086079, 48.705549272893371 ], [ 5.757060032845906, 48.704984173410971 ], [ 5.757355470905034, 48.704604747142255 ], [ 5.757495514256671, 48.704424211033647 ], [ 5.75772100304348, 48.704213799104664 ], [ 5.757987819862416, 48.704039330449639 ], [ 5.758217255053576, 48.703852225906047 ], [ 5.758476635153277, 48.703562729237305 ], [ 5.7587938842365, 48.70339069189874 ], [ 5.758881759889483, 48.703355359224091 ], [ 5.759221418607043, 48.703221501818682 ], [ 5.759746198168862, 48.702962760444699 ], [ 5.760091284302128, 48.702828774800992 ], [ 5.763567009697402, 48.701549483736109 ], [ 5.764867104673858, 48.701477046373547 ], [ 5.761612140286386, 48.698906489665433 ], [ 5.759950668884519, 48.697593165569131 ], [ 5.759764948848344, 48.697320265592168 ], [ 5.759698687151666, 48.697249799570848 ], [ 5.759514896526251, 48.697116353912044 ], [ 5.759448312957686, 48.696988295456642 ], [ 5.759362310778657, 48.696878686276577 ], [ 5.75911000238769, 48.696657726040513 ], [ 5.758513352040877, 48.696172033474014 ], [ 5.758106721224356, 48.695886241694801 ], [ 5.757768841764014, 48.69561505831993 ], [ 5.75769989870431, 48.695519453316479 ], [ 5.757432685031412, 48.69491273575963 ], [ 5.757199476275626, 48.694383530812701 ], [ 5.757161119498695, 48.694300718089522 ], [ 5.756986929345052, 48.693936647264096 ], [ 5.756855407860742, 48.693659789273461 ], [ 5.756648813770733, 48.693634866238554 ], [ 5.756648535110036, 48.693217273767431 ], [ 5.756497546714116, 48.692880565534033 ], [ 5.756248757172377, 48.692339118502289 ], [ 5.75620331286748, 48.692224969306039 ], [ 5.756036105483231, 48.691993035123318 ], [ 5.755025783700916, 48.690466588536445 ], [ 5.754525193076891, 48.689041756273802 ], [ 5.7544922131114, 48.68751341704629 ], [ 5.753962004972084, 48.68482926046471 ], [ 5.753702607047038, 48.683982049789762 ], [ 5.752181160444949, 48.682656381490965 ], [ 5.751946551467874, 48.682434097059669 ], [ 5.751836327940595, 48.682302541106537 ], [ 5.751694867211904, 48.682145606037778 ], [ 5.751576641838963, 48.682016934576417 ], [ 5.751509511442142, 48.681929383764675 ], [ 5.751469957273311, 48.681849296409958 ], [ 5.751467307253599, 48.681798957331971 ], [ 5.751471932799657, 48.681783550483601 ], [ 5.751487971398677, 48.681752580107194 ], [ 5.751510339113167, 48.681738563715086 ], [ 5.750276120770134, 48.680625841828792 ], [ 5.749402170714612, 48.679462497356219 ], [ 5.749539400628297, 48.679435931664315 ], [ 5.749639411975997, 48.679399424342179 ], [ 5.749727712434562, 48.679346986997636 ], [ 5.74975652179591, 48.679300422081965 ], [ 5.749766043216392, 48.679248902097548 ], [ 5.749762084821134, 48.679199493102047 ], [ 5.749687970809808, 48.679082402130724 ], [ 5.749519287779873, 48.678846891887737 ], [ 5.749323566133339, 48.678639905274245 ], [ 5.749210264122998, 48.678501217770709 ], [ 5.749072488328155, 48.678284794103554 ], [ 5.748970857262544, 48.678083736743339 ], [ 5.748859090368947, 48.677922513325314 ], [ 5.748782326141961, 48.677832483068087 ], [ 5.748669067601351, 48.677772094587162 ], [ 5.748513068184153, 48.677700091535002 ], [ 5.74823610578521, 48.677602077302261 ], [ 5.748025717135212, 48.677529527709851 ], [ 5.747866308729126, 48.677470202521022 ], [ 5.747754834709039, 48.677417872110539 ], [ 5.747822618945947, 48.676587403257109 ], [ 5.747902630492637, 48.676532458151577 ], [ 5.748002246275924, 48.676462660867678 ], [ 5.748057730332828, 48.676406481146209 ], [ 5.748092901057246, 48.676351669774107 ], [ 5.748112242787902, 48.676280123227023 ], [ 5.748112615518888, 48.676183813845142 ], [ 5.74808705667137, 48.676085402351205 ], [ 5.747983251870376, 48.675920394385365 ], [ 5.747885079177651, 48.67578495671971 ], [ 5.74773230368803, 48.675593177338996 ], [ 5.747624300116557, 48.675451666043962 ], [ 5.747534002634836, 48.675336746702754 ], [ 5.74745702985198, 48.675190919855986 ], [ 5.747401160605397, 48.675032906367875 ], [ 5.747351687603373, 48.674841445095744 ], [ 5.747286305056935, 48.674657550584087 ], [ 5.747211280028132, 48.674471178261037 ], [ 5.747125431623236, 48.674259855118322 ], [ 5.747045321801046, 48.674106000168791 ], [ 5.74700193206534, 48.674004399299172 ], [ 5.746932599490184, 48.67387459608392 ], [ 5.746868201918466, 48.673786979489606 ], [ 5.746764241544701, 48.673670574396809 ], [ 5.746626950902009, 48.673540537216596 ], [ 5.746472334446143, 48.67339109896119 ], [ 5.746304417126542, 48.673221266804326 ], [ 5.74614255607491, 48.673089095237529 ], [ 5.745997597033533, 48.672968234128803 ], [ 5.745859094517631, 48.672840924024207 ], [ 5.745761370021603, 48.672739674537262 ], [ 5.745653660957298, 48.6726035546451 ], [ 5.74547046478063, 48.672375572725031 ], [ 5.745388179278911, 48.67225776709045 ], [ 5.745303687163793, 48.672123812058771 ], [ 5.745135412290596, 48.671869385603024 ], [ 5.74501560982496, 48.671684043154016 ], [ 5.744908082124954, 48.671525418143304 ], [ 5.744785283594909, 48.671334744395395 ], [ 5.744730582174255, 48.671250503331805 ], [ 5.745205437838349, 48.671055063700962 ], [ 5.745450163639142, 48.670643521373222 ], [ 5.747110139456811, 48.668202235212561 ], [ 5.748275497511166, 48.667314051419623 ], [ 5.748463134125545, 48.66708382019921 ], [ 5.748966552153582, 48.666838204105581 ], [ 5.748614720312723, 48.665366694976498 ], [ 5.748166750982667, 48.663073885185398 ], [ 5.747521606909829, 48.660337407706351 ], [ 5.747318564262028, 48.65916216409429 ], [ 5.747091549001232, 48.658900992656804 ], [ 5.746636824586585, 48.658184260069895 ], [ 5.745957792232218, 48.65754199728093 ], [ 5.745407029439382, 48.657220782404949 ], [ 5.744932444525429, 48.657108414788595 ], [ 5.744819424037819, 48.657051617332677 ], [ 5.744686794314717, 48.656983571257577 ], [ 5.74456808825469, 48.656870203255593 ], [ 5.744487480443999, 48.65678385814811 ], [ 5.744654980572392, 48.656455091968105 ], [ 5.745278802685038, 48.655916906494092 ], [ 5.745583853145861, 48.655387864075053 ], [ 5.745620922389437, 48.655007200373618 ], [ 5.745407832056086, 48.654648502072114 ], [ 5.744749106658826, 48.65397786321649 ], [ 5.74364420959527, 48.653321097253418 ], [ 5.742952223331596, 48.652792518273635 ], [ 5.742855112741277, 48.652598549178229 ], [ 5.743643522369744, 48.652013379084245 ], [ 5.744271735969701, 48.651559697063547 ], [ 5.746685313417561, 48.653107016106766 ], [ 5.74713453564331, 48.65250444164981 ], [ 5.747835803023649, 48.651864550540871 ], [ 5.74833652416062, 48.651105077889625 ], [ 5.748345927483371, 48.650275936309313 ], [ 5.748175557375795, 48.649282636557267 ], [ 5.748082797729961, 48.6488356626258 ], [ 5.748151692686933, 48.648621666561404 ], [ 5.748492900969921, 48.648316784791398 ], [ 5.748865969059147, 48.647842861225193 ], [ 5.749516579754914, 48.646137588985169 ], [ 5.749887355317842, 48.644664678729058 ], [ 5.750009043696479, 48.644266755160658 ], [ 5.750269086130467, 48.644020442301048 ], [ 5.751192014973029, 48.643543711079609 ], [ 5.751786634474153, 48.643203262577771 ], [ 5.751942369978647, 48.64298815645634 ], [ 5.75189240591381, 48.642244982570006 ], [ 5.751805966380356, 48.641841064111276 ], [ 5.752236790862923, 48.641640301951654 ], [ 5.752534927372738, 48.641705415010399 ], [ 5.753293363606177, 48.641742786820451 ], [ 5.753500350562021, 48.641753302331161 ], [ 5.753556217060106, 48.641472999710636 ], [ 5.753613833869561, 48.641225957848036 ], [ 5.753686149443675, 48.640845370691544 ], [ 5.753743086994142, 48.640637045879672 ], [ 5.753958329143248, 48.640159549744531 ], [ 5.754532468774004, 48.639173331838862 ], [ 5.755011804223009, 48.638372910901268 ], [ 5.755665137488697, 48.637679166037522 ], [ 5.756085984212447, 48.637315711800717 ], [ 5.756391545247262, 48.637109731113362 ], [ 5.75635311974658, 48.636999015491668 ], [ 5.756260385093315, 48.63673384983047 ], [ 5.756227631454983, 48.63621528449157 ], [ 5.7562971051487, 48.635678152185925 ], [ 5.756451378758289, 48.635436070471577 ], [ 5.756648807697397, 48.635317195259162 ], [ 5.757401267093934, 48.635088264980837 ], [ 5.757434131753333, 48.634861593431559 ], [ 5.757510267043925, 48.634786027030955 ], [ 5.758096277983484, 48.634104624374928 ], [ 5.758294894170525, 48.633622101085237 ], [ 5.758330659805114, 48.633605071865887 ], [ 5.758508539648513, 48.63350194669097 ], [ 5.758629711909476, 48.633430736396768 ], [ 5.759137633200002, 48.633200258272971 ], [ 5.759185414778326, 48.633179350190822 ], [ 5.759519941933407, 48.632982589255235 ], [ 5.759772021187439, 48.632793138362551 ], [ 5.76009213698196, 48.632529206265339 ], [ 5.760251780380481, 48.632312195178933 ], [ 5.760667023770861, 48.631998353799396 ], [ 5.760851764279886, 48.631639452665056 ], [ 5.761000205994617, 48.63121028906734 ], [ 5.761034336548271, 48.631136593931032 ], [ 5.7610691527813, 48.630792868895334 ], [ 5.761428689357404, 48.630427212983086 ], [ 5.761180350345163, 48.630095454164568 ], [ 5.76114970990942, 48.629772147611405 ], [ 5.761222262685039, 48.629551753625798 ], [ 5.761219530724083, 48.629525715594305 ], [ 5.761188415968477, 48.629193419420254 ], [ 5.761093653550238, 48.629044408780423 ], [ 5.761039120664892, 48.628911566137674 ], [ 5.760995303044243, 48.628724472107628 ], [ 5.760979983751822, 48.628562818635416 ], [ 5.76103195669624, 48.628338401478437 ], [ 5.761323568680703, 48.628023822485645 ], [ 5.760750006669234, 48.627189276343479 ], [ 5.760373115259377, 48.626762390635257 ], [ 5.759981171518114, 48.626461859582413 ], [ 5.759216724663115, 48.625302312265845 ], [ 5.759286097076291, 48.624686870263474 ], [ 5.7591667363895, 48.624122604462244 ], [ 5.75895711229414, 48.623133805670065 ], [ 5.758750255416393, 48.622145841814884 ], [ 5.758542050418814, 48.621157908211522 ], [ 5.758826918852503, 48.621127905922641 ], [ 5.759606291891759, 48.621104442637446 ], [ 5.759859755099173, 48.621096767094748 ], [ 5.760307238493203, 48.621061191327037 ], [ 5.760364879344846, 48.621047254131085 ], [ 5.760428881861902, 48.620973765854309 ], [ 5.760490465696213, 48.620854430869471 ], [ 5.760520561111449, 48.620833031800217 ], [ 5.760822785961096, 48.620694615719586 ], [ 5.760994406631017, 48.62060243040105 ], [ 5.761293415003407, 48.620480288615632 ], [ 5.761396234761476, 48.620422100384658 ], [ 5.761584626364558, 48.62031332416344 ], [ 5.761967672161324, 48.620034421707913 ], [ 5.762050958481953, 48.619991986963051 ], [ 5.76237579054725, 48.619896244791249 ], [ 5.762821254672725, 48.61974549900259 ], [ 5.763229870022919, 48.61959110648214 ], [ 5.763763535296748, 48.619414008243446 ], [ 5.764349981081934, 48.619233881822851 ], [ 5.764657446197313, 48.619066531878758 ], [ 5.764974326951456, 48.618923263929844 ], [ 5.765256208617934, 48.618862713263113 ], [ 5.765327926898448, 48.618858347190709 ], [ 5.765467390843486, 48.618851507313636 ], [ 5.765589893631532, 48.618857662100318 ], [ 5.765836277129925, 48.618896040951377 ], [ 5.766015437896768, 48.618946781891673 ], [ 5.766165650631791, 48.618989194623666 ], [ 5.767021705810674, 48.619389627478398 ], [ 5.767383790977561, 48.619510819399395 ], [ 5.767990530266291, 48.619663224481315 ], [ 5.769197929623067, 48.620006869462536 ], [ 5.769200688975944, 48.620007705336015 ], [ 5.76977696714265, 48.620123007612172 ], [ 5.770182832465323, 48.620199069789756 ], [ 5.770365212963658, 48.620233528365034 ], [ 5.770814349086097, 48.62028067967659 ], [ 5.771333754691223, 48.620321693270519 ], [ 5.77147281804528, 48.620332856940223 ], [ 5.772113117863184, 48.620452058017136 ], [ 5.772193093540445, 48.620475397404391 ], [ 5.772570208394733, 48.620598024043666 ], [ 5.773281600278725, 48.620828970722499 ], [ 5.774096529103915, 48.621117804707488 ], [ 5.774294380912975, 48.621187899237576 ], [ 5.774441015640556, 48.621239385729545 ], [ 5.774985523759754, 48.621446309627295 ], [ 5.775618490596497, 48.621733974271322 ], [ 5.776119829879118, 48.62192029812423 ], [ 5.77654388408204, 48.622108422348866 ], [ 5.776634214456981, 48.622147718408719 ], [ 5.777071851950949, 48.622310322348326 ], [ 5.777131541185556, 48.622335031756805 ], [ 5.777541040836052, 48.622504590783009 ], [ 5.778232119223617, 48.622888992666937 ], [ 5.77889977435123, 48.623266736898721 ], [ 5.779538447371582, 48.623558748404626 ], [ 5.779973385272245, 48.623797910062628 ], [ 5.780458843868755, 48.624093494161102 ], [ 5.780882714751386, 48.624379714137149 ], [ 5.781013695784056, 48.624468460817852 ], [ 5.781408063382868, 48.624710365137787 ], [ 5.782366389740455, 48.625217208699887 ], [ 5.782565463233952, 48.625309762808946 ], [ 5.782789615162815, 48.62541433128478 ], [ 5.783232084413667, 48.625590301197228 ], [ 5.784656697856131, 48.626133029080933 ], [ 5.785271444291579, 48.62638236744187 ], [ 5.785807034971021, 48.626598452438401 ], [ 5.786461262686666, 48.626926066325176 ], [ 5.786985090193641, 48.627150521998018 ], [ 5.787752886257337, 48.627341361725129 ], [ 5.788076816964295, 48.627457985297802 ], [ 5.788763386110771, 48.627678622495822 ], [ 5.789880981862815, 48.62801246554632 ], [ 5.789937540067888, 48.628029141533737 ], [ 5.791002961294202, 48.628326394267113 ], [ 5.791829520139929, 48.628549133109473 ], [ 5.79183368437012, 48.628550835592279 ], [ 5.792540935730119, 48.628827670420833 ], [ 5.792798979637039, 48.62882881877168 ], [ 5.793081049543318, 48.628822202491683 ], [ 5.793267664128988, 48.628807924187818 ], [ 5.79351415139692, 48.628770639460946 ], [ 5.793758226209712, 48.628713609468193 ], [ 5.794018825691423, 48.628635489789495 ], [ 5.794322975373588, 48.62853384594942 ], [ 5.79455473559929, 48.62850050487296 ], [ 5.794595046059731, 48.628467156555963 ], [ 5.794671346808788, 48.628421262698467 ], [ 5.794838745713179, 48.628377730845351 ], [ 5.795022897649249, 48.628342806112599 ], [ 5.795202105222217, 48.628316997782093 ], [ 5.795360479667674, 48.628307879395528 ], [ 5.795509985814018, 48.628310669818489 ], [ 5.795697019043117, 48.62832968012637 ], [ 5.795903950379144, 48.628365324099207 ], [ 5.796090204332232, 48.62839515284589 ], [ 5.796267649339712, 48.628412587301597 ], [ 5.796437855162978, 48.628370787375836 ], [ 5.796822776669868, 48.628281640970094 ], [ 5.797056391861725, 48.628206848483138 ], [ 5.797310886712035, 48.628116263913554 ], [ 5.797573565237111, 48.628026386557018 ], [ 5.798088311334532, 48.627851379698157 ], [ 5.798366683148969, 48.627750330950406 ], [ 5.798519217920734, 48.62768284138928 ], [ 5.798661490473724, 48.627601191805077 ], [ 5.798806532473927, 48.627495175199641 ], [ 5.798976867813785, 48.627354361361434 ], [ 5.799156261833198, 48.627205233697843 ], [ 5.799302273040603, 48.627091993100784 ], [ 5.799494494966992, 48.626954264105969 ], [ 5.799660114736039, 48.62685226281809 ], [ 5.799833524250703, 48.626768979470853 ], [ 5.799997046955534, 48.626703929663982 ], [ 5.800338027527389, 48.626605903953788 ], [ 5.800839758772991, 48.626467193192241 ], [ 5.80108115948529, 48.626385908767034 ], [ 5.801225205181761, 48.626337516590084 ], [ 5.801494359442251, 48.626242077334034 ], [ 5.801742538254514, 48.62616063202065 ], [ 5.802110873286964, 48.626066457671307 ], [ 5.802318024536162, 48.626004878068784 ], [ 5.80255627543504, 48.625915564050764 ], [ 5.802750113869337, 48.625833595479882 ], [ 5.802916301603654, 48.625742376774816 ], [ 5.803109038800477, 48.625614530064702 ], [ 5.803250968980838, 48.625501380253027 ], [ 5.803452674173496, 48.625338219130228 ], [ 5.803611123114727, 48.6252039783096 ], [ 5.803486352147996, 48.625105208617363 ], [ 5.803366813005608, 48.625002715338994 ], [ 5.803266265816104, 48.624874572876642 ], [ 5.803185473559471, 48.624760366305104 ], [ 5.803130919467065, 48.624679744524208 ], [ 5.802961144759901, 48.624475825792089 ], [ 5.802785024827575, 48.624280156803195 ], [ 5.802584402337827, 48.624083264195932 ], [ 5.802397726225252, 48.62389324353309 ], [ 5.80222262131588, 48.623716451261416 ], [ 5.8020790336082, 48.623570419366679 ], [ 5.801948901873103, 48.623447472406269 ], [ 5.80180811562332, 48.62332837631638 ], [ 5.801784527925522, 48.623192120970707 ], [ 5.801134974160412, 48.622217329536426 ], [ 5.800419766102578, 48.621283681784163 ], [ 5.800213526844007, 48.621006811094027 ], [ 5.800034158012971, 48.620750009662707 ], [ 5.799888871316853, 48.620521208631658 ], [ 5.799752538790911, 48.620307498022306 ], [ 5.799589559871821, 48.620001706640338 ], [ 5.799335565362221, 48.619517141045449 ], [ 5.799127405425089, 48.619102602723956 ], [ 5.799082787154555, 48.619029846015252 ], [ 5.798839812090271, 48.618624226343989 ], [ 5.798663227634081, 48.618343055312017 ], [ 5.798107118491906, 48.617564965158692 ], [ 5.797915050975345, 48.617273356017826 ], [ 5.797772504947902, 48.617019285770532 ], [ 5.797653585406843, 48.616775460939799 ], [ 5.797575186071804, 48.616553185512643 ], [ 5.797475386743646, 48.616209903175793 ], [ 5.797400723635636, 48.615854329055765 ], [ 5.797382460735288, 48.615639640904298 ], [ 5.797380916490971, 48.615509166664999 ], [ 5.797419087495092, 48.615232847380561 ], [ 5.797499430294345, 48.614958237159399 ], [ 5.797617983370588, 48.614662027098291 ], [ 5.797771478135314, 48.614283088860311 ], [ 5.797788882603355, 48.614227775292527 ], [ 5.797830816568963, 48.614098079119991 ], [ 5.797883059824938, 48.613856531416161 ], [ 5.797941140147045, 48.613546440779977 ], [ 5.7979674093679, 48.613479217805612 ], [ 5.797858849302886, 48.613378260971871 ], [ 5.797710504021755, 48.613244036311649 ], [ 5.797437034049359, 48.613029045204421 ], [ 5.797070669398551, 48.612777533189856 ], [ 5.796555658661473, 48.612436804810571 ], [ 5.796171822726457, 48.612188400803866 ], [ 5.795966162857177, 48.612048319796479 ], [ 5.795864088741586, 48.611967010476725 ], [ 5.795789848532617, 48.611898548430929 ], [ 5.795682326653494, 48.611766062656464 ], [ 5.795530748998131, 48.611520301982061 ], [ 5.795329189145394, 48.611101100357622 ], [ 5.795146659404407, 48.610682351511997 ], [ 5.795021226316782, 48.610341468210819 ], [ 5.794932121900976, 48.610070837648429 ], [ 5.794900232369036, 48.609931174648949 ], [ 5.794861409381171, 48.609814176331881 ], [ 5.794809942491773, 48.609714576327541 ], [ 5.794753137753458, 48.609642103910979 ], [ 5.794667529468602, 48.609564007237026 ], [ 5.794566038167885, 48.609493484026927 ], [ 5.794442761521745, 48.609421672056357 ], [ 5.794185352566942, 48.609303504716422 ], [ 5.793222102728789, 48.608930080529497 ], [ 5.792458421819805, 48.608659075738153 ], [ 5.792252123860282, 48.608582908816551 ], [ 5.792156143074331, 48.608539256612055 ], [ 5.792112393761469, 48.608507880196406 ], [ 5.792076490258329, 48.608470919260689 ], [ 5.79201324842831, 48.608404897117779 ], [ 5.791965288732703, 48.608370919188822 ], [ 5.791969093670807, 48.608315025235683 ], [ 5.791514681072848, 48.607963853342739 ], [ 5.791421186682113, 48.607890439744551 ], [ 5.791213002412693, 48.60772790803432 ], [ 5.791141088569494, 48.607677390097336 ], [ 5.791041584374596, 48.607618518358841 ], [ 5.79091516101453, 48.607563878076185 ], [ 5.790709588538348, 48.607501192693931 ], [ 5.790456859744058, 48.607445013022961 ], [ 5.790359609101415, 48.607428391460317 ], [ 5.787619831220194, 48.607182966791406 ], [ 5.787313923339958, 48.60717302981395 ], [ 5.786865317175478, 48.607210537104351 ], [ 5.785687918177552, 48.607401913763837 ], [ 5.785180270024565, 48.607477699521056 ], [ 5.78491301756215, 48.607505554934114 ], [ 5.784677772157188, 48.607522760078503 ], [ 5.78434963127923, 48.607528636876907 ], [ 5.783914943895515, 48.60752170372109 ], [ 5.78318523177184, 48.60702032755276 ], [ 5.782110491671384, 48.607023853027549 ], [ 5.782044452085237, 48.607032597286256 ], [ 5.781801426848369, 48.607031077107607 ], [ 5.779574574206396, 48.606986796100621 ], [ 5.778824927549709, 48.606978198902212 ], [ 5.778081017668873, 48.607000965577384 ], [ 5.777752477879764, 48.607024834988529 ], [ 5.776975822705373, 48.607069960654279 ], [ 5.776488069318415, 48.607137144332292 ], [ 5.77611489651027, 48.607215154519501 ], [ 5.775537256708893, 48.607378938124157 ], [ 5.775289004160421, 48.607432430776861 ], [ 5.774979369479134, 48.607480153488559 ], [ 5.774217647167747, 48.607602318724773 ], [ 5.774114554875756, 48.607629023489984 ], [ 5.773866321357677, 48.607657310728236 ], [ 5.773600344060358, 48.607658108798461 ], [ 5.773383716908907, 48.607693759098574 ], [ 5.772536780097447, 48.607872803168668 ], [ 5.772156485003036, 48.607944666075433 ], [ 5.771597444873717, 48.60807559434452 ], [ 5.7710429676439, 48.608190212463072 ], [ 5.770338945987248, 48.608351512001171 ], [ 5.769942853035859, 48.608432736031716 ], [ 5.769618296050238, 48.608480791787294 ], [ 5.769525925491708, 48.608479340908474 ], [ 5.769382494314189, 48.608461976761092 ], [ 5.769062598086488, 48.608495521476556 ], [ 5.768538648134888, 48.608571614664939 ], [ 5.768140624625826, 48.608642076695631 ], [ 5.76795783211438, 48.6086760299494 ], [ 5.767710850838171, 48.60870247488468 ], [ 5.767367694016014, 48.608706853701221 ], [ 5.766828928091885, 48.608682476399345 ], [ 5.766213656853885, 48.608622972070982 ], [ 5.7658458181954, 48.6085712160341 ], [ 5.765519295166411, 48.608453694225695 ], [ 5.765193753462829, 48.608277644516704 ], [ 5.764906692688267, 48.608110600748255 ], [ 5.764530523870715, 48.607926724690536 ], [ 5.764141883339282, 48.607866446027558 ], [ 5.763638087850804, 48.607835841966065 ], [ 5.763503039583828, 48.609416790116512 ], [ 5.763469386383879, 48.609422071780187 ], [ 5.763511941837353, 48.609559693525945 ], [ 5.763477096102242, 48.609593804907092 ], [ 5.763449559503848, 48.609766356333317 ], [ 5.763438139005232, 48.609807124330914 ], [ 5.762572060123766, 48.609624714755618 ], [ 5.762236088855455, 48.609559607008471 ], [ 5.761901094561933, 48.609487275156326 ], [ 5.761804398444821, 48.609455316486638 ], [ 5.761736360231589, 48.609426293049737 ], [ 5.76164875434504, 48.60936082101135 ], [ 5.761603619579749, 48.609328565900675 ], [ 5.761523578582739, 48.609252117498322 ], [ 5.761438210212201, 48.609177592766336 ], [ 5.761252989286555, 48.609036979707817 ], [ 5.761144528858008, 48.608962090416895 ], [ 5.761253819663932, 48.608898350741086 ], [ 5.761347364603225, 48.608844876952993 ], [ 5.761471167363089, 48.608747498043499 ], [ 5.761771133209693, 48.608439016903361 ], [ 5.761914584026821, 48.60830247881028 ], [ 5.762197159310926, 48.607998900231962 ], [ 5.761653553012448, 48.607805400031481 ], [ 5.76116761584548, 48.60765016237832 ], [ 5.760636710609814, 48.607491465490568 ], [ 5.760044637479687, 48.60735668635774 ], [ 5.758372056513843, 48.60693552876576 ], [ 5.757237596092229, 48.60655228660724 ], [ 5.756662135453244, 48.606346001162606 ], [ 5.756314840411896, 48.606219935180086 ], [ 5.755725963652876, 48.606145365213507 ], [ 5.754913218865956, 48.606046272394373 ], [ 5.75353958523953, 48.606223870064355 ], [ 5.752802624748973, 48.606378627092504 ], [ 5.752209632075019, 48.606535450768099 ], [ 5.751517797560369, 48.605173452753718 ], [ 5.750659720490344, 48.604030407336175 ], [ 5.750588247249528, 48.603935752537687 ], [ 5.749849744626775, 48.603001452168542 ], [ 5.74926619804949, 48.601864653497508 ], [ 5.74795278126331, 48.59993014913622 ], [ 5.747947359726428, 48.599930274326596 ], [ 5.747945674031025, 48.599924012800734 ], [ 5.747912492291701, 48.599834772563682 ], [ 5.746739606271351, 48.599050892031009 ], [ 5.74560743940157, 48.598318264520344 ], [ 5.744661569194411, 48.597851349212199 ], [ 5.743056238318369, 48.597177313960394 ], [ 5.742779036926028, 48.597144100689235 ], [ 5.740972163403761, 48.596922015076984 ], [ 5.738751317029955, 48.596671628183948 ], [ 5.737055433729023, 48.59615800911341 ], [ 5.735710464051177, 48.595296075576172 ], [ 5.7350257595196, 48.594526960396195 ], [ 5.734937802442619, 48.594505580421263 ], [ 5.732747687184942, 48.593983458848676 ], [ 5.730469615246215, 48.593439014477696 ], [ 5.728191590666429, 48.592894526268488 ], [ 5.725912305049042, 48.592350924258319 ], [ 5.724853274361835, 48.592989022658024 ], [ 5.723416636965245, 48.592654688855028 ], [ 5.72291525283654, 48.592536555003988 ], [ 5.722687113189189, 48.592689385371294 ], [ 5.722062685866375, 48.592422853378984 ], [ 5.721492145221662, 48.592253192195471 ], [ 5.721443357973641, 48.592254308062053 ], [ 5.721317089059736, 48.592435407775788 ], [ 5.721108806141959, 48.592578780303725 ], [ 5.720943890970885, 48.59259065215457 ], [ 5.720799117508578, 48.592572361260721 ], [ 5.720536582262709, 48.592507259525703 ], [ 5.720349891841893, 48.592465624888753 ], [ 5.71974160039345, 48.592222113626192 ], [ 5.719663100471759, 48.592016894355794 ], [ 5.719165058586094, 48.591701555662638 ], [ 5.718523230295047, 48.591439003467691 ], [ 5.717789360819097, 48.591651081156769 ], [ 5.717421551456283, 48.591570376091127 ], [ 5.717878420043268, 48.591145013953629 ], [ 5.718287473660932, 48.590765745110012 ], [ 5.718577168034771, 48.590491808678081 ], [ 5.716025762691226, 48.58940610212602 ], [ 5.716140024579238, 48.589307187365023 ], [ 5.714962119205675, 48.588752633115185 ], [ 5.715114944044712, 48.588560133167888 ], [ 5.715159579303909, 48.58847900924102 ], [ 5.715212817738175, 48.588354486075247 ], [ 5.715172303832729, 48.58799178636248 ], [ 5.715222648358925, 48.587837627181045 ], [ 5.715319864439413, 48.58764549575497 ], [ 5.715488252671209, 48.587386935415807 ], [ 5.715541526531062, 48.587341616499039 ], [ 5.715584155407941, 48.58722183546719 ], [ 5.715731226857128, 48.587023165226896 ], [ 5.715769037892514, 48.58694129662819 ], [ 5.715812408942554, 48.586862001275072 ], [ 5.715865311928031, 48.586783388369952 ], [ 5.715921018128529, 48.586706511563939 ], [ 5.716053049893265, 48.586427178552526 ], [ 5.716199930812534, 48.58622491161475 ], [ 5.716314289561079, 48.586023386973487 ], [ 5.71626883251241, 48.585957820222667 ], [ 5.716063576957806, 48.58587160000809 ], [ 5.715918118565963, 48.58589202184686 ], [ 5.715101162195491, 48.585599247365693 ], [ 5.714827043336291, 48.585466893337667 ], [ 5.715011866978531, 48.585263761917552 ], [ 5.715205095705223, 48.585091940501563 ], [ 5.715273409285603, 48.585075080322291 ], [ 5.715455187185658, 48.584917920785749 ], [ 5.715457670419802, 48.584861160160536 ], [ 5.71424215337922, 48.582767449667088 ], [ 5.71301159229899, 48.580695670060585 ], [ 5.712918958384145, 48.579509696667976 ], [ 5.712833089544175, 48.578401873648012 ], [ 5.712776838728353, 48.577865816761353 ], [ 5.712753319612939, 48.577437921295214 ], [ 5.712818522020118, 48.577256420878761 ], [ 5.713052878744846, 48.576569724753028 ], [ 5.713202910722019, 48.576140570502105 ], [ 5.713424641162464, 48.575472162175494 ], [ 5.71374866057171, 48.574579102108295 ], [ 5.713878337079727, 48.573992898231687 ], [ 5.71407495086939, 48.573415967327009 ], [ 5.714143039455174, 48.573237999797897 ], [ 5.713995468249017, 48.571986668128069 ], [ 5.713844912156443, 48.570441979655506 ], [ 5.713664446004958, 48.568450635058014 ], [ 5.713725182616439, 48.566533890315277 ], [ 5.713592936332941, 48.565734940564717 ], [ 5.713484538118764, 48.565082158545074 ], [ 5.713596334375471, 48.564910393236858 ], [ 5.713682856158601, 48.564774307515471 ], [ 5.7138329573161, 48.564556663978877 ], [ 5.713913543758744, 48.564436914856238 ], [ 5.713979649669567, 48.564325596825256 ], [ 5.714081872014355, 48.564126146981586 ], [ 5.714156713297729, 48.564000228203355 ], [ 5.714225903452132, 48.563869937951459 ], [ 5.7143422349685, 48.563628762163859 ], [ 5.71443221420123, 48.563454793476666 ], [ 5.714530932335003, 48.563240121688949 ], [ 5.714643380487482, 48.56302873664913 ], [ 5.715085070743759, 48.56228868909804 ], [ 5.715359794725559, 48.561833276727505 ], [ 5.716772212916989, 48.560881134305959 ], [ 5.717230301428344, 48.561137991523218 ], [ 5.7205185975659, 48.558839601891137 ], [ 5.720643711829851, 48.558768332935443 ], [ 5.721034978087967, 48.558521757793748 ], [ 5.721448143464823, 48.558253077994394 ], [ 5.721850983807286, 48.557994533887154 ], [ 5.722344651679895, 48.55768350402326 ], [ 5.722735948555503, 48.557437822087017 ], [ 5.722890757026672, 48.557337967926159 ], [ 5.723155587793978, 48.557163586968414 ], [ 5.723455300356134, 48.556956003297458 ], [ 5.723606043179297, 48.556856241226306 ], [ 5.723816419558253, 48.556729910450827 ], [ 5.72481345658934, 48.556008598507539 ], [ 5.727416664530029, 48.554574477080855 ], [ 5.727950475479959, 48.554280502528819 ], [ 5.728161205506023, 48.554161355935882 ], [ 5.728349474733797, 48.554053525437673 ], [ 5.728463639641645, 48.553980698554859 ], [ 5.728637522885174, 48.553856996063551 ], [ 5.72874967733048, 48.553771613748282 ], [ 5.728826953453845, 48.553719435093363 ], [ 5.72885725734065, 48.553702537936218 ], [ 5.728899374454195, 48.553678168906401 ], [ 5.729034787171818, 48.553622855545434 ], [ 5.729272787027556, 48.553532783863943 ], [ 5.729502660906142, 48.553442898232483 ], [ 5.729732580829441, 48.553353911166205 ], [ 5.729905628113561, 48.553292332139009 ], [ 5.730028855199197, 48.553263400025145 ], [ 5.730165905065358, 48.55323955091594 ], [ 5.730335783194096, 48.553221248405919 ], [ 5.730597371095443, 48.553193638679545 ], [ 5.730754920703466, 48.553172918433283 ], [ 5.730892204266441, 48.553153563564031 ], [ 5.731111108983553, 48.553113431705391 ], [ 5.731421113681021, 48.553052304630839 ], [ 5.73180531635595, 48.552984071352185 ], [ 5.732208476522642, 48.55291540115627 ], [ 5.732522822580687, 48.552859571933809 ], [ 5.732770021846433, 48.552816086377234 ], [ 5.732882647270183, 48.552791895378824 ], [ 5.732914491035771, 48.552778562108699 ], [ 5.733270794493834, 48.553267222692398 ], [ 5.735365470803406, 48.553162343387072 ], [ 5.737045400882036, 48.552956264007101 ], [ 5.737920382073422, 48.553380764473275 ], [ 5.740342993115919, 48.552987415339452 ], [ 5.740594323740657, 48.553411867899911 ], [ 5.743321914962984, 48.552628885971203 ], [ 5.744382034486977, 48.552704330762303 ], [ 5.745926789164484, 48.55211870308613 ], [ 5.746465187306438, 48.552121568562043 ], [ 5.746633840925847, 48.552002459759123 ], [ 5.746994320181136, 48.551792509125981 ], [ 5.747304929234006, 48.551588210211612 ], [ 5.747574749140673, 48.551433458442801 ], [ 5.747890723162011, 48.551228133750818 ], [ 5.748238567468, 48.550984267201819 ], [ 5.748409874479011, 48.550864194156858 ], [ 5.748542490624263, 48.550781919454259 ], [ 5.748688000687602, 48.550712847989672 ], [ 5.748987427273666, 48.550579910713417 ], [ 5.749338496960619, 48.550449378764441 ], [ 5.749577660106461, 48.550356537880575 ], [ 5.749781063690927, 48.55027982532085 ], [ 5.750047873360186, 48.550197145205367 ], [ 5.750262391491676, 48.550125575291766 ], [ 5.750548095398676, 48.550015453856844 ], [ 5.750824305012758, 48.549879448421997 ], [ 5.751076408247934, 48.54972329778586 ], [ 5.751347514302973, 48.549567606881631 ], [ 5.751457480850438, 48.549493053661152 ], [ 5.751592262797195, 48.549374721041318 ], [ 5.751914461892317, 48.549081930590312 ], [ 5.752383055666694, 48.548659735359315 ], [ 5.752914321971806, 48.54819198157967 ], [ 5.753163907672963, 48.547988178742102 ], [ 5.753271317633919, 48.547942486164615 ], [ 5.753367296821068, 48.547911459903247 ], [ 5.753531686199675, 48.547892350617531 ], [ 5.753701444359044, 48.547872216636378 ], [ 5.75388622249949, 48.547828331745151 ], [ 5.754135804899008, 48.547779344812881 ], [ 5.755779098588768, 48.547473931268961 ], [ 5.755900612755739, 48.547438710535758 ], [ 5.755938886584938, 48.547418921027827 ], [ 5.755939436895731, 48.547403606469778 ], [ 5.755939892651996, 48.547386493891743 ], [ 5.755939213758203, 48.547347805075191 ], [ 5.755912950333247, 48.547312409692381 ], [ 5.755707081862151, 48.547084054622275 ], [ 5.755574382089695, 48.546932312408835 ], [ 5.755527633562004, 48.546842485306101 ], [ 5.756306638770918, 48.546729914609692 ], [ 5.756557064846651, 48.546697104737802 ], [ 5.756647499302573, 48.54668960704732 ], [ 5.756751379175374, 48.546679997277053 ], [ 5.756957926686765, 48.546663505895665 ], [ 5.757184281444697, 48.546662756678771 ], [ 5.757556034686295, 48.546668535537698 ], [ 5.758624017852301, 48.546714865577805 ], [ 5.759179461186215, 48.54673347863293 ], [ 5.759479074335257, 48.546733725005957 ], [ 5.759765696654203, 48.546718970375444 ], [ 5.760019207285049, 48.546693282417039 ], [ 5.760434345276317, 48.546647638941508 ], [ 5.76205769617083, 48.546428110143687 ], [ 5.762345649881395, 48.54638721513512 ], [ 5.762356481812389, 48.5463869634318 ], [ 5.762531979394931, 48.546372984026299 ], [ 5.762665977094701, 48.546368969910141 ], [ 5.762816791389427, 48.546375366120415 ], [ 5.762942875216011, 48.546401239229994 ], [ 5.762909870921867, 48.546289492634543 ], [ 5.762815348247949, 48.54614227130665 ], [ 5.762780577735581, 48.546099874150549 ], [ 5.76246811953017, 48.545727289308175 ], [ 5.762195235168742, 48.545385287937947 ], [ 5.762104296994098, 48.54528028789769 ], [ 5.762145870687613, 48.545246017833627 ], [ 5.76385797517453, 48.544679658243737 ], [ 5.7640026157197, 48.544620488281851 ], [ 5.764237395996664, 48.544599727075216 ], [ 5.764616431519524, 48.544563909085269 ], [ 5.764958862666703, 48.544528041185096 ], [ 5.765321033231046, 48.544480911748671 ], [ 5.765579946076236, 48.544455085903273 ], [ 5.765764581805871, 48.54443458814994 ], [ 5.765973113815034, 48.54440453295576 ], [ 5.766387946801328, 48.544302168094283 ], [ 5.766510847879362, 48.544267803929777 ], [ 5.766613677084708, 48.54423840735118 ], [ 5.766692942185822, 48.544224861043062 ], [ 5.766791874205927, 48.544224358612233 ], [ 5.766927527280715, 48.544251804962506 ], [ 5.767165937084882, 48.544274158826887 ], [ 5.767494707556206, 48.544210698036551 ], [ 5.767857706899781, 48.544102333777843 ], [ 5.767958353198228, 48.543133268398357 ], [ 5.768001688228345, 48.542773113837441 ], [ 5.769482705460986, 48.542479383968228 ], [ 5.769462990995059, 48.542414134907858 ], [ 5.770155727246659, 48.542312481962533 ], [ 5.771796933746984, 48.542151806917843 ], [ 5.772896204423819, 48.542047858180439 ], [ 5.773313760557596, 48.541946304807254 ], [ 5.774186559737991, 48.541712610086321 ], [ 5.775588819146125, 48.541391836746563 ], [ 5.775711162899288, 48.541372777716546 ], [ 5.776196509936031, 48.541194921007701 ], [ 5.776540938281288, 48.541043757122786 ], [ 5.776390362898, 48.540043641619498 ], [ 5.776429188255195, 48.539625079245425 ], [ 5.776458101083443, 48.53932646421044 ], [ 5.776518781858661, 48.538066678407034 ], [ 5.776491896982377, 48.538070906926229 ], [ 5.775983676450027, 48.537227663009027 ], [ 5.775827726457676, 48.536970270131924 ], [ 5.77555104579726, 48.536608582034447 ], [ 5.775306483187034, 48.53629024925732 ], [ 5.775014691726567, 48.536027026007652 ], [ 5.774555171038503, 48.535616497324696 ], [ 5.774390052063056, 48.535467331186133 ], [ 5.774008977880659, 48.535258396735173 ], [ 5.773759149765209, 48.535122008329559 ], [ 5.773486149614812, 48.535059970154514 ], [ 5.773094006844029, 48.535077221707397 ], [ 5.772516608371614, 48.534871963134215 ], [ 5.772257433130944, 48.534815000409395 ], [ 5.77197080686245, 48.534802783337277 ], [ 5.771633761587973, 48.534785440544837 ], [ 5.770889804170892, 48.534813589261873 ], [ 5.770864321717728, 48.534818683972176 ], [ 5.770344720652992, 48.534911807775678 ], [ 5.770273165111986, 48.534917076180143 ], [ 5.769661415699583, 48.534959237704527 ], [ 5.768869101706717, 48.534995701542563 ], [ 5.767871424563501, 48.535172860980829 ], [ 5.767485164642542, 48.535301571756222 ], [ 5.766314290649135, 48.535201913629727 ], [ 5.766241861379991, 48.534728336627921 ], [ 5.766158442840493, 48.534174904572836 ], [ 5.766039559737083, 48.533411669601108 ], [ 5.765943517215402, 48.532773019289053 ], [ 5.765872185625606, 48.532320118529405 ], [ 5.765832758561354, 48.532060901206734 ], [ 5.76554744989142, 48.531482462232802 ], [ 5.765207490639193, 48.530792778905486 ], [ 5.764685486258654, 48.529966010595878 ], [ 5.764115718730744, 48.529158353258218 ], [ 5.763809793429527, 48.528728009226427 ], [ 5.76340111795041, 48.528147933076298 ], [ 5.762991145386144, 48.527568785745295 ], [ 5.762689441190268, 48.527141040938353 ], [ 5.762321022097086, 48.526681541643271 ], [ 5.761782374428392, 48.525459992399384 ], [ 5.761512799564921, 48.524844271785497 ], [ 5.76133136085306, 48.524435331178623 ], [ 5.761187394472259, 48.524017418339838 ], [ 5.760990730638818, 48.523087658366421 ], [ 5.760856576366578, 48.522238356566461 ], [ 5.760748654517696, 48.521578371312167 ], [ 5.760716974282851, 48.52133697338374 ], [ 5.760766507965994, 48.521299817396731 ], [ 5.760778279056427, 48.521188828313527 ], [ 5.760909124891533, 48.520174045111766 ], [ 5.761202236757731, 48.519487637168908 ], [ 5.761460404318227, 48.518883951850562 ], [ 5.76225375802788, 48.517842962907551 ], [ 5.762860307942092, 48.516831515024919 ], [ 5.763420840405064, 48.51630990442613 ], [ 5.763521484484881, 48.516240053549588 ], [ 5.76237933963731, 48.515983074168005 ], [ 5.762150519959181, 48.515883079009406 ], [ 5.761859204621382, 48.51570262436401 ], [ 5.761753094415417, 48.515642982040788 ], [ 5.76164161900985, 48.515584364473035 ], [ 5.762538017260554, 48.514391552315224 ], [ 5.762644578521126, 48.514074028006888 ], [ 5.761601331087429, 48.512426737309546 ], [ 5.762143555577579, 48.510169196321961 ], [ 5.762749457169825, 48.509095646530298 ], [ 5.763420363860856, 48.507893660567106 ], [ 5.764752381636959, 48.506230714268533 ], [ 5.765184063154964, 48.505708486434791 ], [ 5.765501414968246, 48.505330240547252 ], [ 5.765988488600908, 48.504677099142086 ], [ 5.765902560432389, 48.504075105712218 ], [ 5.765825400942856, 48.503690741970978 ], [ 5.765693897849862, 48.503200526675521 ], [ 5.765506842814507, 48.502607188137034 ], [ 5.765352755937289, 48.502048187077726 ], [ 5.765222286604757, 48.501500337637587 ], [ 5.764983608245775, 48.50051843775352 ], [ 5.764888331646154, 48.500098488649023 ], [ 5.764865252873832, 48.499943301113255 ], [ 5.764852354554299, 48.49980137871232 ], [ 5.76484551395354, 48.499594504930506 ], [ 5.764882859149135, 48.499172368217977 ], [ 5.764896797307305, 48.498820087380714 ], [ 5.764899933788785, 48.498776807436897 ], [ 5.765143074763341, 48.496760222576604 ], [ 5.765166729542131, 48.496540936353895 ], [ 5.764993945435491, 48.496474747934343 ], [ 5.764864258641406, 48.496403955327828 ], [ 5.764698523147566, 48.496343003264322 ], [ 5.764557636471478, 48.496265269898892 ], [ 5.763938065267902, 48.495944836982595 ], [ 5.763540397844022, 48.495748858312645 ], [ 5.763452242461336, 48.495695100661656 ], [ 5.762344944751573, 48.495165472286772 ], [ 5.762197585405897, 48.495093287639463 ], [ 5.761438584323458, 48.494722076318965 ], [ 5.761053724507928, 48.494537493643222 ], [ 5.760995682800352, 48.494515439319315 ], [ 5.760948651629702, 48.494496729563984 ], [ 5.759897099211416, 48.493970283714091 ], [ 5.759585500648297, 48.493813698564807 ], [ 5.75873845553176, 48.493415711780614 ], [ 5.758545476693802, 48.49332567946287 ], [ 5.758196183552998, 48.493147462759325 ], [ 5.757755115390557, 48.492923668679353 ], [ 5.757620320223761, 48.492858387904462 ], [ 5.756865819596884, 48.492494244874479 ], [ 5.75611805824527, 48.492077732336163 ], [ 5.755708559359071, 48.491887403692537 ], [ 5.755498982536127, 48.49179055058319 ], [ 5.755353416720808, 48.491649004872556 ], [ 5.75527491688059, 48.491572513654397 ], [ 5.755244057493416, 48.491526422107121 ], [ 5.755035089427495, 48.491209018402415 ], [ 5.754953002785447, 48.491064199111648 ], [ 5.754799384540039, 48.490795018830127 ], [ 5.754572539345963, 48.490446523883783 ], [ 5.754519599306461, 48.490366738798905 ], [ 5.754153961736844, 48.489799126403405 ], [ 5.754087623147234, 48.489696248077713 ], [ 5.753776096269031, 48.489204791996059 ], [ 5.753613446560762, 48.48894392082709 ], [ 5.75339622632386, 48.488597900732209 ], [ 5.753003610565471, 48.488031810306943 ], [ 5.752628948582279, 48.487368986544261 ], [ 5.752208378268969, 48.486579404615227 ], [ 5.750445699286937, 48.483615554518707 ], [ 5.750282356527353, 48.482617471952281 ], [ 5.750218583665784, 48.482227383981261 ], [ 5.750266909116634, 48.481651068465268 ], [ 5.750278585095655, 48.481512174795895 ], [ 5.750129717401935, 48.480531758301218 ], [ 5.749645723612134, 48.478943399333644 ], [ 5.749636196829816, 48.478916615418484 ], [ 5.749272141243857, 48.477911475160745 ], [ 5.749227178949828, 48.477621767035956 ], [ 5.749156962504982, 48.477366849492569 ], [ 5.748998219479261, 48.476791726978902 ], [ 5.748379268798752, 48.476502706560872 ], [ 5.747556328231035, 48.476118487475844 ], [ 5.747183035822219, 48.475944395577407 ], [ 5.746693582615882, 48.476525518202635 ], [ 5.746106265665346, 48.476245655993424 ], [ 5.742432704718087, 48.474497868884114 ], [ 5.742042389724038, 48.474360160626006 ], [ 5.741583201576984, 48.474199737676201 ], [ 5.741767060302068, 48.473987556019182 ], [ 5.742052585565181, 48.473596595634938 ], [ 5.742355496174167, 48.47320163209222 ], [ 5.74266625916343, 48.47274977643238 ], [ 5.742849267750631, 48.472417891795565 ], [ 5.742922807580231, 48.472219058728491 ], [ 5.742552440015923, 48.472022381298913 ], [ 5.742226076936303, 48.471916501900644 ], [ 5.741612802175323, 48.471837952238928 ], [ 5.740769243698636, 48.471730510998079 ], [ 5.740821476015637, 48.471382745710898 ], [ 5.74034991730973, 48.470699614400687 ], [ 5.740086178705594, 48.470185413700861 ], [ 5.73995460284516, 48.469895000601092 ], [ 5.739914756712544, 48.469805904914743 ], [ 5.73973412795594, 48.468809101888759 ], [ 5.739699153259952, 48.467827839290564 ], [ 5.739673875766234, 48.466980475473726 ], [ 5.740238326489977, 48.465865652650884 ], [ 5.739639888833815, 48.466018092019986 ], [ 5.739065803681155, 48.466092552772125 ], [ 5.737023093059909, 48.465881331727942 ], [ 5.734909769688823, 48.465847233382711 ], [ 5.733955586955816, 48.465874617648517 ], [ 5.733369755694901, 48.465775591385594 ], [ 5.732750205676894, 48.465600825486277 ], [ 5.732181081346831, 48.46532857906616 ], [ 5.731592218415828, 48.465171103942573 ], [ 5.730965042303283, 48.465031610492204 ], [ 5.730411629462214, 48.464957028283663 ], [ 5.730031036975634, 48.464926176574622 ], [ 5.729647035908823, 48.464855795266224 ], [ 5.729284475660282, 48.464755214599876 ], [ 5.729061073031679, 48.464675737278213 ], [ 5.728645039787705, 48.46453587732703 ], [ 5.728168871086248, 48.464384796133821 ], [ 5.72793270033218, 48.464320012700917 ], [ 5.727647161196777, 48.464242861116809 ], [ 5.727308525407503, 48.464159727783262 ], [ 5.7269359040441, 48.464047669307298 ], [ 5.726573214470104, 48.463944383056955 ], [ 5.726335275524083, 48.463871535754812 ], [ 5.726092349921774, 48.463806903909678 ], [ 5.725932447913332, 48.463725062094923 ], [ 5.725769982699471, 48.463645979400383 ], [ 5.725613487588351, 48.463603665675386 ], [ 5.725405063036044, 48.463577846866905 ], [ 5.725236169872489, 48.463557421040456 ], [ 5.725058187081932, 48.463544404909271 ], [ 5.724625622891645, 48.463372505251776 ], [ 5.723457589379995, 48.462955539064815 ], [ 5.722431891027465, 48.46246418461859 ], [ 5.721506947515717, 48.461905700111927 ], [ 5.721237514469762, 48.461694941497036 ], [ 5.720746946655984, 48.461317322879019 ], [ 5.720092541113256, 48.460807534464806 ], [ 5.719339750116704, 48.460227084576204 ], [ 5.719209608988656, 48.46014455201945 ], [ 5.71891719539368, 48.460273672608004 ], [ 5.717842723661824, 48.46064214283868 ], [ 5.716664756842244, 48.460972465246563 ], [ 5.715186022145644, 48.461270950606881 ], [ 5.713787590513452, 48.461552278296487 ], [ 5.713407494098056, 48.460378171508864 ], [ 5.712544096050608, 48.46048432364141 ], [ 5.709953086094535, 48.460813562254273 ], [ 5.709186806801554, 48.460966079931417 ], [ 5.709093107305281, 48.4609862218662 ], [ 5.708049281318663, 48.461136966069375 ], [ 5.706083979464649, 48.461423034669451 ], [ 5.704755601482922, 48.461567635370905 ], [ 5.704672019095197, 48.461574040968536 ], [ 5.703888027140834, 48.461645914255222 ], [ 5.70371899170739, 48.461674969407404 ], [ 5.703553919009217, 48.46170213374905 ], [ 5.703290902331664, 48.461745931219617 ], [ 5.702214821911247, 48.461927962949865 ], [ 5.699355053104924, 48.46253402917857 ], [ 5.695092244751347, 48.463441036207861 ], [ 5.694811268449542, 48.463478021174431 ], [ 5.695048145070354, 48.463900209623269 ], [ 5.694260774167236, 48.464012601188685 ], [ 5.69456811495121, 48.464831953038463 ], [ 5.693150458715182, 48.465111668380004 ], [ 5.693209507463018, 48.46531285990288 ], [ 5.691619029202072, 48.46573329893301 ], [ 5.691602224784812, 48.465933510789455 ], [ 5.69099551800501, 48.466032781102996 ], [ 5.690573628801921, 48.466093653532546 ], [ 5.690382420643497, 48.465822545636172 ], [ 5.689325183168596, 48.466084142175575 ], [ 5.689487851024558, 48.466590834177389 ], [ 5.6901649168734, 48.466411665157032 ], [ 5.690773825524508, 48.466936144772639 ], [ 5.689407421941009, 48.467213751166121 ], [ 5.689529553951282, 48.467536833245653 ], [ 5.688799621403561, 48.467688391367162 ], [ 5.688608511598221, 48.467709823069534 ], [ 5.688518479790666, 48.467722664040998 ], [ 5.687995583562159, 48.467873127886463 ], [ 5.687518175477859, 48.468039661967538 ], [ 5.68704868087084, 48.468149306374883 ], [ 5.686850146901121, 48.468184405282436 ], [ 5.686650030548342, 48.468215038993215 ], [ 5.686202147256072, 48.468350294697608 ], [ 5.68554818339177, 48.468505513793751 ], [ 5.685014583119123, 48.468605798726145 ], [ 5.684488320224976, 48.468743720881065 ], [ 5.683981342501077, 48.468835297739176 ], [ 5.683669719334431, 48.468908953676788 ], [ 5.683294706329182, 48.468960638337876 ], [ 5.68304318062311, 48.468965424010271 ], [ 5.682838884432216, 48.468967341388058 ], [ 5.682569617788262, 48.468942822657745 ], [ 5.682413069394906, 48.468872549687056 ], [ 5.682283910114855, 48.468834962499848 ], [ 5.682160940203885, 48.468812537573633 ], [ 5.682021588363604, 48.468813886136623 ], [ 5.681865329249209, 48.468855222385237 ], [ 5.681749329452084, 48.468863244061268 ], [ 5.681645543915333, 48.468871889806138 ], [ 5.680582779021258, 48.468735671978095 ], [ 5.680757758286352, 48.468901845197934 ], [ 5.680883876054771, 48.469012413429027 ], [ 5.680984142041718, 48.469093861077795 ], [ 5.681337381968972, 48.469410829727785 ], [ 5.681656069701511, 48.469740279675186 ], [ 5.68188246664082, 48.469985401359232 ], [ 5.682154383356487, 48.470273600509763 ], [ 5.682344238850703, 48.470386327500186 ], [ 5.682475259518383, 48.47043377404875 ], [ 5.682631392034343, 48.470442847391254 ], [ 5.682577572045628, 48.470528676106959 ], [ 5.682423061163253, 48.470657286193038 ], [ 5.682233119530386, 48.470781295877508 ], [ 5.681922794837578, 48.470907125077197 ], [ 5.681380275601589, 48.471045399797362 ], [ 5.680457568022087, 48.471266968588402 ], [ 5.680147436008736, 48.47131717764519 ], [ 5.679933695255993, 48.471399414645617 ], [ 5.67979715755557, 48.471429501067895 ], [ 5.679410596335233, 48.471494035395523 ], [ 5.678378877480228, 48.47170184585233 ], [ 5.678162541589436, 48.471759834608925 ], [ 5.678139758304959, 48.471684737781807 ], [ 5.677673162971331, 48.471666459890706 ], [ 5.677438742635585, 48.471661846228045 ], [ 5.677081279916248, 48.471660007109513 ], [ 5.676682978666883, 48.471653687033495 ], [ 5.676417597378004, 48.471652469890309 ], [ 5.676216269783623, 48.471659709466635 ], [ 5.67602825718689, 48.471689151741366 ], [ 5.675674300670297, 48.471729535371509 ], [ 5.675358225683427, 48.471796068003165 ], [ 5.674948533513871, 48.471805300996685 ], [ 5.674621091439452, 48.471808178709949 ], [ 5.674231153309337, 48.471833166423281 ], [ 5.673941913073339, 48.471868486336781 ], [ 5.67368995837848, 48.471918267886878 ], [ 5.673327654430755, 48.472007439326291 ], [ 5.672782442719974, 48.472146634644353 ], [ 5.67238912817262, 48.472238301625367 ], [ 5.67210098303836, 48.472295195348174 ], [ 5.671814647105367, 48.472361048897326 ], [ 5.671519124272746, 48.472379401803238 ], [ 5.671194956946962, 48.472366894139284 ], [ 5.670856668762615, 48.472396109108182 ], [ 5.670701081474682, 48.47239780945678 ], [ 5.670503440674699, 48.472397755306901 ], [ 5.670078712179846, 48.472377605493435 ], [ 5.669769261630439, 48.472335058770568 ], [ 5.669530168347833, 48.472291829147785 ], [ 5.66933326598026, 48.472253051057969 ], [ 5.669103592641493, 48.472208708636408 ], [ 5.66888120954963, 48.472147999612012 ], [ 5.668772745317371, 48.472118033692837 ], [ 5.668691826687747, 48.472097349783546 ], [ 5.668400603897855, 48.472013884115341 ], [ 5.668301167156029, 48.472001717346984 ], [ 5.668158782297754, 48.471996816740884 ], [ 5.667923374812949, 48.471999407470371 ], [ 5.667491497348334, 48.471998311791339 ], [ 5.667259232397035, 48.471982828087938 ], [ 5.666914969346379, 48.471974360858233 ], [ 5.666506727055584, 48.471932224984904 ], [ 5.665873494235076, 48.471831231969901 ], [ 5.665775730206104, 48.471825326410787 ], [ 5.665345364201611, 48.471720674724274 ], [ 5.665086480239722, 48.471660778291628 ], [ 5.664922399620412, 48.471628457083547 ], [ 5.664755706257831, 48.471597994553932 ], [ 5.664573198453764, 48.47157598790394 ], [ 5.664420271990999, 48.471576720221982 ], [ 5.664255359000175, 48.471581321872861 ], [ 5.664137724551274, 48.471583962076835 ], [ 5.663988854420041, 48.47158460279973 ], [ 5.663836019187503, 48.471587132564849 ], [ 5.663670695452635, 48.471583641505518 ], [ 5.663537046977514, 48.471564137369597 ], [ 5.663448201047247, 48.471547228315814 ], [ 5.663355966583792, 48.471516893370122 ], [ 5.663223259923503, 48.47148926664196 ], [ 5.663081831210265, 48.471423130129395 ], [ 5.662991754003021, 48.471381945026145 ], [ 5.662906508746157, 48.471355953561385 ], [ 5.662802516427318, 48.471333983076171 ], [ 5.662536527996743, 48.471294043263029 ], [ 5.66240847156093, 48.47127801294134 ], [ 5.662127275309147, 48.471205108754617 ], [ 5.662077019173371, 48.471201735214272 ], [ 5.661976962916765, 48.471203979077607 ], [ 5.661885961051735, 48.471197918703524 ], [ 5.661640423853028, 48.47121422605813 ], [ 5.66147885425649, 48.471231350630774 ], [ 5.661418586268949, 48.471217399813547 ], [ 5.66132541174145, 48.471195185507497 ], [ 5.659973553603242, 48.471524327264135 ], [ 5.659820887101225, 48.471423334008705 ], [ 5.658051301127824, 48.471683502267801 ], [ 5.656779199088797, 48.472037824481482 ], [ 5.656437680723183, 48.47211027633584 ], [ 5.656091598602737, 48.472065813637656 ], [ 5.655805036465895, 48.472074025530105 ], [ 5.655717462531569, 48.470824816887244 ], [ 5.655461163718216, 48.470280576646665 ], [ 5.655218262832836, 48.469653224830594 ], [ 5.654963886457498, 48.46885240542008 ], [ 5.654941684945276, 48.468493753152224 ], [ 5.652021504710128, 48.469394346645949 ], [ 5.651561814904312, 48.469672852281406 ], [ 5.650583458719547, 48.470080854668275 ], [ 5.649977745102847, 48.470282503700219 ], [ 5.649409078147812, 48.47049412406156 ], [ 5.649191590051827, 48.470556585798732 ], [ 5.648988157803376, 48.470602531309964 ], [ 5.64880103210579, 48.470622909263142 ], [ 5.648531382492764, 48.470644228141694 ], [ 5.648320961969313, 48.470685827819196 ], [ 5.648029105848613, 48.470749946548004 ], [ 5.64759055780821, 48.470857841833336 ], [ 5.647466172001747, 48.470887619667735 ], [ 5.646784763870598, 48.471091840142286 ], [ 5.646216838118034, 48.471291726548827 ], [ 5.645543962793513, 48.471584860962928 ], [ 5.645420933596787, 48.471641609841377 ], [ 5.645367474067177, 48.471789520233791 ], [ 5.645213964904301, 48.471805542764557 ], [ 5.644400873150017, 48.471975778545804 ], [ 5.643937470606168, 48.472074312249866 ], [ 5.643602733880098, 48.472120472385427 ], [ 5.643120256470311, 48.472189723817714 ], [ 5.642950118289819, 48.47222501606214 ], [ 5.642410232439511, 48.472363951478513 ], [ 5.642236947730944, 48.472444318463481 ], [ 5.641480895688585, 48.471919275596612 ], [ 5.640405456265826, 48.471233911410103 ], [ 5.638976762860518, 48.470414173619304 ], [ 5.638451562295138, 48.470118009392507 ], [ 5.638149466082833, 48.469843888006608 ], [ 5.63782117260031, 48.469452432932606 ], [ 5.638349855048991, 48.469252558824522 ], [ 5.638880970395804, 48.469074230939199 ], [ 5.638926217529026, 48.469058823147648 ], [ 5.639637185613779, 48.468796382723944 ], [ 5.640934636712664, 48.468353468591509 ], [ 5.641851803214437, 48.468019817598758 ], [ 5.642625428168806, 48.467738861584131 ], [ 5.64305861820278, 48.467524889328352 ], [ 5.64325345381655, 48.467362129706231 ], [ 5.643442233558027, 48.467132895774043 ], [ 5.643698618657916, 48.466741034301741 ], [ 5.644150583262235, 48.465959563822423 ], [ 5.644540152011668, 48.465309998648863 ], [ 5.64481235999193, 48.464829569398354 ], [ 5.645104463210314, 48.464448609348658 ], [ 5.645424808445732, 48.464198436694538 ], [ 5.645918424780454, 48.463948900992776 ], [ 5.646546618365227, 48.463764771572826 ], [ 5.647225426439769, 48.463618215070547 ], [ 5.647797936422232, 48.463510931145244 ], [ 5.648298239233264, 48.463367450439527 ], [ 5.648485493913022, 48.463269659071933 ], [ 5.648711563277888, 48.463082789006357 ], [ 5.648967816913578, 48.462743123750812 ], [ 5.649192266337936, 48.462443773190415 ], [ 5.649456161846314, 48.462067930994252 ], [ 5.649535658182969, 48.461953640655089 ], [ 5.649683072897387, 48.461737019884026 ], [ 5.649878281742195, 48.461475225583477 ], [ 5.649958139345038, 48.461368127807226 ], [ 5.65008831372736, 48.461212199742889 ], [ 5.650278322316275, 48.461035132557754 ], [ 5.650798463639151, 48.460641862326156 ], [ 5.651374183228862, 48.460196940746059 ], [ 5.652050849439338, 48.459687651388705 ], [ 5.652902556573838, 48.45905382767225 ], [ 5.653471300197149, 48.458605450016989 ], [ 5.652235453385519, 48.458091199017908 ], [ 5.651505617768716, 48.457734854805445 ], [ 5.650457394200868, 48.45686174275906 ], [ 5.64954780220181, 48.456241163105332 ], [ 5.648595648079373, 48.455608024707139 ], [ 5.648733142345629, 48.455409627748246 ], [ 5.6488050461783, 48.455386419661373 ], [ 5.648976468403203, 48.455324084713403 ], [ 5.649140632652237, 48.455252010110613 ], [ 5.649260316909282, 48.455156624809838 ], [ 5.649402026911864, 48.455041844884335 ], [ 5.649463832831882, 48.455006260008538 ], [ 5.649432289981029, 48.454997962971063 ], [ 5.649375155551439, 48.454992037558945 ], [ 5.649295985596011, 48.454978502915033 ], [ 5.649210365438325, 48.454944409234749 ], [ 5.649102628434218, 48.454927911705212 ], [ 5.648957007719834, 48.454938363527603 ], [ 5.648830446839193, 48.454951090107947 ], [ 5.648726402173124, 48.454927308781805 ], [ 5.648657764914779, 48.454881133947815 ], [ 5.648564125851922, 48.454849019057001 ], [ 5.648434716725212, 48.454832104513791 ], [ 5.648330536418833, 48.454805625486244 ], [ 5.648235310438269, 48.45474204122214 ], [ 5.648068073397691, 48.454645858953498 ], [ 5.647883545674056, 48.454582466949333 ], [ 5.647815280938197, 48.454570488254106 ], [ 5.647706383344855, 48.45458461978037 ], [ 5.647588242067174, 48.454576454210503 ], [ 5.647503893119152, 48.454567534590296 ], [ 5.647427909584533, 48.454509821286045 ], [ 5.647372382889011, 48.45445525206452 ], [ 5.647294248611654, 48.454435392097466 ], [ 5.647213011306983, 48.454434504022323 ], [ 5.647134976022319, 48.454443445884841 ], [ 5.647080599374075, 48.4544653618753 ], [ 5.647032610308996, 48.454452930436929 ], [ 5.646942628260056, 48.454439635434483 ], [ 5.646859367470651, 48.454452294193032 ], [ 5.646830763453748, 48.454475435449496 ], [ 5.646763813510837, 48.454489530578009 ], [ 5.646723889313622, 48.454476019002058 ], [ 5.646660525191575, 48.4544270250476 ], [ 5.646569991476937, 48.454375936642705 ], [ 5.646509474869879, 48.454356583365687 ], [ 5.646471001062998, 48.454371843494009 ], [ 5.646430005133745, 48.454390760374146 ], [ 5.646371301273715, 48.454407371765619 ], [ 5.646299525845703, 48.454406272052687 ], [ 5.646206795371343, 48.454392137661017 ], [ 5.646105411061947, 48.454367394623326 ], [ 5.645957072661584, 48.454323895653062 ], [ 5.645738771540438, 48.454315261194644 ], [ 5.645498126066125, 48.454319726290429 ], [ 5.645398826080955, 48.4543363421161 ], [ 5.645383330651305, 48.454351089619806 ], [ 5.645377750035053, 48.454374617377518 ], [ 5.645319045860283, 48.454391228248838 ], [ 5.645282550272527, 48.454392041824129 ], [ 5.645187252613325, 48.45438066425703 ], [ 5.64515489546792, 48.454356181937705 ], [ 5.645150470810434, 48.454322075677545 ], [ 5.645183395090605, 48.454277235442611 ], [ 5.645248390081842, 48.454197475382166 ], [ 5.645261401354702, 48.45416028004967 ], [ 5.645238641978374, 48.454138284182065 ], [ 5.645202864080559, 48.454126479933898 ], [ 5.645153799808705, 48.453797226316496 ], [ 5.645054629416698, 48.45378953550739 ], [ 5.644716923549772, 48.453747555606881 ], [ 5.644366387569532, 48.453746366471975 ], [ 5.643967644154143, 48.453755251731373 ], [ 5.643683301308156, 48.453778689408146 ], [ 5.643317359828781, 48.453794042701531 ], [ 5.643085511657228, 48.453838812761056 ], [ 5.642972520121273, 48.453879134864543 ], [ 5.642895459595954, 48.454014970300534 ], [ 5.641233293735491, 48.454033076234005 ], [ 5.639461057109393, 48.454068909413564 ], [ 5.638309305950679, 48.453903695801301 ], [ 5.637766983784459, 48.45369432131605 ], [ 5.636944530180426, 48.453268838742552 ], [ 5.636240945147446, 48.452838909565706 ], [ 5.635566767358509, 48.452644156260547 ], [ 5.63493873883735, 48.452559990067186 ], [ 5.634545900377063, 48.45249760277818 ], [ 5.634470838052983, 48.452484867315412 ], [ 5.634023437290343, 48.452386784537396 ], [ 5.632678993377073, 48.452128581018926 ], [ 5.631712838573301, 48.451804365043316 ], [ 5.63101382121376, 48.451464317011968 ], [ 5.630528276150324, 48.451252751189912 ], [ 5.630313867469726, 48.451078379341844 ], [ 5.629391505525701, 48.450385022907945 ], [ 5.628485328366145, 48.449960438466 ], [ 5.628366260995839, 48.449825356865226 ], [ 5.628251563994913, 48.449696479216378 ], [ 5.628216694487409, 48.449675648583423 ], [ 5.627058986477961, 48.449009990420919 ], [ 5.626983354677184, 48.448877546249946 ], [ 5.625910625714081, 48.448422425326747 ], [ 5.625687659625844, 48.448049306965721 ], [ 5.625194133741984, 48.447568758961069 ], [ 5.624773152386267, 48.447050599040523 ], [ 5.624584776513888, 48.446854938264778 ], [ 5.622991797347693, 48.446032346033988 ], [ 5.621984858693081, 48.445483923307428 ], [ 5.621217308464622, 48.445041819230994 ], [ 5.620297612246189, 48.444532860864676 ], [ 5.619612360248007, 48.444031320959581 ], [ 5.618966274031158, 48.443501008696906 ], [ 5.618468842953603, 48.443021419680633 ], [ 5.618166777791163, 48.442579823228932 ], [ 5.618227909122988, 48.442014994716693 ], [ 5.61833059646884, 48.439678696801188 ], [ 5.618722248325133, 48.438363064100095 ], [ 5.619019182069918, 48.437725517638036 ], [ 5.619554597534187, 48.435685699852677 ], [ 5.620134889832739, 48.43443790166598 ], [ 5.620715154571327, 48.433190099447188 ], [ 5.621294040627181, 48.431942323056674 ], [ 5.621717978599709, 48.430923901263363 ], [ 5.62213928776085, 48.429907335188716 ], [ 5.622561886779049, 48.428889837807581 ], [ 5.622133720001246, 48.426381617356142 ], [ 5.621485502473075, 48.425994485144479 ], [ 5.621384319087191, 48.426216355628597 ], [ 5.621245302249739, 48.426466066330683 ], [ 5.621090560534541, 48.426753030005138 ], [ 5.620976581804669, 48.426989584938632 ], [ 5.620885769555115, 48.427121211715018 ], [ 5.620759516742485, 48.427247320578559 ], [ 5.620595210843521, 48.427369769415087 ], [ 5.62040104188933, 48.427517181522717 ], [ 5.620187682939132, 48.427686620529535 ], [ 5.619838479949799, 48.427952674166555 ], [ 5.619468957159234, 48.428245279402653 ], [ 5.61919595513622, 48.428466441317731 ], [ 5.618899259611782, 48.428700727606227 ], [ 5.618727190778727, 48.428857550116746 ], [ 5.618439077252899, 48.429155555261616 ], [ 5.618388716619669, 48.429203474129011 ], [ 5.618303759619091, 48.42928996242329 ], [ 5.618101854032679, 48.429526654473278 ], [ 5.617835305638772, 48.4298232816788 ], [ 5.617547533221618, 48.430155481810701 ], [ 5.617260301871553, 48.430471466716853 ], [ 5.616994154340984, 48.430749179940591 ], [ 5.616880088163427, 48.43087591517515 ], [ 5.61675922112927, 48.431001900181805 ], [ 5.616476526396963, 48.431327684164472 ], [ 5.616309106840455, 48.431551009827366 ], [ 5.616197142021231, 48.431720004171048 ], [ 5.616051061654423, 48.431964461869129 ], [ 5.615911377381348, 48.432201577187058 ], [ 5.615787152223096, 48.432396045109741 ], [ 5.615738829907773, 48.432539331724527 ], [ 5.615836067435825, 48.432536287205437 ], [ 5.615911320634045, 48.432553530373163 ], [ 5.616032004697531, 48.432613878022785 ], [ 5.6161421856488, 48.432707762119925 ], [ 5.616250373599978, 48.432843096177749 ], [ 5.61631468298037, 48.43302080408462 ], [ 5.61635944955479, 48.43318634115721 ], [ 5.616398580263074, 48.43337450582171 ], [ 5.616420332750963, 48.433539650344422 ], [ 5.61642237032887, 48.433662023375199 ], [ 5.616409627014361, 48.433813526654291 ], [ 5.616398727466525, 48.433974890694728 ], [ 5.616363170300723, 48.434211509529852 ], [ 5.616337758140225, 48.434407398616834 ], [ 5.616307836733055, 48.434621389751975 ], [ 5.616272428327098, 48.434806697660555 ], [ 5.616246575322008, 48.43496659110199 ], [ 5.616208031511458, 48.435088958913141 ], [ 5.616181245363974, 48.435202966200201 ], [ 5.616170957733299, 48.435268002524246 ], [ 5.616168179810413, 48.435375179367504 ], [ 5.616176525118816, 48.435488411793948 ], [ 5.616181525687173, 48.435643123990836 ], [ 5.616181218619898, 48.435772749573594 ], [ 5.616162300152755, 48.435936090442539 ], [ 5.616113154075395, 48.436117200413221 ], [ 5.616091838565258, 48.436313898902036 ], [ 5.616068126162602, 48.436543955024909 ], [ 5.616049325938607, 48.436764001339256 ], [ 5.616044553977956, 48.436912627993451 ], [ 5.616010397033497, 48.43712311147322 ], [ 5.615964497029441, 48.437287947265858 ], [ 5.615899544620009, 48.437450502768371 ], [ 5.615830216670783, 48.437633857663151 ], [ 5.61576931725333, 48.437796323659434 ], [ 5.615724445826515, 48.437981839528128 ], [ 5.615687831997378, 48.438115865929269 ], [ 5.615655756470833, 48.438286697509149 ], [ 5.615633200488697, 48.438404211571722 ], [ 5.615628927716437, 48.438535724545311 ], [ 5.61563969039501, 48.438697510351496 ], [ 5.615663457753137, 48.438903115678784 ], [ 5.615712586767877, 48.439101860865165 ], [ 5.615768749310013, 48.439278847848364 ], [ 5.615827488379554, 48.43942607375471 ], [ 5.615841784126775, 48.439522972339532 ], [ 5.615837161373857, 48.439620288078601 ], [ 5.615819017468372, 48.439744905786064 ], [ 5.615757122488064, 48.439914594430562 ], [ 5.615679182251947, 48.440115241124239 ], [ 5.615622243959104, 48.440275819068937 ], [ 5.615572749700434, 48.440395727113007 ], [ 5.615518142528011, 48.440440137171919 ], [ 5.615436597862691, 48.440486941340652 ], [ 5.615339203167495, 48.440514292082618 ], [ 5.615268656261195, 48.440537450372126 ], [ 5.61516882731665, 48.440570255393986 ], [ 5.613992033417273, 48.440573688040708 ], [ 5.613111641931512, 48.440552578009139 ], [ 5.61090118358858, 48.440853282195114 ], [ 5.610794014739172, 48.441337207546916 ], [ 5.609990585686361, 48.44144939903024 ], [ 5.609970097758456, 48.441989924243792 ], [ 5.609348637125705, 48.442007195164635 ], [ 5.609030210949153, 48.442106011001833 ], [ 5.609061491032719, 48.442599490805527 ], [ 5.607908687903577, 48.442542026285437 ], [ 5.605816386059386, 48.442608704101858 ], [ 5.604702753811835, 48.442686266485723 ], [ 5.603028828438794, 48.442596088881785 ], [ 5.600995612453888, 48.44251736588172 ], [ 5.60020017347077, 48.442764332920831 ], [ 5.599721509323289, 48.442687511298509 ], [ 5.596867870482595, 48.442460170871158 ], [ 5.595112877665791, 48.442508474467878 ], [ 5.593844547995456, 48.442768441827766 ], [ 5.593254266768811, 48.442568018207048 ], [ 5.592282517646973, 48.44239573017483 ], [ 5.591093564288315, 48.442043654427117 ], [ 5.590550919023338, 48.442013199414404 ], [ 5.589930076549069, 48.44215277082894 ], [ 5.589018169663802, 48.442370700434097 ], [ 5.588610663277938, 48.442337287299146 ], [ 5.587842265586956, 48.441953499494929 ], [ 5.587486296313111, 48.441648023563857 ], [ 5.586574828943287, 48.441133230847299 ], [ 5.585043025282956, 48.440410521751886 ], [ 5.583936931894367, 48.440035867566493 ], [ 5.583243982080301, 48.439974448965131 ], [ 5.582288106978798, 48.439820637268333 ], [ 5.580619960241354, 48.439101740368706 ], [ 5.580262700957271, 48.438796271498376 ], [ 5.578706902842073, 48.436589714219089 ], [ 5.578312918915633, 48.435700862408623 ], [ 5.578238739996587, 48.434713246405799 ], [ 5.577779170426712, 48.433810515556651 ], [ 5.577287694787073, 48.433249620576277 ], [ 5.576690696373923, 48.432219354015402 ], [ 5.574519533342703, 48.43237991385039 ], [ 5.571968296290222, 48.432568478105573 ], [ 5.570758875793071, 48.432702710126456 ], [ 5.568973588019953, 48.432954716638783 ], [ 5.566898909414378, 48.433097744150658 ], [ 5.566892460694997, 48.433325612521017 ], [ 5.566880662004889, 48.433582400260569 ], [ 5.56687153259539, 48.433866133586761 ], [ 5.56683702672469, 48.434128813264657 ], [ 5.56681994362844, 48.434360512014827 ], [ 5.566811165984223, 48.434430010660805 ], [ 5.566796796401511, 48.434578840245358 ], [ 5.566790621977227, 48.434729292702265 ], [ 5.566797322898727, 48.434811057966648 ], [ 5.566830433305719, 48.434879650175183 ], [ 5.566972048845068, 48.435092612717646 ], [ 5.567070887120215, 48.435260595086874 ], [ 5.56720990117042, 48.435503317335701 ], [ 5.567306291010086, 48.435648849668674 ], [ 5.56739377154875, 48.435750469242684 ], [ 5.567440659579546, 48.435824163739817 ], [ 5.567487526300093, 48.435952765525656 ], [ 5.567563506879486, 48.436178849351101 ], [ 5.567649453189405, 48.43647042556502 ], [ 5.567729676256365, 48.436727921308979 ], [ 5.56780784549105, 48.436971059636591 ], [ 5.568338008163614, 48.43815853078091 ], [ 5.568315017607866, 48.438739600006784 ], [ 5.568312778022226, 48.438804456455998 ], [ 5.56830951826284, 48.438931442612848 ], [ 5.568200804924705, 48.439778999606851 ], [ 5.567862921898984, 48.439785413673384 ], [ 5.566406114866031, 48.439816038123887 ], [ 5.565389937129428, 48.43983891718927 ], [ 5.563992436559046, 48.439809722408242 ], [ 5.564050560947127, 48.440113602828156 ], [ 5.564651391958084, 48.441087133675325 ], [ 5.560819968449859, 48.441470534799386 ], [ 5.560798377369668, 48.441110958426705 ], [ 5.560998545822466, 48.439972503136957 ], [ 5.55051004710779, 48.439825818058445 ], [ 5.549952524112187, 48.439571372534949 ], [ 5.548601166924628, 48.438708409661338 ], [ 5.547272611094641, 48.437979957686146 ], [ 5.546851562587923, 48.437721667316012 ], [ 5.54709317952482, 48.437264627701701 ], [ 5.546812934902898, 48.43709242410381 ], [ 5.546595374489013, 48.436873869013368 ], [ 5.545345830254029, 48.436322820472682 ], [ 5.545701095185606, 48.435503302953506 ], [ 5.54561640526147, 48.435235089044824 ], [ 5.544880641323564, 48.434706312933351 ], [ 5.544013943081408, 48.434434170090178 ], [ 5.542820732328972, 48.434234728498012 ], [ 5.540466730115424, 48.43416995403139 ], [ 5.539184462099513, 48.434170406237733 ], [ 5.536092490343534, 48.433388656735673 ], [ 5.534010231702411, 48.432871494312508 ], [ 5.533451047814077, 48.432551301229765 ], [ 5.533446357389415, 48.432482093550618 ], [ 5.533445056391049, 48.432455118274888 ], [ 5.533898344082608, 48.432318521472389 ], [ 5.532237382893511, 48.431729321015474 ], [ 5.53033637051526, 48.431350442242319 ], [ 5.530193686600352, 48.431870144245266 ], [ 5.529827898648254, 48.432194781966835 ], [ 5.52894098853613, 48.432511627947292 ], [ 5.528079966565644, 48.432804512645049 ], [ 5.527310574707185, 48.432921719352194 ], [ 5.525852875310337, 48.43287356008922 ], [ 5.52360500379557, 48.432904303488357 ], [ 5.523660230693155, 48.432392772717115 ], [ 5.521965240517138, 48.432303709397814 ], [ 5.521909060409392, 48.432485823551012 ], [ 5.521571348177811, 48.432494803392217 ], [ 5.520496110581291, 48.432411444666535 ], [ 5.520280235499304, 48.432394429304843 ], [ 5.518896400033591, 48.432080887160168 ], [ 5.517805454724991, 48.431810617730505 ], [ 5.51733157545021, 48.431518243181166 ], [ 5.516508693112632, 48.431337682987795 ], [ 5.515832323525005, 48.43105319886137 ], [ 5.515287823480832, 48.430443679985736 ], [ 5.514752772527003, 48.429579230752196 ], [ 5.513949344651795, 48.429719575526946 ], [ 5.513992501551628, 48.428925675189589 ], [ 5.51399359447336, 48.428920251439528 ], [ 5.513968904442478, 48.42888477086354 ], [ 5.513892269720315, 48.427565951541865 ], [ 5.514080876929574, 48.427381033969205 ], [ 5.51425019764965, 48.427160520942294 ], [ 5.51442223598213, 48.42691204692386 ], [ 5.514528846003893, 48.426681161540699 ], [ 5.514663528826565, 48.426076139486376 ], [ 5.514085234620858, 48.426030793076166 ], [ 5.513915064750686, 48.42600739719564 ], [ 5.513779505549005, 48.42597246630509 ], [ 5.513221075771146, 48.425805181283671 ], [ 5.511919536698064, 48.423531199778353 ], [ 5.511545724015044, 48.42292524822156 ], [ 5.511514769519694, 48.422419146979458 ], [ 5.511677649310814, 48.421979148360315 ], [ 5.51173517310409, 48.421513477628643 ], [ 5.511742767401574, 48.42096515471107 ], [ 5.511855706198669, 48.420385796989386 ], [ 5.511946938685954, 48.420144437218433 ], [ 5.511993566647917, 48.419875218874012 ], [ 5.51201799658319, 48.41956596602747 ], [ 5.511845716585007, 48.419271681156474 ], [ 5.511369540522222, 48.418786709612824 ], [ 5.510610152410804, 48.417638055391166 ], [ 5.510120542992893, 48.416956240376351 ], [ 5.509769489724614, 48.416740445153032 ], [ 5.509530625186652, 48.416297248572704 ], [ 5.509629169419907, 48.416010729929141 ], [ 5.509432615821118, 48.415943781431181 ], [ 5.509381583183251, 48.41589445554726 ], [ 5.50933901842125, 48.415824248035143 ], [ 5.509327990149906, 48.415706567685945 ], [ 5.509353362631274, 48.415501706934087 ], [ 5.509439003768474, 48.415284769423621 ], [ 5.509639005266654, 48.415027607007175 ], [ 5.509745901710654, 48.414944335014525 ], [ 5.511233388322013, 48.41418375567428 ], [ 5.513021525493433, 48.412784008790958 ], [ 5.513744035444679, 48.412172821512286 ], [ 5.514014676322956, 48.411414592110312 ], [ 5.513898812098851, 48.410801373760911 ], [ 5.513637819943455, 48.410828509819915 ], [ 5.512016435491915, 48.410199492094804 ], [ 5.510853840816796, 48.410173712126578 ], [ 5.509320863940526, 48.409979338916131 ], [ 5.508568300857801, 48.409819742836355 ], [ 5.506913394854271, 48.409279576687062 ], [ 5.505273676718966, 48.408972195003059 ], [ 5.503805917724772, 48.409010401348091 ], [ 5.502719553077933, 48.409193557432452 ], [ 5.501927581926469, 48.409511808120115 ], [ 5.501687840156312, 48.410013725525083 ], [ 5.50124414707803, 48.410519944872924 ], [ 5.501145047050087, 48.411108003942552 ], [ 5.500910992754832, 48.411616099614392 ], [ 5.500767810747479, 48.411732532783056 ], [ 5.50042180836732, 48.412303295142834 ], [ 5.500299049074034, 48.41267852681969 ], [ 5.50010660743806, 48.413066928859323 ], [ 5.500011379001219, 48.413196751396178 ], [ 5.499447174898051, 48.413501179389847 ], [ 5.499231986406649, 48.413638930454219 ], [ 5.498456718406931, 48.414082817261018 ], [ 5.497962366752954, 48.4144064680683 ], [ 5.497013132880071, 48.415088035657028 ], [ 5.49622493120936, 48.415573583510287 ], [ 5.49565918016125, 48.415761011523884 ], [ 5.494643440203982, 48.415868794584071 ], [ 5.493854941516207, 48.416006893755529 ], [ 5.493009137474314, 48.416276706687185 ], [ 5.491698118967656, 48.416773213315849 ], [ 5.491143216765943, 48.416477038642341 ], [ 5.489718336467734, 48.415255828497031 ], [ 5.488727239575431, 48.414741975941531 ], [ 5.487839638197618, 48.414585983083107 ], [ 5.486220510430107, 48.414628944059714 ], [ 5.485021980403989, 48.414931297854295 ], [ 5.483013590243305, 48.415607038335182 ], [ 5.482386802505094, 48.415819982695361 ], [ 5.482062510687252, 48.416053595064632 ], [ 5.47934068819939, 48.417114140408501 ], [ 5.478100647507705, 48.417599108245689 ], [ 5.473619693932084, 48.419526148244387 ], [ 5.472776017885376, 48.419873176080038 ], [ 5.472523279591861, 48.419933351269265 ], [ 5.472362483460685, 48.419964606448701 ], [ 5.470386890862878, 48.420827557635874 ], [ 5.470068245881896, 48.420895400906375 ], [ 5.469663320954756, 48.421170259933028 ], [ 5.468886430389847, 48.421730988373817 ], [ 5.468956423273053, 48.422673721309664 ], [ 5.468726065678003, 48.423354480774499 ], [ 5.468346619022792, 48.42376921709225 ], [ 5.467360141192798, 48.424245186895533 ], [ 5.466628440987028, 48.424444924272493 ], [ 5.465311183290135, 48.425019563680799 ], [ 5.464855157498987, 48.425301767028728 ], [ 5.464656003866573, 48.425351810008216 ], [ 5.464102510158018, 48.425141890696466 ], [ 5.462999374172341, 48.424775069355157 ], [ 5.461819301224903, 48.424266721999153 ], [ 5.459971625773293, 48.422612006880769 ], [ 5.459510703057901, 48.422529758340929 ], [ 5.458742699579651, 48.422387268855772 ], [ 5.458719480635644, 48.422382349744105 ], [ 5.457894446459713, 48.42223473662574 ], [ 5.457226039124754, 48.422110875148398 ], [ 5.456966505753488, 48.422460083461189 ], [ 5.456163038431759, 48.422571234950723 ], [ 5.455476654211953, 48.422409932555546 ], [ 5.454667632471573, 48.422431180813916 ], [ 5.452591235285609, 48.422764865533743 ], [ 5.451512094305387, 48.422793478120909 ], [ 5.450761620677853, 48.422678477453182 ], [ 5.450451683653019, 48.423136721427085 ], [ 5.44980268106714, 48.423602868763837 ], [ 5.448674734132084, 48.423948390512763 ], [ 5.446802159766485, 48.424275962919936 ], [ 5.445940857304016, 48.424569152481233 ], [ 5.445160178030602, 48.425083892096794 ], [ 5.444678418679333, 48.425861587362121 ], [ 5.444377691555899, 48.42762383008143 ], [ 5.44419929720877, 48.428033439500396 ], [ 5.443891362929239, 48.428536624989363 ], [ 5.443451792152442, 48.429088424907732 ], [ 5.443269943399184, 48.429453099793342 ], [ 5.442518916040426, 48.430462246319877 ], [ 5.442040115284454, 48.43203282645414 ], [ 5.44166932237241, 48.432057560888175 ], [ 5.440675917308846, 48.433353402543474 ], [ 5.439758477808155, 48.434392952240451 ], [ 5.439549272814837, 48.434577268232047 ], [ 5.439290455806651, 48.434829208924732 ], [ 5.438643881574509, 48.435352840331092 ], [ 5.437886721737158, 48.43567982594459 ], [ 5.436752164671365, 48.436064962904474 ], [ 5.436461636765212, 48.43612943456364 ], [ 5.436531387939422, 48.435854382213478 ], [ 5.436311405330636, 48.435806696568953 ], [ 5.436270590342611, 48.435772432272444 ], [ 5.436277213574272, 48.435711091830804 ], [ 5.436354839525158, 48.435547485857548 ], [ 5.436392200859354, 48.435419809328693 ], [ 5.436419093612626, 48.435358052551514 ], [ 5.436492714892768, 48.435253932991813 ], [ 5.436560997507555, 48.435180525254438 ], [ 5.436594813323603, 48.435122226481553 ], [ 5.436605473476011, 48.435089605159369 ], [ 5.436607316682588, 48.435041863824651 ], [ 5.436593569902042, 48.435007943696718 ], [ 5.436560045522205, 48.434926726323681 ], [ 5.436621352338029, 48.434498835868872 ], [ 5.436561952541926, 48.434180532527279 ], [ 5.436412009592451, 48.433805584505777 ], [ 5.436280118795099, 48.433615679171524 ], [ 5.435780462640769, 48.433166006244114 ], [ 5.435513734840081, 48.432926664886963 ], [ 5.434928702870636, 48.4325606474032 ], [ 5.434001269525701, 48.432131448338488 ], [ 5.433825723234118, 48.432020741891115 ], [ 5.433334590386316, 48.432367442862535 ], [ 5.432898844250529, 48.432070358407863 ], [ 5.432794072874015, 48.432086008254444 ], [ 5.432890255118054, 48.432293751001197 ], [ 5.432880522898722, 48.432521667328942 ], [ 5.432559106031965, 48.432707372258996 ], [ 5.430598592285206, 48.433452311490555 ], [ 5.42986388007348, 48.433650976858274 ], [ 5.429310940109645, 48.433802712025454 ], [ 5.428300968987493, 48.434308525448046 ], [ 5.427333688115808, 48.435240985751776 ], [ 5.426634126582925, 48.435645024959712 ], [ 5.42524124851387, 48.436471863567284 ], [ 5.424375824131791, 48.436975585586524 ], [ 5.423502102816561, 48.437944800827538 ], [ 5.422279362781695, 48.439002140242273 ], [ 5.42181503520009, 48.439493150709779 ], [ 5.421746990958109, 48.439454937214897 ], [ 5.421083967681654, 48.439978802111547 ], [ 5.420679875712626, 48.440192260809887 ], [ 5.420359777681405, 48.440408504762182 ], [ 5.420172081887319, 48.440474437705227 ], [ 5.419979703882003, 48.44043875952088 ], [ 5.419695898680907, 48.440444548239086 ], [ 5.419090730833771, 48.440609898914211 ], [ 5.418840089890501, 48.440601508493728 ], [ 5.417976284376071, 48.44099623995691 ], [ 5.416729748956781, 48.441393361326398 ], [ 5.415931876803517, 48.441663426639117 ], [ 5.415431106886643, 48.441805030755333 ], [ 5.414761229200377, 48.442034679715519 ], [ 5.412797003316164, 48.443300512742965 ], [ 5.411883633657398, 48.443914017451242 ], [ 5.410940012920642, 48.444517328515602 ], [ 5.410271236321909, 48.445007942546212 ], [ 5.409482807481369, 48.444748541207936 ], [ 5.409319506096751, 48.445228883420711 ], [ 5.408944731193833, 48.445817924487862 ], [ 5.40859396407126, 48.446193165217117 ], [ 5.408160739042648, 48.446422470459851 ], [ 5.408448830445088, 48.446656935785725 ], [ 5.407953524976737, 48.447214217348133 ], [ 5.407626485621267, 48.447133549220013 ], [ 5.407486515166582, 48.447503608424292 ], [ 5.407496161379879, 48.4477140236297 ], [ 5.407706243807509, 48.447722361569532 ], [ 5.407416398938151, 48.449486032395221 ], [ 5.407615931049303, 48.44952968644656 ], [ 5.406535305569647, 48.451309394186275 ], [ 5.406247102273666, 48.451633854091249 ], [ 5.4063692702806, 48.451701580136088 ], [ 5.404166662487993, 48.453387902411265 ], [ 5.404244229497032, 48.453486235530001 ], [ 5.403317137646281, 48.45424934863528 ], [ 5.403620690764742, 48.455028035992299 ], [ 5.403630158221014, 48.455234853463359 ], [ 5.404020580096165, 48.45516214225546 ], [ 5.404073376089753, 48.455665095171312 ], [ 5.403991630981896, 48.456303079144647 ], [ 5.404039018072648, 48.457515371825068 ], [ 5.403991569843105, 48.457838546731828 ], [ 5.403898085831542, 48.458397563924336 ], [ 5.404177330081443, 48.458437809398362 ], [ 5.404785628022702, 48.458483087689835 ], [ 5.405426702814468, 48.45853489887466 ], [ 5.40525141647744, 48.458755360660064 ], [ 5.404934652532518, 48.459255000660384 ], [ 5.404744902119623, 48.459484754950424 ], [ 5.404358884091275, 48.460127101926616 ], [ 5.405116479032015, 48.460447465701272 ], [ 5.406015348843775, 48.46077936149355 ], [ 5.405668903049178, 48.461222001931368 ], [ 5.405254379077881, 48.461744323871166 ], [ 5.404462441409971, 48.462506499486459 ], [ 5.404053653726378, 48.462947696928154 ], [ 5.404701202069115, 48.463287392989486 ], [ 5.404248506147371, 48.46380418316302 ], [ 5.404616845158043, 48.463986628785186 ], [ 5.405947490541276, 48.464761594531275 ], [ 5.406474465293259, 48.465009221490426 ], [ 5.405950785427501, 48.465601259382858 ], [ 5.405433408702622, 48.466212967447511 ], [ 5.405029919143986, 48.46662255805569 ], [ 5.40472162868766, 48.466953715730888 ], [ 5.404293768665054, 48.467452000194548 ], [ 5.404036755080432, 48.467720914936962 ], [ 5.403654047808543, 48.468082377394325 ], [ 5.403441966305794, 48.46829817895707 ], [ 5.403231536037042, 48.468579648874162 ], [ 5.403106355306472, 48.468772089579048 ], [ 5.40297579369862, 48.468906137064224 ], [ 5.402797992870993, 48.469072641639336 ], [ 5.402489291775484, 48.469336298389884 ], [ 5.402226968579559, 48.46957831502106 ], [ 5.40191732644589, 48.469880690363127 ], [ 5.401490916760952, 48.470293430493911 ], [ 5.40120794075306, 48.470587163932635 ], [ 5.400783622141503, 48.471075461124208 ], [ 5.399873578719471, 48.472071291851044 ], [ 5.399371998980038, 48.472616946430833 ], [ 5.399364255159106, 48.472625203181003 ], [ 5.398762075057269, 48.473279990995394 ], [ 5.398319104580897, 48.473746153697682 ], [ 5.398168976465715, 48.473926491440935 ], [ 5.397369149263225, 48.473662738016706 ], [ 5.395225338205702, 48.472807786259281 ], [ 5.395136180654648, 48.473019290858751 ], [ 5.394360262754609, 48.473457054172123 ], [ 5.393039836622797, 48.473975990950386 ], [ 5.392690116203654, 48.474024440947503 ], [ 5.392468987504129, 48.473775990961158 ], [ 5.391992027087645, 48.473230287677438 ], [ 5.389433900050382, 48.474124224193055 ], [ 5.388780844292934, 48.473485750530976 ], [ 5.388305346655727, 48.473685222013565 ], [ 5.387567699951066, 48.472912540269746 ], [ 5.386948495660278, 48.473047394868985 ], [ 5.386713031733692, 48.47263181874758 ], [ 5.385339185433064, 48.472274222129251 ], [ 5.384135618371507, 48.471940190920044 ], [ 5.381339603264118, 48.471112490154205 ], [ 5.381170611193903, 48.471116780020267 ], [ 5.380798421445898, 48.47126644831642 ], [ 5.379952676278284, 48.471479611447343 ], [ 5.378203072001777, 48.471699178790715 ], [ 5.37787026489405, 48.471792247410193 ], [ 5.375155449363928, 48.472367705819515 ], [ 5.374781921983598, 48.47251828137189 ], [ 5.374417493252797, 48.47278027590805 ], [ 5.373726673342454, 48.473247699635195 ], [ 5.373360922613544, 48.473510617023358 ], [ 5.372634502025406, 48.474119147985014 ], [ 5.372023622921, 48.474529162022023 ], [ 5.371778556823289, 48.474647460154017 ], [ 5.371458581192755, 48.474965257452425 ], [ 5.371091507255939, 48.475199392988479 ], [ 5.370817318566719, 48.475572074717526 ], [ 5.370657258530741, 48.475744473627351 ], [ 5.37037024729096, 48.475893306585618 ], [ 5.369959938392009, 48.476099500983217 ], [ 5.369375104201301, 48.476547680552351 ], [ 5.368682153641128, 48.476250103112264 ], [ 5.367912836274883, 48.476989959698358 ], [ 5.367713394325799, 48.477039837917154 ], [ 5.367221915978917, 48.476737334021017 ], [ 5.367082321072068, 48.476673516357572 ], [ 5.366387056439379, 48.476354371619692 ], [ 5.365637356508379, 48.476238810347382 ], [ 5.365085981193523, 48.47625879563153 ], [ 5.364153786761835, 48.47692987044195 ], [ 5.363930136681675, 48.477103525815146 ], [ 5.363645454246091, 48.476913891330298 ], [ 5.363445781757077, 48.476778364616884 ], [ 5.363183291921911, 48.476630587782893 ], [ 5.362922155975018, 48.47648278343528 ], [ 5.362411464939987, 48.476805250166805 ], [ 5.361821425737454, 48.477199493802594 ], [ 5.361027533918232, 48.47772648961439 ], [ 5.360681801544911, 48.47759386289087 ], [ 5.360524995743412, 48.477809382835616 ], [ 5.36009284714914, 48.477651472224082 ], [ 5.35924383218144, 48.477223741543867 ], [ 5.358731858589601, 48.477518316880015 ], [ 5.3581163872272, 48.47782934563336 ], [ 5.357831621694484, 48.477667599576698 ], [ 5.357157647628142, 48.478183186806724 ], [ 5.355900039114272, 48.478664451571625 ], [ 5.354139940874364, 48.479834271129633 ], [ 5.353742051265621, 48.480077960974832 ], [ 5.353483384484295, 48.479984987847274 ], [ 5.352268820954332, 48.480945061181622 ], [ 5.351976183165944, 48.480788857485457 ], [ 5.351411506162025, 48.481298643849335 ], [ 5.350427223940338, 48.481991334603585 ], [ 5.350266174815347, 48.482113322864812 ], [ 5.34995741918066, 48.482020433560322 ], [ 5.349781225184013, 48.482167020943358 ], [ 5.349372396567563, 48.482560311820727 ], [ 5.348697816252357, 48.48318655838073 ], [ 5.348631988739595, 48.483288660608601 ], [ 5.348197165875831, 48.483131660102678 ], [ 5.347962076043277, 48.483021108783696 ], [ 5.347639164847667, 48.483670994381832 ], [ 5.347361707311267, 48.484217380032327 ], [ 5.347671316046956, 48.484329159232793 ], [ 5.347891476803035, 48.484408506290976 ], [ 5.347285385154867, 48.485325888806912 ], [ 5.346833623124934, 48.485214218126011 ], [ 5.346772786856419, 48.485367520363724 ], [ 5.346562886588115, 48.485790168063438 ], [ 5.346359292498232, 48.486263090507109 ], [ 5.346131561662814, 48.486771589158167 ], [ 5.345897625715706, 48.48729280963299 ], [ 5.345687644261048, 48.487744256377816 ], [ 5.345573110454858, 48.488029117832838 ], [ 5.345556143346882, 48.488164452527379 ], [ 5.345562520327674, 48.488276826198067 ], [ 5.345575807858728, 48.488362063456954 ], [ 5.345592014265956, 48.488391443249775 ], [ 5.345570961133485, 48.488465658829 ], [ 5.345208242221895, 48.489922716444141 ], [ 5.344906336408804, 48.490559574843275 ], [ 5.344189758524861, 48.491037218936341 ], [ 5.342534728367694, 48.491663871877641 ], [ 5.342589016641815, 48.492606893950956 ], [ 5.341574629682885, 48.492632298226546 ], [ 5.341579995447826, 48.492722191684997 ], [ 5.341190509728401, 48.493946659348246 ], [ 5.340987659196968, 48.493952457863166 ], [ 5.339956503839885, 48.493663181379475 ], [ 5.339410155935456, 48.49358754527703 ], [ 5.339280271607558, 48.493681002727378 ], [ 5.339046336685851, 48.49402220678499 ], [ 5.337844405552564, 48.495795452015358 ], [ 5.337577217452073, 48.495846610389776 ], [ 5.337094490805557, 48.495679712329924 ], [ 5.33690631436827, 48.495954311604734 ], [ 5.335314562762034, 48.497703695788367 ], [ 5.335045401440107, 48.497710787599232 ], [ 5.334634235460455, 48.49763067144459 ], [ 5.333620330396695, 48.498825977905312 ], [ 5.333499774922427, 48.499099241971862 ], [ 5.333843300159704, 48.499180691219287 ], [ 5.333918264133287, 48.49931331606296 ], [ 5.332583952063164, 48.500491506714901 ], [ 5.332449745710982, 48.500610240035904 ], [ 5.332047302835664, 48.500665840990607 ], [ 5.3314676943306, 48.501183909560439 ], [ 5.330969373481732, 48.501672480291731 ], [ 5.330763103454452, 48.501876323940564 ], [ 5.329852258998513, 48.502529579857864 ], [ 5.328518860848346, 48.502877918444199 ], [ 5.328456549757938, 48.502969137954508 ], [ 5.328920449434574, 48.503992321533659 ], [ 5.328790520670525, 48.504085766749192 ], [ 5.328808511880578, 48.504399507071007 ], [ 5.327275513312017, 48.504798541845645 ], [ 5.328506755022524, 48.507151257777117 ], [ 5.327775366494995, 48.507395085424484 ], [ 5.327594995324422, 48.50745081822425 ], [ 5.32822612467161, 48.508152132961726 ], [ 5.328433365782987, 48.508427064180644 ], [ 5.328035521129618, 48.508862349951499 ], [ 5.328167205444164, 48.509021765163176 ], [ 5.328501222269245, 48.509314911114579 ], [ 5.328788209650504, 48.509707975389901 ], [ 5.328585296813946, 48.509713752656261 ], [ 5.328583300834112, 48.50966879297458 ], [ 5.327550551727857, 48.509379438925485 ], [ 5.325253682725164, 48.509446915536387 ], [ 5.324036515523052, 48.509213339246969 ], [ 5.322255246236685, 48.509117675012462 ], [ 5.32189336517411, 48.509112148568455 ], [ 5.321209366763819, 48.508989618659406 ], [ 5.319310463975151, 48.508714414167976 ], [ 5.31849947279479, 48.50853764966805 ], [ 5.317343809350349, 48.508315404974013 ], [ 5.316858110137165, 48.508327577999381 ], [ 5.316015504269279, 48.509121583785664 ], [ 5.315671462370283, 48.509397381889094 ], [ 5.315207915124014, 48.509788904213117 ], [ 5.314246953628661, 48.510388108380425 ], [ 5.313290496185791, 48.511059213967144 ], [ 5.312117830497539, 48.51198831005896 ], [ 5.311345670474779, 48.512570314419612 ], [ 5.309687695443766, 48.513553822454718 ], [ 5.30860012582688, 48.514203135929328 ], [ 5.308095635319432, 48.514620621731616 ], [ 5.306024567771328, 48.51616287642139 ], [ 5.305453095342431, 48.515766282412372 ], [ 5.304431473523366, 48.514712443546962 ], [ 5.303303993819707, 48.513930637410198 ], [ 5.301994562803845, 48.512397275564993 ], [ 5.301554796742831, 48.51209890719602 ], [ 5.301374318835685, 48.511906210776672 ], [ 5.301069282533444, 48.511745625417234 ], [ 5.300634588079042, 48.51153175222283 ], [ 5.300286249286096, 48.51137200340218 ], [ 5.299894697415588, 48.511184291216345 ], [ 5.299545141072128, 48.510996664909051 ], [ 5.299195587228823, 48.510809037545748 ], [ 5.29862999161429, 48.510513093583256 ], [ 5.298239752280112, 48.510355049521863 ], [ 5.297972852056836, 48.5101370208221 ], [ 5.29775423713886, 48.510000854509258 ], [ 5.297530646399981, 48.509781987191836 ], [ 5.297392182837814, 48.509589372265665 ], [ 5.297121588298929, 48.509286816317889 ], [ 5.296767093408334, 48.508985881779097 ], [ 5.296489084681948, 48.50863756944203 ], [ 5.296206684707546, 48.508405436946099 ], [ 5.295729223628487, 48.508327367671228 ], [ 5.292923054276957, 48.508981837643773 ], [ 5.292004761167129, 48.509508937030667 ], [ 5.291073530968325, 48.509802287745288 ], [ 5.289150613203882, 48.510525125732599 ], [ 5.288571433277881, 48.51103396280827 ], [ 5.28783899578809, 48.51222161858071 ], [ 5.287347319039122, 48.514302792759139 ], [ 5.28697170254387, 48.514852698333051 ], [ 5.286195140326927, 48.515465215054171 ], [ 5.285789221560751, 48.515475724530134 ], [ 5.281544013754903, 48.514636660687707 ], [ 5.281593933928251, 48.514320717144479 ], [ 5.279092827299281, 48.513745948951687 ], [ 5.278624283957453, 48.513686538869628 ], [ 5.278223062627954, 48.513711331970278 ], [ 5.2760776672686, 48.513747049874851 ], [ 5.273968237561064, 48.51380003976378 ], [ 5.271111777443552, 48.513555889562646 ], [ 5.270933685355326, 48.514010170572455 ], [ 5.269781571691208, 48.516152473970358 ], [ 5.269578977704589, 48.51616624333144 ], [ 5.26937078898665, 48.516082024450661 ], [ 5.269167806103924, 48.5160868010245 ], [ 5.268589654024121, 48.516468620827325 ], [ 5.267471565557535, 48.517208123203694 ], [ 5.264717523159844, 48.518805858160611 ], [ 5.264875729140196, 48.519206919608223 ], [ 5.264546535811693, 48.519394983098508 ], [ 5.262889660400176, 48.520020512129392 ], [ 5.259391914990958, 48.521059909325317 ], [ 5.258892982654648, 48.521207986088328 ], [ 5.258349716139542, 48.521176014380593 ], [ 5.257813649887904, 48.521279795004681 ], [ 5.257751194007362, 48.52137097607195 ], [ 5.25790741859913, 48.521727085552421 ], [ 5.257834942043766, 48.521742861723503 ], [ 5.254177099884505, 48.522592553973986 ], [ 5.25223176450154, 48.522910220320902 ], [ 5.249887560359618, 48.523373097380883 ], [ 5.245596432898394, 48.524720474128031 ], [ 5.244828479865314, 48.524978865732344 ], [ 5.244253547014018, 48.524935728080074 ], [ 5.241262153220602, 48.52534855550654 ], [ 5.23924898880284, 48.525668184377089 ], [ 5.238024669428642, 48.526027822126238 ], [ 5.237716952331914, 48.526119110256964 ], [ 5.235596778452871, 48.52698065088331 ], [ 5.232896617285519, 48.528096031286999 ], [ 5.232526012819779, 48.528301878242125 ], [ 5.230630869543407, 48.529233792542925 ], [ 5.229674122481362, 48.530058081539757 ], [ 5.228245971402948, 48.531172877632038 ], [ 5.227435347814857, 48.531898114342127 ], [ 5.227193851516286, 48.53211412255645 ], [ 5.226661203822465, 48.531664239583819 ], [ 5.225954997345898, 48.531147410451759 ], [ 5.225549960101575, 48.530734729362045 ], [ 5.225217274818021, 48.530302693775084 ], [ 5.223262480791062, 48.528011162870186 ], [ 5.22208246377821, 48.526510551854813 ], [ 5.221945600642361, 48.5264780134818 ], [ 5.220883500374992, 48.526864136596991 ], [ 5.219154922008667, 48.527445381540886 ], [ 5.217002945116242, 48.527723124528535 ], [ 5.215407777785685, 48.528256828301423 ], [ 5.212254492473099, 48.528791624393143 ], [ 5.212580452055731, 48.529548692360827 ], [ 5.211315178950688, 48.529939408574833 ], [ 5.211337660558677, 48.530343955661763 ], [ 5.212179566898906, 48.532121834431855 ], [ 5.211712309638179, 48.532223221859219 ], [ 5.211387990706807, 48.532501032505536 ], [ 5.211215817359395, 48.53304508821428 ], [ 5.210908824526403, 48.533637547081135 ], [ 5.210255824799955, 48.534058255003195 ], [ 5.208724809355714, 48.534544772787228 ], [ 5.206827817067302, 48.535769698423998 ], [ 5.206580869175346, 48.535955166207188 ], [ 5.206522129256245, 48.536137139953603 ], [ 5.206877832877205, 48.536442807932616 ], [ 5.206967947425652, 48.536845197602887 ], [ 5.208339192138139, 48.538386486138897 ], [ 5.208589188808565, 48.538691412837601 ], [ 5.208581064258728, 48.538691563783082 ], [ 5.208466269519317, 48.538700895815374 ], [ 5.207930209824625, 48.538746850116155 ], [ 5.207468728959102, 48.538761719898375 ], [ 5.20715770376172, 48.538777394147878 ], [ 5.206917801875095, 48.538776448644875 ], [ 5.206679178389281, 48.53877367909655 ], [ 5.205503951570054, 48.538701897696441 ], [ 5.204409481932669, 48.53861690832634 ], [ 5.203296996948444, 48.538522343789985 ], [ 5.203128409578762, 48.53850926989211 ], [ 5.202046436776437, 48.538431226611451 ], [ 5.201896882778542, 48.538419598230149 ], [ 5.201061664467034, 48.538376571428785 ], [ 5.200260073240527, 48.538327516903948 ], [ 5.200073921874498, 48.538315663703322 ], [ 5.199872875648831, 48.538304085854215 ], [ 5.199427301824065, 48.538278133988001 ], [ 5.198732309154175, 48.538218097747304 ], [ 5.197817541939235, 48.538152221934425 ], [ 5.197088964544125, 48.538099096464137 ], [ 5.196346471081426, 48.538037224545214 ], [ 5.195911958008494, 48.537984057839466 ], [ 5.195449496501237, 48.537878310901938 ], [ 5.195084379606758, 48.537767165050667 ], [ 5.195043230265063, 48.537755326119516 ], [ 5.194897740697055, 48.537711217097559 ], [ 5.194889316340426, 48.537736570191129 ], [ 5.194829556249685, 48.537927555072251 ], [ 5.194749412722003, 48.538214306891568 ], [ 5.194625227606877, 48.538646757433398 ], [ 5.194497319977196, 48.539184565988229 ], [ 5.194400737979132, 48.539564311492406 ], [ 5.194327513568588, 48.539951724828811 ], [ 5.194269183627398, 48.540338863061223 ], [ 5.194232105210006, 48.540715709873638 ], [ 5.194192091269088, 48.541054814523676 ], [ 5.194158846836138, 48.541361397375731 ], [ 5.194157348636454, 48.541616999298228 ], [ 5.194177892048573, 48.541816399991298 ], [ 5.194225856349522, 48.541958600280218 ], [ 5.194311513193909, 48.54212710210242 ], [ 5.194438210416156, 48.542304745309728 ], [ 5.194661058679981, 48.542545406864832 ], [ 5.194944285974378, 48.542836248049582 ], [ 5.195248510429291, 48.543207692606686 ], [ 5.195442025336306, 48.543459693199566 ], [ 5.195660524340037, 48.543790423975516 ], [ 5.195838773799467, 48.54409850010633 ], [ 5.195984071404141, 48.544396385689005 ], [ 5.196089040454178, 48.544637421897136 ], [ 5.196233518383779, 48.54501271429001 ], [ 5.196376570939093, 48.545418629612278 ], [ 5.19652869117581, 48.545814478170229 ], [ 5.196690934401074, 48.5462254378333 ], [ 5.196792146523336, 48.546441345221304 ], [ 5.196882075287035, 48.546679058746847 ], [ 5.196819777322903, 48.546680209841341 ], [ 5.195025837798695, 48.547308180536845 ], [ 5.192709757089311, 48.548318313819529 ], [ 5.191728668755999, 48.548971734639409 ], [ 5.191200496731562, 48.549209144870019 ], [ 5.187945121285658, 48.549152105554654 ], [ 5.187611748465775, 48.549250929492892 ], [ 5.18741373703609, 48.549345462516399 ], [ 5.187163701574129, 48.549719921587631 ], [ 5.187258087344537, 48.551202121690693 ], [ 5.187116335785832, 48.551443202626757 ], [ 5.18688622591994, 48.551840691148804 ], [ 5.186168834970649, 48.552352427041804 ], [ 5.185041452766733, 48.552784402544894 ], [ 5.183624700065869, 48.552908516688731 ], [ 5.183275765092136, 48.552959918786641 ], [ 5.181810034704628, 48.553177599787055 ], [ 5.180811043212733, 48.55347129375113 ], [ 5.179230856607323, 48.554327267688542 ], [ 5.179031726628408, 48.554395709277131 ], [ 5.178233734869678, 48.554666799441016 ], [ 5.174682032462328, 48.555381528311713 ], [ 5.173754378953462, 48.555762945754196 ], [ 5.173106398672433, 48.5563183237118 ], [ 5.172631640286784, 48.557553550509944 ], [ 5.172307515093566, 48.558040913205751 ], [ 5.171692603830396, 48.558970031756886 ], [ 5.170759439840276, 48.561511255801292 ], [ 5.170206312074332, 48.562558920063381 ], [ 5.169051964778313, 48.563756128883718 ], [ 5.168014059393388, 48.564590348331549 ], [ 5.167155793485167, 48.565015437003865 ], [ 5.165679584356241, 48.565284394019692 ], [ 5.165073285883338, 48.565344025755905 ], [ 5.161780558284406, 48.564503135767438 ], [ 5.160881734958989, 48.56427470109071 ], [ 5.158814174270516, 48.563649933792838 ], [ 5.158223399147091, 48.563526573068884 ] ] ] ] } }
]
}
