{
"type": "FeatureCollection",
"name": "SDDV_Etats general - ecologique - chimique - masses eaux Sl-alleger",
"crs": { "type": "name", "properties": { "name": "urn:ogc:def:crs:OGC:1.3:CRS84" } },
"xy_coordinate_resolution": 1e-15,
"features": [
{ "type": "Feature", "properties": { "fid": 394, "gid": 394, "CdEuMasseDEau": "FRCR218", "NomMasseDEau": "RUISSEAU DES CHARBONNIERS", "Etat masse eau ": "Inconnu", "Etat ecologique": "Bon", "Etat chimique": "Inconnu", "_swEcologicalStatusOrPotentialValue": "2", "_swChemicalStatusValue": "U" }, "geometry": { "type": "MultiLineString", "coordinates": [ [ [ 6.916812623000055, 47.855500346000042 ], [ 6.91606347000004, 47.855349660000059 ], [ 6.913925094000092, 47.855389537000072 ], [ 6.912905023000064, 47.855207328000063 ], [ 6.911493089000089, 47.85512379000005 ], [ 6.908837083000037, 47.854599639000071 ], [ 6.907656670000051, 47.854102843000078 ], [ 6.905946874000051, 47.853677742000059 ], [ 6.90552718500004, 47.853466453000067 ], [ 6.904891780000071, 47.853086635000068 ], [ 6.904331438000042, 47.852794423000034 ], [ 6.903864012000042, 47.852809991000072 ], [ 6.903393613000048, 47.852785107000045 ], [ 6.902812822000044, 47.853034224000055 ], [ 6.902279453000062, 47.853051981000078 ], [ 6.901330379000058, 47.852912364000083 ], [ 6.899650918000077, 47.852842095000085 ], [ 6.89829790400006, 47.852670837000062 ], [ 6.897266880000075, 47.852349190000041 ], [ 6.896215207000068, 47.851802949000046 ], [ 6.895494126000074, 47.851200659000085 ], [ 6.893585774000087, 47.850016057000062 ], [ 6.893429122000043, 47.849750934000042 ], [ 6.892966926000042, 47.849049921000073 ], [ 6.89225747100005, 47.848582389000057 ], [ 6.891806521000092, 47.84801165600004 ], [ 6.890532754000048, 47.847206920000083 ], [ 6.890149766000093, 47.846638430000041 ], [ 6.889796964000084, 47.846424868000042 ], [ 6.888910354000075, 47.846233522000034 ], [ 6.888205097000082, 47.84581088200008 ], [ 6.886903406000044, 47.845457580000073 ], [ 6.886546501000055, 47.845199090000051 ], [ 6.886330872000087, 47.845030528000052 ], [ 6.88603745000006, 47.844724877000033 ], [ 6.885052809000058, 47.844176319000042 ], [ 6.884359140000072, 47.843888437000032 ], [ 6.883724835000066, 47.843508474000032 ], [ 6.883831185000076, 47.84318957000005 ], [ 6.883615245000044, 47.843016508000062 ], [ 6.883133415000088, 47.842856762000054 ], [ 6.883051005000084, 47.84267927500008 ], [ 6.882761229000039, 47.842423056000086 ], [ 6.882149673000072, 47.842308152000051 ], [ 6.881553255000085, 47.842377466000073 ], [ 6.88090159300009, 47.842583770000033 ], [ 6.880301887000087, 47.842608132000073 ], [ 6.879580171000043, 47.842771693000088 ], [ 6.87897518200009, 47.84274666400006 ], [ 6.878504884000051, 47.842721680000068 ], [ 6.877270095000085, 47.842366060000082 ], [ 6.875128606000089, 47.842355790000056 ], [ 6.874113031000093, 47.842218160000073 ], [ 6.873697673000038, 47.842051673000071 ], [ 6.872893569000041, 47.842037700000049 ], [ 6.872274143000084, 47.841837403000056 ], [ 6.871673607000048, 47.841861749000088 ], [ 6.87094776500004, 47.841980339000088 ], [ 6.870548022000037, 47.841993541000079 ], [ 6.869928606000087, 47.841793232000043 ], [ 6.868995090000055, 47.841828559000078 ], [ 6.867025206000051, 47.842267520000064 ], [ 6.866137614000081, 47.84284195500004 ], [ 6.865945533000058, 47.842938399000047 ], [ 6.865278217000082, 47.842964914000049 ], [ 6.864823508000086, 47.843119576000049 ], [ 6.864576139000064, 47.843353002000072 ], [ 6.864532334000046, 47.843624769000087 ], [ 6.864673239000069, 47.843710230000056 ], [ 6.864692929000057, 47.843934850000039 ], [ 6.864566773000092, 47.844029117000048 ], [ 6.864112053000042, 47.844183777000069 ], [ 6.863102340000069, 47.844897372000048 ], [ 6.862517343000093, 47.845101373000034 ], [ 6.862054911000087, 47.845161665000042 ], [ 6.861168422000048, 47.844970110000077 ], [ 6.860678439000083, 47.844720434000067 ], [ 6.860196662000078, 47.844560594000086 ], [ 6.859596090000082, 47.844584878000042 ], [ 6.85908982400008, 47.844916923000085 ], [ 6.858971856000039, 47.845101022000051 ], [ 6.858594508000067, 47.845388272000037 ], [ 6.857805920000089, 47.845553897000059 ], [ 6.857358204000093, 47.845793900000047 ], [ 6.856918173000054, 47.846128260000057 ], [ 6.85366864100007, 47.847244342000067 ], [ 6.853279798000074, 47.847396791000051 ], [ 6.852839402000086, 47.847726641000072 ], [ 6.852677536000044, 47.84818249500006 ], [ 6.85248983300005, 47.848328330000072 ], [ 6.851434094000069, 47.848502690000032 ], [ 6.851185807000093, 47.848736114000083 ], [ 6.851165657000081, 47.849277415000081 ], [ 6.850948445000085, 47.849870243000055 ], [ 6.850704569000072, 47.850153079000052 ], [ 6.850378885000055, 47.85025388400004 ], [ 6.849652881000054, 47.850372342000071 ], [ 6.849338637000074, 47.850607927000055 ], [ 6.84930619000005, 47.851014471000042 ], [ 6.848999616000072, 47.851344415000085 ], [ 6.847190241000078, 47.852088620000082 ], [ 6.84640068300007, 47.852254195000057 ], [ 6.844933913000091, 47.852311325000073 ], [ 6.84454175400009, 47.852418799000077 ], [ 6.843729325000084, 47.852314787000068 ], [ 6.843251293000037, 47.852195302000041 ], [ 6.842761328000051, 47.851945553000064 ], [ 6.842160664000062, 47.851969748000045 ], [ 6.841905816000065, 47.852113259000078 ], [ 6.841724247000059, 47.852344474000063 ], [ 6.841095987000074, 47.852820097000063 ], [ 6.839996184000086, 47.85326611000005 ], [ 6.839682205000088, 47.853506164000073 ], [ 6.839348311000037, 47.853517100000033 ], [ 6.839078272000052, 47.853485396000053 ], [ 6.838033802000041, 47.853794419000053 ], [ 6.837526804000049, 47.854130892000057 ], [ 6.836687563000055, 47.85423495200007 ], [ 6.836526270000093, 47.854168146000063 ], [ 6.83605964700007, 47.854183417000058 ], [ 6.835764382000093, 47.854648110000085 ], [ 6.835696029000076, 47.855416242000047 ], [ 6.835541320000061, 47.855961935000039 ], [ 6.835242470000082, 47.856377186000088 ], [ 6.834987072000047, 47.856525204000043 ], [ 6.834587211000041, 47.856538284000067 ], [ 6.833230234000041, 47.85632135700007 ], [ 6.832085015000075, 47.856232651000077 ], [ 6.83141394800009, 47.856209532000037 ], [ 6.830895488000067, 47.856411191000063 ], [ 6.830710614000054, 47.856597442000073 ], [ 6.830470675000072, 47.856925154000074 ], [ 6.829606892000072, 47.857002932000057 ], [ 6.82801779600004, 47.857198999000047 ], [ 6.827498989000048, 47.857396147000088 ], [ 6.826241250000066, 47.858347260000073 ], [ 6.825922782000077, 47.858537863000038 ], [ 6.824596697000061, 47.858680245000073 ], [ 6.823556111000073, 47.859034058000077 ] ] ] } },
{ "type": "Feature", "properties": { "fid": 8, "gid": 8, "CdEuMasseDEau": "FRCR208", "NomMasseDEau": "MOSELLE 1", "Etat masse eau ": "Moyen", "Etat ecologique": "Moyen", "Etat chimique": "Non atteint", "_swEcologicalStatusOrPotentialValue": "3", "_swChemicalStatusValue": "3" }, "geometry": { "type": "MultiLineString", "coordinates": [ [ [ 6.86099433000004, 47.889839646000041 ], [ 6.860323153000081, 47.889821188000042 ], [ 6.859636395000052, 47.889623029000063 ], [ 6.859122728000045, 47.889099300000055 ], [ 6.858950880000066, 47.888658934000034 ], [ 6.858602028000064, 47.888490200000042 ], [ 6.857733670000073, 47.88852326600005 ], [ 6.857463115000087, 47.888487111000082 ], [ 6.857181417000049, 47.888320670000041 ], [ 6.857087552000053, 47.888008390000039 ], [ 6.857197418000055, 47.887734463000072 ], [ 6.857067143000052, 47.886206965000042 ], [ 6.856914667000069, 47.885986717000037 ], [ 6.856706335000069, 47.885907967000037 ], [ 6.855497394000054, 47.885862111000051 ], [ 6.854803341000093, 47.885574061000057 ], [ 6.854375732000051, 47.885277251000048 ], [ 6.853972870000064, 47.88447954600008 ], [ 6.853530551000063, 47.884003008000043 ], [ 6.853095274000054, 47.883611836000057 ], [ 6.852912035000088, 47.883036680000032 ], [ 6.852831825000067, 47.882093214000072 ], [ 6.853001154000083, 47.881727233000049 ], [ 6.85297823600007, 47.881457671000078 ], [ 6.851536267000085, 47.880252575000043 ], [ 6.851331376000076, 47.879943936000082 ], [ 6.849682052000048, 47.878925837000047 ], [ 6.849173007000047, 47.878451474000087 ], [ 6.84752343100007, 47.877163040000077 ], [ 6.846872623000081, 47.876603214000056 ], [ 6.846653410000044, 47.876385142000061 ], [ 6.845759108000038, 47.876103610000087 ], [ 6.843644171000051, 47.875645832000032 ], [ 6.843291689000068, 47.875436628000045 ], [ 6.843272912000089, 47.875211982000053 ], [ 6.84298691500004, 47.87499609200006 ], [ 6.842385990000082, 47.875020288000087 ], [ 6.841789153000093, 47.875089399000046 ], [ 6.841244115000052, 47.874972096000079 ], [ 6.840405571000076, 47.87455804700005 ], [ 6.84000988400004, 47.874503425000057 ], [ 6.839478548000045, 47.874471265000068 ], [ 6.83931825500008, 47.874372892000054 ], [ 6.838765384000055, 47.874170235000072 ], [ 6.838267577000067, 47.873826112000081 ], [ 6.837774186000047, 47.873531399000058 ], [ 6.837303635000069, 47.873506250000048 ], [ 6.836976948000085, 47.873607044000039 ], [ 6.836686532000044, 47.873445347000086 ], [ 6.836397181000052, 47.873089891000063 ], [ 6.836292886000081, 47.872642781000081 ], [ 6.836076981000076, 47.872469635000073 ], [ 6.835806848000061, 47.872437924000053 ], [ 6.835379126000078, 47.872136548000071 ], [ 6.83472934200006, 47.871576626000042 ], [ 6.834145538000087, 47.871014542000069 ], [ 6.83404859400008, 47.870657294000068 ], [ 6.833261162000042, 47.870056812000087 ], [ 6.832202798000083, 47.869424632000062 ], [ 6.831701834000057, 47.869035534000034 ], [ 6.831337207000047, 47.868691536000085 ], [ 6.831163726000057, 47.867435743000051 ], [ 6.830944615000078, 47.867217641000082 ], [ 6.829924603000052, 47.867034711000088 ], [ 6.829290087000061, 47.866649965000079 ], [ 6.828922250000062, 47.866261013000042 ], [ 6.828965422000067, 47.865989290000073 ], [ 6.829476664000083, 47.865697776000047 ], [ 6.829449796000063, 47.865383288000032 ], [ 6.829089285000066, 47.865084202000048 ], [ 6.828733365000062, 47.864825511000049 ], [ 6.827879287000087, 47.864227172000085 ], [ 6.827307026000085, 47.863799837000045 ], [ 6.826483905000089, 47.863560895000042 ], [ 6.826068017000068, 47.863398763000077 ], [ 6.825848944000086, 47.86318065100005 ], [ 6.825391597000078, 47.862524296000061 ], [ 6.825542355000039, 47.861933699000083 ], [ 6.825445485000046, 47.861576442000057 ], [ 6.825218276000044, 47.861268490000043 ], [ 6.824928678000049, 47.861012130000063 ], [ 6.824682782000082, 47.860479526000063 ], [ 6.824648636000063, 47.860075170000073 ], [ 6.824499607000064, 47.859899823000042 ], [ 6.823794681000038, 47.859476799000049 ], [ 6.823556111000073, 47.859034058000077 ], [ 6.822399474000065, 47.858810472000073 ], [ 6.821913615000085, 47.858605556000043 ], [ 6.821596906000082, 47.858030202000073 ], [ 6.821381943000063, 47.857857 ], [ 6.821099685000092, 47.857690497000078 ], [ 6.820221272000083, 47.857588472000089 ], [ 6.819354230000044, 47.857621228000085 ], [ 6.819024375000083, 47.857677026000033 ], [ 6.818605324000089, 47.857469920000085 ], [ 6.818385471000056, 47.857251821000034 ], [ 6.818148115000042, 47.856813535000072 ], [ 6.818094522000081, 47.856184551000069 ], [ 6.818307737000055, 47.85554237100007 ], [ 6.818147700000054, 47.855236724000072 ], [ 6.817576126000063, 47.854804817000058 ], [ 6.816270619000079, 47.854405813000085 ], [ 6.815670750000038, 47.854429845000077 ], [ 6.81527735800006, 47.854532753000058 ], [ 6.814766980000059, 47.854824180000037 ], [ 6.814793756000086, 47.855138673000056 ], [ 6.815212773000042, 47.855345792000037 ], [ 6.815498552000065, 47.855561752000085 ], [ 6.815529397000091, 47.855921164000051 ], [ 6.815214134000087, 47.856156685000087 ], [ 6.814821886000061, 47.856264059000068 ], [ 6.813028345000077, 47.856421523000051 ], [ 6.812773720000052, 47.856569465000064 ], [ 6.812596071000087, 47.856845554000081 ], [ 6.812574690000076, 47.857386873000053 ], [ 6.812322963000042, 47.857575267000072 ], [ 6.812126670000055, 47.857626702000061 ], [ 6.810992805000069, 47.857672576000077 ], [ 6.80910973500005, 47.857562577000067 ], [ 6.806567581000081, 47.857573064000064 ], [ 6.806304497000042, 47.857626657000083 ], [ 6.806056804000093, 47.857859958000063 ], [ 6.805812651000053, 47.858142699000041 ], [ 6.805665740000052, 47.858778192000045 ], [ 6.805627726000068, 47.859905719000039 ], [ 6.805714855000076, 47.860934574000055 ], [ 6.805871103000072, 47.861199812000052 ], [ 6.805901051000092, 47.861559253000053 ], [ 6.805464622000045, 47.861938338000073 ], [ 6.805484068000055, 47.862162965000039 ], [ 6.805698675000087, 47.862331700000077 ], [ 6.80644355600009, 47.862438170000082 ], [ 6.807060073000059, 47.86259836000005 ], [ 6.808179901000074, 47.863183706000086 ], [ 6.808799333000081, 47.863384339000049 ], [ 6.808730507000064, 47.863463163000063 ], [ 6.80866418700009, 47.863541905000034 ], [ 6.80859703100009, 47.86362067400006 ], [ 6.808528717000058, 47.863694976000033 ], [ 6.808461561000058, 47.86377374500006 ], [ 6.80843376100006, 47.863806184000055 ], [ 6.808358751000071, 47.863822136000067 ], [ 6.808232944000054, 47.863853253000059 ], [ 6.808106815000087, 47.863879876000055 ], [ 6.807979337000063, 47.863911047000045 ], [ 6.807854042000088, 47.863937642000053 ], [ 6.80772907000005, 47.863968731000057 ], [ 6.807601592000083, 47.863999902000046 ], [ 6.807514380000043, 47.86402075500007 ], [ 6.807481116000076, 47.864035351000041 ], [ 6.807378114000073, 47.864092757000037 ], [ 6.807273443000042, 47.864150218000077 ], [ 6.807166779000056, 47.864203238000073 ], [ 6.807062107000093, 47.864260699000056 ], [ 6.806957435000072, 47.864318159000049 ], [ 6.806874339000046, 47.864361404000078 ], [ 6.806855268000049, 47.864375538000047 ], [ 6.806765433000066, 47.864441527000047 ], [ 6.806677268000044, 47.864507462000063 ], [ 6.806588591000093, 47.864577918000073 ], [ 6.806500426000071, 47.864643853000082 ], [ 6.806411425000079, 47.864709814000037 ], [ 6.806322425000076, 47.864775776000045 ], [ 6.806245626000077, 47.864836836000052 ], [ 6.806228092000083, 47.86483740500006 ], [ 6.806098619000068, 47.864864134000072 ], [ 6.805969659000084, 47.864886340000055 ], [ 6.805841856000086, 47.86491301500007 ], [ 6.805712896000045, 47.864935221000053 ], [ 6.805583935000072, 47.864957427000043 ], [ 6.805454462000057, 47.864984155000059 ], [ 6.805326336000064, 47.865006334000043 ], [ 6.805197376000081, 47.865028540000083 ], [ 6.805067902000076, 47.865055267000059 ], [ 6.804938941000046, 47.865077473000042 ], [ 6.804811137000058, 47.865104146000078 ], [ 6.804729123000072, 47.86511581700006 ], [ 6.804693161000046, 47.865139510000063 ], [ 6.804593817000068, 47.86520130100007 ], [ 6.80449414900005, 47.865258596000047 ], [ 6.804410859000086, 47.865310855000082 ], [ 6.804403476000061, 47.865324610000073 ], [ 6.804349992000084, 47.86540743900008 ], [ 6.804296509000039, 47.865490266000052 ], [ 6.804243860000042, 47.865573067000071 ], [ 6.804191211000045, 47.865655868000033 ], [ 6.804174453000087, 47.865678938000087 ], [ 6.804099379000093, 47.865717414000073 ], [ 6.803989882000053, 47.865766018000045 ], [ 6.803880707000076, 47.865819117000058 ], [ 6.803771532000042, 47.865872215000081 ], [ 6.803659851000077, 47.865925395000033 ], [ 6.803537590000076, 47.866064515000062 ], [ 6.802971568000089, 47.866492842000071 ], [ 6.802298330000042, 47.86723549800007 ], [ 6.802050896000083, 47.867473283000038 ], [ 6.801249644000052, 47.867503766000077 ], [ 6.800304309000069, 47.867403759000069 ], [ 6.799269542000047, 47.867036334000034 ], [ 6.798587357000088, 47.866882735000047 ], [ 6.795907112000066, 47.866852398000049 ], [ 6.794650427000079, 47.867032732000041 ], [ 6.793535744000053, 47.867303066000034 ], [ 6.792961537000053, 47.867641504000062 ], [ 6.792969629000083, 47.867731344000049 ], [ 6.792666334000046, 47.868101564000085 ], [ 6.792278689000057, 47.869060174000083 ], [ 6.791614260000074, 47.86981148600006 ], [ 6.790628310000045, 47.870924586000058 ], [ 6.789926293000065, 47.87212310600006 ], [ 6.788348842000062, 47.873264306000067 ], [ 6.787889608000057, 47.873373747000073 ], [ 6.786758272000043, 47.873459840000073 ], [ 6.786020522000058, 47.873443114000047 ], [ 6.785427669000057, 47.873556858000086 ], [ 6.784857382000041, 47.873940176000083 ], [ 6.784443782000039, 47.874584234000046 ], [ 6.78394348900008, 47.875010338000038 ], [ 6.783557961000042, 47.875202979000051 ], [ 6.781916656000078, 47.87558028400008 ], [ 6.780675349000092, 47.875944670000081 ], [ 6.779741174000037, 47.875979286000081 ], [ 6.779281898000079, 47.876088693000042 ], [ 6.777599457000065, 47.876782614000042 ], [ 6.776943772000038, 47.876943388000086 ], [ 6.776075552000066, 47.876975850000072 ], [ 6.775671491000082, 47.876943808000078 ], [ 6.77546011700008, 47.876819966000085 ], [ 6.775029506000067, 47.876473424000039 ], [ 6.774610479000046, 47.876266164000072 ], [ 6.77307212900007, 47.876279625000052 ], [ 6.772071133000054, 47.876316329000083 ], [ 6.770940028000041, 47.87640676400008 ], [ 6.769638048000047, 47.876047672000077 ], [ 6.768770674000052, 47.876080053000067 ], [ 6.768162488000087, 47.876014 ], [ 6.76776278300008, 47.876031346000048 ], [ 6.767054696000059, 47.876373949000083 ], [ 6.766933330000086, 47.876409382000077 ], [ 6.766811447000066, 47.876449337000047 ], [ 6.766691234000064, 47.876489238000033 ], [ 6.76657070300007, 47.876524644000085 ], [ 6.766449335000061, 47.876560077000079 ], [ 6.766402690000064, 47.876575090000081 ], [ 6.766323474000046, 47.876591149000042 ], [ 6.766195623000044, 47.876617780000061 ], [ 6.766066617000092, 47.876639943000043 ], [ 6.76593876600009, 47.87666657300008 ], [ 6.765810079000062, 47.876693230000058 ], [ 6.76568190900008, 47.876715366000042 ], [ 6.765552387000071, 47.876742049000086 ], [ 6.76542537000006, 47.876768652000067 ], [ 6.765295529000071, 47.876790841000059 ], [ 6.765168512000059, 47.876817444000039 ], [ 6.765038670000081, 47.876839632000042 ], [ 6.76491165300007, 47.87686623500008 ], [ 6.764782130000072, 47.876892918000067 ], [ 6.764653959000043, 47.876915052000072 ], [ 6.764525271000082, 47.876941708000061 ], [ 6.764397418000044, 47.876968336000061 ], [ 6.764268411000046, 47.876990497000072 ], [ 6.764140558000065, 47.877017126000055 ], [ 6.764011870000047, 47.877043781000047 ], [ 6.763883698000086, 47.87706591400007 ], [ 6.763753855000061, 47.877088101000083 ], [ 6.763626837000061, 47.877114702000085 ], [ 6.763497313000073, 47.877141384000083 ], [ 6.763369975000046, 47.877163490000051 ], [ 6.763240451000058, 47.877190171000052 ], [ 6.763113432000068, 47.877216772000047 ], [ 6.762983589000044, 47.877238958000078 ], [ 6.762855735000073, 47.877265585000032 ], [ 6.762727045000076, 47.877292239000042 ], [ 6.762647508000043, 47.87730380000005 ], [ 6.762597916000061, 47.877300886000057 ], [ 6.76246417200008, 47.877291662000061 ], [ 6.762331263000078, 47.877282411000067 ], [ 6.762243771000044, 47.877276207000079 ], [ 6.762201058000073, 47.877264062000052 ], [ 6.762078765000069, 47.87722744000007 ], [ 6.76196931800007, 47.877194911000061 ], [ 6.761954285000058, 47.877195393000079 ], [ 6.761820662000048, 47.877199679000057 ], [ 6.761687357000085, 47.877208460000077 ], [ 6.761553734000074, 47.877212745000072 ], [ 6.761420111000064, 47.877217031000043 ], [ 6.761286488000053, 47.877221316000032 ], [ 6.761152864000053, 47.877225602000067 ], [ 6.761020076000079, 47.877229860000057 ], [ 6.76088677100006, 47.877238640000087 ], [ 6.760753148000049, 47.877242924000086 ], [ 6.760619524000049, 47.877247209000082 ], [ 6.760500934000049, 47.877251012000045 ], [ 6.760486219000086, 47.877255988000059 ], [ 6.760354903000064, 47.877269209000083 ], [ 6.760224422000078, 47.877282402000048 ], [ 6.760092589000067, 47.87730014400006 ], [ 6.759970777000092, 47.877317564000073 ], [ 6.759926408000069, 47.877589286000045 ], [ 6.760438667000074, 47.878108958000041 ], [ 6.760547189000079, 47.878601028000048 ], [ 6.760235567000052, 47.878881319000072 ], [ 6.758160253000085, 47.879682148000086 ], [ 6.757605651000063, 47.879947691000041 ], [ 6.756489470000076, 47.880510528000059 ], [ 6.75650386500007, 47.880690266000045 ], [ 6.756578714000057, 47.880777968000082 ], [ 6.757512988000087, 47.880743537000058 ], [ 6.757991601000072, 47.880858848000059 ], [ 6.758703487000048, 47.881372130000045 ], [ 6.758923195000079, 47.88159033800008 ], [ 6.758971258000088, 47.882174446000079 ], [ 6.758786042000054, 47.882360581000057 ], [ 6.758455969000067, 47.882416207000063 ], [ 6.757982195000068, 47.88234579300007 ], [ 6.756883792000053, 47.882025086000056 ], [ 6.75641638500008, 47.882044561000043 ], [ 6.755308070000069, 47.882399903000078 ], [ 6.754804292000074, 47.882780933000049 ], [ 6.754438156000049, 47.883202605000072 ], [ 6.753989656000044, 47.883442208000083 ], [ 6.753722377000088, 47.883450762000052 ], [ 6.753597084000091, 47.883549376000083 ], [ 6.75247667900004, 47.883769928000049 ], [ 6.750971707000076, 47.884187470000086 ], [ 6.750520325000082, 47.884386606000078 ], [ 6.749949352000044, 47.884765257000083 ], [ 6.749363482000092, 47.884968688000072 ], [ 6.747780436000085, 47.885253534000071 ], [ 6.747328198000048, 47.885452685000082 ], [ 6.747080115000074, 47.885685857000055 ], [ 6.74711368800007, 47.886090229000047 ], [ 6.747926778000078, 47.887005785000042 ], [ 6.748286146000055, 47.887305144000038 ], [ 6.748368175000053, 47.887482720000037 ], [ 6.748394574000088, 47.887797222000081 ], [ 6.748079977000089, 47.888037026000063 ], [ 6.74748973700008, 47.888191031000083 ], [ 6.746084687000064, 47.888199869000061 ], [ 6.745431938000081, 47.888405414000033 ], [ 6.744735563000063, 47.888882643000045 ], [ 6.744275787000049, 47.888987417000067 ], [ 6.743819497000061, 47.889141632000083 ], [ 6.743315571000039, 47.889522612000064 ], [ 6.743071457000042, 47.889800696000073 ], [ 6.742418677000046, 47.890006224000047 ], [ 6.740360470000041, 47.890216022000061 ], [ 6.740034649000052, 47.890321013000062 ], [ 6.740123826000058, 47.890588465000064 ], [ 6.740424351000058, 47.890979820000041 ], [ 6.740461879000065, 47.891429114000061 ], [ 6.740024738000045, 47.891807949000047 ], [ 6.739701757000091, 47.891953392000062 ], [ 6.738841274000038, 47.892075421000072 ], [ 6.737677285000075, 47.892572010000038 ], [ 6.736906788000056, 47.892961451000083 ], [ 6.736238780000065, 47.892987232000053 ], [ 6.735960286000079, 47.892860954000071 ], [ 6.735600634000093, 47.892557064000073 ], [ 6.735177634000081, 47.892304743000068 ], [ 6.733541667000054, 47.891960388000086 ], [ 6.732796518000043, 47.891853457000082 ], [ 6.732266181000057, 47.89191988400006 ], [ 6.730053112000064, 47.892679514000072 ], [ 6.72963387100009, 47.893278476000042 ], [ 6.730543061000049, 47.894551478000039 ], [ 6.730588499000078, 47.89509061800004 ], [ 6.729858515000046, 47.895974257000034 ], [ 6.72867890100008, 47.896286547000045 ], [ 6.727730059000066, 47.896951883000042 ], [ 6.725975768000069, 47.897606751000069 ], [ 6.725174854000045, 47.897636687000045 ], [ 6.724495330000082, 47.89752311400008 ], [ 6.723590503000082, 47.897110358000077 ], [ 6.722711626000091, 47.897007607000042 ], [ 6.72245225100005, 47.897105933000034 ], [ 6.722273996000069, 47.897381879000079 ], [ 6.722111174000077, 47.897842033000082 ], [ 6.722041121000075, 47.898610078000047 ], [ 6.721989399000051, 47.898791912000043 ], [ 6.720253014000093, 47.898855989000083 ], [ 6.71958575900004, 47.898881648000042 ], [ 6.718417140000042, 47.899328628000042 ], [ 6.718180302000064, 47.89970102400008 ], [ 6.718154791000075, 47.900197363000082 ], [ 6.718526037000061, 47.90063157600008 ], [ 6.718559402000039, 47.901035953000083 ], [ 6.718440822000048, 47.901219903000083 ], [ 6.717992322000043, 47.901463861000082 ], [ 6.715633012000069, 47.902092685000071 ], [ 6.714557340000056, 47.902852015000072 ], [ 6.714101681000045, 47.903006088000041 ], [ 6.713174114000083, 47.903130043000033 ], [ 6.713100141000041, 47.903042288000051 ], [ 6.712966448000088, 47.903046519000043 ], [ 6.711682752000058, 47.902915947000047 ], [ 6.711085432000061, 47.902984392000064 ], [ 6.710362061000069, 47.903142411000033 ], [ 6.708826632000068, 47.904010822000032 ], [ 6.708293002000062, 47.904032191000056 ], [ 6.707187649000048, 47.903625648000059 ], [ 6.706630689000065, 47.903372955000073 ], [ 6.70636361600009, 47.903385896000088 ], [ 6.706108154000049, 47.903529108000043 ], [ 6.705870061000041, 47.903897009000048 ], [ 6.70571073800005, 47.904397567000046 ], [ 6.705410913000037, 47.90481696900008 ], [ 6.705370217000052, 47.905133588000069 ], [ 6.70559262900008, 47.905392347000088 ], [ 6.706286445000046, 47.905685771000037 ], [ 6.707269228000087, 47.906231339000051 ], [ 6.707495945000062, 47.906539511000062 ], [ 6.707518134000054, 47.906809096000082 ], [ 6.707654978000051, 47.906849821000037 ], [ 6.707544301000041, 47.907123604000049 ], [ 6.707042770000044, 47.907544877000078 ], [ 6.705752390000043, 47.908135213000037 ], [ 6.70575553000009, 47.908180162000072 ], [ 6.705558947000043, 47.908231417000081 ], [ 6.70512539300006, 47.908655039000053 ], [ 6.704053413000054, 47.909459192000043 ], [ 6.703281588000039, 47.909848435000072 ], [ 6.701626726000086, 47.910089842000048 ], [ 6.701037256000063, 47.910248080000088 ], [ 6.700161340000079, 47.910190109000041 ], [ 6.69933410200008, 47.909905360000039 ], [ 6.698640583000042, 47.909616391000043 ], [ 6.697828402000084, 47.909511347000034 ], [ 6.696689363000075, 47.909511193000071 ], [ 6.696344022000062, 47.90938692800006 ], [ 6.695358162000048, 47.908796320000079 ], [ 6.694671462000088, 47.908592704000057 ], [ 6.693068431000086, 47.908652170000039 ], [ 6.692653434000079, 47.908489544000084 ], [ 6.691247003000058, 47.908497751000077 ], [ 6.690835663000087, 47.908375546000059 ], [ 6.689815344000067, 47.908191403000046 ], [ 6.689281351000091, 47.908208191000085 ], [ 6.688969492000069, 47.908492783000042 ], [ 6.688557585000069, 47.909181438000083 ], [ 6.688249677000044, 47.909510950000083 ], [ 6.688057033000064, 47.909607098000038 ], [ 6.687385667000058, 47.909587652000077 ], [ 6.686636405000058, 47.909435507000069 ], [ 6.686161336000055, 47.909360335000088 ], [ 6.685708661000092, 47.909559245000082 ], [ 6.68540437900009, 47.909929178000077 ], [ 6.684899836000056, 47.910309902000051 ], [ 6.684439233000092, 47.910418961000062 ], [ 6.683764426000039, 47.910350050000034 ], [ 6.683137006000038, 47.910058917000072 ], [ 6.682258661000049, 47.909144996000073 ], [ 6.681876622000061, 47.908575876000043 ], [ 6.680960599000059, 47.908023504000077 ], [ 6.680671442000062, 47.907766796000033 ], [ 6.680259297000077, 47.907644580000067 ], [ 6.679525059000071, 47.907672108000042 ], [ 6.67820837700009, 47.907947628000045 ], [ 6.677466231000039, 47.907885297000064 ], [ 6.677146932000085, 47.908075489000055 ], [ 6.677046277000045, 47.908484065000039 ], [ 6.677265761000058, 47.908702423000079 ], [ 6.677977240000075, 47.909216186000037 ], [ 6.678010301000086, 47.909620572000051 ], [ 6.676396282000042, 47.910355855000034 ], [ 6.674997698000084, 47.910453714000077 ], [ 6.673647894000055, 47.910324795000072 ], [ 6.672976214000073, 47.910300771000038 ], [ 6.671859169000072, 47.910569968000061 ], [ 6.671406119000039, 47.910764328000077 ], [ 6.671295558000054, 47.911042571000053 ], [ 6.671039130000054, 47.911185732000042 ], [ 6.670505412000068, 47.911206930000048 ], [ 6.66995249200005, 47.910998988000081 ], [ 6.669948547000047, 47.910954064000073 ], [ 6.66828369600006, 47.91025383300007 ], [ 6.667530536000072, 47.910056643000082 ], [ 6.667059431000041, 47.910026318000064 ], [ 6.665805542000044, 47.910254685000041 ], [ 6.665471256000046, 47.91026512600007 ], [ 6.664495459000079, 47.910615428000085 ], [ 6.663997805000065, 47.911085935000081 ], [ 6.664049627000054, 47.911714968000069 ], [ 6.663948864000076, 47.912123532000066 ], [ 6.66363653600007, 47.912403561000083 ], [ 6.662646076000044, 47.912578622000069 ], [ 6.662323593000053, 47.912723825000057 ], [ 6.662166935000073, 47.913269269000068 ], [ 6.662831166000046, 47.91400982600004 ], [ 6.663038795000091, 47.914093439000055 ], [ 6.663119744000085, 47.914271098000086 ], [ 6.66349768300006, 47.914795355000081 ], [ 6.663587351000047, 47.915062834000082 ], [ 6.663620306000041, 47.915467223000064 ], [ 6.663100631000077, 47.915668132000064 ], [ 6.661972131000084, 47.915797943000086 ], [ 6.659894903000065, 47.915786153000056 ], [ 6.657858664000059, 47.915457725000067 ], [ 6.656922879000092, 47.915491389000067 ], [ 6.656555432000062, 47.915908252000072 ], [ 6.655294776000062, 47.919334983000056 ], [ 6.655253770000058, 47.919651582000085 ], [ 6.654904276000082, 47.920293108000067 ], [ 6.654959932000054, 47.92096706500007 ], [ 6.654740236000066, 47.921559503000083 ], [ 6.65444300900009, 47.922023721000073 ], [ 6.65426799100004, 47.923155317000067 ], [ 6.653546204000065, 47.924984122000069 ], [ 6.653341369000088, 47.925756276000072 ], [ 6.65329220700005, 47.926793859000043 ], [ 6.653058411000075, 47.927206546000043 ], [ 6.652385711000079, 47.927997757000071 ], [ 6.65209907600007, 47.928592268000045 ], [ 6.652020943000082, 47.929270384000063 ], [ 6.651849551000055, 47.929640585000072 ], [ 6.651727580000056, 47.929779516000053 ], [ 6.65120347900006, 47.929930953000053 ], [ 6.650806425000042, 47.929992850000083 ], [ 6.650486897000064, 47.930182968000047 ], [ 6.650257305000082, 47.930645066000068 ], [ 6.65005240000005, 47.931417211000053 ], [ 6.649828676000084, 47.93196471300007 ], [ 6.649698836000084, 47.932013795000046 ], [ 6.649716813000055, 47.932238463000033 ], [ 6.64961280700004, 47.932602061000068 ], [ 6.649641406000057, 47.933772355000087 ], [ 6.649604285000066, 47.934133873000064 ], [ 6.649432551000075, 47.934499574000085 ], [ 6.648991312000078, 47.934833110000056 ], [ 6.648203835000061, 47.93504226500005 ], [ 6.647687838000081, 47.935288028000059 ], [ 6.64738314300007, 47.935657856000034 ], [ 6.64739409200007, 47.935792652000032 ], [ 6.647327202000042, 47.935794730000055 ], [ 6.647264240000084, 47.935841731000039 ], [ 6.64726733100008, 47.935886680000067 ], [ 6.646826067000063, 47.936220207000083 ], [ 6.646491615000059, 47.936230594000051 ], [ 6.645434686000044, 47.935592236000048 ], [ 6.643682028000057, 47.936290783000061 ], [ 6.641628194000077, 47.937399545000062 ], [ 6.639918836000049, 47.938632725000048 ], [ 6.638623033000044, 47.939177388000083 ], [ 6.63786906100006, 47.939790838000079 ], [ 6.637504380000053, 47.940252585000053 ], [ 6.637003125000092, 47.940678019000082 ], [ 6.636546079000084, 47.940831813000045 ], [ 6.636149454000076, 47.940889139000042 ], [ 6.63594484500004, 47.940850430000069 ], [ 6.635722624000039, 47.940591545000082 ], [ 6.635374141000057, 47.940422153000043 ], [ 6.63477238300004, 47.940445285000067 ], [ 6.634252354000068, 47.940646064000077 ], [ 6.63395845000008, 47.941150653000079 ], [ 6.634042691000047, 47.942184078000082 ], [ 6.634368476000077, 47.942890209000041 ], [ 6.634452728000042, 47.943923633000047 ], [ 6.634355594000056, 47.944377087000078 ], [ 6.633392380000089, 47.945717693000063 ], [ 6.63343603900006, 47.946256879000089 ], [ 6.633869636000043, 47.947459671000047 ], [ 6.634102793000068, 47.947853355000063 ], [ 6.63423520200007, 47.948660062000044 ], [ 6.634120141000039, 47.948888846000045 ], [ 6.632652129000064, 47.949799115000083 ], [ 6.631612395000047, 47.950196129000062 ], [ 6.630680203000054, 47.950279001000069 ], [ 6.629766436000068, 47.950582014000076 ], [ 6.628450545000078, 47.951708243000041 ], [ 6.627476455000078, 47.952918493000077 ], [ 6.627586665000081, 47.953451118000032 ], [ 6.628024763000042, 47.953888031000083 ], [ 6.62810956900006, 47.954110633000077 ], [ 6.629846095000062, 47.954854271000045 ], [ 6.630206400000077, 47.955158447000088 ], [ 6.63023912500006, 47.95556283500008 ], [ 6.630187033000084, 47.955744622000047 ], [ 6.629811268000083, 47.956071545000043 ], [ 6.62938371100006, 47.956584748000068 ], [ 6.629409439000085, 47.956899263000082 ], [ 6.629642604000082, 47.957292953000042 ], [ 6.629924262000088, 47.957464428000037 ], [ 6.630541040000082, 47.957621040000049 ], [ 6.630807876000063, 47.957612793000067 ], [ 6.631960298000081, 47.95693753900008 ], [ 6.632294048000063, 47.956927219000079 ], [ 6.632710075000091, 47.957090028000039 ], [ 6.633730033000063, 47.958089999000038 ], [ 6.633937789000072, 47.958173661000046 ], [ 6.634326671000053, 47.958832792000067 ], [ 6.634504191000076, 47.959367833000051 ], [ 6.634555710000086, 47.959996861000043 ], [ 6.634447627000043, 47.960315515000048 ], [ 6.634342626000091, 47.960679118000087 ], [ 6.633870827000067, 47.961463971000057 ], [ 6.632602334000069, 47.963174342000059 ], [ 6.632557241000086, 47.963446002000069 ], [ 6.632705090000059, 47.96362160700005 ], [ 6.633458881000081, 47.96381901400008 ], [ 6.63360365200009, 47.963949669000051 ], [ 6.633673084000066, 47.964803362000055 ], [ 6.633608087000084, 47.96647200700005 ], [ 6.633406720000039, 47.967289029000085 ], [ 6.633004553000092, 47.968112259000073 ], [ 6.632959458000073, 47.968383918000086 ], [ 6.632598764000079, 47.968895059000033 ], [ 6.632151472000089, 47.969989944000083 ], [ 6.631853776000071, 47.970454091000079 ], [ 6.630991155000061, 47.971386134000056 ], [ 6.629610916000047, 47.972559378000085 ], [ 6.629492175000053, 47.97274772600008 ], [ 6.62953273800008, 47.973241956000038 ], [ 6.630084373000045, 47.974256420000081 ], [ 6.630544182000051, 47.974958413000081 ], [ 6.631884006000064, 47.975763836000056 ], [ 6.632035805000044, 47.975984364000055 ], [ 6.632146416000069, 47.976521471000069 ], [ 6.631983097000045, 47.976976957000034 ], [ 6.632008014000064, 47.977291494000042 ], [ 6.631818939000084, 47.977432469000064 ], [ 6.631577225000058, 47.977759749000086 ], [ 6.631067425000083, 47.978090809000037 ], [ 6.63078058900004, 47.978689744000064 ], [ 6.630799030000048, 47.978909889000079 ], [ 6.630508269000075, 47.979463900000042 ], [ 6.629627571000071, 47.980171263000045 ], [ 6.628608201000077, 47.980837856000051 ], [ 6.627831705000062, 47.981181638000074 ], [ 6.626426563000052, 47.982044796000082 ], [ 6.625969130000044, 47.982198544000077 ], [ 6.624653924000086, 47.982513879000066 ], [ 6.622134212000049, 47.982875334000077 ], [ 6.622082372000079, 47.98306160900006 ], [ 6.622166141000093, 47.984090521000041 ], [ 6.622068829000057, 47.98454395400006 ], [ 6.622395763000043, 47.986921174000088 ], [ 6.622507136000081, 47.987458261000086 ], [ 6.622665607000044, 47.987764176000042 ], [ 6.622872721000078, 47.988658658000077 ], [ 6.622835379000037, 47.989020155000048 ], [ 6.622937362000073, 47.990278222000086 ], [ 6.62310397400006, 47.990678476000085 ], [ 6.623322432000066, 47.990892454000061 ], [ 6.623397216000058, 47.990980235000052 ], [ 6.623827765000044, 47.991327309000042 ], [ 6.624191051000082, 47.991671950000068 ], [ 6.624495513000056, 47.99211299500007 ], [ 6.624591268000074, 47.992470388000072 ], [ 6.624539120000065, 47.992652169000053 ], [ 6.624286083000072, 47.99284014300008 ], [ 6.624296984000068, 47.992974937000042 ], [ 6.623899119000043, 47.993032246000041 ], [ 6.622937380000053, 47.992755596000052 ], [ 6.622390782000082, 47.992637312000056 ], [ 6.622053202000075, 47.992607175000046 ], [ 6.621398687000067, 47.992812017000062 ], [ 6.621279565000066, 47.992995859000082 ], [ 6.620621969000069, 47.993155748000049 ], [ 6.62030195300008, 47.993345776000069 ], [ 6.620245880000084, 47.993482632000052 ], [ 6.620572104000075, 47.994193274000047 ], [ 6.620865350000088, 47.994495039000071 ], [ 6.621555645000058, 47.994739529000071 ], [ 6.622257680000075, 47.995118783000073 ], [ 6.622632186000089, 47.995602717000047 ], [ 6.622947557000089, 47.996178558000047 ], [ 6.623076534000063, 47.996935811000071 ], [ 6.623034438000047, 47.997252409000055 ], [ 6.623138016000041, 47.997699647000047 ], [ 6.623212809000052, 47.997787428000038 ], [ 6.62323768300007, 47.998101963000067 ], [ 6.623274294000055, 47.998551264000071 ], [ 6.622648586000082, 47.999926339000069 ], [ 6.621721424000043, 48.000905309000082 ], [ 6.62045321100004, 48.00180468700006 ], [ 6.620218299000044, 48.002221810000037 ], [ 6.620261870000093, 48.002760982000041 ], [ 6.620081945000038, 48.003847548000067 ], [ 6.619951901000093, 48.003896594000082 ], [ 6.618089720000057, 48.00409804800006 ], [ 6.617896074000043, 48.004198596000037 ], [ 6.616992189000087, 48.004636293000033 ], [ 6.616690789000074, 48.005050948000083 ], [ 6.616753025000037, 48.005814758000042 ], [ 6.616405567000072, 48.006501084000043 ], [ 6.615732150000042, 48.007292021000069 ], [ 6.61439226400006, 48.008152988000063 ], [ 6.614150833000053, 48.00847570600007 ], [ 6.61417956300005, 48.008835162000082 ], [ 6.614300942000057, 48.009507069000051 ], [ 6.614378805000058, 48.009639803000077 ], [ 6.61435924400007, 48.010225955000067 ], [ 6.61423527900007, 48.011175656000034 ], [ 6.614245285000038, 48.012121239000066 ], [ 6.614373646000047, 48.012883014000067 ], [ 6.614707416000044, 48.013679013000058 ] ], [ [ 6.911801264000076, 47.898892669000077 ], [ 6.911530951000088, 47.898861133000082 ], [ 6.910667440000054, 47.898939477000056 ], [ 6.90805479800008, 47.899715851000053 ], [ 6.907458604000055, 47.899785267000077 ], [ 6.907187123000085, 47.899749254000085 ], [ 6.906633729000077, 47.899546920000034 ], [ 6.905711383000039, 47.898951385000032 ], [ 6.905158003000054, 47.898749044000056 ], [ 6.90372952000007, 47.898490219000053 ], [ 6.902932001000067, 47.898566311000081 ], [ 6.900957291000054, 47.898190462000059 ], [ 6.900062664000075, 47.897913842000037 ], [ 6.899148697000044, 47.897408087000088 ], [ 6.897649992000083, 47.89634056500006 ], [ 6.896982711000078, 47.89560133100008 ], [ 6.895822046000092, 47.894563107000067 ], [ 6.895516221000094, 47.894127235000042 ], [ 6.894653487000085, 47.893439532000059 ], [ 6.893636556000047, 47.89329758100007 ], [ 6.893358016000093, 47.89317617100005 ], [ 6.892707034000068, 47.892612082000085 ], [ 6.892326992000051, 47.892088558000069 ], [ 6.892068717000086, 47.891421329000082 ], [ 6.891409838000072, 47.890771894000068 ], [ 6.890915160000077, 47.890477435000037 ], [ 6.890543082000079, 47.890039244000043 ], [ 6.889738247000082, 47.890025386000048 ], [ 6.888525385000094, 47.889939448000064 ], [ 6.887418948000061, 47.889534598000068 ], [ 6.886872826000058, 47.889417536000053 ], [ 6.886138949000042, 47.889446356000064 ], [ 6.885523047000049, 47.889291051000043 ], [ 6.884891482000057, 47.888956049000058 ], [ 6.883725358000049, 47.888638744000048 ], [ 6.882850765000057, 47.888586601000043 ], [ 6.880660454000065, 47.888037351000037 ], [ 6.880060234000041, 47.888061711000034 ], [ 6.879478948000042, 47.888310708000063 ], [ 6.879042496000068, 47.88868556500006 ], [ 6.878253329000074, 47.88885132300004 ], [ 6.87776189300007, 47.889367657000037 ], [ 6.876272551000056, 47.88996652600008 ], [ 6.874351625000088, 47.890985104000038 ], [ 6.873821474000067, 47.89105217000008 ], [ 6.873373775000061, 47.89129672200005 ], [ 6.872286002000067, 47.891111875000043 ], [ 6.871886218000043, 47.891129576000083 ], [ 6.871359849000044, 47.891237054000051 ], [ 6.871037559000058, 47.891387353000077 ], [ 6.870573898000089, 47.891447704000086 ], [ 6.869577125000092, 47.891534651000086 ], [ 6.869039246000057, 47.891507340000032 ], [ 6.868218783000088, 47.891313639000089 ], [ 6.867999750000081, 47.891100104000088 ], [ 6.867768057000092, 47.890747322000038 ], [ 6.867140697000082, 47.890457142000059 ], [ 6.866190720000077, 47.890312750000078 ], [ 6.864539204000039, 47.889790496000046 ], [ 6.862319014000093, 47.888885978000083 ], [ 6.861985231000062, 47.888901473000033 ], [ 6.861292841000079, 47.889419843000042 ], [ 6.86099433000004, 47.889839646000041 ] ], [ [ 6.922686691000081, 47.916257851000069 ], [ 6.921763875000067, 47.915662448000042 ], [ 6.920735975000071, 47.91539042800008 ], [ 6.920378435000089, 47.915132052000047 ], [ 6.920072290000064, 47.914696249000087 ], [ 6.919620480000049, 47.91412564500007 ], [ 6.91896513800009, 47.913521288000076 ], [ 6.918117572000085, 47.913013453000083 ], [ 6.917563998000048, 47.912811172000033 ], [ 6.916064073000086, 47.912509816000068 ], [ 6.91539590800005, 47.912536615000079 ], [ 6.913898873000051, 47.913046095000077 ], [ 6.91350275700006, 47.913104359000044 ], [ 6.912328797000043, 47.912701979000083 ], [ 6.911048199000049, 47.912614009000038 ], [ 6.91016903600007, 47.912517156000042 ], [ 6.909477318000086, 47.912269882000032 ], [ 6.908700024000041, 47.911804694000068 ], [ 6.907938494000064, 47.911519189000046 ], [ 6.906297004000066, 47.911136824000039 ], [ 6.90542914100007, 47.911170215000077 ], [ 6.904635578000068, 47.911291232000053 ], [ 6.904431724000062, 47.911252962000049 ], [ 6.903732930000047, 47.910920290000043 ], [ 6.903010961000064, 47.910318067000048 ], [ 6.901966364000089, 47.909861726000088 ], [ 6.900540903000092, 47.909647808000045 ], [ 6.899705158000074, 47.909274612000047 ], [ 6.898499950000087, 47.90851271400004 ], [ 6.897660099000063, 47.90809458800004 ], [ 6.896780705000083, 47.907993140000087 ], [ 6.89595988700006, 47.90779963500006 ], [ 6.895536840000091, 47.907547868000051 ], [ 6.895524432000059, 47.907413121000047 ], [ 6.89542700800007, 47.907055932000048 ], [ 6.894748166000056, 47.906947811000073 ], [ 6.894492362000051, 47.907091460000061 ], [ 6.894146904000081, 47.906972272000083 ], [ 6.893581588000075, 47.906630608000057 ], [ 6.89282021300005, 47.906345003000069 ], [ 6.892114126000081, 47.905922402000051 ], [ 6.891427041000043, 47.905724431000067 ], [ 6.890434115000062, 47.905090574000042 ], [ 6.890128780000055, 47.904650168000046 ], [ 6.88951598500006, 47.904539829000043 ], [ 6.889084405000062, 47.904193712000051 ], [ 6.88873155400006, 47.903984648000062 ], [ 6.887710307000077, 47.903797730000072 ], [ 6.887357464000047, 47.903588661000072 ], [ 6.886866488000067, 47.903334610000059 ], [ 6.886046613000076, 47.903141007000045 ], [ 6.88555184900008, 47.902846528000055 ], [ 6.885203148000073, 47.902682369000047 ], [ 6.884472378000055, 47.902756122000085 ], [ 6.88405980400006, 47.902634622000051 ], [ 6.883832915000085, 47.902326763000083 ], [ 6.88340913400009, 47.902074979000083 ], [ 6.882938308000064, 47.902050013000064 ], [ 6.882560357000045, 47.902332836000085 ], [ 6.882234414000038, 47.902433727000073 ], [ 6.881473161000088, 47.902148048000072 ], [ 6.881257317000063, 47.901979483000048 ], [ 6.880425115000037, 47.901651092000073 ], [ 6.880071987000065, 47.901437507000082 ], [ 6.880033270000069, 47.900988261000073 ], [ 6.879947822000076, 47.900770329000068 ], [ 6.879449499000089, 47.90042638500006 ], [ 6.87903728200007, 47.900309361000041 ], [ 6.878335506000042, 47.899931592000087 ], [ 6.877197323000075, 47.899162768000053 ], [ 6.87678924100004, 47.899090652000041 ], [ 6.876369310000086, 47.898879264000072 ], [ 6.876263792000088, 47.898432224000032 ], [ 6.875848315000042, 47.898270245000049 ], [ 6.875802235000037, 47.897731136000061 ], [ 6.875347255000065, 47.897119934000045 ], [ 6.87492734500006, 47.896908540000076 ], [ 6.874841596000067, 47.896686109000086 ], [ 6.874484734000077, 47.896432084000082 ], [ 6.874446068000054, 47.895982835000041 ], [ 6.874367721000056, 47.895850264000046 ], [ 6.873198555000045, 47.895492406000074 ], [ 6.872986553000089, 47.895364247000089 ], [ 6.872636776000093, 47.895195583000088 ], [ 6.872488653000062, 47.895024767000052 ], [ 6.872138881000069, 47.894856102000062 ], [ 6.871393413000078, 47.894750051000081 ], [ 6.871091574000047, 47.894354538000073 ], [ 6.870487165000043, 47.894333933000041 ], [ 6.870212786000081, 47.89425738500006 ], [ 6.869580931000087, 47.893917808000083 ], [ 6.869046633000039, 47.893939935000049 ], [ 6.868705430000091, 47.89386558700005 ], [ 6.868274072000077, 47.893519391000041 ], [ 6.867806606000045, 47.893539310000051 ], [ 6.867720892000079, 47.89331687300006 ], [ 6.867360483000084, 47.893013387000053 ], [ 6.866669547000072, 47.89277035300006 ], [ 6.866002441000092, 47.892796844000088 ], [ 6.86494734200005, 47.892209885000057 ], [ 6.864159242000085, 47.891609618000082 ], [ 6.86382184200005, 47.891575679000077 ], [ 6.863276078000069, 47.891463001000034 ], [ 6.862852154000052, 47.891206646000057 ], [ 6.86244415200008, 47.891134481000051 ], [ 6.862031719000072, 47.891012902000057 ], [ 6.861455624000087, 47.890540796000039 ], [ 6.86099433000004, 47.889839646000041 ] ] ] } },
{ "type": "Feature", "properties": { "fid": 731, "gid": 731, "CdEuMasseDEau": "FRCR713", "NomMasseDEau": "RUISSEAU DE LA COLLINE DE FRESSE", "Etat masse eau ": "Inconnu", "Etat ecologique": "Bon", "Etat chimique": "Inconnu", "_swEcologicalStatusOrPotentialValue": "2", "_swChemicalStatusValue": "U" }, "geometry": { "type": "MultiLineString", "coordinates": [ [ [ 6.845524237000063, 47.894537627000034 ], [ 6.84362509500005, 47.89424845800005 ], [ 6.84259275900007, 47.893926367000063 ], [ 6.841129583000054, 47.893262464000088 ], [ 6.840027526000085, 47.892902087000039 ], [ 6.838612476000037, 47.892011321000041 ], [ 6.838106330000073, 47.891577364000057 ], [ 6.83775376400007, 47.891368145000058 ], [ 6.837479123000037, 47.891287026000043 ], [ 6.835225172000094, 47.891554457000041 ], [ 6.834431743000039, 47.891675002000056 ], [ 6.833493244000067, 47.891665127000067 ], [ 6.831044821000091, 47.89122251200007 ], [ 6.829565556000091, 47.891144667000049 ], [ 6.828411113000072, 47.890961595000078 ], [ 6.82683409200007, 47.890526494000085 ], [ 6.826002406000043, 47.890197716000046 ], [ 6.824057466000056, 47.889373621000061 ], [ 6.82308893000004, 47.889004232000048 ], [ 6.822001703000069, 47.888823414000058 ], [ 6.821467948000077, 47.888840803000051 ], [ 6.821060021000051, 47.888768494000033 ], [ 6.81985835100005, 47.88881213500008 ], [ 6.819517250000047, 47.888737644000059 ], [ 6.818986730000063, 47.888799968000058 ], [ 6.818037237000056, 47.888659681000043 ], [ 6.816056198000069, 47.888192538000055 ], [ 6.814170177000051, 47.887276266000072 ], [ 6.813205812000092, 47.886951714000077 ], [ 6.812503846000084, 47.886573576000046 ], [ 6.812057817000039, 47.886051963000057 ], [ 6.811584703000051, 47.885211365000032 ], [ 6.810938238000063, 47.884696261000045 ], [ 6.81051900500006, 47.884489130000077 ], [ 6.809495183000081, 47.88425658400007 ], [ 6.80914683900005, 47.884092197000086 ], [ 6.80887227900007, 47.884011011000041 ], [ 6.808868218000043, 47.883966092000037 ], [ 6.808526841000059, 47.883887074000086 ], [ 6.80796992900008, 47.883639354000081 ], [ 6.807817664000083, 47.883419041000082 ], [ 6.806433370000093, 47.882887318000087 ], [ 6.806292454000072, 47.882801789000041 ], [ 6.805610046000084, 47.882648233000047 ], [ 6.80441490700008, 47.881975197000088 ], [ 6.804046824000068, 47.881581675000064 ], [ 6.80347456700008, 47.881154228000071 ], [ 6.803263626000046, 47.881025915000073 ], [ 6.802098485000045, 47.880712293000045 ], [ 6.801396680000039, 47.880334086000062 ], [ 6.800973979000048, 47.880077480000068 ], [ 6.800739883000063, 47.879684112000064 ], [ 6.799712143000079, 47.879406560000064 ], [ 6.79949227700007, 47.879188427000088 ], [ 6.799485007000044, 47.879098561000042 ], [ 6.799195436000048, 47.878842140000081 ], [ 6.798175823000065, 47.878654414000039 ], [ 6.797255057000086, 47.878058021000072 ], [ 6.796961451000072, 47.877756674000068 ], [ 6.796542007000085, 47.877544998000083 ], [ 6.795036504000052, 47.877152224000042 ], [ 6.794613345000073, 47.876900116000058 ], [ 6.794112072000075, 47.876515380000058 ], [ 6.793766718000086, 47.876391399000056 ], [ 6.790663376000055, 47.876104308000038 ], [ 6.789977055000065, 47.875905740000064 ], [ 6.789413061000062, 47.87556806300006 ], [ 6.788896179000062, 47.874999102000061 ], [ 6.788049011000055, 47.873683954000057 ], [ 6.787889608000057, 47.873373747000073 ] ] ] } },
{ "type": "Feature", "properties": { "fid": 405, "gid": 405, "CdEuMasseDEau": "FRCR219", "NomMasseDEau": "RUISSEAU DU MENIL", "Etat masse eau ": "Inconnu", "Etat ecologique": "Bon", "Etat chimique": "Inconnu", "_swEcologicalStatusOrPotentialValue": "2", "_swChemicalStatusValue": "U" }, "geometry": { "type": "MultiLineString", "coordinates": [ [ [ 6.860352695000074, 47.914409639000041 ], [ 6.860467542000038, 47.914180602000044 ], [ 6.86044168300009, 47.913100210000039 ], [ 6.860363346000042, 47.912967632000061 ], [ 6.860014657000079, 47.91280339900004 ], [ 6.859198003000074, 47.912654554000085 ], [ 6.858558117000086, 47.912229582000073 ], [ 6.858119302000091, 47.911793492000072 ], [ 6.857479436000062, 47.91136851300007 ], [ 6.857193184000039, 47.911152663000053 ], [ 6.856427838000059, 47.91082190700007 ], [ 6.85598937900005, 47.910390302000053 ], [ 6.854329137000093, 47.909778077000055 ], [ 6.853426031000083, 47.909406776000083 ], [ 6.852434325000047, 47.908772571000043 ], [ 6.851664944000049, 47.908396866000032 ], [ 6.849816566000072, 47.907925910000081 ], [ 6.846681835000084, 47.908091780000063 ], [ 6.845822173000045, 47.908214565000037 ], [ 6.842657190000068, 47.908020906000047 ], [ 6.842315934000055, 47.907946483000046 ], [ 6.838230962000068, 47.907967536000058 ], [ 6.836649420000072, 47.907987718000072 ], [ 6.835199716000091, 47.907769303000073 ], [ 6.833919690000073, 47.907684987000039 ], [ 6.832558161000065, 47.907423114000039 ], [ 6.831678903000068, 47.907321178000082 ], [ 6.83133734200004, 47.907242228000086 ], [ 6.830873822000058, 47.907306917000085 ], [ 6.830205679000073, 47.907333232000042 ], [ 6.829596734000063, 47.907263004000072 ], [ 6.828929427000048, 47.907289285000047 ], [ 6.828273521000085, 47.907450342000061 ], [ 6.828006457000072, 47.907463560000053 ], [ 6.827743148000081, 47.907517200000086 ], [ 6.827064438000093, 47.907408688000032 ], [ 6.826306653000074, 47.907167599000047 ], [ 6.825561104000087, 47.907061258000056 ], [ 6.824585588000048, 47.907412918000034 ], [ 6.823443033000046, 47.907364553000043 ], [ 6.822987651000062, 47.907519047000051 ], [ 6.822312189000058, 47.907455454000058 ], [ 6.821551187000068, 47.907169388000057 ], [ 6.82106488900007, 47.906964474000063 ], [ 6.820663809000052, 47.906977533000088 ], [ 6.818773404000069, 47.907593191000046 ], [ 6.817779990000076, 47.907720121000068 ], [ 6.817104532000087, 47.907656498000051 ], [ 6.816696143000058, 47.907579680000083 ], [ 6.816299450000088, 47.907642137000039 ], [ 6.814986389000069, 47.907959640000058 ], [ 6.813792737000085, 47.908097550000043 ], [ 6.813266406000082, 47.908209261000081 ], [ 6.812127073000056, 47.908205732000056 ], [ 6.81165216100004, 47.908135562000041 ], [ 6.811188286000061, 47.908195679000073 ], [ 6.810202458000049, 47.908416903000045 ], [ 6.808260121000046, 47.909209769000086 ], [ 6.807689616000062, 47.909593189000077 ], [ 6.80598785300009, 47.910062855000042 ], [ 6.805020272000093, 47.910504189000051 ], [ 6.804512523000085, 47.910840508000042 ], [ 6.803385309000078, 47.910971650000079 ], [ 6.802288363000059, 47.911466707000045 ], [ 6.801289945000065, 47.911548606000053 ], [ 6.800315022000063, 47.911900036000077 ], [ 6.798970049000047, 47.912628342000062 ], [ 6.798061946000075, 47.912977589000043 ], [ 6.79733496700004, 47.913095718000079 ], [ 6.795661009000071, 47.913113828000064 ], [ 6.794808414000045, 47.913326103000088 ], [ 6.794812465000064, 47.913371022000042 ], [ 6.794474457000092, 47.913341406000086 ], [ 6.793909714000051, 47.912999264000064 ], [ 6.793318623000062, 47.912347126000043 ], [ 6.792464181000071, 47.911748546000069 ], [ 6.791932713000051, 47.911004375000061 ], [ 6.791435186000058, 47.910664555000039 ], [ 6.790321478000067, 47.910164436000059 ], [ 6.789749024000059, 47.909736929000083 ], [ 6.78925556900009, 47.909442019000039 ], [ 6.78896960700007, 47.909226002000082 ], [ 6.788546221000047, 47.908973877000051 ], [ 6.788341624000054, 47.908935432000078 ], [ 6.78778537900007, 47.908687592000042 ], [ 6.787428532000092, 47.908428811000078 ], [ 6.787272237000082, 47.908163555000051 ], [ 6.787323744000048, 47.907981693000067 ], [ 6.787270465000063, 47.907352714000069 ], [ 6.787114495000083, 47.907091953000077 ], [ 6.786268294000081, 47.906583165000086 ], [ 6.785974273000079, 47.906277302000042 ], [ 6.785657990000061, 47.905706362000046 ], [ 6.785313301000088, 47.905582331000062 ], [ 6.78530521600004, 47.905492492000064 ], [ 6.785164274000067, 47.905406939000045 ], [ 6.78494147400005, 47.905148331000078 ], [ 6.784581458000048, 47.904844593000064 ], [ 6.78389074800009, 47.904601073000038 ], [ 6.783400578000055, 47.904351084000041 ], [ 6.783196838000038, 47.904312603000051 ], [ 6.783188757000062, 47.904222764000053 ], [ 6.782895602000053, 47.903916866000088 ], [ 6.782731583000043, 47.903566259000058 ], [ 6.782159776000071, 47.903134192000039 ], [ 6.781713907000039, 47.902612469000083 ], [ 6.781024074000072, 47.90236890500006 ], [ 6.780467096000052, 47.902121057000045 ], [ 6.780177171000048, 47.901860098000043 ], [ 6.780295538000075, 47.901676086000073 ], [ 6.780669670000066, 47.901344177000055 ], [ 6.78072119400008, 47.901162317000058 ], [ 6.78044691000008, 47.90108556000007 ], [ 6.780250425000077, 47.901136940000072 ], [ 6.77978285800009, 47.901156508000042 ], [ 6.77950101600004, 47.900985387000048 ], [ 6.779336708000073, 47.900630281000083 ], [ 6.779188551000061, 47.900454853000042 ], [ 6.778765281000062, 47.900202691000061 ], [ 6.777318036000054, 47.899717703000078 ], [ 6.776753869000061, 47.899379970000041 ], [ 6.776151553000091, 47.898588459000052 ], [ 6.775353098000039, 47.897852811000064 ], [ 6.775271282000063, 47.897679749000083 ], [ 6.775248753000085, 47.897410175000061 ], [ 6.775418345000048, 47.897039814000038 ], [ 6.775373605000084, 47.896505160000061 ], [ 6.775202108000087, 47.896060180000063 ], [ 6.775164282000048, 47.895610898000086 ], [ 6.775338222000073, 47.895289952000041 ], [ 6.775329402000068, 47.894389237000041 ], [ 6.775393037000072, 47.894342139000059 ], [ 6.775326205000056, 47.894344290000049 ], [ 6.775223993000054, 47.893131230000051 ], [ 6.774358802000052, 47.892397724000034 ], [ 6.773865594000085, 47.892102746000042 ], [ 6.773163839000063, 47.891724373000045 ], [ 6.772940836000089, 47.891461246000063 ], [ 6.772918321000077, 47.891191670000069 ], [ 6.773214659000075, 47.89073164000007 ], [ 6.773188111000081, 47.890417144000082 ], [ 6.772363985000084, 47.890177853000068 ], [ 6.772082225000077, 47.890006713000048 ], [ 6.771977603000039, 47.889559577000057 ], [ 6.771224352000047, 47.889363050000043 ], [ 6.770735218000084, 47.88911297900006 ], [ 6.770512237000048, 47.888849846000085 ], [ 6.770399893000047, 47.888317363000056 ], [ 6.770118149000041, 47.888146218000088 ], [ 6.768363707000049, 47.887986351000052 ], [ 6.768011439000077, 47.887776922000057 ], [ 6.767773208000051, 47.887334075000069 ], [ 6.76728008200007, 47.887039068000043 ], [ 6.765954554000075, 47.886410387000069 ], [ 6.765617569000085, 47.886380660000043 ], [ 6.764493967000078, 47.886556379000069 ], [ 6.763811632000056, 47.886402580000038 ], [ 6.763114047000045, 47.886069067000051 ], [ 6.762769021000054, 47.885949490000087 ], [ 6.761226367000063, 47.885917875000082 ], [ 6.759413240000072, 47.885849858000086 ], [ 6.758879813000078, 47.885871457000064 ], [ 6.758015455000077, 47.885948707000068 ], [ 6.757540496000047, 47.885873822000072 ], [ 6.757069873000091, 47.885848352000039 ], [ 6.756813798000053, 47.885991703000059 ], [ 6.755746103000092, 47.886034902000063 ], [ 6.75529356900006, 47.886229589000038 ], [ 6.754856576000066, 47.886608479000081 ], [ 6.754405303000056, 47.887614014000064 ], [ 6.754157560000067, 47.887851695000052 ], [ 6.75376781600005, 47.887999316000048 ], [ 6.753434842000047, 47.888014475000034 ], [ 6.753022682000051, 47.887892514000043 ], [ 6.752666462000093, 47.887638118000041 ], [ 6.751775254000052, 47.886589941000068 ], [ 6.751152590000061, 47.886344062000042 ], [ 6.750680813000088, 47.886314098000071 ], [ 6.750421860000074, 47.886416982000071 ], [ 6.750047326000072, 47.886744302000068 ], [ 6.749810447000073, 47.887112270000046 ], [ 6.749102097000048, 47.887454762000061 ], [ 6.748854331000075, 47.887692432000051 ], [ 6.74869145100007, 47.888148131000037 ], [ 6.748316894000084, 47.88847544500004 ], [ 6.747991099000046, 47.888580458000042 ], [ 6.746931045000053, 47.88870892500006 ], [ 6.746349128000077, 47.888957262000083 ], [ 6.745581919000074, 47.889391709000051 ], [ 6.745218522000073, 47.88985380400004 ], [ 6.744958388000043, 47.889952207000078 ], [ 6.744695399000079, 47.890010156000073 ], [ 6.744079905000092, 47.889854109000055 ], [ 6.74334194100004, 47.889837115000034 ], [ 6.743071457000042, 47.889800696000073 ] ] ] } },
{ "type": "Feature", "properties": { "fid": 409, "gid": 409, "CdEuMasseDEau": "FRCR223", "NomMasseDEau": "MOSELOTTE 2", "Etat masse eau ": "Inconnu", "Etat ecologique": "Moyen", "Etat chimique": "Inconnu", "_swEcologicalStatusOrPotentialValue": "3", "_swChemicalStatusValue": "U" }, "geometry": { "type": "MultiLineString", "coordinates": [ [ [ 6.821505062000085, 47.957883863000063 ], [ 6.821310403000041, 47.957939750000037 ], [ 6.820439725000085, 47.957968071000039 ], [ 6.818582071000037, 47.957411298000068 ], [ 6.818161074000045, 47.957199737000053 ], [ 6.817662946000041, 47.956860037000069 ], [ 6.81745490600008, 47.956776700000034 ], [ 6.81744759500009, 47.956686839000042 ], [ 6.817224098000054, 47.956423806000032 ], [ 6.81659809000007, 47.955367468000077 ], [ 6.816299875000084, 47.955021267000063 ], [ 6.815954794000049, 47.954897330000051 ], [ 6.815687488000037, 47.954910519000073 ], [ 6.814392772000076, 47.955452619000077 ], [ 6.813857831000064, 47.955474495000033 ], [ 6.813304212000048, 47.955271728000071 ], [ 6.812664692000055, 47.954841995000038 ], [ 6.811836478000089, 47.954562541000087 ], [ 6.81155018000004, 47.954346585000053 ], [ 6.811463768000067, 47.954124143000058 ], [ 6.811700518000066, 47.953756066000039 ], [ 6.811659110000051, 47.953261867000037 ], [ 6.811290478000046, 47.952868385000045 ], [ 6.811252306000085, 47.952419131000056 ], [ 6.811107453000091, 47.952293188000056 ], [ 6.810502084000063, 47.952267780000057 ], [ 6.809280631000092, 47.95209116500007 ], [ 6.808321577000072, 47.951856475000056 ], [ 6.807289494000088, 47.951538551000056 ], [ 6.806660587000067, 47.951243592000083 ], [ 6.806501165000043, 47.950937919000069 ], [ 6.805865302000086, 47.950557587000048 ], [ 6.805570924000051, 47.950251781000077 ], [ 6.805221836000044, 47.950082895000037 ], [ 6.804349534000039, 47.950075115000061 ], [ 6.803869874000043, 47.949955503000069 ], [ 6.803108361000056, 47.949669325000059 ], [ 6.802822448000086, 47.949457842000072 ], [ 6.802807041000051, 47.949278144000061 ], [ 6.803133937000041, 47.949172956000041 ], [ 6.803263677000075, 47.949123705000034 ], [ 6.803244208000081, 47.948899090000047 ], [ 6.802953915000046, 47.948638195000058 ], [ 6.802534208000054, 47.948431044000081 ], [ 6.799232066000059, 47.947429704000058 ], [ 6.796836602000042, 47.94684495100006 ], [ 6.795819231000053, 47.946706652000046 ], [ 6.792808569000044, 47.946776892000059 ], [ 6.792466812000043, 47.946697831000051 ], [ 6.792462761000081, 47.946652913000037 ], [ 6.791968947000044, 47.946358021000037 ], [ 6.791415507000068, 47.946155149000049 ], [ 6.791081021000082, 47.946165947000047 ], [ 6.790825582000082, 47.946309340000077 ], [ 6.790536672000087, 47.946863757000081 ], [ 6.790489188000038, 47.94709053400004 ], [ 6.790530394000086, 47.94758474200006 ], [ 6.790478859000075, 47.947766601000069 ], [ 6.788481453000088, 47.947930158000077 ], [ 6.787679815000047, 47.947960520000038 ], [ 6.787294092000081, 47.94815765900006 ], [ 6.787164339000071, 47.948206892000087 ], [ 6.786114492000081, 47.948470490000034 ], [ 6.784329367000055, 47.948766783000053 ], [ 6.783813547000079, 47.949008646000038 ], [ 6.783443142000067, 47.949385473000063 ], [ 6.783376241000042, 47.949387628000068 ], [ 6.783205380000084, 47.949753521000048 ], [ 6.782890252000072, 47.949988915000063 ], [ 6.782233678000068, 47.950149711000051 ], [ 6.781631875000073, 47.950173595000081 ], [ 6.781022822000068, 47.950107611000078 ], [ 6.779620179000062, 47.950161768000051 ], [ 6.779337241000064, 47.949990679000052 ], [ 6.779110757000069, 47.949682627000072 ], [ 6.779124436000075, 47.949051507000043 ], [ 6.778960302000087, 47.948700905000067 ], [ 6.778127205000089, 47.947560950000081 ], [ 6.777484344000072, 47.947090600000081 ], [ 6.776573901000063, 47.94662885200006 ], [ 6.776495724000085, 47.946496220000085 ], [ 6.776079856000081, 47.946329398000046 ], [ 6.776068578000093, 47.946194615000081 ], [ 6.775551472000075, 47.945630115000085 ], [ 6.775002139000037, 47.945472085000063 ], [ 6.774667654000041, 47.945482836000053 ], [ 6.773685016000059, 47.945748668000078 ], [ 6.772986987000081, 47.946221580000042 ], [ 6.772531124000068, 47.946375875000058 ], [ 6.770715081000048, 47.946308062000071 ], [ 6.76887768000006, 47.94597512200005 ], [ 6.766322903000059, 47.945890403000078 ], [ 6.76470841400004, 47.945816034000082 ], [ 6.763126826000075, 47.94614602300004 ], [ 6.762225966000074, 47.94658482400007 ], [ 6.759258861000092, 47.946382520000043 ], [ 6.758724825000058, 47.946404118000032 ], [ 6.758142331000045, 47.946652504000042 ], [ 6.756921335000072, 47.947281699000087 ], [ 6.756724657000063, 47.947333038000068 ], [ 6.756728678000059, 47.947377957000072 ], [ 6.756275944000038, 47.947577135000081 ], [ 6.755582074000074, 47.948099358000043 ], [ 6.755163520000053, 47.948698364000052 ], [ 6.754889468000044, 47.949432397000074 ], [ 6.754655527000068, 47.949845307000032 ], [ 6.75467479100007, 47.950069930000041 ], [ 6.754279089000079, 47.951749349000067 ], [ 6.75403104500009, 47.951987021000043 ], [ 6.752894795000088, 47.95202783700006 ], [ 6.752304175000063, 47.952186355000038 ], [ 6.750860987000067, 47.952556794000088 ], [ 6.749924607000082, 47.95259119800005 ], [ 6.74944938100009, 47.952520779000047 ], [ 6.748265106000076, 47.951977463000048 ], [ 6.747518248000063, 47.951870657000086 ], [ 6.747136359000081, 47.952112584000083 ], [ 6.746794955000041, 47.952844236000033 ], [ 6.746550568000089, 47.953122317000073 ], [ 6.745897022000065, 47.953327856000051 ], [ 6.745389325000076, 47.953663884000044 ], [ 6.74427141700005, 47.953929267000042 ], [ 6.744211694000057, 47.954021266000041 ], [ 6.742924608000067, 47.954656913000072 ], [ 6.742234524000082, 47.955223974000042 ], [ 6.741618202000041, 47.955874271000077 ], [ 6.741262650000067, 47.956430668000053 ], [ 6.740323242000045, 47.957230893000087 ], [ 6.740267517000063, 47.957367809000061 ], [ 6.739704019000044, 47.957840728000072 ], [ 6.739655471000049, 47.958067509000045 ], [ 6.739815683000074, 47.958377739000071 ], [ 6.739894517000039, 47.959316716000046 ], [ 6.739861482000038, 47.959727697000062 ], [ 6.739609011000084, 47.95991592300004 ], [ 6.73766271900007, 47.959896780000072 ], [ 6.737407388000065, 47.960044550000077 ], [ 6.737262544000089, 47.960724865000088 ], [ 6.737014066000086, 47.960958005000073 ], [ 6.735588882000059, 47.961552906000072 ], [ 6.734434196000052, 47.962179733000085 ], [ 6.73405534200009, 47.962466562000088 ], [ 6.734112048000043, 47.963140464000048 ], [ 6.735189462000051, 47.963998143000083 ], [ 6.735281907000058, 47.96431053200007 ], [ 6.734874489000049, 47.965048740000043 ], [ 6.734833923000053, 47.965365358000042 ], [ 6.73498980700009, 47.965626179000083 ], [ 6.735138001000053, 47.965801656000053 ], [ 6.73516836500005, 47.966161065000051 ], [ 6.735049697000079, 47.966345026000056 ], [ 6.73498277200008, 47.966347153000072 ], [ 6.734730570000068, 47.966539863000037 ], [ 6.733152180000047, 47.966914363000058 ], [ 6.731849160000081, 47.967365684000072 ], [ 6.731191380000041, 47.967526220000082 ], [ 6.729888645000074, 47.967982014000086 ], [ 6.727516240000057, 47.970097915000053 ], [ 6.726877566000041, 47.970483051000087 ], [ 6.726358112000071, 47.970679713000038 ], [ 6.725091891000091, 47.970773919000067 ], [ 6.724853627000073, 47.971141844000051 ], [ 6.724690284000076, 47.971597487000047 ], [ 6.724327294000091, 47.97206396200005 ], [ 6.723695727000063, 47.972538947000032 ], [ 6.722919970000078, 47.972883357000057 ], [ 6.722786103000089, 47.972887599000046 ], [ 6.722797250000042, 47.973022385000043 ], [ 6.722511162000046, 47.973617051000083 ], [ 6.722637827000085, 47.974333779000062 ], [ 6.722660122000093, 47.974603350000052 ], [ 6.722556534000091, 47.974967003000081 ], [ 6.722445682000057, 47.976862457000038 ], [ 6.722152417000075, 47.977367255000047 ], [ 6.722350021000068, 47.978126781000071 ], [ 6.722193788000084, 47.978672284000083 ], [ 6.722403327000052, 47.980377401000055 ], [ 6.722343537000086, 47.980469387000085 ], [ 6.722306879000087, 47.980830917000048 ], [ 6.722139490000075, 47.981241634000071 ], [ 6.721664814000064, 47.981981909000069 ], [ 6.721416097000088, 47.983025844000053 ], [ 6.721334775000059, 47.983659063000061 ], [ 6.721090038000057, 47.98474791600006 ], [ 6.720392006000054, 47.986846631000049 ], [ 6.720280391000074, 47.98712043900008 ] ], [ [ 6.835595764000061, 47.961934082000077 ], [ 6.835450502000072, 47.961803676000045 ], [ 6.833521554000072, 47.961204409000061 ], [ 6.83238386700009, 47.960439646000047 ], [ 6.831833050000057, 47.960277416000046 ], [ 6.830964337000069, 47.960310255000081 ], [ 6.828714751000064, 47.960667410000042 ], [ 6.828035359000069, 47.960558908000053 ], [ 6.826641522000045, 47.959937588000059 ], [ 6.825585199000045, 47.959345805000055 ], [ 6.824002088000043, 47.958865768000067 ], [ 6.823418274000062, 47.95830363400006 ], [ 6.822927422000078, 47.958053817000064 ], [ 6.822106098000063, 47.957859802000087 ], [ 6.821505062000085, 47.957883863000063 ] ], [ [ 6.916323595000051, 47.959522683000046 ], [ 6.916087961000073, 47.959125071000081 ], [ 6.915981988000056, 47.958678083000052 ], [ 6.915397202000065, 47.958116406000045 ], [ 6.915212698000062, 47.957536878000042 ], [ 6.915232235000076, 47.956995602000063 ], [ 6.915563030000044, 47.956173637000063 ], [ 6.91554807600005, 47.955993927000073 ], [ 6.915528129000052, 47.955769331000056 ], [ 6.915222293000056, 47.955329004000077 ], [ 6.914511221000055, 47.954861637000079 ], [ 6.912986034000085, 47.954290740000033 ], [ 6.912067150000041, 47.953744682000043 ], [ 6.911391145000039, 47.952911207000056 ], [ 6.910256665000077, 47.952192108000077 ], [ 6.909463010000081, 47.951547253000058 ], [ 6.909223312000052, 47.951104710000038 ], [ 6.909003867000081, 47.950891259000059 ], [ 6.908509035000066, 47.950592364000045 ], [ 6.907817160000093, 47.950349580000079 ], [ 6.906932897000047, 47.950203297000087 ], [ 6.905943101000048, 47.949614501000042 ], [ 6.905558042000052, 47.949041631000057 ], [ 6.905197369000064, 47.948742765000077 ], [ 6.905040367000083, 47.94847767400006 ], [ 6.90498234100005, 47.947803822000083 ], [ 6.905021878000071, 47.947487143000046 ], [ 6.90485658700004, 47.94713222200005 ], [ 6.904256296000085, 47.946390801000064 ], [ 6.904217341000049, 47.945941575000063 ], [ 6.903938501000084, 47.945820194000078 ], [ 6.903777368000078, 47.945510186000043 ], [ 6.903019526000037, 47.945269569000061 ], [ 6.902724617000047, 47.944964006000077 ], [ 6.902646127000082, 47.944831458000067 ], [ 6.901860963000047, 47.944276377000051 ], [ 6.901276485000039, 47.943714625000041 ], [ 6.901198001000068, 47.943582076000041 ], [ 6.900907586000073, 47.943325916000049 ], [ 6.900683732000061, 47.943063040000077 ], [ 6.900663853000083, 47.94283844000006 ], [ 6.900790180000058, 47.942744139000069 ], [ 6.900707556000043, 47.942566676000069 ], [ 6.900487849000058, 47.942348713000058 ], [ 6.899815994000051, 47.942330481000056 ], [ 6.899399265000056, 47.942168618000039 ], [ 6.899112678000051, 47.941952874000037 ], [ 6.89902675500008, 47.94173046700007 ], [ 6.898461367000039, 47.941393327000071 ], [ 6.898296138000092, 47.941038396000067 ], [ 6.897871979000058, 47.94078667000008 ], [ 6.897562237000045, 47.940301379000061 ], [ 6.896910963000039, 47.939741823000077 ], [ 6.896490124000081, 47.939535034000073 ], [ 6.896396773000049, 47.939222768000043 ], [ 6.895492872000091, 47.938851796000051 ], [ 6.895335947000092, 47.938586690000079 ], [ 6.895258201000047, 47.937688227000081 ], [ 6.894948831000079, 47.937207423000082 ], [ 6.894725033000043, 47.936944534000077 ], [ 6.894234042000051, 47.936695013000083 ], [ 6.892985060000058, 47.93620031200004 ], [ 6.89256510000007, 47.935993480000043 ], [ 6.892522117000056, 47.935499333000053 ], [ 6.891458113000056, 47.934818276000051 ], [ 6.891141361000052, 47.934247602000077 ], [ 6.891050514000085, 47.933980301000076 ], [ 6.890745007000078, 47.933539905000032 ], [ 6.890175626000087, 47.933157809000079 ], [ 6.89002617500006, 47.932982553000045 ], [ 6.889980250000065, 47.932447955000043 ], [ 6.889619448000076, 47.932144544000039 ], [ 6.889560800000083, 47.931470706000077 ], [ 6.889341185000092, 47.931252721000078 ], [ 6.889255650000052, 47.931034800000077 ], [ 6.888760279000053, 47.930735845000072 ], [ 6.888439449000089, 47.930120248000037 ], [ 6.887928401000067, 47.929641601000071 ], [ 6.887363213000072, 47.929304406000085 ], [ 6.887210488000051, 47.92908420200007 ], [ 6.886850054000092, 47.928785277000088 ], [ 6.886248541000043, 47.928809696000087 ], [ 6.885710275000065, 47.928782462000072 ], [ 6.885451377000038, 47.928885640000033 ], [ 6.885262313000055, 47.929027054000073 ], [ 6.884814017000053, 47.929267150000051 ], [ 6.88468060200006, 47.929276070000071 ], [ 6.884263693000094, 47.929109657000083 ], [ 6.883729882000068, 47.929131823000034 ], [ 6.883340196000063, 47.929279870000073 ], [ 6.883073873000058, 47.929293185000063 ], [ 6.882802257000037, 47.929257116000088 ], [ 6.882480276000081, 47.929402921000083 ], [ 6.881792923000091, 47.929204897000034 ], [ 6.88093628900009, 47.929372880000081 ], [ 6.880495713000073, 47.929707312000062 ], [ 6.879957771000079, 47.929684546000033 ], [ 6.879623407000054, 47.929695596000045 ], [ 6.879497909000065, 47.929789847000052 ], [ 6.87876675800004, 47.929863563000083 ], [ 6.878385628000046, 47.930105919000077 ], [ 6.878212197000039, 47.930427011000063 ], [ 6.87788936000004, 47.930572831000063 ], [ 6.877221784000085, 47.93059938500005 ], [ 6.876829112000053, 47.930706962000045 ], [ 6.876580551000075, 47.930940428000042 ], [ 6.876627505000044, 47.931479499000034 ], [ 6.876124130000051, 47.931861038000079 ], [ 6.876099246000081, 47.932357428000046 ], [ 6.875847389000057, 47.932545950000083 ], [ 6.875588125000093, 47.932644612000047 ], [ 6.874711651000041, 47.932587944000034 ], [ 6.874177801000087, 47.932610066000052 ], [ 6.873462245000042, 47.932863440000062 ], [ 6.873014191000038, 47.933107985000049 ], [ 6.872635966000075, 47.933390770000081 ], [ 6.872462490000089, 47.933711853000034 ], [ 6.872152300000039, 47.933996898000032 ], [ 6.871625506000044, 47.934104374000071 ], [ 6.871232797000062, 47.934211932000039 ], [ 6.87067694600006, 47.934770876000073 ], [ 6.870633932000089, 47.935042603000056 ], [ 6.870389769000042, 47.935325466000052 ], [ 6.869952866000062, 47.935700279000059 ], [ 6.869846247000055, 47.936019153000082 ], [ 6.869342781000057, 47.93640066200004 ], [ 6.869047022000075, 47.936860922000051 ], [ 6.868771327000047, 47.937550282000082 ], [ 6.868375215000071, 47.939185180000038 ], [ 6.868445113000064, 47.939993801000071 ], [ 6.868122191000055, 47.940139593000083 ], [ 6.86746188300009, 47.940255950000051 ], [ 6.866691647000039, 47.940646231000073 ], [ 6.865849562000051, 47.940993821000063 ], [ 6.864973796000072, 47.940937053000077 ], [ 6.864847738000037, 47.941035810000074 ], [ 6.864941414000043, 47.941343579000034 ], [ 6.86461552600008, 47.941448912000055 ], [ 6.864273696000055, 47.941370060000047 ], [ 6.863935471000048, 47.941340644000043 ], [ 6.86374303000008, 47.941437078000043 ], [ 6.863408588000084, 47.941448082000079 ], [ 6.862929200000053, 47.941333206000081 ], [ 6.862658373000045, 47.941297064000082 ], [ 6.86252903400009, 47.941350874000079 ], [ 6.862280361000046, 47.941584309000064 ], [ 6.862119126000039, 47.942040123000083 ], [ 6.861934063000092, 47.942226413000071 ], [ 6.861607327000058, 47.942331766000052 ], [ 6.86133976900004, 47.942340564000062 ], [ 6.860919884000055, 47.942133621000039 ], [ 6.860555074000047, 47.941785207000073 ], [ 6.860202086000072, 47.941576062000081 ], [ 6.858508387000086, 47.941370432000042 ], [ 6.857204549000073, 47.941016820000073 ], [ 6.856002562000072, 47.941060802000038 ], [ 6.854434465000054, 47.940760889000046 ], [ 6.853766749000044, 47.940787310000083 ], [ 6.853443782000056, 47.940933062000056 ], [ 6.852587196000059, 47.941105331000081 ], [ 6.85221374200006, 47.941432939000038 ], [ 6.852173058000062, 47.941749629000071 ], [ 6.852003532000083, 47.942115596000072 ], [ 6.851410054000041, 47.942229669000085 ], [ 6.851028384000074, 47.942467440000087 ], [ 6.850513256000056, 47.942714091000077 ], [ 6.850116339000067, 47.942776661000039 ], [ 6.849663669000051, 47.942971705000048 ], [ 6.849129704000063, 47.942993714000067 ], [ 6.848775590000059, 47.942780067000058 ], [ 6.847837347000052, 47.942774774000043 ], [ 6.846875030000092, 47.942495454000039 ], [ 6.846410894000087, 47.942555708000043 ], [ 6.84582475600007, 47.942759614000067 ], [ 6.844764183000052, 47.942893454000057 ], [ 6.844499879000068, 47.942947158000038 ], [ 6.843477411000038, 47.943525739000052 ], [ 6.842761561000088, 47.943778924000071 ], [ 6.842018722000091, 47.943717634000052 ], [ 6.841484747000038, 47.943739608000051 ], [ 6.841110370000081, 47.944067207000046 ], [ 6.840784418000055, 47.944172474000077 ], [ 6.839648403000069, 47.944214128000056 ], [ 6.838898216000075, 47.944062958000082 ], [ 6.837903331000064, 47.94419008300008 ], [ 6.836509933000059, 47.945145629000081 ], [ 6.835939246000066, 47.945529178000072 ], [ 6.835622751000074, 47.945823332000089 ], [ 6.834884019000072, 47.946514200000081 ], [ 6.834360602000061, 47.94667094600004 ], [ 6.83409710400008, 47.946724599000049 ], [ 6.83275333000006, 47.946687373000088 ], [ 6.832690519000039, 47.946734473000049 ], [ 6.832022717000086, 47.946760770000083 ], [ 6.831955821000065, 47.946762953000082 ], [ 6.831258623000053, 47.94724070500007 ], [ 6.830062147000092, 47.948140187000043 ], [ 6.829806294000093, 47.94828818600007 ], [ 6.829263777000051, 47.94821577600004 ], [ 6.828848054000048, 47.948053635000072 ], [ 6.82845074700009, 47.948111638000057 ], [ 6.828257705000056, 47.948212535000039 ], [ 6.827828562000093, 47.948677022000084 ], [ 6.827576456000088, 47.948865439000087 ], [ 6.827398900000048, 47.949146029000083 ], [ 6.827433125000084, 47.949550363000071 ], [ 6.827600826000094, 47.949945841000051 ], [ 6.827658708000058, 47.950619703000086 ], [ 6.827480821000052, 47.950895799000079 ], [ 6.827047893000042, 47.951319860000069 ], [ 6.826283687000057, 47.951799762000064 ], [ 6.825441997000041, 47.952147032000077 ], [ 6.825004963000083, 47.952526169000073 ], [ 6.824708729000065, 47.952986313000054 ], [ 6.824636009000073, 47.953709475000039 ], [ 6.824615549000043, 47.954250738000042 ], [ 6.824511863000055, 47.954614511000045 ], [ 6.823822652000047, 47.955182051000072 ], [ 6.823278642000048, 47.955880008000072 ], [ 6.823108872000091, 47.956245931000069 ], [ 6.822348638000051, 47.956770722000051 ], [ 6.821986283000058, 47.95723300800006 ], [ 6.821808345000079, 47.957509095000034 ], [ 6.821492621000061, 47.957839218000061 ], [ 6.821505062000085, 47.957883863000063 ] ], [ [ 6.720280391000074, 47.98712043900008 ], [ 6.720035708000069, 47.987398459000083 ], [ 6.719890882000072, 47.988083235000033 ], [ 6.719575984000073, 47.98912925500008 ], [ 6.718847677000042, 47.990057720000038 ], [ 6.718041963000076, 47.991664313000058 ], [ 6.715780515000063, 47.993506115000059 ], [ 6.715467981000074, 47.993786267000083 ], [ 6.715471971000056, 47.993831186000079 ], [ 6.715159433000053, 47.994111338000039 ], [ 6.713874177000093, 47.994791596000077 ], [ 6.71261796400006, 47.995826782000051 ], [ 6.71151903000009, 47.997131763000077 ], [ 6.711344369000074, 47.997452594000038 ], [ 6.711214809000069, 47.999123361000045 ], [ 6.710865469000055, 47.999765023000073 ], [ 6.710256531000084, 48.000509470000047 ], [ 6.709940255000049, 48.00074918200005 ], [ 6.708829147000074, 48.001104059000056 ], [ 6.707836864000058, 48.001274998000042 ], [ 6.707510296000066, 48.001379891000056 ], [ 6.706254104000038, 48.00160418300004 ], [ 6.705930676000037, 48.001754018000042 ], [ 6.705551907000086, 48.002036227000083 ], [ 6.705369230000088, 48.00226721000007 ], [ 6.704909221000094, 48.003187112000042 ], [ 6.704871591000085, 48.003548657000067 ], [ 6.70546659300004, 48.004246123000087 ], [ 6.705473721000089, 48.004335988000037 ], [ 6.705614797000067, 48.00442163200006 ], [ 6.705622762000076, 48.004511471000058 ], [ 6.705968745000064, 48.004635701000041 ], [ 6.707105555000055, 48.005401665000079 ], [ 6.707257751000043, 48.005622092000067 ], [ 6.707328976000042, 48.007286511000082 ], [ 6.707927200000086, 48.008028907000039 ], [ 6.708946095000044, 48.008978754000047 ], [ 6.709778669000059, 48.010119154000051 ], [ 6.709845403000088, 48.010927858000059 ], [ 6.711183580000068, 48.010876623000058 ], [ 6.71131355700004, 48.010827476000088 ], [ 6.711771304000081, 48.010677893000043 ], [ 6.714301885000054, 48.009634023000046 ], [ 6.715093363000051, 48.009469379000052 ], [ 6.715832984000087, 48.009486550000076 ], [ 6.717796225000086, 48.009685756000067 ], [ 6.71860199300005, 48.009700818000056 ], [ 6.719163807000086, 48.009993861000055 ], [ 6.719900186000075, 48.010776878000058 ], [ 6.72088537400009, 48.011326791000045 ], [ 6.721546820000071, 48.012022079000083 ], [ 6.721684783000057, 48.01206275800007 ], [ 6.721885417000067, 48.012051903000042 ], [ 6.722791722000068, 48.011658348000083 ], [ 6.723528215000044, 48.011630525000051 ], [ 6.724877037000056, 48.011718438000059 ], [ 6.725698839000074, 48.011913126000081 ], [ 6.726051765000079, 48.012122666000039 ], [ 6.72627188000007, 48.012340918000064 ], [ 6.72643134000009, 48.01265118200007 ], [ 6.726877591000061, 48.013173079000069 ], [ 6.72704189600006, 48.013528235000081 ], [ 6.727323851000051, 48.013694975000078 ], [ 6.72766594300009, 48.013774222000052 ], [ 6.728878211000051, 48.013816870000085 ], [ 6.729498266000064, 48.014017929000033 ], [ 6.730067673000065, 48.014405278000083 ], [ 6.730506803000083, 48.014837298000089 ], [ 6.730930238000042, 48.015094137000062 ], [ 6.731626151000057, 48.015382870000053 ], [ 6.731990303000089, 48.015727173000073 ], [ 6.732339590000038, 48.015896270000042 ], [ 6.734023677000039, 48.015964432000033 ], [ 6.734640924000075, 48.016125014000067 ], [ 6.735265874000049, 48.016370934000072 ], [ 6.736611346000075, 48.016409273000079 ], [ 6.737578435000046, 48.016734401000072 ], [ 6.738875313000051, 48.016999487000078 ], [ 6.739708448000044, 48.017328857000052 ], [ 6.740329423000048, 48.017529832000037 ], [ 6.740392399000086, 48.017482784000038 ] ], [ [ 6.818833959000074, 47.990365423000071 ], [ 6.818339592000086, 47.990070649000081 ], [ 6.817993441000056, 47.989946749000069 ], [ 6.817279522000092, 47.989433860000076 ], [ 6.816713309000079, 47.98909636500008 ], [ 6.816368329000056, 47.988976926000078 ], [ 6.816014877000043, 47.988763160000083 ], [ 6.815787178000051, 47.988455214000055 ], [ 6.815367106000053, 47.988248113000047 ], [ 6.814828597000087, 47.98822504900005 ], [ 6.814359952000075, 47.988240259000072 ], [ 6.812952261000078, 47.98824989600007 ], [ 6.812476631000038, 47.988179733000038 ], [ 6.81079707400005, 47.988153115000046 ], [ 6.810247196000091, 47.987995254000055 ], [ 6.809298858000091, 47.987895353000056 ], [ 6.808473891000062, 47.987656303000051 ], [ 6.807872510000038, 47.987680293000039 ], [ 6.807013861000087, 47.987847758000044 ], [ 6.806207563000044, 47.987833329000068 ], [ 6.805386676000069, 47.987639173000048 ], [ 6.80478852300007, 47.987708091000059 ], [ 6.804383600000051, 47.987676151000073 ], [ 6.803561886000068, 47.987482010000072 ], [ 6.802488121000067, 47.987480715000061 ], [ 6.802027605000092, 47.987585709000086 ], [ 6.801623007000046, 47.987558253000088 ], [ 6.799723996000068, 47.987313335000067 ], [ 6.797914956000056, 47.98734027200004 ], [ 6.797163442000056, 47.987188867000043 ], [ 6.796456719000048, 47.986761217000037 ], [ 6.795639427000083, 47.986616432000062 ], [ 6.794837208000047, 47.986646842000077 ], [ 6.793774470000074, 47.986775751000039 ], [ 6.792500712000049, 47.986780821000082 ], [ 6.791002624000043, 47.986522826000055 ], [ 6.790200403000085, 47.986553204000082 ], [ 6.787551787000041, 47.986967436000043 ], [ 6.786371325000061, 47.98728026200007 ], [ 6.785304826000072, 47.987368672000059 ], [ 6.784458254000072, 47.987670725000051 ], [ 6.78378181800008, 47.987606913000043 ], [ 6.78194983700007, 47.987359552000044 ], [ 6.781076604000077, 47.987347105000083 ], [ 6.780093222000062, 47.987612983000083 ], [ 6.779635867000081, 47.98776283400008 ], [ 6.778239475000078, 47.987906835000047 ], [ 6.776928560000044, 47.988273309000078 ], [ 6.77560602300008, 47.98850049400005 ], [ 6.774000667000053, 47.988561061000041 ], [ 6.771746298000039, 47.988872176000086 ], [ 6.771144887000048, 47.988895978000073 ], [ 6.768261667000047, 47.988916374000041 ], [ 6.767715104000047, 47.988803259000072 ], [ 6.767216682000083, 47.988458858000058 ], [ 6.766867785000045, 47.98829435600004 ], [ 6.765715474000047, 47.988155597000059 ], [ 6.764886668000088, 47.987871323000043 ], [ 6.763415221000059, 47.987927456000079 ], [ 6.761717226000087, 47.98767549300004 ], [ 6.761115825000047, 47.987699244000055 ], [ 6.76025383700005, 47.987821423000071 ], [ 6.758192222000048, 47.988036016000081 ], [ 6.75727048300007, 47.988250177000047 ], [ 6.756197542000052, 47.988248433000081 ], [ 6.755539257000066, 47.988404608000053 ], [ 6.754060578000065, 47.988370762000045 ], [ 6.753660021000087, 47.988388059000044 ], [ 6.753146860000072, 47.988674727000046 ], [ 6.752835707000088, 47.98895944700007 ], [ 6.752367038000045, 47.988974410000083 ], [ 6.751553853000075, 47.988874237000061 ], [ 6.751026270000068, 47.988981168000073 ], [ 6.750416810000047, 47.988915028000072 ], [ 6.749729179000042, 47.988716238000052 ], [ 6.74872604400008, 47.988752741000042 ], [ 6.74838038300004, 47.98863312900005 ], [ 6.747811119000062, 47.988245863000088 ], [ 6.747473496000055, 47.988216086000079 ], [ 6.746819521000077, 47.988421626000047 ], [ 6.746508018000043, 47.988701835000086 ], [ 6.746400550000089, 47.989020586000038 ], [ 6.746206885000049, 47.989116852000052 ], [ 6.745523283000068, 47.98896295600008 ], [ 6.745055765000075, 47.988982358000051 ], [ 6.744346023000048, 47.989324800000077 ], [ 6.743744595000067, 47.989348462000073 ], [ 6.742719041000044, 47.989115348000041 ], [ 6.742380261000051, 47.989081089000081 ], [ 6.741986883000038, 47.989188210000073 ], [ 6.741730267000094, 47.989331519000082 ], [ 6.741292328000043, 47.989710335000041 ], [ 6.740961568000046, 47.989765909000077 ], [ 6.740549800000053, 47.989648379000073 ], [ 6.740277972000058, 47.989611983000088 ], [ 6.739761871000042, 47.98985814100007 ], [ 6.739033708000079, 47.989975904000062 ], [ 6.738706954000065, 47.99007639000007 ], [ 6.737934210000049, 47.990465841000059 ], [ 6.737666388000093, 47.990474358000085 ], [ 6.73719083800006, 47.990403891000085 ], [ 6.736589395000067, 47.990427516000068 ], [ 6.73599512800007, 47.990541003000033 ], [ 6.735422908000089, 47.990919559000083 ], [ 6.735163414000056, 47.991022402000056 ], [ 6.734627765000084, 47.991039422000085 ], [ 6.734286126000086, 47.990964688000084 ], [ 6.733654307000052, 47.990628894000047 ], [ 6.73283280600009, 47.990434260000086 ], [ 6.732479681000086, 47.990220243000067 ], [ 6.732264473000043, 47.990046892000073 ], [ 6.732156303000068, 47.989559324000084 ], [ 6.731937095000092, 47.989341053000032 ], [ 6.731595154000047, 47.989261817000056 ], [ 6.731193746000088, 47.989279064000073 ], [ 6.73099688700006, 47.989330360000046 ], [ 6.730295054000067, 47.989762555000077 ], [ 6.729904494000039, 47.989910087000055 ], [ 6.729770901000052, 47.989918831000068 ], [ 6.729142807000073, 47.989623437000034 ], [ 6.728852973000073, 47.989366860000082 ], [ 6.728759643000046, 47.988243669000042 ], [ 6.728677524000091, 47.988066090000082 ], [ 6.727864081000064, 47.987961259000087 ], [ 6.727392567000038, 47.987935671000059 ], [ 6.726084462000074, 47.988346524000072 ], [ 6.725553672000046, 47.988408395000079 ], [ 6.724535690000039, 47.988269483000067 ], [ 6.724315682000054, 47.98805122400006 ], [ 6.724037554000063, 47.987924899000063 ], [ 6.723368343000061, 47.987950605000037 ], [ 6.723294234000093, 47.987862860000064 ], [ 6.723275090000072, 47.987638237000056 ], [ 6.723138026000072, 47.987597533000041 ], [ 6.72230146600009, 47.987223120000067 ], [ 6.721959869000045, 47.987148351000087 ], [ 6.720686096000065, 47.987152643000059 ], [ 6.720280391000074, 47.98712043900008 ] ], [ [ 6.943834521000042, 47.98735470400004 ], [ 6.943685075000076, 47.987184016000072 ], [ 6.943185526000093, 47.986840361000077 ], [ 6.942599303000065, 47.986278857000059 ], [ 6.941663338000069, 47.985548873000077 ], [ 6.939936992000071, 47.984985044000041 ], [ 6.939233662000049, 47.984607658000073 ], [ 6.938576388000058, 47.984003465000058 ], [ 6.937715811000089, 47.983361029000037 ], [ 6.936937560000047, 47.982900542000039 ], [ 6.934793867000053, 47.982170414000052 ], [ 6.934188432000042, 47.982150138000073 ], [ 6.932517353000037, 47.982215081000049 ], [ 6.931411796000077, 47.982621498000071 ], [ 6.930880468000055, 47.982684324000047 ], [ 6.930393055000081, 47.982479873000045 ], [ 6.930063923000091, 47.981774556000062 ], [ 6.929713395000078, 47.981606071000051 ], [ 6.92907628100005, 47.981226414000048 ], [ 6.927684886000065, 47.980651213000051 ], [ 6.926411223000059, 47.97988735000007 ], [ 6.925927183000056, 47.979727820000051 ], [ 6.924975447000065, 47.979583912000066 ], [ 6.924641947000055, 47.979599556000039 ], [ 6.922643758000049, 47.979765389000079 ], [ 6.922045847000049, 47.979834904000086 ], [ 6.921644574000084, 47.97985280100005 ], [ 6.92095276100008, 47.979605577000086 ], [ 6.920481229000075, 47.979580764000048 ], [ 6.919934439000087, 47.979468355000051 ], [ 6.919022201000075, 47.979007720000077 ], [ 6.918405162000056, 47.978852596000081 ], [ 6.918259650000039, 47.978722294000079 ], [ 6.917835095000044, 47.978470645000073 ], [ 6.917477144000088, 47.978212270000085 ], [ 6.917391085000077, 47.977989881000042 ], [ 6.917167003000088, 47.977727042000083 ], [ 6.916270950000069, 47.977450559000033 ], [ 6.915622344000042, 47.97693606100006 ], [ 6.915064459000064, 47.976684341000073 ], [ 6.914836569000045, 47.976381078000088 ], [ 6.914478646000077, 47.976122693000043 ], [ 6.913035565000087, 47.975729254000044 ], [ 6.912351653000087, 47.975576327000056 ], [ 6.911069868000084, 47.975492855000077 ], [ 6.91020095500005, 47.975526279000064 ], [ 6.909539967000057, 47.975638377000053 ], [ 6.908989925000071, 47.975480976000085 ], [ 6.907700681000051, 47.975307613000041 ], [ 6.905883476000042, 47.975241890000063 ], [ 6.905467307000038, 47.975080023000032 ], [ 6.904574340000067, 47.974843898000081 ], [ 6.903493040000058, 47.974749176000046 ], [ 6.902156801000047, 47.974802571000055 ], [ 6.898731849000058, 47.974758585000082 ], [ 6.897914133000086, 47.974610015000053 ], [ 6.89735221400008, 47.974313297000037 ], [ 6.896274573000085, 47.974267945000072 ], [ 6.895137957000088, 47.974310135000053 ], [ 6.894874714000082, 47.97436841800004 ], [ 6.894343425000045, 47.974431079000055 ], [ 6.893789301000084, 47.974228693000043 ], [ 6.893321969000056, 47.974248684000088 ], [ 6.891540385000042, 47.974587020000058 ], [ 6.890923478000048, 47.974431751000047 ], [ 6.890254520000042, 47.974458407000043 ], [ 6.889833938000038, 47.97424707600004 ], [ 6.889299675000075, 47.974269267000068 ], [ 6.888846880000074, 47.974464458000057 ], [ 6.888516700000082, 47.974524941000077 ], [ 6.887627953000049, 47.974333601000069 ], [ 6.887022626000089, 47.974313082000037 ], [ 6.88636606700004, 47.974474457000042 ], [ 6.885964493000074, 47.97448773900004 ], [ 6.88548889000009, 47.974417871000071 ], [ 6.884084875000042, 47.974473301000046 ], [ 6.883365507000065, 47.974681786000083 ], [ 6.882083460000047, 47.97459350400004 ], [ 6.881371504000072, 47.974891833000072 ], [ 6.880494325000086, 47.974835210000037 ], [ 6.879893123000045, 47.974859568000056 ], [ 6.879632822000076, 47.974958264000072 ], [ 6.879322430000059, 47.97524332100005 ], [ 6.879054709000059, 47.975252160000082 ], [ 6.877835788000084, 47.975121201000043 ], [ 6.87755323600004, 47.974950324000083 ], [ 6.877403710000067, 47.974775056000055 ], [ 6.877050435000058, 47.974565965000068 ], [ 6.87650758500007, 47.974493775000042 ], [ 6.875709721000078, 47.974569651000081 ], [ 6.874973823000062, 47.974598427000046 ], [ 6.87450235700004, 47.974573429000088 ], [ 6.874015237000037, 47.97436874300007 ], [ 6.873393933000045, 47.974163974000078 ], [ 6.871495399000082, 47.973924707000037 ], [ 6.870945488000075, 47.973767128000077 ], [ 6.87071753400005, 47.973459285000047 ], [ 6.870359847000088, 47.973200765000058 ], [ 6.869876874000056, 47.973040977000039 ], [ 6.869063384000071, 47.972937121000086 ], [ 6.867498387000069, 47.972682303000056 ], [ 6.866692304000082, 47.972668288000079 ], [ 6.865792156000055, 47.972342010000034 ], [ 6.865502592000041, 47.972085740000068 ], [ 6.864894339000045, 47.971254299000073 ], [ 6.864328525000076, 47.970912508000083 ], [ 6.863432863000071, 47.970635621000042 ], [ 6.863075230000049, 47.970377079000059 ], [ 6.862835834000066, 47.969934447000071 ], [ 6.862475260000053, 47.969635455000059 ], [ 6.861630614000092, 47.969172172000071 ], [ 6.860801590000051, 47.968888571000043 ], [ 6.85939565700005, 47.968132869000051 ], [ 6.857521314000053, 47.967392533000073 ], [ 6.857093030000044, 47.967095748000077 ], [ 6.857078271000091, 47.966916032000086 ], [ 6.857259329000044, 47.96668483600007 ], [ 6.857239625000091, 47.966460232000088 ], [ 6.856807752000066, 47.96611400900008 ], [ 6.855956160000062, 47.965565320000053 ], [ 6.855748026000072, 47.965482051000038 ], [ 6.854970423000054, 47.965016523000088 ], [ 6.854553326000087, 47.964850008000042 ], [ 6.854152980000038, 47.964867648000052 ], [ 6.853896786000064, 47.965011203000081 ], [ 6.852757393000047, 47.965012535000085 ], [ 6.852100009000083, 47.965173748000041 ], [ 6.850138751000088, 47.964976750000062 ], [ 6.849741667000046, 47.965039318000038 ], [ 6.84908511000009, 47.965200486000072 ], [ 6.848505770000088, 47.965489766000083 ], [ 6.847523132000049, 47.965756212000088 ], [ 6.847266916000081, 47.965899753000087 ], [ 6.846940515000085, 47.966000541000085 ], [ 6.846323839000092, 47.965845038000055 ], [ 6.845549575000064, 47.965424390000067 ], [ 6.844516678000048, 47.965102302000048 ], [ 6.842728700000066, 47.964588667000051 ], [ 6.842022237000037, 47.964165779000041 ], [ 6.841582292000055, 47.963729668000042 ], [ 6.841229233000092, 47.963520469000059 ], [ 6.839512859000081, 47.963044990000071 ], [ 6.838880707000044, 47.962709756000038 ], [ 6.838133516000084, 47.962603526000073 ], [ 6.837564202000067, 47.962221183000047 ], [ 6.837485849000075, 47.962088593000033 ], [ 6.835595764000061, 47.961934082000077 ] ], [ [ 6.881530663000092, 48.007088465000038 ], [ 6.879249852000044, 48.006321311000079 ], [ 6.877932729000065, 48.005833175000078 ], [ 6.877421883000068, 48.005354477000083 ], [ 6.876997309000046, 48.005102686000043 ], [ 6.876494225000044, 48.004718332000039 ], [ 6.875752329000079, 48.003891353000085 ], [ 6.875319193000053, 48.003545234000057 ], [ 6.873946747000048, 48.003194029000042 ], [ 6.873239520000084, 48.002771339000049 ], [ 6.872657987000082, 48.002254406000077 ], [ 6.872064931000068, 48.001602701000081 ], [ 6.871526993000089, 48.000809524000033 ], [ 6.871461928000088, 48.00004582300005 ], [ 6.87137964100009, 47.999872839000034 ], [ 6.870935873000064, 47.999391906000085 ], [ 6.870444416000055, 47.99914229400008 ], [ 6.869968284000038, 47.999067870000033 ], [ 6.868894284000078, 47.999067182000033 ], [ 6.868623158000048, 47.999031055000046 ], [ 6.866759440000067, 47.998430144000046 ], [ 6.865217569000038, 47.99844481100007 ], [ 6.864469821000057, 47.998338751000063 ], [ 6.863506407000045, 47.998059577000049 ], [ 6.862598454000079, 47.997643424000046 ], [ 6.861773095000046, 47.997404749000047 ], [ 6.860609163000049, 47.997136644000079 ], [ 6.85983105300005, 47.996671157000037 ], [ 6.859555832000069, 47.996590095000045 ], [ 6.858529630000078, 47.996357992000071 ], [ 6.85778192500004, 47.996251889000064 ], [ 6.857097907000082, 47.996098643000039 ], [ 6.856591781000077, 47.995669260000057 ], [ 6.856557304000091, 47.995264947000067 ], [ 6.856329341000048, 47.994957080000063 ], [ 6.855610875000082, 47.99439951100004 ], [ 6.854419960000087, 47.993816887000037 ], [ 6.85285114800007, 47.993516935000059 ], [ 6.852701650000085, 47.993341638000061 ], [ 6.852218547000064, 47.993181779000047 ], [ 6.851274143000069, 47.993127132000041 ], [ 6.849850751000076, 47.992957524000083 ], [ 6.849226383000087, 47.992712181000059 ], [ 6.849009946000081, 47.992539072000056 ], [ 6.848833418000083, 47.992049310000077 ], [ 6.848606677000078, 47.991745895000072 ], [ 6.848422786000072, 47.991166275000069 ], [ 6.848136142000044, 47.990950414000046 ], [ 6.846332527000072, 47.990257127000064 ], [ 6.845769894000057, 47.989960192000069 ], [ 6.845019042000047, 47.989809066000078 ], [ 6.843662710000046, 47.989637192000032 ], [ 6.842558632000078, 47.989276860000082 ], [ 6.841346509000061, 47.989230888000073 ], [ 6.840930427000046, 47.989068794000048 ], [ 6.840561330000071, 47.988675414000056 ], [ 6.839917416000048, 47.988205417000081 ], [ 6.83968632300008, 47.987852574000051 ], [ 6.839479974000085, 47.987007886000072 ], [ 6.839110902000073, 47.986614500000087 ], [ 6.838686659000075, 47.986362567000072 ], [ 6.837664002000054, 47.986175224000078 ], [ 6.836680407000074, 47.986121744000059 ], [ 6.836009781000087, 47.985652600000037 ], [ 6.835774959000048, 47.985259327000051 ], [ 6.83547696100004, 47.984908660000087 ], [ 6.834702505000052, 47.984487946000058 ], [ 6.834051351000085, 47.98392805800006 ], [ 6.833745194000073, 47.983487554000078 ], [ 6.833604292000075, 47.98340655700008 ], [ 6.83291640300007, 47.981631536000073 ], [ 6.832925360000047, 47.980955507000033 ], [ 6.833339713000044, 47.980306798000072 ], [ 6.833329894000087, 47.979406135000033 ], [ 6.833433567000043, 47.979042359000061 ], [ 6.833257227000047, 47.97855257100008 ], [ 6.832814309000071, 47.978075982000064 ], [ 6.832304463000071, 47.977601574000062 ], [ 6.832147740000039, 47.977336389000072 ], [ 6.832310177000068, 47.976880600000072 ], [ 6.832212214000037, 47.976523401000073 ], [ 6.832039981000094, 47.976078525000048 ], [ 6.831444468000086, 47.975381661000085 ], [ 6.83087915100009, 47.975044204000085 ], [ 6.830395119000059, 47.974879787000077 ], [ 6.830034695000052, 47.974580696000032 ], [ 6.829882077000093, 47.974360424000047 ], [ 6.830174300000067, 47.973855357000048 ], [ 6.830595966000089, 47.973296515000072 ], [ 6.830550280000068, 47.972757413000068 ], [ 6.83024454100007, 47.972321392000083 ], [ 6.830202109000084, 47.971827233000056 ], [ 6.830317210000089, 47.971598234000055 ], [ 6.830821291000063, 47.971216900000059 ], [ 6.831529395000075, 47.970873960000063 ], [ 6.832033460000048, 47.970492621000062 ], [ 6.832587627000066, 47.969123062000051 ], [ 6.832119160000048, 47.967561612000047 ], [ 6.832084888000054, 47.967157284000052 ], [ 6.832306042000084, 47.966609476000087 ], [ 6.832550877000074, 47.966331192000041 ], [ 6.832991223000079, 47.965996975000053 ], [ 6.833506984000053, 47.965754898000057 ], [ 6.834200316000079, 47.965232222000047 ], [ 6.834849578000046, 47.964981277000049 ], [ 6.835645680000084, 47.964094838000051 ], [ 6.836209226000051, 47.96362143500005 ], [ 6.836316102000069, 47.963302597000052 ], [ 6.83626627700005, 47.962718578000079 ], [ 6.835956459000045, 47.962237653000045 ], [ 6.835595764000061, 47.961934082000077 ] ], [ [ 6.906594216000087, 48.040699062000051 ], [ 6.905262949000075, 48.040842369000082 ], [ 6.904313738000042, 48.041509070000082 ], [ 6.903777965000074, 48.041531353000039 ], [ 6.902632165000057, 48.042254116000038 ], [ 6.901080725000043, 48.042179430000033 ], [ 6.90027772600007, 48.042210557000033 ], [ 6.899840153000071, 48.04258545600004 ], [ 6.899634959000082, 48.042547208000087 ], [ 6.899348159000056, 48.042335972000046 ], [ 6.899009776000071, 48.042302138000082 ], [ 6.898950222000053, 48.042394210000047 ], [ 6.898627929000043, 48.042544542000087 ], [ 6.897694204000061, 48.042625033000043 ], [ 6.897052584000051, 48.042966136000082 ], [ 6.895646764000048, 48.043021702000033 ], [ 6.894885672000044, 48.043542439000078 ], [ 6.894207657000038, 48.044245123000053 ], [ 6.893383992000054, 48.04481747400007 ], [ 6.892860614000085, 48.044974443000058 ], [ 6.891463022000039, 48.045119783000082 ], [ 6.88925408700004, 48.045206334000056 ], [ 6.889127496000072, 48.045300616000077 ], [ 6.889135778000082, 48.045390440000062 ], [ 6.888229296000077, 48.045785294000041 ], [ 6.88782718200008, 48.045798582000089 ], [ 6.887508138000044, 48.04599382300006 ], [ 6.887519720000057, 48.046128587000055 ], [ 6.887398100000041, 48.046267752000063 ], [ 6.886762973000089, 48.046698677000052 ], [ 6.885727386000042, 48.047142824000048 ], [ 6.884679368000093, 48.047452226000082 ], [ 6.88301393200004, 48.047610809000048 ], [ 6.882178525000086, 48.048048316000063 ], [ 6.880906269000093, 48.048094789000061 ], [ 6.880686535000052, 48.047881299000039 ], [ 6.880663405000064, 48.04761177000006 ], [ 6.880446641000049, 48.047438725000063 ], [ 6.880289470000093, 48.047173616000073 ], [ 6.879860413000074, 48.046876930000053 ], [ 6.879584901000044, 48.046795917000047 ], [ 6.879246832000092, 48.046766519000073 ], [ 6.878584889000081, 48.046878438000078 ], [ 6.878171534000046, 48.046761422000088 ], [ 6.877833137000039, 48.046727526000041 ], [ 6.877380008000046, 48.046927157000077 ], [ 6.877183077000041, 48.046978695000064 ], [ 6.876612573000045, 48.046596561000058 ], [ 6.876203027000088, 48.046519956000047 ], [ 6.875868253000078, 48.046535489000064 ], [ 6.87553728000006, 48.046591439000053 ], [ 6.875053622000053, 48.046431680000069 ], [ 6.874301886000069, 48.046280745000047 ], [ 6.873876998000071, 48.04602894900006 ], [ 6.873601500000063, 48.045947922000039 ], [ 6.872798427000077, 48.045978862000077 ], [ 6.872566024000093, 48.04562612400008 ], [ 6.872074968000049, 48.045376500000089 ], [ 6.871823616000086, 48.044799142000045 ], [ 6.871469896000065, 48.044590044000081 ], [ 6.870182051000086, 48.044456723000053 ], [ 6.869580054000039, 48.044481028000064 ], [ 6.868973932000074, 48.044460417000039 ], [ 6.868556494000075, 48.044298454000057 ], [ 6.86806430300004, 48.044044346000078 ], [ 6.867588099000045, 48.043974408000047 ], [ 6.867171178000092, 48.043807919000074 ], [ 6.867021820000048, 48.043637140000051 ], [ 6.866746344000092, 48.043556097000078 ], [ 6.86635248400006, 48.043659137000077 ], [ 6.866002915000081, 48.043494935000069 ], [ 6.865644778000046, 48.043236412000056 ], [ 6.865369635000093, 48.04315986000006 ], [ 6.865081802000077, 48.042944075000037 ], [ 6.865043109000055, 48.042494863000059 ], [ 6.864831375000051, 48.04236667400005 ], [ 6.863733455000045, 48.042096406000041 ], [ 6.863017553000077, 48.041583839000047 ], [ 6.862603946000092, 48.041462274000082 ], [ 6.862198905000071, 48.04143502800008 ], [ 6.861745763000044, 48.041634600000073 ], [ 6.861407409000037, 48.04160065700006 ], [ 6.860510238000074, 48.041319266000073 ], [ 6.859590058000038, 48.040768334000063 ], [ 6.858944504000078, 48.040298485000051 ], [ 6.858686254000077, 48.039635738000072 ], [ 6.858253775000037, 48.039289536000069 ], [ 6.856920409000054, 48.038621495000086 ], [ 6.856767495000042, 48.03840126700004 ], [ 6.856405652000092, 48.038102296000034 ], [ 6.85572521000006, 48.037993959000062 ], [ 6.85482813100009, 48.037712525000082 ], [ 6.854474198000048, 48.037498881000033 ], [ 6.854167888000063, 48.037062940000055 ], [ 6.853585837000082, 48.036541430000057 ], [ 6.852331097000047, 48.03600590800005 ], [ 6.852214020000076, 48.035424117000048 ], [ 6.851994455000067, 48.03521057100005 ], [ 6.850747651000063, 48.034760365000068 ], [ 6.850106357000072, 48.034335379000083 ], [ 6.849358970000083, 48.034229198000048 ], [ 6.84907535800005, 48.034058286000061 ], [ 6.847289949000071, 48.033589629000062 ], [ 6.846352200000069, 48.033624799000052 ], [ 6.845451979000075, 48.033298350000052 ], [ 6.845298291000063, 48.03307813400005 ], [ 6.844252934000053, 48.032625783000071 ], [ 6.843846806000045, 48.032594006000068 ], [ 6.843721001000063, 48.032688213000085 ], [ 6.843520314000045, 48.032699275000077 ], [ 6.843173826000054, 48.032575451000071 ], [ 6.842835868000066, 48.032545949000053 ], [ 6.842178126000079, 48.032702578000055 ], [ 6.841559850000067, 48.032547083000047 ], [ 6.840890970000089, 48.03257343000007 ], [ 6.840992357000061, 48.03297555000006 ], [ 6.840866546000086, 48.033069754000053 ], [ 6.840193561000092, 48.033051182000072 ], [ 6.839941097000064, 48.03323961500007 ], [ 6.839322821000053, 48.033084109000072 ], [ 6.839044183000056, 48.032958059000073 ], [ 6.838508469000089, 48.032980046000034 ], [ 6.838233092000053, 48.032898935000048 ], [ 6.837902491000079, 48.032959275000053 ], [ 6.837578918000077, 48.033104974000082 ], [ 6.83654507600005, 48.032787324000083 ], [ 6.83625741700007, 48.032571466000043 ], [ 6.836014706000071, 48.032083856000042 ], [ 6.83580257300008, 48.031960135000077 ], [ 6.835668565000049, 48.031964504000086 ], [ 6.835149238000042, 48.032166133000032 ], [ 6.834833013000093, 48.032401681000067 ], [ 6.834372496000071, 48.032511293000077 ], [ 6.834064453000053, 48.032836667000083 ], [ 6.83387162400004, 48.032933047000085 ], [ 6.833340002000057, 48.03299992400008 ], [ 6.832729933000053, 48.032934212000043 ], [ 6.831592008000087, 48.032975787000055 ], [ 6.830699232000086, 48.032739081000045 ], [ 6.830557879000082, 48.032653589000063 ], [ 6.830538263000051, 48.032428990000085 ], [ 6.83017744600005, 48.032129910000037 ], [ 6.829905339000049, 48.03209372200007 ], [ 6.829437473000041, 48.032113459000072 ], [ 6.82928060200004, 48.031848280000077 ], [ 6.828923048000092, 48.03159413800006 ], [ 6.828371502000039, 48.03143189900004 ], [ 6.828360074000045, 48.031297128000062 ], [ 6.828676320000056, 48.031061598000072 ], [ 6.828668143000073, 48.030971769000082 ], [ 6.828388703000087, 48.030845721000048 ], [ 6.827857932000086, 48.030912546000081 ], [ 6.827496303000089, 48.03061348500006 ], [ 6.827292046000082, 48.030575084000077 ], [ 6.82683854000004, 48.030770029000053 ], [ 6.826507939000066, 48.030830336000072 ], [ 6.826369846000091, 48.030789780000077 ], [ 6.826138657000058, 48.030436920000056 ], [ 6.825557280000055, 48.029919763000073 ], [ 6.825507511000069, 48.029335764000052 ], [ 6.825362088000077, 48.029205350000041 ], [ 6.825015990000054, 48.029085968000061 ], [ 6.824481147000085, 48.029107863000043 ], [ 6.82383072600004, 48.029354246000082 ], [ 6.823460044000058, 48.029731181000045 ], [ 6.823084949000076, 48.030058704000055 ], [ 6.822888351000074, 48.030114646000072 ], [ 6.822423421000053, 48.030174803000079 ], [ 6.822211002000074, 48.030046563000042 ], [ 6.821868988000063, 48.029972085000047 ], [ 6.821098063000079, 48.029596209000033 ], [ 6.819878549000066, 48.029460133000043 ], [ 6.81930864800006, 48.029077717000064 ], [ 6.819241647000069, 48.029079892000077 ], [ 6.818167039000059, 48.029078741000042 ], [ 6.81788847200005, 48.028952641000046 ], [ 6.817589510000062, 48.028601965000064 ], [ 6.817102112000043, 48.02839705100007 ], [ 6.816220876000045, 48.028295007000047 ], [ 6.81593448600006, 48.028083567000067 ], [ 6.815561224000078, 48.027645202000087 ], [ 6.815140842000062, 48.027438106000034 ], [ 6.814318472000082, 48.027244045000089 ], [ 6.813905926000075, 48.027122280000071 ], [ 6.813894535000088, 48.026987508000047 ], [ 6.81312371100006, 48.026611578000086 ], [ 6.812298123000062, 48.026372561000073 ], [ 6.811889149000081, 48.026300226000046 ], [ 6.811527642000044, 48.026001115000042 ], [ 6.811449260000074, 48.025868513000034 ], [ 6.810804830000052, 48.025393874000088 ], [ 6.80970023000009, 48.025033241000081 ], [ 6.808713866000062, 48.024484077000068 ], [ 6.80822977400004, 48.024324068000055 ], [ 6.807077409000044, 48.024185689000042 ], [ 6.805660625000087, 48.024105408000082 ], [ 6.804634448000058, 48.023877333000087 ], [ 6.804422098000089, 48.023749061000046 ], [ 6.804142754000054, 48.023622955000064 ], [ 6.80373704200008, 48.023595534000037 ], [ 6.802555860000041, 48.023908515000073 ], [ 6.80129173000006, 48.024048481000079 ], [ 6.799905795000086, 48.024327510000042 ], [ 6.798902020000071, 48.024364440000056 ], [ 6.798146752000093, 48.024168101000043 ], [ 6.797332618000041, 48.024063753000064 ], [ 6.796090087000039, 48.02366240300006 ], [ 6.793575839000084, 48.023306569000056 ], [ 6.792475136000064, 48.022986196000033 ], [ 6.792334192000055, 48.022905152000078 ], [ 6.790810194000073, 48.023143478000073 ], [ 6.790278294000075, 48.02320566700007 ], [ 6.790140249000046, 48.023165069000072 ], [ 6.789433425000084, 48.022741881000059 ], [ 6.789210111000045, 48.022483300000033 ], [ 6.78904619900004, 48.022128207000037 ], [ 6.788892778000047, 48.021907916000032 ], [ 6.788480654000068, 48.021790556000042 ], [ 6.787141954000049, 48.021838175000077 ], [ 6.786011819000066, 48.02197366200005 ], [ 6.784428928000068, 48.02230389500005 ], [ 6.783763362000059, 48.02237486000007 ], [ 6.783145894000086, 48.022214537000082 ], [ 6.782603005000055, 48.022146409000072 ], [ 6.782001221000087, 48.022170267000043 ], [ 6.781395389000068, 48.022149204000073 ], [ 6.780320602000074, 48.022143213000049 ], [ 6.779911704000085, 48.022070767000059 ], [ 6.778832873000056, 48.022019846000042 ], [ 6.778211700000043, 48.021819074000064 ], [ 6.777571981000051, 48.021393663000083 ], [ 6.777147433000039, 48.021137019000037 ], [ 6.776396335000072, 48.020985458000041 ], [ 6.775984246000064, 48.020868054000061 ], [ 6.775693693000051, 48.020607104000078 ], [ 6.775540331000059, 48.020386795000043 ], [ 6.775473660000046, 48.020393440000078 ], [ 6.77463300800008, 48.019974464000086 ], [ 6.773025978000078, 48.019224204000068 ], [ 6.772598265000056, 48.018922600000053 ], [ 6.772162798000068, 48.01853565600004 ], [ 6.771455342000081, 48.018112386000041 ], [ 6.770764052000061, 48.017868779000082 ], [ 6.770191430000068, 48.017441179000059 ], [ 6.76976694800004, 48.017184508000071 ], [ 6.769491759000061, 48.017103236000082 ], [ 6.768346371000064, 48.017058860000077 ], [ 6.767591321000054, 48.016862325000034 ], [ 6.766944514000045, 48.01634699400006 ], [ 6.766379172000086, 48.01600923500007 ], [ 6.765887734000046, 48.015754696000045 ], [ 6.76530710600008, 48.015237237000072 ], [ 6.764938707000056, 48.014848120000067 ], [ 6.764444092000076, 48.014548630000043 ], [ 6.762930902000051, 48.014110560000063 ], [ 6.761696090000044, 48.013798705000056 ], [ 6.760509483000078, 48.013255561000051 ], [ 6.759412699000052, 48.01298431500004 ], [ 6.758922160000054, 48.012729719000049 ], [ 6.757274586000051, 48.012300379000067 ], [ 6.756784064000044, 48.012045774000057 ], [ 6.756556928000066, 48.011742212000058 ], [ 6.756382027000086, 48.011252292000052 ], [ 6.756009377000055, 48.010813734000067 ], [ 6.755239198000083, 48.010437421000063 ], [ 6.755039414000066, 48.010448306000058 ], [ 6.75476025800009, 48.010322082000073 ], [ 6.754559319000066, 48.010328498000042 ], [ 6.75435869800009, 48.01033940800005 ], [ 6.753574540000045, 48.010594177000087 ], [ 6.752865082000085, 48.010932145000083 ], [ 6.75217437200007, 48.011499244000049 ], [ 6.751380183000038, 48.012430008000081 ], [ 6.750752399000078, 48.012950044000043 ], [ 6.749771255000041, 48.013256115000047 ], [ 6.748916028000053, 48.013468071000034 ], [ 6.748604707000084, 48.013752775000057 ], [ 6.748144193000087, 48.014668371000077 ], [ 6.74784726300004, 48.015132798000081 ], [ 6.747464603000083, 48.015370222000058 ], [ 6.746795894000059, 48.015396034000048 ], [ 6.746141580000085, 48.015601566000043 ], [ 6.745112620000043, 48.016134347000047 ], [ 6.744060380000064, 48.01639758500005 ], [ 6.743477048000045, 48.016645888000085 ], [ 6.742949490000058, 48.016757275000089 ], [ 6.742495793000046, 48.016951897000069 ], [ 6.741923652000082, 48.017334972000072 ], [ 6.741530063000084, 48.017442091000078 ], [ 6.740392399000086, 48.017482784000038 ] ], [ [ 6.829654646000051, 48.046471998000072 ], [ 6.831278867000037, 48.045824501000077 ], [ 6.833205914000075, 48.044802231000062 ], [ 6.835019651000039, 48.044013362000051 ], [ 6.836092364000081, 48.043208082000042 ], [ 6.83607272200004, 48.042983485000043 ], [ 6.835651812000037, 48.042771970000047 ], [ 6.835208335000061, 48.042295410000072 ], [ 6.834236924000038, 48.041926148000073 ], [ 6.832541741000057, 48.040954299000077 ], [ 6.832503326000051, 48.040505076000045 ], [ 6.832198017000053, 48.040069051000046 ], [ 6.830900917000065, 48.039039165000077 ], [ 6.830542981000065, 48.038780535000058 ], [ 6.829590443000086, 48.038635860000056 ], [ 6.828831606000051, 48.038394779000043 ], [ 6.828091545000063, 48.03837831900006 ], [ 6.827273045000084, 48.038229265000041 ], [ 6.826647411000067, 48.03798383700007 ], [ 6.826101055000038, 48.037870969000039 ], [ 6.82455718600005, 48.037885130000063 ], [ 6.823635686000046, 48.03809977700007 ], [ 6.822784438000042, 48.038357181000038 ], [ 6.822185735000062, 48.038426185000048 ], [ 6.821776330000091, 48.038349391000047 ], [ 6.81995823200009, 48.038286810000045 ], [ 6.818911827000079, 48.037829768000051 ], [ 6.818023107000045, 48.03763788200007 ], [ 6.815991766000081, 48.037447019000069 ], [ 6.814768331000039, 48.037270471000056 ], [ 6.813823179000053, 48.037215525000079 ], [ 6.813138759000083, 48.037062027000047 ], [ 6.811438953000049, 48.036810789000072 ], [ 6.810360629000058, 48.036760130000062 ], [ 6.80954543900009, 48.036655894000042 ], [ 6.808853732000046, 48.036412514000062 ], [ 6.807134773000087, 48.035941106000053 ], [ 6.806300927000052, 48.03561221800004 ], [ 6.805281502000071, 48.035469514000056 ], [ 6.803630129000055, 48.034991366000042 ], [ 6.800930015000063, 48.034826374000033 ], [ 6.800382586000069, 48.034708919000082 ], [ 6.799323283000092, 48.034887285000082 ], [ 6.799193330000037, 48.03493652800006 ], [ 6.79865841700007, 48.034958306000078 ], [ 6.798245010000073, 48.034836515000052 ], [ 6.798021279000068, 48.034573458000068 ], [ 6.797738153000068, 48.03440691600008 ], [ 6.796447840000042, 48.034232340000081 ], [ 6.795172619000084, 48.034232945000042 ], [ 6.793721561000041, 48.033748199000058 ], [ 6.793044525000084, 48.033684442000038 ], [ 6.792832163000071, 48.033556149000049 ], [ 6.792537721000088, 48.033254821000071 ], [ 6.791908764000084, 48.032959771000037 ], [ 6.791544104000081, 48.032615657000072 ], [ 6.79070635000005, 48.032241742000053 ], [ 6.788913087000083, 48.031677873000042 ], [ 6.788232866000044, 48.031569145000049 ], [ 6.787697146000085, 48.031590901000072 ], [ 6.787232484000072, 48.031655413000067 ], [ 6.787162263000084, 48.031612627000072 ], [ 6.786852166000074, 48.031127099000059 ], [ 6.786628507000046, 48.030864020000081 ], [ 6.784808970000086, 48.029990117000068 ], [ 6.783625814000061, 48.029492127000083 ], [ 6.782353377000049, 48.028731223000079 ], [ 6.781743420000055, 48.028665247000049 ], [ 6.780854152000074, 48.028473106000042 ], [ 6.779843028000073, 48.028420014000062 ], [ 6.77956808600004, 48.028343261000089 ], [ 6.778648973000088, 48.027791692000051 ], [ 6.778094733000046, 48.027588769000033 ], [ 6.777342704000091, 48.02743724000004 ], [ 6.77620889700006, 48.027523196000061 ], [ 6.775520669000059, 48.027324562000047 ], [ 6.774234644000046, 48.027194658000042 ], [ 6.773743065000076, 48.026940153000055 ], [ 6.773378565000087, 48.02659598200006 ], [ 6.773020994000092, 48.026337175000037 ], [ 6.772737990000053, 48.026170572000069 ], [ 6.77231022300009, 48.025868969000051 ], [ 6.771626071000071, 48.025715228000081 ], [ 6.77113483800008, 48.025465207000082 ], [ 6.770517693000045, 48.025309312000047 ], [ 6.769970430000058, 48.025191715000062 ], [ 6.769672963000062, 48.024845385000049 ], [ 6.769319460000077, 48.024631483000064 ], [ 6.768843562000086, 48.024561146000053 ], [ 6.768631295000091, 48.024432809000082 ], [ 6.768240261000074, 48.023774150000072 ], [ 6.767886771000065, 48.023560244000073 ], [ 6.767611871000042, 48.023483462000058 ], [ 6.766336071000069, 48.023483781000039 ], [ 6.765450979000093, 48.023336440000037 ], [ 6.765026793000061, 48.023084248000032 ], [ 6.763903743000071, 48.022494053000059 ], [ 6.762594508000063, 48.022094492000072 ], [ 6.761980621000077, 48.021983496000082 ], [ 6.761378830000069, 48.022007248000079 ], [ 6.760835652000083, 48.021934526000052 ], [ 6.760166867000066, 48.021960414000034 ], [ 6.760028848000047, 48.021919780000083 ], [ 6.75953770600006, 48.021669709000037 ], [ 6.759050597000055, 48.021464554000033 ], [ 6.75790967000006, 48.021460472000058 ], [ 6.757358766000039, 48.021302394000088 ], [ 6.756652228000064, 48.020879009000055 ], [ 6.755563040000084, 48.02069306900006 ], [ 6.754781482000055, 48.020181978000039 ], [ 6.754368610000085, 48.020064525000073 ], [ 6.752732596000044, 48.01976538100007 ], [ 6.751498550000065, 48.019453394000038 ], [ 6.750159876000055, 48.019500592000043 ], [ 6.749475871000072, 48.01934672200008 ], [ 6.748386220000043, 48.019165237000038 ], [ 6.747475629000064, 48.018703257000077 ], [ 6.746999813000059, 48.018632831000048 ], [ 6.74449734600006, 48.018410728000049 ], [ 6.742660469000043, 48.018117843000077 ], [ 6.740470590000086, 48.017615434000049 ], [ 6.740392399000086, 48.017482784000038 ] ] ] } },
{ "type": "Feature", "properties": { "fid": 407, "gid": 407, "CdEuMasseDEau": "FRCR220", "NomMasseDEau": "DESSUS DE RUPT", "Etat masse eau ": "Inconnu", "Etat ecologique": "Bon", "Etat chimique": "Inconnu", "_swEcologicalStatusOrPotentialValue": "2", "_swChemicalStatusValue": "U" }, "geometry": { "type": "MultiLineString", "coordinates": [ [ [ 6.705081614000051, 47.953464712000077 ], [ 6.704528433000064, 47.953261432000033 ], [ 6.703306997000084, 47.953079221000053 ], [ 6.702891621000049, 47.952916636000047 ], [ 6.702115545000083, 47.952450094000085 ], [ 6.701614230000075, 47.952064981000042 ], [ 6.700793444000055, 47.951870118000045 ], [ 6.700106480000045, 47.951671033000082 ], [ 6.698276555000064, 47.950611517000077 ], [ 6.697099431000083, 47.950162076000083 ], [ 6.696412189000057, 47.949958475000081 ], [ 6.695001526000056, 47.949921779000078 ], [ 6.694519294000088, 47.949761269000078 ], [ 6.69395512300008, 47.949423148000051 ], [ 6.692997464000086, 47.949187491000032 ], [ 6.692503344000045, 47.948892208000082 ], [ 6.692265468000073, 47.948449224000058 ], [ 6.692020500000069, 47.947916370000087 ], [ 6.691716879000069, 47.947479957000041 ], [ 6.691463988000066, 47.94685725800008 ], [ 6.691222696000068, 47.94555850100005 ], [ 6.690889043000084, 47.944762659000048 ], [ 6.690733124000076, 47.944497281000046 ], [ 6.689092437000056, 47.943296545000067 ], [ 6.688655072000074, 47.942864325000073 ], [ 6.688083085000073, 47.942436332000057 ], [ 6.687529771000072, 47.942228476000082 ], [ 6.686987824000084, 47.94215990500004 ], [ 6.68698469800006, 47.942114957000058 ], [ 6.686713463000046, 47.942082930000083 ], [ 6.686212045000048, 47.941693255000082 ], [ 6.685562985000047, 47.941132530000061 ], [ 6.685489005000079, 47.941044759000079 ], [ 6.684705335000047, 47.940488255000048 ], [ 6.683859584000061, 47.939978740000072 ], [ 6.68335851900008, 47.939593546000083 ], [ 6.682801607000044, 47.939345241000069 ], [ 6.681773330000056, 47.939066666000087 ], [ 6.681213310000089, 47.938773405000063 ], [ 6.679839873000049, 47.938375 ], [ 6.678808511000057, 47.938051451000042 ], [ 6.677973046000091, 47.937676712000041 ], [ 6.676603614000044, 47.937323192000072 ], [ 6.675905908000061, 47.93698917100005 ], [ 6.675290072000053, 47.936832768000045 ], [ 6.674663222000049, 47.936541569000042 ], [ 6.673697981000089, 47.936215907000083 ], [ 6.67261788400009, 47.936119061000056 ], [ 6.671812411000076, 47.936103710000047 ], [ 6.670788513000048, 47.935874456000079 ], [ 6.669678526000041, 47.935418150000032 ], [ 6.668528766000065, 47.935282903000086 ], [ 6.668049546000077, 47.935162736000052 ], [ 6.667347978000066, 47.934783742000043 ], [ 6.666191264000076, 47.933747771000071 ], [ 6.665623189000087, 47.933360094000079 ], [ 6.664936596000075, 47.933160802000089 ], [ 6.664603313000043, 47.933175709000068 ], [ 6.664012640000067, 47.933333785000059 ], [ 6.663218198000038, 47.933453169000082 ], [ 6.662724916000059, 47.933153237000056 ], [ 6.662517213000058, 47.933069624000041 ], [ 6.662112267000055, 47.933041714000069 ], [ 6.661392592000084, 47.933248846000083 ], [ 6.660724040000048, 47.93327419600007 ], [ 6.660304701000086, 47.933062040000038 ], [ 6.659582094000086, 47.932413383000039 ], [ 6.65839472600004, 47.931828753000048 ], [ 6.657196102000057, 47.931104821000083 ], [ 6.656365144000063, 47.930779345000083 ], [ 6.655151423000064, 47.930686503000061 ], [ 6.653945884000052, 47.93068799100007 ], [ 6.653403788000048, 47.930614769000051 ], [ 6.651281319000077, 47.930063669000049 ], [ 6.65120347900006, 47.929930953000053 ] ] ] } },
{ "type": "Feature", "properties": { "fid": 408, "gid": 408, "CdEuMasseDEau": "FRCR221", "NomMasseDEau": "RUISSEAU DE REHEREY", "Etat masse eau ": "Inconnu", "Etat ecologique": "Bon", "Etat chimique": "Inconnu", "_swEcologicalStatusOrPotentialValue": "2", "_swChemicalStatusValue": "U" }, "geometry": { "type": "MultiLineString", "coordinates": [ [ [ 6.701729909000051, 47.965615731000071 ], [ 6.699921247000077, 47.965636667000069 ], [ 6.698858700000073, 47.965764720000038 ], [ 6.69741476900009, 47.966134501000056 ], [ 6.69641118900006, 47.966170584000047 ], [ 6.694284068000059, 47.966386139000072 ], [ 6.693682041000045, 47.966409572000089 ], [ 6.692177910000055, 47.966060447000082 ], [ 6.69090067400009, 47.966019496000058 ], [ 6.68933757800005, 47.965762279000046 ], [ 6.687784717000056, 47.965639858000088 ], [ 6.68616181200008, 47.965474569000037 ], [ 6.686154722000083, 47.965384700000072 ], [ 6.685419688000081, 47.965412264000072 ], [ 6.68527791200006, 47.965326620000042 ], [ 6.684936196000081, 47.965247247000043 ], [ 6.684379844000091, 47.964998927000067 ], [ 6.683034877000068, 47.964960015000088 ], [ 6.682511354000042, 47.965111562000061 ], [ 6.682255007000037, 47.965259238000051 ], [ 6.680843946000039, 47.965222372000085 ], [ 6.679926250000051, 47.965480851000052 ], [ 6.677787222000063, 47.965561343000047 ], [ 6.677397531000054, 47.965708677000073 ], [ 6.67694829800007, 47.965952469000058 ], [ 6.675833743000055, 47.966262121000057 ], [ 6.67460456200007, 47.96680507700006 ], [ 6.673838755000077, 47.967283982000083 ], [ 6.671357937000039, 47.968095764000047 ], [ 6.670670027000085, 47.968707347000077 ], [ 6.670213362000084, 47.968856748000064 ], [ 6.669288490000042, 47.969025274000046 ], [ 6.668381680000039, 47.969418454000049 ], [ 6.668140229000073, 47.969745811000053 ], [ 6.668144177000045, 47.969790733000082 ], [ 6.667958336000083, 47.96997671400004 ], [ 6.667420078000077, 47.969952976000059 ], [ 6.666951553000047, 47.969967598000039 ], [ 6.665904099000045, 47.970279561000041 ], [ 6.665588329000059, 47.970514637000072 ], [ 6.665350490000037, 47.970882416000052 ], [ 6.665042080000092, 47.971211855000043 ], [ 6.664258071000063, 47.971466035000049 ], [ 6.664002169000071, 47.971609149000081 ], [ 6.663218150000091, 47.971863322000047 ], [ 6.662018723000074, 47.971954763000042 ], [ 6.661691098000063, 47.972055062000038 ], [ 6.661442234000049, 47.97228804100007 ], [ 6.661096721000092, 47.972978982000086 ], [ 6.660104811000053, 47.97314952000005 ], [ 6.659011977000091, 47.973728595000068 ], [ 6.658681541000078, 47.973788433000038 ], [ 6.657741624000039, 47.973777154000061 ], [ 6.657155254000088, 47.973980087000086 ], [ 6.656445146000067, 47.974322002000072 ], [ 6.656107353000039, 47.974287467000067 ], [ 6.655416329000047, 47.974043203000072 ], [ 6.655081639000059, 47.97405361400007 ], [ 6.654495256000075, 47.974256534000062 ], [ 6.654182822000053, 47.97454102100005 ], [ 6.654078764000076, 47.974904613000042 ], [ 6.653618063000067, 47.975009027000056 ], [ 6.652362579000055, 47.975237242000048 ], [ 6.65112477100007, 47.975685611000081 ], [ 6.649742408000066, 47.976007828000043 ], [ 6.648799359000066, 47.975951529000042 ], [ 6.648324057000082, 47.97588070200004 ], [ 6.647993287000077, 47.975936015000059 ], [ 6.647733696000046, 47.976038666000079 ], [ 6.647494872000038, 47.976406433000079 ], [ 6.647045411000079, 47.976650108000058 ], [ 6.645522092000078, 47.976886560000082 ], [ 6.64506528600009, 47.977035862000037 ], [ 6.644760643000041, 47.977410169000052 ], [ 6.644574694000084, 47.977596112000072 ], [ 6.643582644000048, 47.977766511000077 ], [ 6.643254948000049, 47.977866759000051 ], [ 6.64300628500007, 47.978104193000043 ], [ 6.642278069000042, 47.978221357000052 ], [ 6.641044032000082, 47.978714542000034 ], [ 6.640471571000091, 47.979097133000039 ], [ 6.639929308000092, 47.979028346000064 ], [ 6.639331566000067, 47.97909190200005 ], [ 6.638057144000072, 47.97909532500006 ], [ 6.637214311000093, 47.978630435000071 ], [ 6.636546012000053, 47.978655621000087 ], [ 6.636081631000081, 47.978719538000064 ], [ 6.635739903000058, 47.978640023000082 ], [ 6.635454501000083, 47.978428137000037 ], [ 6.635354778000078, 47.978025827000067 ], [ 6.635146106000093, 47.977942194000043 ], [ 6.634329084000058, 47.977791793000051 ], [ 6.632772917000068, 47.97762369700007 ], [ 6.632008014000064, 47.977291494000042 ] ] ] } },
{ "type": "Feature", "properties": { "fid": 425, "gid": 425, "CdEuMasseDEau": "FRCR233", "NomMasseDEau": "NICHE", "Etat masse eau ": "Inconnu", "Etat ecologique": "Bon", "Etat chimique": "Inconnu", "_swEcologicalStatusOrPotentialValue": "2", "_swChemicalStatusValue": "U" }, "geometry": { "type": "MultiLineString", "coordinates": [ [ [ 6.508944342743893, 47.997576009464531 ], [ 6.50976005800004, 47.997702343000071 ], [ 6.510650801000054, 47.997941485000069 ], [ 6.512280650000093, 47.99819457500007 ], [ 6.51378862200005, 47.998595415000068 ], [ 6.514352166000037, 47.998934388000073 ], [ 6.514447189000066, 47.999291869000047 ], [ 6.514387854000063, 47.999383723000051 ], [ 6.513824580000062, 47.999896 ], [ 6.513649012000087, 48.00022103200007 ], [ 6.513378690000081, 48.00103983200006 ], [ 6.513466910000091, 48.001307436000047 ], [ 6.513885902000084, 48.001515611000059 ], [ 6.515302228000053, 48.00245514900007 ], [ 6.517106032000072, 48.003202921000081 ], [ 6.517510600000037, 48.003231356000072 ], [ 6.517845500000078, 48.003221336000081 ], [ 6.520666273000074, 48.004109778000043 ], [ 6.522639935000086, 48.005302785000083 ], [ 6.523876864000044, 48.006517840000072 ], [ 6.524582184000053, 48.00694259900007 ], [ 6.526452420000055, 48.007688243000082 ], [ 6.52720344800008, 48.007841375000055 ], [ 6.527618714000084, 48.008004576000083 ], [ 6.527840989000083, 48.00826814900006 ], [ 6.527891289000081, 48.00889720300006 ], [ 6.527581504000068, 48.00922177800004 ], [ 6.527595157000064, 48.009401529000058 ], [ 6.527814443000068, 48.009620152000082 ], [ 6.527976265000064, 48.009971115000042 ], [ 6.527881931000081, 48.010469387000057 ], [ 6.527706414000079, 48.010794438000062 ], [ 6.527478097000085, 48.011296728000048 ], [ 6.527647049000052, 48.011742062000053 ], [ 6.52771787100005, 48.011784978000037 ], [ 6.52812251000006, 48.011813375000088 ], [ 6.529034918000093, 48.011466213000062 ], [ 6.529446384000039, 48.011584481000057 ], [ 6.529806498000085, 48.011888955000082 ], [ 6.53005696200006, 48.012511999000083 ], [ 6.530431287000056, 48.012991701000033 ], [ 6.532045356000083, 48.013880072000063 ], [ 6.533081133000053, 48.014249818000053 ], [ 6.533433311000067, 48.014459934000058 ], [ 6.533447823000074, 48.014639659000068 ], [ 6.533268189000069, 48.014915297000073 ], [ 6.533483684000089, 48.015088984000045 ], [ 6.534170843000084, 48.015289034000034 ], [ 6.534311671000069, 48.01537488200006 ], [ 6.534347540000056, 48.015824206000048 ], [ 6.533847442000081, 48.016289635000078 ], [ 6.533604946000082, 48.016616707000082 ], [ 6.533588325000039, 48.017247768000061 ], [ 6.532853375000059, 48.018130112000051 ], [ 6.532635747000086, 48.018767210000078 ], [ 6.532682278000038, 48.019351334000078 ], [ 6.533059675000061, 48.019875974000058 ], [ 6.533091699000067, 48.020280373000048 ], [ 6.532712177000064, 48.020566516000088 ], [ 6.532472354000049, 48.020934039000053 ], [ 6.532318715000088, 48.021524173000046 ], [ 6.531959387000086, 48.022075443000062 ], [ 6.531527351000079, 48.022543319000079 ], [ 6.531393343000048, 48.022547342000053 ], [ 6.530893455000069, 48.023017252000045 ], [ 6.530710782000085, 48.02324793400004 ], [ 6.529988530000082, 48.023454275000063 ], [ 6.529449792000094, 48.023429905000057 ], [ 6.528205180000043, 48.022976309000057 ], [ 6.527328429000079, 48.022917028000052 ], [ 6.526239470000064, 48.022733487000039 ], [ 6.525224885000057, 48.022633283000062 ], [ 6.52426282600004, 48.022351338000078 ], [ 6.522121269000081, 48.022428995000041 ], [ 6.52135342400004, 48.022051131000069 ], [ 6.520947873000068, 48.022022735000064 ], [ 6.520427151000092, 48.022218480000049 ], [ 6.519546423000065, 48.022969974000034 ], [ 6.518649355000093, 48.023501255000042 ], [ 6.517698587000041, 48.024209789000047 ], [ 6.517308021000076, 48.024356587000057 ], [ 6.516110142000059, 48.024491485000055 ], [ 6.515451838000047, 48.024650783000077 ], [ 6.514781766000056, 48.024670807000064 ], [ 6.513926554000079, 48.02488552300008 ], [ 6.513147832000072, 48.025228562000052 ], [ 6.512313551000091, 48.025708372000047 ], [ 6.511447393000083, 48.025783774000047 ], [ 6.510728851000067, 48.026034921000083 ], [ 6.510214013000052, 48.026320521000059 ], [ 6.509411034000038, 48.026348983000048 ], [ 6.508720846000074, 48.026103840000083 ], [ 6.508319088000064, 48.026120326000068 ], [ 6.508273304000056, 48.026391927000077 ], [ 6.508023510000044, 48.02662457200006 ], [ 6.50763235900007, 48.026775858000072 ], [ 6.507492273959312, 48.026840791230569 ] ], [ [ 6.506583782735616, 48.031551280858444 ], [ 6.507111353000084, 48.032060968000053 ], [ 6.50722081400005, 48.032598173000054 ], [ 6.507365163000088, 48.032724483000038 ], [ 6.50740081500004, 48.033173810000051 ], [ 6.507288300000084, 48.033451902000081 ], [ 6.507348694000086, 48.034211261000053 ], [ 6.507306571367763, 48.03427656917394 ] ] ] } },
{ "type": "Feature", "properties": { "fid": 410, "gid": 410, "CdEuMasseDEau": "FRCR224", "NomMasseDEau": "MOSELOTTE 3", "Etat masse eau ": "Moyen", "Etat ecologique": "Moyen", "Etat chimique": "Non atteint", "_swEcologicalStatusOrPotentialValue": "3", "_swChemicalStatusValue": "3" }, "geometry": { "type": "MultiLineString", "coordinates": [ [ [ 6.709845403000088, 48.010927858000059 ], [ 6.709611676000065, 48.011340635000067 ], [ 6.708965556000066, 48.013257405000047 ], [ 6.708679095000093, 48.013852023000076 ], [ 6.708549424000068, 48.013905661000081 ], [ 6.70759423800007, 48.014525867000089 ], [ 6.70559060100004, 48.015453877000077 ], [ 6.705066122000062, 48.01561004000007 ], [ 6.704267394000056, 48.015684751000038 ], [ 6.703794807000065, 48.015659095000046 ], [ 6.703074172000072, 48.015866472000077 ], [ 6.701806145000091, 48.016766744000051 ], [ 6.701613135000059, 48.016862908000064 ], [ 6.701021639000089, 48.017021162000049 ], [ 6.700423856000043, 48.017089521000059 ], [ 6.699676177000072, 48.016982416000083 ], [ 6.699208081000052, 48.016997140000058 ], [ 6.700356473000056, 48.017902442000043 ], [ 6.700512656000058, 48.018167795000068 ], [ 6.700557505000063, 48.019517718000088 ], [ 6.701345653000089, 48.020119034000061 ], [ 6.701486912000064, 48.021010973000045 ], [ 6.701230348000081, 48.021158685000046 ], [ 6.699914623000041, 48.021474853000086 ], [ 6.699107843000093, 48.021459689000039 ], [ 6.698691106000069, 48.021297122000078 ], [ 6.697981061000064, 48.020828466000069 ], [ 6.697238148000054, 48.020766238000078 ], [ 6.69564678900008, 48.021005438000088 ], [ 6.695132998000076, 48.021291846000047 ], [ 6.694635414000061, 48.021762425000077 ], [ 6.694344772000079, 48.022312084000077 ], [ 6.694370917000072, 48.022626572000043 ], [ 6.694334039000069, 48.022988084000083 ], [ 6.694278126000086, 48.023124973000051 ], [ 6.69402948000004, 48.023362507000058 ], [ 6.693374863000088, 48.023567746000083 ], [ 6.691809534000072, 48.024121381000043 ], [ 6.691274373000056, 48.024138177000047 ], [ 6.690861611000059, 48.024020502000042 ], [ 6.690787506000049, 48.023932739000088 ], [ 6.690605231000063, 48.023352886000055 ], [ 6.690460158000064, 48.023222306000036 ], [ 6.688601584000082, 48.022663503000047 ], [ 6.688199596000061, 48.022676109000088 ], [ 6.684348468000053, 48.022368889000063 ], [ 6.684154882000087, 48.022469545000043 ], [ 6.683396287000051, 48.023038335000081 ], [ 6.682942317000084, 48.02323272600006 ], [ 6.682544601000075, 48.023294727000064 ], [ 6.680633811000064, 48.022913106000033 ], [ 6.679879003000053, 48.022716009000078 ], [ 6.67909502200007, 48.022159470000076 ], [ 6.678593214000045, 48.021774275000041 ], [ 6.678519132000076, 48.021686505000048 ], [ 6.677400198000044, 48.021140430000059 ], [ 6.676292639000053, 48.020733625000048 ], [ 6.675069744000041, 48.020551129000069 ], [ 6.673563396000077, 48.021012589000073 ], [ 6.672392845000047, 48.021463545000081 ], [ 6.671273141000086, 48.021728223000082 ], [ 6.669998532000079, 48.021731966000061 ], [ 6.669507816000078, 48.021481520000073 ], [ 6.667925156000081, 48.020188589000043 ], [ 6.667557127000066, 48.019794674000082 ], [ 6.667665131000092, 48.019476001000051 ], [ 6.668059196000058, 48.019373625000071 ], [ 6.668497905000038, 48.018995089000043 ], [ 6.668918831000042, 48.018396392000056 ], [ 6.669026513000063, 48.018073223000052 ], [ 6.669018608000044, 48.017983382000068 ], [ 6.668049116000077, 48.01761723900006 ], [ 6.667499046000046, 48.017454219000058 ], [ 6.66700048000007, 48.017113921000032 ], [ 6.666562687000066, 48.016681639000069 ], [ 6.664868280000064, 48.015662415000072 ], [ 6.663251931000048, 48.014775868000072 ], [ 6.662069732000077, 48.014281173000086 ], [ 6.66007832300005, 48.013721568000051 ], [ 6.659464748000062, 48.013610036000046 ], [ 6.658929995000051, 48.013631180000061 ], [ 6.654807804000086, 48.013286407000074 ], [ 6.653711562000069, 48.013014177000059 ], [ 6.653013004000059, 48.012680036000063 ], [ 6.652741119000041, 48.012643438000055 ], [ 6.652730141000063, 48.01250864900004 ], [ 6.652151492000087, 48.011990605000051 ], [ 6.651627717000054, 48.011331221000034 ], [ 6.651539093000054, 48.011068217000059 ], [ 6.651502234000077, 48.010618927000053 ], [ 6.651654205000057, 48.010024140000041 ], [ 6.651603581000074, 48.009399608000081 ], [ 6.651094748000048, 48.008919931000037 ], [ 6.649663706000069, 48.008658060000073 ], [ 6.648995035000041, 48.008683316000088 ], [ 6.648217427000077, 48.009027252000067 ], [ 6.647596538000073, 48.009636581000052 ], [ 6.647566380000058, 48.01008795000007 ], [ 6.64719033700004, 48.010414917000048 ], [ 6.644725074000064, 48.011450772000046 ], [ 6.644732099000066, 48.011540641000067 ], [ 6.642658144000052, 48.011618415000051 ], [ 6.639829683000073, 48.011498798000048 ], [ 6.63746281300007, 48.011270245000048 ], [ 6.637261856000066, 48.01127646100008 ], [ 6.636849314000074, 48.011158596000087 ], [ 6.636570436000056, 48.011032091000061 ], [ 6.636269689000073, 48.010636005000038 ], [ 6.636136028000067, 48.010644642000045 ], [ 6.635579119000056, 48.010391603000073 ], [ 6.634768604000044, 48.010331077000046 ], [ 6.634303944000067, 48.010394986000051 ], [ 6.633118136000064, 48.010661347000053 ], [ 6.632009697000058, 48.01106493900005 ], [ 6.631232780000062, 48.011408736000078 ], [ 6.629440446000046, 48.011653247000083 ], [ 6.628994520000049, 48.011941770000078 ], [ 6.628436139000087, 48.01249951300008 ], [ 6.627669255000058, 48.012978104000069 ], [ 6.626868941000055, 48.013863104000052 ], [ 6.626641858000085, 48.014370080000049 ], [ 6.626459632000092, 48.014600912000049 ], [ 6.626142585000082, 48.014835901000083 ], [ 6.625618715000087, 48.014991685000041 ], [ 6.623492423000073, 48.015250900000069 ], [ 6.622417796000093, 48.015243467000062 ], [ 6.621730305000085, 48.015043933000072 ], [ 6.621726392000085, 48.014999011000043 ], [ 6.621258293000039, 48.015013425000063 ], [ 6.621180712000069, 48.014885191000083 ], [ 6.62047534900006, 48.014460987000064 ], [ 6.619977644000073, 48.014115969000045 ], [ 6.619969823000076, 48.014026125000044 ], [ 6.619761870000048, 48.01394244100004 ], [ 6.618522570000039, 48.012728400000071 ], [ 6.61793252700005, 48.012075421000077 ], [ 6.617790735000085, 48.011989698000043 ], [ 6.617234207000081, 48.011741068000049 ], [ 6.616617675000043, 48.011584365000033 ], [ 6.616282741000077, 48.011594665000082 ], [ 6.615627969000059, 48.011799472000064 ], [ 6.615371740000057, 48.011942477000048 ], [ 6.615121955000063, 48.012179872000047 ], [ 6.61494666100009, 48.012500558000056 ], [ 6.615012787000069, 48.013309287000077 ], [ 6.614904478000085, 48.01362791300005 ], [ 6.614707416000044, 48.013679013000058 ] ] ] } },
{ "type": "Feature", "properties": { "fid": 392, "gid": 392, "CdEuMasseDEau": "FRCR209", "NomMasseDEau": "MOSELLE 2", "Etat masse eau ": "Moyen", "Etat ecologique": "Bon", "Etat chimique": "Non atteint", "_swEcologicalStatusOrPotentialValue": "2", "_swChemicalStatusValue": "3" }, "geometry": { "type": "MultiLineString", "coordinates": [ [ [ 6.614707416000044, 48.013679013000058 ], [ 6.614591292000057, 48.013907794000033 ], [ 6.614082182000061, 48.014243241000088 ], [ 6.612847044000091, 48.014736118000087 ], [ 6.610011869000061, 48.016192463000039 ], [ 6.609445746000063, 48.016664765000087 ], [ 6.609453550000069, 48.016754609000088 ], [ 6.609323464000056, 48.016803644000049 ], [ 6.609014131000038, 48.01712843100006 ], [ 6.608824016000085, 48.01726939100007 ], [ 6.60883098100004, 48.01735926200007 ], [ 6.608417493000047, 48.018052084000033 ], [ 6.60824604000004, 48.018417680000077 ], [ 6.608119013000078, 48.018511661000048 ], [ 6.608137680000084, 48.018736299000068 ], [ 6.607901319000064, 48.019959683000081 ], [ 6.607250311000087, 48.020209365000085 ], [ 6.606253751000054, 48.020339017000083 ], [ 6.606031036000047, 48.020075594000048 ], [ 6.605741325000054, 48.019814224000072 ], [ 6.604849784000066, 48.019575806000034 ], [ 6.602961699000048, 48.019467004000042 ], [ 6.60139745500004, 48.019208627000069 ], [ 6.60111861900009, 48.019082040000058 ], [ 6.601051622000057, 48.019084091000082 ], [ 6.60029021400004, 48.018796612000081 ], [ 6.599613604000069, 48.018731743000046 ], [ 6.599211930000081, 48.018748540000047 ], [ 6.598884733000091, 48.01884863500004 ], [ 6.597541226000089, 48.019664455000047 ], [ 6.597231805000092, 48.019989211000052 ], [ 6.596781742000076, 48.020232688000078 ], [ 6.596327479000081, 48.020426745000073 ], [ 6.595825135000041, 48.020851983000057 ], [ 6.59552263900008, 48.021266605000051 ], [ 6.595418087000041, 48.021630134000077 ], [ 6.595486980000089, 48.022483818000069 ], [ 6.59555398100008, 48.02248177000007 ], [ 6.595568706000051, 48.022661486000061 ], [ 6.595527263000065, 48.02297804400007 ], [ 6.595098833000065, 48.023491101000047 ], [ 6.59458447500009, 48.023777069000062 ], [ 6.589435134000041, 48.025677418000043 ], [ 6.58699742400006, 48.027071487000057 ], [ 6.586336559000074, 48.027487999000073 ], [ 6.585400183000047, 48.028075053000073 ], [ 6.584770585000058, 48.028594198000064 ], [ 6.584531925000078, 48.028961799000058 ], [ 6.584278573000063, 48.029149683000071 ], [ 6.584051017000093, 48.029656572000079 ], [ 6.583923920000075, 48.029750526000043 ], [ 6.582514273000072, 48.031419443000061 ], [ 6.581570907000071, 48.033033608000039 ], [ 6.581554015000052, 48.033664695000077 ], [ 6.581890465000072, 48.034505725000088 ], [ 6.582117001000086, 48.034814114000085 ], [ 6.582830088000037, 48.03532838700005 ], [ 6.583850307000091, 48.036324247000039 ], [ 6.58513118500008, 48.037226578000059 ], [ 6.586253086000056, 48.037813952000079 ], [ 6.587293594000073, 48.038228138000079 ], [ 6.587995122000052, 48.038607611000089 ], [ 6.58814775500008, 48.038828161000083 ], [ 6.58815857400009, 48.038962954000056 ], [ 6.587897416000089, 48.039061 ], [ 6.585382530000061, 48.039511499000071 ], [ 6.585055483000076, 48.039616050000063 ], [ 6.584657225000058, 48.039673225000058 ], [ 6.58420693700009, 48.039916650000073 ], [ 6.584098388000086, 48.040235242000051 ], [ 6.58414162300005, 48.040774414000055 ], [ 6.584301174000075, 48.041084839000064 ], [ 6.586164519000079, 48.044212446000081 ], [ 6.586257062000072, 48.044524910000064 ], [ 6.586405821000085, 48.044700539000083 ], [ 6.586575908000043, 48.045141258000058 ], [ 6.586722537000071, 48.046127684000055 ], [ 6.58685660000009, 48.046123598000072 ], [ 6.586885166000059, 48.046483053000088 ], [ 6.587102418000086, 48.047507861000042 ], [ 6.587254236000092, 48.047728437000046 ], [ 6.587685010000087, 48.048075630000085 ], [ 6.588097730000072, 48.048193665000042 ], [ 6.588792460000093, 48.048483261000058 ], [ 6.589643754000065, 48.049038322000058 ], [ 6.59048645200005, 48.049503558000083 ], [ 6.591724975000091, 48.049862123000082 ], [ 6.593022237000071, 48.050133305000088 ], [ 6.595447687000046, 48.050225881000081 ], [ 6.595993677000081, 48.050339817000072 ], [ 6.596484312000086, 48.05059056500005 ], [ 6.596640071000081, 48.05085605000005 ], [ 6.596858976000078, 48.051074564000032 ], [ 6.597356572000081, 48.051415177000081 ], [ 6.597524021000083, 48.051815426000083 ], [ 6.597504257000082, 48.052401560000078 ], [ 6.597331779000058, 48.052767158000051 ], [ 6.596488896000039, 48.053968481000076 ], [ 6.596465226000078, 48.054509692000067 ], [ 6.596635734000074, 48.054954889000051 ], [ 6.597017912000069, 48.055524234000082 ], [ 6.598428251000087, 48.057183662000057 ], [ 6.598866967000049, 48.057620655000051 ], [ 6.599420833000067, 48.057824418000052 ], [ 6.599910715000078, 48.058075176000045 ], [ 6.601209059000041, 48.058346241000038 ], [ 6.60197104100007, 48.05863370600008 ], [ 6.602543587000071, 48.059062087000086 ], [ 6.603104443000063, 48.059355701000072 ], [ 6.606292355000051, 48.059735505000049 ], [ 6.607039611000062, 48.059843227000052 ], [ 6.60731988200007, 48.059938232000043 ], [ 6.607868695000093, 48.060128599000052 ], [ 6.608154426000056, 48.060340541000073 ], [ 6.608177012000056, 48.060610094000083 ], [ 6.60781154700004, 48.061076208000088 ], [ 6.607567182000082, 48.062209716000041 ], [ 6.607566206000058, 48.063020479000045 ], [ 6.607769455000039, 48.063870024000039 ], [ 6.608218872000066, 48.064437274000056 ], [ 6.609196087000044, 48.064898261000053 ], [ 6.609828003000075, 48.065234707000059 ], [ 6.610489501000075, 48.065930568000056 ], [ 6.61106135700004, 48.066358931000082 ], [ 6.611522021000042, 48.067065451000083 ], [ 6.611959782000042, 48.067497924000072 ], [ 6.61294881200007, 48.068093641000083 ], [ 6.614544162000072, 48.068711273000083 ], [ 6.615236233000076, 48.068955763000083 ], [ 6.615663145000042, 48.069253434000082 ], [ 6.616119984000079, 48.06991501400006 ], [ 6.616368358000045, 48.070488410000053 ], [ 6.616662311000084, 48.07079466600004 ], [ 6.617018271000063, 48.071049471000038 ], [ 6.617185931000051, 48.071449686000051 ], [ 6.617121384000086, 48.071586792000062 ], [ 6.61649828600008, 48.072916617000033 ], [ 6.615386395000087, 48.074937056000067 ], [ 6.614602816000058, 48.076046590000033 ], [ 6.613909775000081, 48.076612854000082 ], [ 6.612049337000087, 48.078525605000038 ], [ 6.610086280000076, 48.079995567000083 ], [ 6.609772675000045, 48.080275423000046 ], [ 6.609124841000039, 48.080570026000032 ], [ 6.605904098000053, 48.081452394000053 ], [ 6.604927814000064, 48.081847110000069 ], [ 6.604234594000047, 48.082413314000064 ], [ 6.60330564700007, 48.08339208600006 ], [ 6.603014863000055, 48.083945967000034 ], [ 6.602891570000054, 48.084084859000086 ], [ 6.602626102000045, 48.084948740000073 ], [ 6.602452499000037, 48.086125089000063 ], [ 6.602499859000091, 48.086709158000083 ], [ 6.602592573000038, 48.08702160200005 ], [ 6.602744569000038, 48.087242151000055 ], [ 6.603506975000073, 48.087529601000085 ], [ 6.604742573000067, 48.087843100000043 ], [ 6.607441175000076, 48.08797215900006 ], [ 6.608598003000054, 48.088152911000073 ], [ 6.608672062000039, 48.08824072200008 ], [ 6.608682943000076, 48.088375509000059 ], [ 6.608265523000057, 48.089018858000088 ], [ 6.608129853000094, 48.089838238000077 ], [ 6.60821351900006, 48.090867089000085 ], [ 6.608306274000086, 48.091179526000083 ], [ 6.608951494000053, 48.092506451000077 ], [ 6.609055139000077, 48.092953674000057 ], [ 6.608774938000067, 48.093637857000033 ], [ 6.608401436000065, 48.094014123000079 ], [ 6.607358686000055, 48.094410885000059 ], [ 6.606438390000051, 48.094668769000073 ], [ 6.605975425000054, 48.094818062000058 ], [ 6.605783390000056, 48.094873485000051 ], [ 6.603973643000074, 48.094942383000046 ], [ 6.60208646600006, 48.094873999000072 ], [ 6.601271633000067, 48.094768299000073 ], [ 6.599964901000078, 48.094411896000047 ], [ 6.599065171000063, 48.094083578000038 ], [ 6.598509137000065, 48.093717731000083 ], [ 6.598284042000046, 48.093571473000047 ], [ 6.59745838300006, 48.09333096000006 ], [ 6.597056142000042, 48.093347748000042 ], [ 6.596657492000077, 48.093404962000079 ], [ 6.595281405000037, 48.094672047000081 ], [ 6.594732947000068, 48.095368882000059 ], [ 6.594508796000071, 48.095916195000086 ], [ 6.594477297000083, 48.096367551000071 ], [ 6.594536881157624, 48.097098531892428 ] ], [ [ 6.594604401505969, 48.097261006425917 ], [ 6.594921782000085, 48.097700664000058 ], [ 6.595426758000087, 48.098131141000067 ], [ 6.596483272000057, 48.098724937000043 ], [ 6.596691522000072, 48.098808657000063 ], [ 6.596825718000048, 48.098804560000083 ], [ 6.597041457000046, 48.098973626000088 ], [ 6.597888914000066, 48.099483714000087 ], [ 6.598334934000093, 48.100010564000058 ], [ 6.598490542000093, 48.100271543000083 ], [ 6.598534811000093, 48.100810663000061 ], [ 6.59841376126921, 48.100997469710371 ] ], [ [ 6.598050608135194, 48.101557895923712 ], [ 6.597698147000074, 48.102101822000073 ], [ 6.596872296000072, 48.103527761000073 ], [ 6.59668963200005, 48.103758534000072 ], [ 6.595936043201183, 48.10422761212358 ] ] ] } },
{ "type": "Feature", "properties": { "fid": 411, "gid": 411, "CdEuMasseDEau": "FRCR225", "NomMasseDEau": "CLEURIE", "Etat masse eau ": "Moyen", "Etat ecologique": "Moyen", "Etat chimique": "Non atteint", "_swEcologicalStatusOrPotentialValue": "3", "_swChemicalStatusValue": "3" }, "geometry": { "type": "MultiLineString", "coordinates": [ [ [ 6.788397599000064, 48.045433586000058 ], [ 6.787058625000043, 48.045485697000061 ], [ 6.78593171700004, 48.045661603000042 ], [ 6.785147188000053, 48.045916577000071 ], [ 6.784189429000037, 48.046496943000079 ], [ 6.783624215000088, 48.046965578000083 ], [ 6.783320149000076, 48.047340226000081 ], [ 6.782693650000056, 48.048666696000055 ], [ 6.782631541000057, 48.049524563000034 ], [ 6.782480091000082, 48.050119531000064 ], [ 6.782444659000078, 48.05129185900006 ], [ 6.782558336000079, 48.052635072000051 ], [ 6.782666583000093, 48.053127096000082 ], [ 6.78291700300008, 48.053704640000042 ], [ 6.783372261000068, 48.054316140000083 ], [ 6.783629961000088, 48.05498354100007 ], [ 6.783829301000083, 48.056549225000083 ], [ 6.783918979000077, 48.056816615000059 ], [ 6.783968316000085, 48.057400622000046 ], [ 6.784241413000075, 48.058247707000078 ], [ 6.784487820000038, 48.058780331000037 ], [ 6.784793682000043, 48.05921644700004 ], [ 6.785225844000081, 48.059562914000082 ], [ 6.785275165000087, 48.059935206000034 ], [ 6.785427555000069, 48.060362742000052 ], [ 6.785655386000087, 48.060670734000041 ], [ 6.785685310000076, 48.061030136000056 ], [ 6.785626376000039, 48.061122122000086 ], [ 6.785541649000038, 48.06171043900008 ], [ 6.785351843000058, 48.061851680000082 ], [ 6.785441538000043, 48.062119068000072 ], [ 6.785215446000052, 48.062621839000087 ], [ 6.785246206000068, 48.062981214000047 ], [ 6.785119386000076, 48.063075383000069 ], [ 6.785146091000058, 48.063389843000039 ], [ 6.785298779000072, 48.063610160000053 ], [ 6.785281090000069, 48.064196319000082 ], [ 6.785434619000057, 48.064416609000034 ], [ 6.78552837400008, 48.064728912000078 ], [ 6.785412877000056, 48.064957854000056 ], [ 6.78544363900005, 48.065317228000083 ], [ 6.785522014000037, 48.065449843000067 ], [ 6.785623043000044, 48.065852003000089 ], [ 6.785377500000038, 48.066130172000051 ], [ 6.785404208000045, 48.066444630000042 ], [ 6.785556906000068, 48.066664947000049 ], [ 6.785918544000083, 48.066964129000041 ], [ 6.785996923000084, 48.067096745000072 ], [ 6.78607392400005, 48.068805991000033 ], [ 6.786048969000092, 48.069302292000089 ], [ 6.785483850000048, 48.069775423000067 ], [ 6.785496015000092, 48.069910168000042 ], [ 6.785257726000054, 48.070278192000046 ], [ 6.784377585000072, 48.070986671000071 ], [ 6.784430156000042, 48.071615614000052 ], [ 6.784118363000061, 48.071895908000045 ], [ 6.784078009000041, 48.07221252100004 ], [ 6.783698636000054, 48.072499490000041 ], [ 6.783718068000042, 48.072724091000055 ], [ 6.783874509000043, 48.072984829000063 ], [ 6.783904427000039, 48.073344229000043 ], [ 6.784128252000073, 48.073607305000053 ], [ 6.784210690000066, 48.073784836000073 ], [ 6.78394972500007, 48.073883314000057 ], [ 6.783768301000066, 48.074118875000067 ], [ 6.783664938000072, 48.074482558000057 ], [ 6.783538088000057, 48.074576724000053 ], [ 6.783013769000092, 48.074728708000073 ], [ 6.782445350000046, 48.075156881000055 ], [ 6.782325764000063, 48.07534090300004 ], [ 6.781481821000057, 48.075687832000085 ], [ 6.780906113000071, 48.076026140000067 ], [ 6.780080729000076, 48.07659768700006 ], [ 6.77956396400009, 48.076844006000051 ], [ 6.779184213000065, 48.077126465000049 ], [ 6.779013748000068, 48.07749229500007 ], [ 6.77805451200004, 48.078072626000051 ], [ 6.777217757000074, 48.078509380000071 ], [ 6.776700639000069, 48.078751192000077 ], [ 6.77625816200009, 48.079085202000051 ], [ 6.776284822000093, 48.079399660000043 ], [ 6.776363195000044, 48.07953228000008 ], [ 6.776307434000046, 48.079669203000037 ], [ 6.776331656000082, 48.080749499000042 ], [ 6.776015718000053, 48.080984855000047 ], [ 6.77570703400005, 48.081310066000071 ], [ 6.775015650000057, 48.081877274000078 ], [ 6.774368717000073, 48.082172784000079 ], [ 6.773863172000063, 48.082553849000078 ], [ 6.772673836000081, 48.084398245000045 ] ], [ [ 6.827716570000064, 48.056814778000046 ], [ 6.827254662000087, 48.056919893000043 ], [ 6.82642273600004, 48.05740191600006 ], [ 6.826007695000044, 48.058050569000045 ], [ 6.825301640000077, 48.058438397000089 ], [ 6.82492719000004, 48.058765894000032 ], [ 6.824445081000079, 48.059416719000069 ], [ 6.823788966000052, 48.059938054000042 ], [ 6.823008295000079, 48.060688664000047 ], [ 6.822372984000083, 48.061114717000073 ], [ 6.821789526000089, 48.061363401000051 ], [ 6.820426998000073, 48.062722991000051 ], [ 6.819759162000082, 48.063560005000056 ], [ 6.820113642000081, 48.063769229000059 ], [ 6.81946634500008, 48.064065018000072 ], [ 6.81902477400007, 48.06439467000007 ], [ 6.817341274000057, 48.06513848700007 ], [ 6.81619670200007, 48.065900844000055 ], [ 6.815285245000041, 48.06625021800005 ], [ 6.813297341000066, 48.067364207000082 ], [ 6.810375553000085, 48.068553437000048 ], [ 6.80986224600008, 48.068844831000042 ], [ 6.809309571000085, 48.069452819000048 ], [ 6.809052749000045, 48.069596267000072 ], [ 6.807936786000084, 48.069907150000063 ], [ 6.807681119000051, 48.070055062000051 ], [ 6.807442983000044, 48.070423131000041 ], [ 6.80699022500005, 48.070622461000085 ], [ 6.805996957000048, 48.070794220000039 ], [ 6.805476298000087, 48.070995739000068 ], [ 6.804836650000084, 48.071376781000083 ], [ 6.80473376100008, 48.071744976000048 ], [ 6.804908986000044, 48.072230312000045 ], [ 6.804951262000088, 48.072724448000088 ], [ 6.804902889000061, 48.072951240000073 ], [ 6.804434651000065, 48.072970877000046 ], [ 6.803690044000064, 48.072909350000089 ], [ 6.802689420000092, 48.072991225000067 ], [ 6.802030542000068, 48.073152147000087 ], [ 6.801620898000067, 48.073075284000083 ], [ 6.800817695000092, 48.073110227000086 ], [ 6.800278006000042, 48.073082603000046 ], [ 6.800088199000072, 48.073223867000081 ], [ 6.800040643000045, 48.073450630000082 ], [ 6.799668645000054, 48.073827505000047 ], [ 6.799148769000055, 48.07402896900004 ], [ 6.798683426000082, 48.074089030000039 ], [ 6.798489545000052, 48.074185377000049 ], [ 6.798527697000054, 48.074634601000071 ], [ 6.79813786200009, 48.074786819000053 ], [ 6.797754996000037, 48.07502439700005 ], [ 6.797285900000077, 48.075044032000051 ], [ 6.797155845000077, 48.075093272000061 ], [ 6.797052572000041, 48.075456966000047 ], [ 6.796807368000088, 48.075739651000049 ], [ 6.79678573800004, 48.076280893000046 ], [ 6.796671102000062, 48.076509817000051 ], [ 6.79639556300009, 48.07642861100004 ], [ 6.796320372000082, 48.076340945000076 ], [ 6.796056190000058, 48.076394508000078 ], [ 6.795930518000091, 48.076493155000037 ], [ 6.795878877000064, 48.076675002000059 ], [ 6.795550856000091, 48.076775667000049 ], [ 6.795499213000085, 48.076957513000082 ], [ 6.795309380000049, 48.077098769000088 ], [ 6.79477404000005, 48.077120529000069 ], [ 6.794360634000043, 48.077003221000041 ], [ 6.794096447000072, 48.077056780000078 ], [ 6.79403344800005, 48.077103855000082 ], [ 6.793981799000051, 48.077285701000051 ], [ 6.793129776000058, 48.077542884000081 ], [ 6.79205418500004, 48.077541494000059 ], [ 6.791466858000092, 48.077740589000086 ], [ 6.790796544000045, 48.077766677000056 ], [ 6.790275758000064, 48.077968129000055 ], [ 6.789613560000078, 48.078084039000032 ], [ 6.789234691000047, 48.078366503000041 ], [ 6.788648626000054, 48.079380859000082 ], [ 6.788332751000041, 48.079616248000043 ], [ 6.788009079000062, 48.079766301000063 ], [ 6.787827331000074, 48.079997373000083 ], [ 6.787507391000076, 48.080187845000069 ], [ 6.787391868000043, 48.080416786000058 ], [ 6.787072246000093, 48.080611751000049 ], [ 6.786075507000078, 48.08073839900004 ], [ 6.785491662000084, 48.080986900000077 ] ], [ [ 6.785491662000084, 48.080986900000077 ], [ 6.785223391000045, 48.080995524000059 ], [ 6.784818087000076, 48.080968012000085 ], [ 6.784490020000078, 48.081068646000062 ], [ 6.783489212000063, 48.081150358000059 ], [ 6.783158247000074, 48.081210541000083 ], [ 6.782652453000082, 48.081587150000082 ], [ 6.782403928000065, 48.081824862000083 ], [ 6.78180468000005, 48.081893659000059 ], [ 6.781543670000076, 48.08199213100005 ], [ 6.781261706000066, 48.082631813000042 ], [ 6.78088308100007, 48.08291874400004 ], [ 6.780925142000058, 48.083412886000083 ], [ 6.78047422700007, 48.083652587000081 ], [ 6.78049364900005, 48.083877187000041 ], [ 6.780110959000069, 48.084119200000032 ], [ 6.780059255000083, 48.084301039000081 ], [ 6.779529941000078, 48.084408118000056 ], [ 6.779195738000055, 48.084423349000083 ], [ 6.778841798000087, 48.084209484000041 ], [ 6.778569780000055, 48.084177673000056 ], [ 6.77777012100006, 48.084252879000083 ], [ 6.777497782000069, 48.08421657100007 ], [ 6.777490521000061, 48.084126714000043 ], [ 6.776581769000074, 48.083709921000043 ], [ 6.776246731000072, 48.083725170000037 ], [ 6.775725510000086, 48.083922062000056 ], [ 6.775472896000053, 48.084114844000055 ], [ 6.775439738000046, 48.084521309000081 ], [ 6.77532094500009, 48.084705296000038 ], [ 6.775127821000069, 48.084801576000082 ], [ 6.774796502000072, 48.084857242000055 ], [ 6.774245726000061, 48.08469922200004 ], [ 6.773505035000085, 48.084682420000043 ], [ 6.773017291000087, 48.084477330000077 ], [ 6.772673836000081, 48.084398245000045 ] ], [ [ 6.772673836000081, 48.084398245000045 ], [ 6.772075385000051, 48.084466966000043 ], [ 6.771531871000093, 48.08439879000008 ], [ 6.771409020000078, 48.084537858000033 ], [ 6.771148817000039, 48.084636280000041 ], [ 6.769406392000064, 48.084701077000034 ], [ 6.768059159000074, 48.08466311400008 ], [ 6.767917768000075, 48.084577549000073 ], [ 6.767607858000076, 48.084096482000064 ], [ 6.767361503000075, 48.083563831000049 ], [ 6.766687901000068, 48.083544840000059 ], [ 6.766364662000058, 48.083690312000051 ], [ 6.765125604000048, 48.084144344000038 ], [ 6.764809596000077, 48.084379669000043 ], [ 6.764839391000066, 48.084739071000058 ], [ 6.764575455000056, 48.08479705700006 ], [ 6.76368210600009, 48.084559852000041 ], [ 6.762859036000066, 48.084365439000067 ], [ 6.762047244000087, 48.084305792000073 ], [ 6.761366401000089, 48.084196913000085 ], [ 6.760629756000071, 48.084224945000081 ], [ 6.760287159000086, 48.084145797000083 ], [ 6.759936814000071, 48.083981312000049 ], [ 6.759549162000042, 48.083363071000072 ], [ 6.758983151000052, 48.083025292000059 ], [ 6.75836856400008, 48.082914281000058 ], [ 6.757962941000073, 48.082882182000048 ], [ 6.757434753000041, 48.082993630000033 ], [ 6.757304642000065, 48.083042826000053 ], [ 6.757028611000067, 48.082966050000039 ], [ 6.756533403000049, 48.082666540000048 ], [ 6.756421307000039, 48.082129586000072 ], [ 6.756205127000044, 48.081960811000044 ], [ 6.75532714700006, 48.08190323000008 ], [ 6.754508616000066, 48.082564453000089 ], [ 6.754098968000051, 48.082487426000057 ], [ 6.753461901000037, 48.082106843000084 ], [ 6.753573545000052, 48.081833020000033 ], [ 6.75294051800006, 48.081497349000081 ], [ 6.752866229000063, 48.081409629000063 ], [ 6.752437610000072, 48.081112485000062 ], [ 6.752020759000061, 48.080945592000042 ], [ 6.75165602800007, 48.080601365000064 ], [ 6.751223076000088, 48.080254807000081 ], [ 6.750602162000064, 48.080053870000086 ], [ 6.749544292000053, 48.079461450000053 ], [ 6.748550991000059, 48.079637218000073 ], [ 6.747597942000084, 48.07949188300006 ], [ 6.74719956000007, 48.079549606000057 ], [ 6.746969325000066, 48.080011876000071 ], [ 6.746906280000076, 48.080058927000039 ], [ 6.745949206000091, 48.07986866300007 ], [ 6.745528682000042, 48.079661325000082 ], [ 6.744709490000048, 48.078700920000081 ], [ 6.744276599000045, 48.078354335000085 ], [ 6.743789028000037, 48.078149124000049 ], [ 6.742947709000077, 48.077729937000072 ], [ 6.742594279000059, 48.077520457000048 ], [ 6.742258703000061, 48.076720333000083 ], [ 6.742288092000081, 48.07626896000005 ], [ 6.742406981000045, 48.076085006000085 ], [ 6.74230919200005, 48.07491697200004 ], [ 6.742014489000042, 48.074611031000082 ], [ 6.741307363000089, 48.07418756900006 ], [ 6.74127371600008, 48.073783242000047 ], [ 6.741392603000065, 48.073599289000072 ], [ 6.741347739000048, 48.073060187000067 ], [ 6.74057685400004, 48.071877503000053 ], [ 6.740401064000082, 48.071387604000051 ], [ 6.740051385000072, 48.071218538000039 ], [ 6.738622235000093, 48.071002676000042 ], [ 6.73751717600004, 48.070641377000072 ], [ 6.737043765000067, 48.070611362000079 ], [ 6.73635194700006, 48.070367561000069 ], [ 6.736210646000075, 48.070281958000074 ], [ 6.736046103000092, 48.069926828000064 ], [ 6.735572870000056, 48.069090515000077 ], [ 6.735546457000055, 48.068776046000039 ], [ 6.736060490000057, 48.068489470000088 ], [ 6.736003645000039, 48.06781561400004 ], [ 6.734526641000059, 48.067015653000055 ], [ 6.733841229000063, 48.066861724000034 ], [ 6.732925934000093, 48.066354729000068 ], [ 6.732100089000085, 48.066115155000034 ], [ 6.731210371000088, 48.065922644000068 ], [ 6.730848732000084, 48.065618799000049 ], [ 6.730532930000038, 48.065047741000058 ], [ 6.730178479000074, 48.064833754000063 ], [ 6.729010564000077, 48.064519416000053 ], [ 6.728318025000078, 48.064275593000048 ], [ 6.727894209000056, 48.064018753000077 ], [ 6.727283914000054, 48.06395249600007 ], [ 6.726822900000059, 48.06406168500007 ], [ 6.725806309000063, 48.063963239000088 ], [ 6.724917488000074, 48.063770654000052 ], [ 6.72457139100004, 48.063650978000055 ], [ 6.723878884000044, 48.063407130000087 ], [ 6.723730454000076, 48.063231650000034 ], [ 6.723227932000043, 48.06284665700008 ], [ 6.722454067000058, 48.062425199000081 ], [ 6.72038516300006, 48.061778917000083 ], [ 6.719019397000068, 48.061515780000043 ], [ 6.716876547000084, 48.061596978000068 ], [ 6.715599828000052, 48.061596747000067 ], [ 6.715049471000043, 48.061438449000043 ], [ 6.713650311000038, 48.060770912000073 ], [ 6.712954737000075, 48.06048205500008 ], [ 6.712876552000068, 48.060349390000056 ], [ 6.712658966000049, 48.059941853000055 ], [ 6.712630858000068, 48.059816617000081 ], [ 6.712474806000046, 48.059555782000082 ], [ 6.712117311000043, 48.059296796000069 ], [ 6.711708220000048, 48.059224114000081 ], [ 6.711305960000061, 48.059236799000082 ], [ 6.709602523000058, 48.059749942000053 ], [ 6.709204563000071, 48.059812032000082 ], [ 6.708590351000055, 48.059700760000055 ], [ 6.707377571000052, 48.059653383000068 ], [ 6.70689430300007, 48.059492934000048 ], [ 6.706108655000037, 48.05893661500005 ], [ 6.705342955000049, 48.058604879000086 ], [ 6.702366168000083, 48.057545443000038 ], [ 6.699881120000043, 48.057547014000079 ], [ 6.699456972000064, 48.057294591000073 ], [ 6.699166597000044, 48.057033458000042 ], [ 6.69908845100008, 48.056900784000049 ], [ 6.698270029000071, 48.05675083400007 ], [ 6.697321510000052, 48.056650009000073 ], [ 6.695937775000061, 48.056161959000072 ], [ 6.695238381000081, 48.055828078000047 ], [ 6.694602896000049, 48.055447144000077 ], [ 6.693642479000061, 48.05521153400008 ], [ 6.692623296000079, 48.055072351000042 ], [ 6.69060389100008, 48.054198795000048 ], [ 6.690309916000047, 48.053897216000053 ], [ 6.689986361000081, 48.053231713000059 ], [ 6.689897163000069, 48.052964251000049 ], [ 6.689852004000045, 48.052425148000047 ], [ 6.689692952000087, 48.052119337000079 ], [ 6.689134513000056, 48.051866584000038 ], [ 6.687766024000041, 48.051558138000082 ], [ 6.687066743000059, 48.051224208000072 ], [ 6.686560631000077, 48.050794136000043 ], [ 6.686245082000084, 48.050218459000064 ], [ 6.686021843000049, 48.049955193000073 ], [ 6.685255561000076, 48.049623351000037 ], [ 6.684690385000067, 48.049285207000082 ], [ 6.684470600000054, 48.049071377000082 ], [ 6.684356176000051, 48.048489399000061 ], [ 6.684270145000085, 48.04826687700006 ], [ 6.683968829000094, 48.047870921000083 ], [ 6.683251462000044, 48.04731232000006 ], [ 6.681853077000085, 48.046644399000058 ], [ 6.681213833000072, 48.046218472000078 ], [ 6.680926735000071, 48.046002237000039 ], [ 6.68084156000009, 48.04577968500007 ], [ 6.680692797000063, 48.045608670000043 ], [ 6.680522451000058, 48.045163567000088 ], [ 6.680165209000052, 48.04490448100006 ], [ 6.678919116000088, 48.044456981000053 ], [ 6.678350072000057, 48.044073887000081 ], [ 6.678045701000087, 48.043632970000033 ], [ 6.677859535000039, 48.043008185000083 ], [ 6.677956478000056, 48.04255472300008 ], [ 6.677878406000048, 48.042422034000083 ], [ 6.677945430000079, 48.042419939000069 ], [ 6.67812044100009, 48.042099166000071 ], [ 6.678436582000074, 48.041864067000063 ], [ 6.679084395000075, 48.041569049000088 ], [ 6.679400529000077, 48.041333948000045 ], [ 6.679367375000084, 48.04092959500008 ], [ 6.679058212000086, 48.040443787000072 ], [ 6.678842860000088, 48.039459569000087 ], [ 6.678549872000076, 48.039157931000034 ], [ 6.678117737000093, 48.038811094000039 ], [ 6.677143839000053, 48.038400112000033 ], [ 6.676931739000054, 48.038271611000077 ], [ 6.676794496000071, 48.037420078000082 ], [ 6.676709352000046, 48.037197522000042 ], [ 6.675568340000041, 48.036386360000051 ], [ 6.675096049000047, 48.035545292000052 ], [ 6.67500018800007, 48.035192444000081 ], [ 6.67515592500007, 48.034642555000062 ], [ 6.675119161000055, 48.034197775000052 ], [ 6.67496305700007, 48.033932391000064 ], [ 6.67432798100009, 48.033551342000067 ], [ 6.674122986000043, 48.033512701000063 ], [ 6.674115907000044, 48.033422835000067 ], [ 6.674037859000066, 48.033290143000045 ], [ 6.673992878000092, 48.032751027000081 ], [ 6.674446962000047, 48.032556672000055 ], [ 6.675019755000051, 48.032173929000074 ], [ 6.675086766000049, 48.032171835000042 ], [ 6.675134820000039, 48.031945117000078 ], [ 6.67525468000008, 48.031761199000073 ], [ 6.675637470000083, 48.031519518000039 ], [ 6.676232326000047, 48.031406339000057 ], [ 6.676886268000089, 48.031201223000039 ], [ 6.676857412000061, 48.030846282000077 ], [ 6.676772278000044, 48.030623725000055 ], [ 6.676954028000068, 48.030388323000068 ], [ 6.677263022000091, 48.030063360000042 ], [ 6.678419864000091, 48.029437121000058 ], [ 6.678657562000069, 48.029064835000042 ], [ 6.678795422000064, 48.028294783000042 ], [ 6.679011330000037, 48.027657420000082 ], [ 6.679030183000066, 48.027071263000039 ], [ 6.67887408100006, 48.026805883000073 ], [ 6.678283136000061, 48.026153213000043 ], [ 6.677963863000059, 48.025532586000047 ], [ 6.67765511500005, 48.02505126300008 ], [ 6.677294900000049, 48.024747220000052 ], [ 6.676603120000038, 48.024503087000085 ], [ 6.676313349000054, 48.024246387000062 ], [ 6.676606998000068, 48.023737224000058 ], [ 6.677287635000084, 48.023035787000083 ], [ 6.677395588000081, 48.022717105000083 ], [ 6.677295463000064, 48.022314842000071 ], [ 6.677072698000075, 48.022056049000071 ], [ 6.676225718000069, 48.021546504000071 ], [ 6.675533984000083, 48.021302365000047 ], [ 6.673563396000077, 48.021012589000073 ] ], [ [ 6.846886538000092, 48.087691036000081 ], [ 6.845771254000056, 48.088002246000087 ], [ 6.843657862000043, 48.088445129000043 ], [ 6.843259844000045, 48.088507671000059 ], [ 6.842715871000053, 48.088435330000038 ], [ 6.841434069000059, 48.089161852000082 ], [ 6.840630322000038, 48.089192572000059 ], [ 6.836676668000052, 48.090393542000072 ], [ 6.836300288000075, 48.09044184000004 ], [ 6.835906953000063, 48.090661864000083 ], [ 6.835787424000046, 48.090728822000081 ], [ 6.834727119000092, 48.090907499000082 ], [ 6.833626410000079, 48.091398299000048 ], [ 6.832987045000039, 48.091783981000049 ], [ 6.832257687000038, 48.091902313000048 ], [ 6.830780161000064, 48.091914346000067 ], [ 6.82998781200007, 48.092079758000068 ], [ 6.82871035800008, 48.092080753000062 ], [ 6.828178134000041, 48.092147605000036 ], [ 6.827933532000088, 48.092425830000082 ], [ 6.827936786000066, 48.092470770000034 ], [ 6.827613986000074, 48.092620903000068 ], [ 6.826277621000088, 48.092713877000051 ], [ 6.824948919000065, 48.092901184000077 ], [ 6.823802682000064, 48.092857322000043 ], [ 6.82264385700006, 48.092674217000081 ], [ 6.822178701000041, 48.092738864000069 ], [ 6.821527812000056, 48.092989718000069 ], [ 6.820612675000064, 48.093294187000083 ], [ 6.820423689000052, 48.093435454000087 ], [ 6.819604358000049, 48.093286351000081 ], [ 6.819139194000059, 48.093350986000083 ], [ 6.81887819700006, 48.093449540000051 ], [ 6.818058871000062, 48.093300427000088 ], [ 6.817727544000093, 48.09335621300005 ], [ 6.817593704000046, 48.093365056000039 ], [ 6.816782550000084, 48.093305760000078 ], [ 6.816655714000092, 48.093399961000046 ], [ 6.81624589200004, 48.09332315000006 ], [ 6.815679412000065, 48.092985645000056 ], [ 6.81534840900008, 48.093045919000083 ], [ 6.814697159000048, 48.093292241000086 ], [ 6.812300321000066, 48.093563544000062 ], [ 6.811760742000047, 48.093540468000072 ], [ 6.810417332000043, 48.093547903000058 ], [ 6.808517714000061, 48.09334808300008 ], [ 6.808372481000049, 48.093222149000042 ], [ 6.808334233000039, 48.092772933000049 ], [ 6.807756096000048, 48.092296129000033 ], [ 6.807458005000058, 48.09194990900005 ], [ 6.807337222000058, 48.091323181000064 ], [ 6.807117282000092, 48.091105065000079 ], [ 6.806585041000062, 48.091171819000067 ], [ 6.805702780000047, 48.091069701000038 ], [ 6.805032304000065, 48.091095869000071 ], [ 6.80451228000004, 48.091297355000052 ], [ 6.80410979800007, 48.091310356000072 ], [ 6.803893106000089, 48.091137174000039 ], [ 6.803539345000047, 48.090927879000049 ], [ 6.803133633000073, 48.090895936000038 ], [ 6.802858332000085, 48.090819240000087 ], [ 6.801363394000077, 48.089840475000081 ], [ 6.801087779000056, 48.089759280000067 ], [ 6.799970533000078, 48.089263803000051 ], [ 6.799024468000084, 48.089208740000061 ], [ 6.797795502000042, 48.088982613000042 ], [ 6.79675267500005, 48.088574797000042 ], [ 6.794773801000076, 48.087431374000062 ], [ 6.793775398000093, 48.086751831000072 ], [ 6.793401906000042, 48.086313413000077 ], [ 6.792817011000068, 48.085751172000073 ], [ 6.792175564000047, 48.085325885000088 ], [ 6.79201872200008, 48.085060665000071 ], [ 6.791794810000056, 48.084797606000052 ], [ 6.79078921200005, 48.084028181000072 ], [ 6.790695392000089, 48.08371588600005 ], [ 6.790873918000045, 48.083439869000081 ], [ 6.790780098000084, 48.083127574000059 ], [ 6.790183085000081, 48.082430576000043 ], [ 6.789754764000065, 48.08212904700008 ], [ 6.788872685000058, 48.082026803000083 ], [ 6.785491662000084, 48.080986900000077 ] ] ] } },
{ "type": "Feature", "properties": { "fid": 412, "gid": 412, "CdEuMasseDEau": "FRCR226", "NomMasseDEau": "RUISSEAU DE SEUX", "Etat masse eau ": "Inconnu", "Etat ecologique": "Bon", "Etat chimique": "Inconnu", "_swEcologicalStatusOrPotentialValue": "2", "_swChemicalStatusValue": "U" }, "geometry": { "type": "MultiLineString", "coordinates": [ [ [ 6.637547267000059, 48.033689879000072 ], [ 6.635788406000074, 48.033528045000082 ], [ 6.634561740000038, 48.033304703000056 ], [ 6.633598906000088, 48.033023653000043 ], [ 6.631829459000073, 48.032731466000087 ], [ 6.630379941000058, 48.032244707000082 ], [ 6.629607261000047, 48.031822631000068 ], [ 6.627878825000039, 48.031209321000063 ], [ 6.627381222000054, 48.030868832000067 ], [ 6.626642852000089, 48.030040300000053 ], [ 6.625565546000075, 48.029177168000047 ], [ 6.625271772000076, 48.028870927000071 ], [ 6.625116242000047, 48.028609971000037 ], [ 6.625020419000066, 48.028252587000047 ], [ 6.624951043000067, 48.027398923000078 ], [ 6.62511150000006, 48.026898514000038 ], [ 6.625007848000052, 48.026451286000047 ], [ 6.624651004000043, 48.026192028000082 ], [ 6.624305379000077, 48.026072056000032 ], [ 6.62377716900005, 48.026178414000071 ], [ 6.623164364000047, 48.026066668000055 ], [ 6.622165409000047, 48.025340724000046 ], [ 6.621403796000038, 48.025053383000056 ], [ 6.620997862000081, 48.025020838000046 ], [ 6.620272864000071, 48.025182785000077 ], [ 6.619734067000081, 48.025158828000087 ], [ 6.619325059000062, 48.025081329000045 ], [ 6.618990348000068, 48.025096132000051 ], [ 6.617856337000092, 48.02518056200006 ], [ 6.617395435000049, 48.025289326000063 ], [ 6.616458521000084, 48.02532263900008 ], [ 6.615732668000078, 48.025484583000043 ], [ 6.615018532000079, 48.025781289000072 ], [ 6.613757465000049, 48.025959667000052 ], [ 6.613099438000063, 48.026119511000047 ], [ 6.612088836000055, 48.026069473000064 ], [ 6.611180625000088, 48.026462197000058 ], [ 6.609815065000078, 48.027004075000043 ], [ 6.609170947000052, 48.027343636000069 ], [ 6.608382776000042, 48.027552487000037 ], [ 6.60737131400009, 48.027502434000041 ], [ 6.606828292000046, 48.027429001000087 ], [ 6.606364286000087, 48.027492773000063 ], [ 6.605261945000052, 48.027981484000072 ], [ 6.604157667000038, 48.028429706000047 ], [ 6.603840439000066, 48.028664633000062 ], [ 6.603802939000048, 48.029026115000079 ], [ 6.603679776000092, 48.029165012000078 ], [ 6.603772396000068, 48.02947746600006 ], [ 6.603995140000052, 48.029740892000063 ], [ 6.60395764000009, 48.03010237400008 ], [ 6.603711310000051, 48.030380169000068 ], [ 6.603577288000054, 48.030384275000081 ], [ 6.603257291000091, 48.03057874700005 ], [ 6.602735952000046, 48.030774880000081 ], [ 6.601732226000081, 48.030814623000083 ], [ 6.601091600000075, 48.031194566000067 ], [ 6.600496587000066, 48.031307366000078 ], [ 6.599972478000041, 48.03146303300008 ], [ 6.599403045000088, 48.031890334000082 ], [ 6.598554704000037, 48.032191039000047 ], [ 6.597466928000074, 48.032859390000056 ], [ 6.597407699000087, 48.032951284000042 ], [ 6.597016757000063, 48.033102865000046 ], [ 6.596570169000074, 48.033386767000081 ], [ 6.595636153000044, 48.033464862000073 ], [ 6.594728836000058, 48.033861926000043 ], [ 6.593711884000072, 48.034573117000043 ], [ 6.593579713000054, 48.035432936000063 ], [ 6.593200104000061, 48.035714777000067 ], [ 6.592421737000052, 48.036058338000032 ], [ 6.59184136600004, 48.036350808000073 ], [ 6.591440394000074, 48.036367553000048 ], [ 6.590810452000085, 48.036882232000039 ], [ 6.59040351200008, 48.037664852000034 ], [ 6.590309717000082, 48.038163165000071 ], [ 6.590014853000071, 48.038667613000086 ], [ 6.589697806000061, 48.038906996000037 ], [ 6.58851113500009, 48.039172902000082 ], [ 6.588327819000085, 48.039403697000068 ], [ 6.588386639000078, 48.040122558000064 ], [ 6.588608513000054, 48.040386037000083 ], [ 6.589155224000081, 48.04049998000005 ], [ 6.589782835000051, 48.040791616000043 ], [ 6.590325970000038, 48.040865127000082 ], [ 6.590809553000042, 48.041026030000069 ], [ 6.591686674000073, 48.041084837000085 ], [ 6.592032629000073, 48.041209399000081 ], [ 6.592530101000079, 48.041550035000057 ], [ 6.593339014000037, 48.042421650000051 ], [ 6.593505567000079, 48.042821933000077 ], [ 6.593496289000086, 48.043538367000053 ], [ 6.59338809400009, 48.043861461000063 ], [ 6.593012315000067, 48.044188222000059 ], [ 6.592188452000073, 48.044803410000043 ], [ 6.591649468000071, 48.044779326000082 ], [ 6.590820712000038, 48.044493836000072 ], [ 6.590104373000088, 48.043934667000087 ], [ 6.589486709000084, 48.043777851000073 ], [ 6.588884290000067, 48.043796225000051 ], [ 6.588426214000037, 48.043949822000059 ], [ 6.587856554000041, 48.04437706300007 ], [ 6.587554699000066, 48.044791633000045 ], [ 6.587355371000058, 48.045653483000081 ], [ 6.587183683000092, 48.046019042000069 ], [ 6.586989826000092, 48.046119537000038 ], [ 6.58685660000009, 48.046123598000072 ] ] ] } },
{ "type": "Feature", "properties": { "fid": 414, "gid": 414, "CdEuMasseDEau": "FRCR228", "NomMasseDEau": "VOLOGNE 2", "Etat masse eau ": "Bon", "Etat ecologique": "Bon", "Etat chimique": "Bon", "_swEcologicalStatusOrPotentialValue": "2", "_swChemicalStatusValue": "2" }, "geometry": { "type": "MultiLineString", "coordinates": [ [ [ 6.866729152000062, 48.070770093000078 ], [ 6.868169498000043, 48.071015582000086 ], [ 6.868814999000051, 48.071489893000034 ], [ 6.869023242000083, 48.071568640000073 ], [ 6.869247482000048, 48.071831555000081 ], [ 6.869889384000089, 48.072256426000081 ], [ 6.871266884000079, 48.072652603000051 ], [ 6.87225892500004, 48.073246138000059 ], [ 6.872814003000087, 48.07344861200005 ], [ 6.873380968000049, 48.073790340000073 ], [ 6.873695071000043, 48.074316072000045 ], [ 6.874691301000041, 48.074954497000078 ], [ 6.876234406000037, 48.075705549000077 ], [ 6.876580925000042, 48.075824777000037 ], [ 6.87791580600009, 48.076497074000088 ], [ 6.879257824000092, 48.07725471100008 ], [ 6.881285025000068, 48.078165434000077 ], [ 6.881907251000087, 48.078365654000038 ], [ 6.883306585000071, 48.078220404000042 ], [ 6.88371638700005, 48.07829698200004 ], [ 6.884912829000086, 48.078924217000072 ], [ 6.885669200000052, 48.079119991000077 ], [ 6.88630303900004, 48.07945494900008 ], [ 6.887476689000039, 48.079817129000048 ], [ 6.888832170000057, 48.079943549000063 ], [ 6.889797208000061, 48.080222502000083 ], [ 6.890218302000051, 48.080429324000079 ], [ 6.890521345000082, 48.080824742000061 ], [ 6.890590930000087, 48.081633304000043 ], [ 6.890468399000042, 48.081772496000042 ], [ 6.890488287000039, 48.081997078000086 ], [ 6.890838186000053, 48.082161203000055 ], [ 6.89088458000009, 48.08270024400008 ], [ 6.890837404000081, 48.082927042000051 ], [ 6.890911143000039, 48.083780513000079 ], [ 6.890998101000093, 48.084002879000082 ], [ 6.891228405000049, 48.085887274000072 ], [ 6.891444192000051, 48.086055829000088 ], [ 6.891791144000081, 48.086179506000072 ], [ 6.89200810300008, 48.086352527000088 ], [ 6.892031308000071, 48.086622046000059 ], [ 6.891652087000068, 48.086904866000047 ], [ 6.89147076800009, 48.087136096000052 ], [ 6.891281485000093, 48.087281999000083 ], [ 6.890764804000071, 48.087524310000049 ], [ 6.890422322000063, 48.087450035000082 ], [ 6.890091109000082, 48.087506024000049 ], [ 6.889850160000037, 48.087829317000057 ], [ 6.888974436000069, 48.088583507000067 ], [ 6.888647688000049, 48.088688897000047 ], [ 6.887641089000056, 48.089492445000083 ], [ 6.885705183000084, 48.09042575400008 ], [ 6.885252218000062, 48.090620889000043 ], [ 6.885003274000042, 48.090858843000042 ], [ 6.88489313000008, 48.09113276100004 ], [ 6.884328332000052, 48.091601865000086 ], [ 6.884154738000063, 48.091927427000087 ], [ 6.88419329900006, 48.092372124000072 ], [ 6.884267821000037, 48.092459761000043 ], [ 6.884239635000085, 48.092911164000043 ], [ 6.884007238000038, 48.093328759000087 ] ], [ [ 6.941864010000074, 48.077693451000073 ], [ 6.94117110600007, 48.078216696000077 ], [ 6.940627044000053, 48.078910648000033 ], [ 6.940059018000056, 48.079339607000072 ], [ 6.93890837400005, 48.080013302000047 ], [ 6.938250662000087, 48.080174956000064 ], [ 6.93799447300006, 48.080323178000071 ], [ 6.938029293000056, 48.080722951000041 ], [ 6.937785656000074, 48.081005900000036 ], [ 6.93747043500008, 48.081241688000034 ], [ 6.936040086000048, 48.081794063000082 ], [ 6.935787732000051, 48.081982695000079 ], [ 6.935543239000083, 48.082265667000058 ], [ 6.935495417000084, 48.082492511000055 ], [ 6.934254163000048, 48.082898889000042 ], [ 6.933722166000052, 48.082966217000042 ], [ 6.933375976000093, 48.082842635000077 ], [ 6.932973925000056, 48.082860570000037 ], [ 6.932193735000055, 48.08316142700005 ], [ 6.931280964000052, 48.083272994000083 ], [ 6.93098774300006, 48.083206200000063 ], [ 6.930913492000059, 48.083123086000057 ], [ 6.928946730000064, 48.082927446000042 ], [ 6.92841138700004, 48.082949813000077 ], [ 6.927909950000071, 48.083371981000077 ], [ 6.927713266000069, 48.083428096000034 ], [ 6.925888986000075, 48.083317749000059 ], [ 6.925409015000071, 48.083203109000067 ], [ 6.924856636000072, 48.083041328000043 ], [ 6.923809612000071, 48.082589698000049 ], [ 6.923529673000076, 48.082463880000034 ], [ 6.922934776000091, 48.082578304000037 ], [ 6.921965016000058, 48.08302055300004 ], [ 6.920231174000037, 48.083177399000078 ], [ 6.919285427000091, 48.083127795000053 ], [ 6.918462648000059, 48.082934440000088 ], [ 6.918127323000078, 48.082945599000077 ], [ 6.91787073100005, 48.083089283000049 ], [ 6.916767121000078, 48.08354044500004 ], [ 6.915979333000053, 48.083751347000089 ], [ 6.915033247000054, 48.083697215000086 ], [ 6.914769149000051, 48.083751044000053 ], [ 6.914300857000057, 48.083771117000083 ], [ 6.913745511000059, 48.083568840000055 ], [ 6.913733854000043, 48.083434082000053 ], [ 6.913371048000045, 48.083130801000038 ], [ 6.913032728000076, 48.083101501000051 ], [ 6.912771957000075, 48.083200264000077 ], [ 6.911829569000076, 48.083956855000046 ], [ 6.91166, 48.084322875000055 ], [ 6.911340812000049, 48.084518176000081 ], [ 6.910470109000073, 48.084551600000047 ], [ 6.909654825000075, 48.084448033000058 ], [ 6.908488404000082, 48.084175922000043 ], [ 6.907980180000038, 48.083746813000062 ], [ 6.907310686000073, 48.083773536000081 ], [ 6.906916938000052, 48.083881202000043 ], [ 6.906187523000085, 48.083995499000082 ], [ 6.90566295800005, 48.084152549000073 ], [ 6.90481552600005, 48.084455448000085 ], [ 6.904303423000044, 48.084747223000079 ], [ 6.904259622000041, 48.085018964000085 ], [ 6.90408584000005, 48.085340062000057 ], [ 6.90371533800004, 48.085717235000061 ], [ 6.903254167000057, 48.085822619000055 ], [ 6.903084533000083, 48.08618862700007 ], [ 6.902835690000074, 48.086426619000072 ], [ 6.902248682000049, 48.086626266000053 ], [ 6.901641226000038, 48.086605851000058 ], [ 6.90118453000008, 48.086760631000061 ], [ 6.900624077000089, 48.087274724000054 ], [ 6.900111924000044, 48.087566480000078 ], [ 6.899107021000077, 48.08760426300006 ], [ 6.898646156000041, 48.087714122000079 ], [ 6.89721854000004, 48.088310962000037 ], [ 6.896970167000063, 48.088544420000062 ], [ 6.897000863000073, 48.088903787000049 ], [ 6.896768253000062, 48.08931691500004 ], [ 6.89637775500006, 48.089469484000062 ], [ 6.895641109000053, 48.089498359000061 ], [ 6.89477777400009, 48.089621516000079 ], [ 6.89432103200005, 48.089776269000083 ], [ 6.89359896700006, 48.089980335000064 ], [ 6.893078453000044, 48.090182239000058 ], [ 6.891096213000083, 48.090576599000087 ], [ 6.890642429000081, 48.090771782000047 ], [ 6.889972838000062, 48.090798406000033 ], [ 6.889846138000053, 48.090892686000082 ], [ 6.888771112000086, 48.090892152000038 ], [ 6.887805058000083, 48.091379027000073 ], [ 6.887173536000091, 48.091854853000086 ], [ 6.886675829000069, 48.092321754000068 ], [ 6.885982187000081, 48.092844670000034 ], [ 6.885271965000072, 48.093187938000085 ], [ 6.88494071000008, 48.093243913000038 ], [ 6.884007238000038, 48.093328759000087 ] ], [ [ 6.884007238000038, 48.093328759000087 ], [ 6.883434966000039, 48.093708009000068 ], [ 6.882842259000086, 48.094633001000034 ], [ 6.881453988000089, 48.095678809000049 ], [ 6.880305541000041, 48.096396863000052 ], [ 6.878664541000092, 48.097631148000062 ], [ 6.878085081000052, 48.097925015000051 ], [ 6.877513047000093, 48.098308729000053 ], [ 6.876929438000047, 48.098557679000074 ], [ 6.876104740000073, 48.099129890000086 ], [ 6.875011672000085, 48.099710922000043 ], [ 6.874443730000053, 48.100139532000071 ], [ 6.874262290000047, 48.10037073400008 ], [ 6.873827345000052, 48.100790460000042 ], [ 6.873444961000075, 48.101032774000032 ], [ 6.871165505000079, 48.10188701800007 ], [ 6.870155097000065, 48.102645471000073 ], [ 6.869318714000087, 48.103082872000073 ], [ 6.867555724000056, 48.103690337000046 ], [ 6.867106196000066, 48.10393483200005 ], [ 6.866865033000067, 48.104258075000082 ], [ 6.865690165000046, 48.104666016000067 ], [ 6.865314799000089, 48.104993659000058 ], [ 6.864951295000083, 48.105460555000043 ], [ 6.864702700000066, 48.105693943000063 ], [ 6.863720495000052, 48.106000943000083 ], [ 6.863199709000071, 48.106202714000062 ], [ 6.862591691000091, 48.106947897000055 ], [ 6.86200758800004, 48.10719227900006 ], [ 6.860858956000072, 48.107914632000082 ], [ 6.859189976000039, 48.108834203000072 ], [ 6.857922380000048, 48.109736101000067 ], [ 6.85728380900008, 48.110121883000033 ], [ 6.856142446000092, 48.110934039000085 ], [ 6.855239551000068, 48.111373506000064 ], [ 6.854260465000039, 48.111725366000087 ], [ 6.853171012000075, 48.112351103000037 ], [ 6.852799958000048, 48.112728109000045 ], [ 6.852250594000054, 48.113381219000082 ], [ 6.851551894000068, 48.113854520000082 ], [ 6.850963877000083, 48.114058428000078 ], [ 6.849434243000076, 48.114252560000068 ], [ 6.849043424000058, 48.114404970000074 ], [ 6.848754717000077, 48.114954949000037 ], [ 6.847439732000055, 48.116088 ], [ 6.846528455000055, 48.116437577000056 ], [ 6.845639309000092, 48.117056696000077 ], [ 6.844936719000088, 48.117489539000083 ], [ 6.842998707000049, 48.118417635000071 ], [ 6.842493310000066, 48.118798985000069 ], [ 6.842251929000042, 48.11912217400004 ], [ 6.841810366000061, 48.119456393000064 ], [ 6.840116897000087, 48.120106192000037 ], [ 6.839796902000046, 48.120296801000052 ], [ 6.839619673000072, 48.120577352000055 ], [ 6.83932999600006, 48.121127333000061 ], [ 6.838389986000038, 48.121928229000048 ], [ 6.837880419000044, 48.122264646000083 ], [ 6.83667775300006, 48.122668674000067 ], [ 6.834967615000039, 48.123589205000087 ], [ 6.833178495000084, 48.124696962000087 ], [ 6.831914174000076, 48.125643482000051 ], [ 6.831461035000075, 48.125842899000077 ], [ 6.830062733000091, 48.126798257000083 ], [ 6.82934810800009, 48.127091748000055 ], [ 6.828845787000091, 48.127517976000043 ], [ 6.828422873000079, 48.128076756000041 ], [ 6.828286932000083, 48.128846932000044 ], [ 6.828175576000092, 48.129120817000057 ], [ 6.82779245200004, 48.129358484000079 ], [ 6.826742791000072, 48.129671847000047 ], [ 6.826296623000076, 48.129956600000071 ], [ 6.82611812600004, 48.130232663000072 ], [ 6.826066535000052, 48.130414516000087 ], [ 6.825375049000058, 48.130982 ], [ 6.824388379000084, 48.131248251000045 ], [ 6.823938092000049, 48.131488084000068 ], [ 6.822829418000083, 48.131893413000057 ], [ 6.822252200000094, 48.13222744400008 ], [ 6.821880785000076, 48.132604348000086 ], [ 6.821413164000092, 48.133430308000072 ], [ 6.821470328000089, 48.134104120000082 ], [ 6.821694597000089, 48.134367115000032 ], [ 6.821781347000069, 48.134589524000042 ], [ 6.821654420000073, 48.134683728000077 ], [ 6.821200001000079, 48.134878638000032 ], [ 6.82117943500009, 48.13541983600004 ], [ 6.820278568000049, 48.135908489000087 ], [ 6.819482275000041, 48.136028887000073 ], [ 6.819169449000071, 48.136309288000064 ], [ 6.819080885000062, 48.136852688000033 ], [ 6.818966214000056, 48.137081624000082 ], [ 6.818776228000047, 48.137222912000077 ], [ 6.818128863000084, 48.13751865200004 ], [ 6.816674293000062, 48.138610780000079 ], [ 6.815948339000045, 48.138773919000073 ], [ 6.815080768000087, 48.138851549000037 ], [ 6.814100904000043, 48.139203069000082 ], [ 6.81328306100005, 48.139864648000071 ], [ 6.812255927000081, 48.140447405000089 ], [ 6.811686713000086, 48.140871206000043 ], [ 6.811452693000092, 48.141288672000087 ], [ 6.810812562000081, 48.141674221000073 ] ], [ [ 6.844643045000055, 48.096016776000056 ], [ 6.844528062000052, 48.096250264000048 ], [ 6.844149357000049, 48.096532902000042 ], [ 6.843384047000086, 48.097012843000073 ], [ 6.843020078000052, 48.097475179000071 ], [ 6.842388080000092, 48.097950763000085 ], [ 6.842269490000092, 48.098134816000083 ], [ 6.841839580000055, 48.09860380300006 ], [ 6.841720147000046, 48.098787883000057 ], [ 6.841739835000055, 48.099012470000048 ], [ 6.841569733000085, 48.099378386000069 ], [ 6.841384047000076, 48.099564626000081 ], [ 6.840338324000072, 48.099923055000033 ], [ 6.840089646000081, 48.100156392000088 ], [ 6.840032511000061, 48.101059172000078 ], [ 6.839743783000074, 48.101609134000057 ], [ 6.839558410000052, 48.101799864000043 ], [ 6.83951426200008, 48.10207157800005 ], [ 6.839512737000064, 48.102837407000038 ], [ 6.839361447000044, 48.103427933000034 ], [ 6.839298457000041, 48.103475031000073 ], [ 6.839305825000054, 48.103564883000047 ], [ 6.839183108000043, 48.103704020000073 ], [ 6.838968820000048, 48.104341644000051 ], [ 6.838787537000087, 48.104577284000072 ], [ 6.838825727000085, 48.105021992000047 ], [ 6.837424006000049, 48.105932539000037 ], [ 6.837179389000084, 48.106210781000073 ], [ 6.836894193000092, 48.106810167000049 ], [ 6.837082277000093, 48.109006769000082 ], [ 6.83699837100005, 48.109599598000045 ], [ 6.836678022000058, 48.110317246000079 ], [ 6.836617124000043, 48.110648061000063 ], [ 6.836391311000057, 48.111150914000063 ], [ 6.836083149000046, 48.11148077100006 ], [ 6.835521801000084, 48.111994546000062 ], [ 6.834555778000038, 48.114057536000082 ], [ 6.834463635000077, 48.114560538000042 ], [ 6.834613157000092, 48.116307932000041 ], [ 6.834494499000073, 48.116491975000088 ], [ 6.834000520000075, 48.117008051000077 ], [ 6.83377465500007, 48.117510898000042 ], [ 6.833530292000091, 48.117793624000058 ], [ 6.832424913000068, 48.118239492000043 ], [ 6.831785214000092, 48.118625161000068 ], [ 6.831319515000075, 48.118685349000089 ], [ 6.83112669500008, 48.118786213000078 ], [ 6.830742820000069, 48.119023919000085 ], [ 6.829942709000079, 48.119099477000077 ], [ 6.829086092000068, 48.119312001000083 ], [ 6.828830246000052, 48.119459954000043 ], [ 6.828435747000071, 48.119562862000073 ], [ 6.827560320000089, 48.119550760000038 ], [ 6.82642085100008, 48.119596776000037 ], [ 6.824842636000085, 48.120017382000071 ], [ 6.82459295600006, 48.12025071100004 ], [ 6.824135744000046, 48.120405188000063 ], [ 6.823804253000048, 48.120460990000083 ], [ 6.823058954000089, 48.120399588000055 ], [ 6.821520855000074, 48.120503533000033 ], [ 6.82085819200006, 48.120619615000066 ], [ 6.817279677000045, 48.122825662000082 ], [ 6.816956661000063, 48.122975763000056 ], [ 6.816459918000078, 48.123014374000043 ], [ 6.815820870000039, 48.12306209500008 ], [ 6.815404584000078, 48.123201698000059 ], [ 6.815362769000046, 48.123216565000064 ], [ 6.814308748000087, 48.123480413000038 ], [ 6.813372400000048, 48.124326020000069 ], [ 6.812535204000085, 48.124763011000077 ], [ 6.811861062000048, 48.124744279000083 ], [ 6.811399692000066, 48.124853794000046 ], [ 6.810318733000088, 48.12480316500006 ], [ 6.810043246000077, 48.124726488000078 ], [ 6.809476145000076, 48.124384466000038 ], [ 6.807832513000051, 48.124041197000047 ], [ 6.807075788000077, 48.12384492800004 ], [ 6.80639842100004, 48.123781225000073 ], [ 6.805570508000073, 48.123542203000056 ], [ 6.804799173000049, 48.123166215000083 ], [ 6.804329652000092, 48.123185878000072 ], [ 6.803738114000055, 48.123344610000061 ], [ 6.803465555000059, 48.123308363000042 ], [ 6.803391124000086, 48.123220677000063 ], [ 6.802854481000054, 48.12324250000006 ], [ 6.802366269000061, 48.123037537000073 ], [ 6.801144647000058, 48.122901275000061 ], [ 6.80066374900008, 48.122786158000054 ], [ 6.799337949000062, 48.123013591000081 ], [ 6.799018113000045, 48.123208582000082 ], [ 6.79836350700009, 48.123414364000041 ], [ 6.798050643000067, 48.123694712000088 ], [ 6.797075017000054, 48.124091007000061 ], [ 6.796882111000059, 48.124191815000081 ], [ 6.796707549000075, 48.12451274600005 ], [ 6.796312950000072, 48.124615546000086 ], [ 6.796127016000071, 48.124801712000078 ], [ 6.796000390000074, 48.124900383000067 ], [ 6.796008527000083, 48.124990208000042 ], [ 6.796279927000057, 48.125022006000052 ], [ 6.796094315000062, 48.125212665000049 ], [ 6.796065358000078, 48.125664036000046 ], [ 6.795682115000091, 48.125901600000077 ], [ 6.795302097000047, 48.126184102000082 ], [ 6.79484881500008, 48.126383378000071 ], [ 6.794733224000083, 48.12661231900006 ], [ 6.794607108000093, 48.126706468000073 ], [ 6.794342995000079, 48.126764519000062 ], [ 6.794354358000078, 48.126899285000043 ], [ 6.794652560000088, 48.127245530000039 ], [ 6.794563759000084, 48.127788915000053 ], [ 6.794784639000056, 48.128007022000077 ], [ 6.794557515000065, 48.128509816000083 ], [ 6.794178634000048, 48.128796781000062 ], [ 6.794055739000044, 48.128935869000088 ], [ 6.794082530000082, 48.129250312000067 ], [ 6.793647551000049, 48.129669708000051 ], [ 6.79319339400007, 48.129869004000057 ], [ 6.793250195000041, 48.130542831000071 ], [ 6.793135426000049, 48.130771743000082 ], [ 6.793169507000073, 48.131176039000081 ], [ 6.792943193000042, 48.131678803000057 ], [ 6.792106726000043, 48.132926399000041 ], [ 6.791940236000073, 48.133337147000077 ], [ 6.792022794000047, 48.133514665000064 ], [ 6.792507320000084, 48.133679251000046 ], [ 6.792451544000073, 48.133816176000039 ], [ 6.792265565000093, 48.134002334000058 ], [ 6.792247929000041, 48.134588467000071 ], [ 6.792494773000044, 48.135121048000087 ], [ 6.792510199000048, 48.135300725000043 ], [ 6.79286828000005, 48.135554960000043 ], [ 6.792973565000068, 48.136002008000048 ], [ 6.793193633000044, 48.136220144000049 ], [ 6.793279104000078, 48.136438106000071 ], [ 6.79355495100009, 48.136519316000033 ], [ 6.793827571000065, 48.136555586000043 ], [ 6.793910140000037, 48.136733102000051 ], [ 6.793857593000041, 48.136914968000042 ], [ 6.793899818000057, 48.137409087000037 ], [ 6.793776903000037, 48.137548173000077 ], [ 6.793393563000052, 48.13778572700005 ], [ 6.792791492000049, 48.13862038700006 ], [ 6.792773861000057, 48.139206518000037 ], [ 6.792599224000071, 48.139527441000041 ], [ 6.79256616300006, 48.13993389500007 ], [ 6.79238829500008, 48.140209877000082 ], [ 6.792370660000074, 48.140796008000052 ], [ 6.79218497800008, 48.140986659000077 ], [ 6.792057983000063, 48.141080831000068 ], [ 6.791313270000046, 48.141019201000063 ], [ 6.789586678000092, 48.140498163000082 ], [ 6.789373896000086, 48.140369873000047 ], [ 6.789288112000065, 48.140147414000069 ], [ 6.789008511000077, 48.140025776000073 ], [ 6.788602431000072, 48.139993784000069 ], [ 6.788352819000068, 48.140231526000044 ], [ 6.78803657900005, 48.140466905000039 ], [ 6.787329143000079, 48.140854485000034 ], [ 6.787221612000053, 48.141173242000043 ], [ 6.786219670000037, 48.141254973000059 ], [ 6.785303494000061, 48.141559158000064 ], [ 6.785188151000057, 48.141792581000061 ], [ 6.784998896000047, 48.141933787000085 ] ], [ [ 6.884897668000065, 48.108291069000082 ], [ 6.885069607000048, 48.108731363000061 ], [ 6.885105214000077, 48.109135610000067 ], [ 6.884737714000039, 48.10955765500006 ], [ 6.884839582000041, 48.109959718000077 ], [ 6.88487518800008, 48.110363965000033 ], [ 6.88475257500005, 48.110503149000067 ], [ 6.88486189200006, 48.110995059000061 ], [ 6.885161435000043, 48.111341051000068 ], [ 6.886394599000084, 48.111611202000063 ], [ 6.886816768000074, 48.111818004000042 ], [ 6.887502368000071, 48.111971066000081 ], [ 6.887954353000055, 48.112537256000053 ], [ 6.888600538000048, 48.113011445000041 ], [ 6.888761762000058, 48.113316947000051 ], [ 6.889124634000041, 48.113620297000068 ], [ 6.889233997000076, 48.114112203000047 ], [ 6.889596546000064, 48.114411057000041 ], [ 6.88974236100006, 48.114541384000063 ], [ 6.889788772000088, 48.115080414000033 ], [ 6.889581704000079, 48.116573794000033 ], [ 6.889423479000072, 48.117074531000071 ], [ 6.888985540000078, 48.117453865000073 ], [ 6.888137479000079, 48.11775663800006 ], [ 6.887439373000063, 48.11823464400004 ], [ 6.886709772000074, 48.118353310000089 ], [ 6.885869133000085, 48.118745914000051 ], [ 6.884863626000083, 48.118783574000084 ], [ 6.883703466000043, 48.119371387000058 ], [ 6.882847900000058, 48.119584273000051 ], [ 6.882334166000078, 48.119871480000086 ], [ 6.882007212000076, 48.119976849000068 ], [ 6.88160453200004, 48.119990115000064 ], [ 6.879786753000076, 48.120739190000052 ], [ 6.879060070000037, 48.120898254000053 ], [ 6.878199687000063, 48.121836509000047 ], [ 6.878072892000091, 48.121930774000077 ], [ 6.878044637000073, 48.122382167000069 ], [ 6.876178282000069, 48.123353506000058 ], [ 6.876031480000052, 48.123988982000071 ], [ 6.875482286000079, 48.124642195000042 ], [ 6.875260919000084, 48.125190028000077 ], [ 6.875212799000053, 48.12541684100006 ], [ 6.875042844000063, 48.125782798000046 ], [ 6.875097387000039, 48.12641165000008 ], [ 6.874800944000072, 48.126876362000083 ], [ 6.874985266000067, 48.127451395000037 ], [ 6.875004267000065, 48.127676001000047 ], [ 6.874447591000092, 48.128239360000073 ], [ 6.874269351000066, 48.128515495000045 ], [ 6.873480723000057, 48.128726106000045 ], [ 6.872676392000074, 48.128757044000047 ], [ 6.872009605000073, 48.128828503000079 ], [ 6.871823923000079, 48.129014787000081 ], [ 6.871728486000052, 48.129468381000038 ], [ 6.871693075000053, 48.129834416000051 ], [ 6.871447689000092, 48.130112752000059 ], [ 6.871285119000049, 48.130568550000078 ], [ 6.870772385000066, 48.130860170000062 ], [ 6.870404289000078, 48.131277671000078 ], [ 6.870025801000054, 48.131564879000052 ], [ 6.869761418000053, 48.131618605000085 ], [ 6.868684395000059, 48.131613421000047 ], [ 6.868227214000058, 48.131768069000088 ], [ 6.867460774000051, 48.132248182000069 ], [ 6.86728661300009, 48.132569217000082 ], [ 6.866777967000076, 48.132905729000072 ], [ 6.866350952000062, 48.133415239000051 ], [ 6.866176781000092, 48.133736272000078 ], [ 6.866148419000069, 48.134187658000087 ], [ 6.865954769000041, 48.134288605000052 ], [ 6.865224899000054, 48.134407138000086 ], [ 6.865043301000071, 48.134638320000079 ], [ 6.865053689000092, 48.135538890000078 ], [ 6.864484952000055, 48.135962948000042 ], [ 6.864161151000076, 48.136113204000083 ], [ 6.863722544000041, 48.136487946000045 ], [ 6.863082853000037, 48.136873780000087 ], [ 6.861665883000057, 48.137604900000042 ], [ 6.860809094000047, 48.137817651000034 ], [ 6.860430506000057, 48.138104827000063 ], [ 6.859643730000073, 48.139126091000037 ], [ 6.85919681900009, 48.139410995000048 ], [ 6.858683933000066, 48.139702561000043 ], [ 6.858636568000065, 48.139929337000069 ], [ 6.858611421000092, 48.140425657000037 ], [ 6.858433896000065, 48.140701739000072 ], [ 6.85844542500007, 48.140836497000073 ], [ 6.858061513000052, 48.141074288000077 ], [ 6.857094587000063, 48.141565390000039 ], [ 6.855765278000092, 48.141748516000064 ], [ 6.85485310200005, 48.142102672000078 ], [ 6.854055956000082, 48.142223330000043 ], [ 6.853396883000073, 48.142380010000068 ], [ 6.852651241000046, 48.142318795000051 ], [ 6.851330974000064, 48.141830405000064 ], [ 6.850719626000057, 48.141764791000071 ], [ 6.850112396000043, 48.141744084000038 ], [ 6.849765177000052, 48.141620289000059 ], [ 6.848776220000048, 48.141071502000045 ], [ 6.848201632000041, 48.140644316000078 ], [ 6.847247537000044, 48.140504288000045 ], [ 6.846963361000064, 48.140333382000051 ], [ 6.846084313000063, 48.140276481000058 ], [ 6.845670300000052, 48.140159358000062 ], [ 6.845331325000075, 48.140125371000067 ], [ 6.844798639000089, 48.140192295000077 ], [ 6.844012990000067, 48.140447645000052 ], [ 6.843058583000072, 48.140303089000042 ], [ 6.842298225000093, 48.140062111000077 ], [ 6.842136861000085, 48.139752057000067 ], [ 6.841995203000067, 48.139666585000043 ], [ 6.841111224000088, 48.139564762000077 ], [ 6.839896821000082, 48.139523247000056 ], [ 6.839549968000085, 48.139403915000059 ], [ 6.839009582000074, 48.139376470000059 ], [ 6.838607909000075, 48.139394055000082 ], [ 6.838216546000069, 48.139541933000032 ], [ 6.837802557000089, 48.139424782000049 ], [ 6.836982465000062, 48.139275805000068 ], [ 6.836678100000086, 48.139393818000087 ], [ 6.836200896000094, 48.139576014000056 ], [ 6.835947909000083, 48.139764425000067 ], [ 6.835777636000046, 48.140130322000061 ], [ 6.835216308000042, 48.140648580000061 ], [ 6.835120535000044, 48.141102141000033 ], [ 6.835001822000038, 48.141286181000055 ], [ 6.83474915000005, 48.141479083000043 ], [ 6.834713149000038, 48.141840610000088 ], [ 6.834519085000068, 48.141937012000085 ], [ 6.834049921000087, 48.141952271000036 ], [ 6.83300741100004, 48.142355537000071 ], [ 6.832955832000039, 48.142537391000083 ], [ 6.832892789000084, 48.142584485000043 ], [ 6.832202849000055, 48.142386198000047 ], [ 6.831781163000073, 48.142174683000064 ], [ 6.831295924000074, 48.142014781000057 ], [ 6.830551152000055, 48.141953399000045 ], [ 6.830203977000053, 48.141829547000043 ], [ 6.829384195000046, 48.14168501000006 ], [ 6.828918290000047, 48.141745188000073 ], [ 6.828069496000069, 48.142047524000077 ], [ 6.827119199000037, 48.141947750000043 ], [ 6.824838969000041, 48.14203526700004 ], [ 6.824357846000055, 48.141920248000083 ], [ 6.823163951000083, 48.141337363000048 ], [ 6.822198148000041, 48.141057877000037 ], [ 6.821982032000051, 48.140884707000055 ], [ 6.821955069000069, 48.140570272000048 ], [ 6.822145059000093, 48.140428980000081 ], [ 6.822125439000047, 48.140204395000069 ], [ 6.821700045000057, 48.139952426000043 ], [ 6.821298037000076, 48.139965459000052 ], [ 6.82110070400006, 48.140016899000045 ], [ 6.820619607000083, 48.13990186500007 ], [ 6.819780786000081, 48.13952815600004 ], [ 6.819297426000048, 48.138602395000078 ], [ 6.818686995000064, 48.138536587000033 ], [ 6.818351297000049, 48.138547462000083 ], [ 6.818094163000069, 48.13869092300007 ], [ 6.817990910000049, 48.139054620000081 ], [ 6.817259018000073, 48.139938664000056 ], [ 6.816835042000093, 48.140497425000042 ], [ 6.814735326000061, 48.141114927000046 ], [ 6.813412696000057, 48.141391948000042 ], [ 6.812761166000087, 48.14164274500007 ], [ 6.812165362000087, 48.141756606000058 ], [ 6.81191636300008, 48.141989877000071 ], [ 6.811647786000037, 48.141998561000037 ], [ 6.811443434000068, 48.141964628000039 ], [ 6.810812562000081, 48.141674221000073 ] ], [ [ 6.784998896000047, 48.141933787000085 ], [ 6.78447017600007, 48.142045352000082 ], [ 6.78409404100006, 48.142372727000073 ], [ 6.78324819900007, 48.142719680000077 ], [ 6.782485727000051, 48.143244123000045 ], [ 6.780191651000052, 48.143961818000037 ], [ 6.779818693000038, 48.144334120000053 ], [ 6.779577973000073, 48.144661641000077 ], [ 6.779339305000065, 48.145029635000071 ], [ 6.778639855000051, 48.145506988000079 ], [ 6.778445675000057, 48.145603297000036 ], [ 6.777015979000055, 48.146198629000082 ], [ 6.776572617000056, 48.146528131000082 ], [ 6.77638685800008, 48.146718756000041 ], [ 6.776171638000051, 48.147356248000051 ], [ 6.776048653000089, 48.147495315000072 ], [ 6.775669536000066, 48.147782216000053 ], [ 6.774753186000055, 48.148086318000082 ], [ 6.774119969000083, 48.148561519000047 ], [ 6.773747775000061, 48.148933773000067 ], [ 6.773036910000087, 48.149276325000073 ], [ 6.772515352000084, 48.149477688000047 ], [ 6.77226935200008, 48.149755814000059 ], [ 6.771972393000056, 48.150215740000078 ], [ 6.771797593000088, 48.150536629000051 ], [ 6.771824263000042, 48.150851073000069 ], [ 6.772253039000077, 48.151152654000043 ], [ 6.772678287000076, 48.151404799000034 ], [ 6.772839279000039, 48.151714945000037 ], [ 6.772683054000083, 48.152260453000054 ], [ 6.77259803600009, 48.152848725000069 ], [ 6.772174324000048, 48.153407294000033 ], [ 6.771793982000077, 48.153689715000041 ], [ 6.770225620000076, 48.154244345000052 ], [ 6.769894182000087, 48.154304488000037 ], [ 6.769003681000072, 48.154112248000047 ], [ 6.768530343000066, 48.154082334000073 ], [ 6.768269273000044, 48.15418526600007 ], [ 6.767956906000052, 48.154465501000061 ], [ 6.767547639000043, 48.155203758000077 ], [ 6.766929296000058, 48.155854103000081 ], [ 6.76632660100006, 48.156688617000043 ], [ 6.766032757000062, 48.157193465000034 ], [ 6.766086034000068, 48.157822353000086 ], [ 6.766242961000046, 48.158087594000051 ], [ 6.766509043000042, 48.158844811000051 ], [ 6.76653484600007, 48.159159282000083 ], [ 6.766394717000082, 48.159884430000034 ], [ 6.76616802500007, 48.160387132000039 ], [ 6.76560579900007, 48.160905052000032 ], [ 6.765303835000054, 48.161320071000034 ], [ 6.76537970000004, 48.162218488000072 ], [ 6.76547350900006, 48.162530786000048 ], [ 6.765426329000093, 48.163568257000072 ], [ 6.765247400000078, 48.163844221000033 ], [ 6.764796887000045, 48.164088316000061 ], [ 6.76439788600004, 48.164146094000046 ], [ 6.764055085000052, 48.164071455000055 ], [ 6.763584865000041, 48.164086461000068 ], [ 6.76339143000007, 48.164182717000081 ], [ 6.763079298000093, 48.164467432000038 ], [ 6.762710118000086, 48.164884586000085 ], [ 6.762113945000067, 48.164998192000041 ], [ 6.76136488700007, 48.164891462000071 ], [ 6.758862672000078, 48.164759538000055 ], [ 6.758270531000051, 48.164918037000064 ], [ 6.757954009000059, 48.165153331000056 ], [ 6.757782594000048, 48.165523630000052 ], [ 6.757690150000087, 48.166022033000047 ], [ 6.757702754000093, 48.166967506000049 ], [ 6.757900418000077, 48.167722411000057 ], [ 6.758132592000038, 48.16807534600008 ], [ 6.758468988000061, 48.168875376000081 ], [ 6.758521868000059, 48.169499768000037 ], [ 6.758425704000047, 48.169957752000073 ], [ 6.758004585000037, 48.170556709000039 ], [ 6.757506155000044, 48.171027506000087 ], [ 6.756845916000088, 48.171188164000057 ], [ 6.755460055000071, 48.172317792000058 ], [ 6.755277847000059, 48.172548799000083 ], [ 6.755315702000075, 48.172998008000043 ], [ 6.755219185000044, 48.173451494000062 ], [ 6.754980536000062, 48.173823925000079 ], [ 6.754768985000055, 48.174506278000081 ], [ 6.754083389000073, 48.175163180000077 ], [ 6.753905202000055, 48.175439098000084 ], [ 6.753867784000079, 48.175800618000039 ], [ 6.754044047000093, 48.176290462000047 ], [ 6.754003433000094, 48.176607043000047 ], [ 6.753701288000059, 48.177022028000067 ], [ 6.753675977000057, 48.177518286000073 ], [ 6.753378180000084, 48.177982677000045 ], [ 6.752812125000048, 48.17845109600006 ], [ 6.751712345000044, 48.178990535000082 ], [ 6.751332550000086, 48.179272858000047 ], [ 6.750971562000075, 48.179784291000033 ], [ 6.750863732000084, 48.180103007000071 ], [ 6.75061747500007, 48.180381082000054 ], [ 6.75028956500006, 48.180481587000088 ], [ 6.749965166000038, 48.18063152600007 ], [ 6.749671032000037, 48.181136325000068 ], [ 6.749242818000084, 48.181649888000038 ], [ 6.748423504000073, 48.182310997000059 ], [ 6.74790523900009, 48.182552666000049 ], [ 6.747636764000049, 48.182565698000083 ], [ 6.747282295000048, 48.182351753000034 ], [ 6.747013821000053, 48.182364783000082 ], [ 6.746495548000041, 48.182606446000079 ], [ 6.746446823000042, 48.182833197000043 ], [ 6.746592473000078, 48.182963695000069 ], [ 6.746630262000053, 48.183412902000043 ], [ 6.746376746000067, 48.183601116000034 ], [ 6.745854747000067, 48.183802356000058 ], [ 6.745199183000068, 48.184007834000056 ], [ 6.744326736000062, 48.184040028000076 ], [ 6.743614368000067, 48.184382422000056 ], [ 6.742727740000078, 48.185045623000072 ] ], [ [ 6.810812562000081, 48.141674221000073 ], [ 6.809465643000067, 48.14244295900005 ], [ 6.80917261400009, 48.142952413000046 ], [ 6.808856451000054, 48.143187846000046 ], [ 6.808532123000077, 48.14333345600005 ], [ 6.808006678000083, 48.143490065000037 ], [ 6.807832120000057, 48.143811009000046 ], [ 6.807445881000092, 48.144008162000034 ], [ 6.806975852000051, 48.144023341000043 ], [ 6.805753218000064, 48.143891650000057 ], [ 6.80506420200004, 48.143693177000046 ], [ 6.804563561000066, 48.143353490000038 ], [ 6.804161522000072, 48.143366464000053 ], [ 6.803248650000057, 48.143715727000085 ], [ 6.802538046000052, 48.144058458000082 ], [ 6.802135486000054, 48.144075946000051 ], [ 6.800290688000075, 48.143739045000082 ], [ 6.799802296000053, 48.143534074000058 ], [ 6.798661964000075, 48.143575327000072 ], [ 6.798062037000079, 48.143644204000047 ], [ 6.797801592000042, 48.143742681000049 ], [ 6.797488927000074, 48.144027518000087 ], [ 6.797255297000049, 48.144440433000057 ], [ 6.796998078000058, 48.144583848000082 ], [ 6.79551093300006, 48.144505613000042 ], [ 6.794966772000066, 48.144437548000042 ], [ 6.794233373000054, 48.144510702000048 ], [ 6.793253266000079, 48.14486204800005 ], [ 6.792854764000083, 48.144924416000038 ], [ 6.792243970000072, 48.144853978000071 ], [ 6.791263166000078, 48.144399056000047 ], [ 6.790434997000091, 48.144159931000047 ], [ 6.789588194000089, 48.143696184000078 ], [ 6.787858308000068, 48.14313018100006 ], [ 6.786684258000093, 48.142771518000082 ], [ 6.78586425900005, 48.14262218600004 ], [ 6.784998896000047, 48.141933787000085 ] ] ] } },
{ "type": "Feature", "properties": { "fid": 424, "gid": 424, "CdEuMasseDEau": "FRCR232", "NomMasseDEau": "BARBA", "Etat masse eau ": "Inconnu", "Etat ecologique": "Bon", "Etat chimique": "Inconnu", "_swEcologicalStatusOrPotentialValue": "2", "_swChemicalStatusValue": "U" }, "geometry": { "type": "MultiLineString", "coordinates": [ [ [ 6.712284550000049, 48.088785785000077 ], [ 6.711692901000049, 48.089754834000082 ], [ 6.711659250000082, 48.090161279000085 ], [ 6.712608715000044, 48.091068240000077 ], [ 6.712679589000061, 48.091921816000081 ], [ 6.712840048000089, 48.092232057000047 ], [ 6.713622265000083, 48.092743403000043 ], [ 6.713655713000037, 48.093147732000034 ], [ 6.713171923000061, 48.093798086000049 ], [ 6.71308633700005, 48.094386338000049 ], [ 6.712963309000088, 48.094525344000033 ], [ 6.712092318000089, 48.094557302000055 ], [ 6.710636977000092, 48.094837381000048 ], [ 6.710049224000045, 48.095851335000077 ], [ 6.70997873400006, 48.096619277000059 ], [ 6.709728658000074, 48.096852365000082 ], [ 6.708623513000077, 48.097297052000044 ], [ 6.708567559000073, 48.097433941000077 ], [ 6.707986318000053, 48.097726998000041 ], [ 6.706973945000072, 48.097673282000073 ], [ 6.706400673000076, 48.09805616400007 ], [ 6.705540750000068, 48.09822285100006 ], [ 6.704074148000075, 48.098368071000039 ], [ 6.701776970000083, 48.09903934600004 ], [ 6.701558812000087, 48.099104756000088 ], [ 6.700924149000059, 48.099295858000062 ], [ 6.699426475000053, 48.099586130000034 ], [ 6.699204223000038, 48.099629144000062 ], [ 6.698813080000093, 48.099781057000087 ], [ 6.698369620000051, 48.100110275000077 ], [ 6.698124613000061, 48.100392723000077 ], [ 6.697874467000076, 48.10062578600008 ], [ 6.696873157000084, 48.100706761000083 ], [ 6.696225557000048, 48.101001838000059 ], [ 6.695558884000093, 48.101072301000045 ], [ 6.694781058000046, 48.101416498000049 ], [ 6.694736167000087, 48.101688157000069 ], [ 6.693369835000056, 48.102235472000082 ], [ 6.692859222000038, 48.102566772000046 ], [ 6.692803222000066, 48.102703653000049 ], [ 6.692487095000047, 48.102943275000086 ], [ 6.691895447000093, 48.103101448000082 ], [ 6.690945572000089, 48.103811343000082 ], [ 6.690584201000092, 48.104318123000041 ], [ 6.689816548000067, 48.104797090000034 ], [ 6.689031517000046, 48.10505138700006 ], [ 6.688774196000054, 48.105194569000048 ], [ 6.688539364000064, 48.105611801000073 ], [ 6.688282878000052, 48.105754955000073 ], [ 6.688286014000084, 48.105799899000033 ], [ 6.688036638000085, 48.106032914000082 ], [ 6.686647958000037, 48.106310594000043 ], [ 6.685802894000062, 48.106656830000077 ], [ 6.684584764000078, 48.107379563000052 ], [ 6.68380677500005, 48.107723686000043 ], [ 6.682685301000049, 48.107988457000033 ], [ 6.682375886000045, 48.10831341800008 ], [ 6.682208935000062, 48.108728512000077 ], [ 6.681068574000051, 48.109579394000043 ], [ 6.68145947000005, 48.110242800000037 ], [ 6.68150428000007, 48.110777391000056 ], [ 6.681381445000056, 48.110920856000064 ], [ 6.681243407000068, 48.111690870000082 ], [ 6.680371415000081, 48.112533357000082 ], [ 6.679518272000053, 48.112789712000051 ], [ 6.67848987900004, 48.113366819000078 ], [ 6.67830753800007, 48.113597717000061 ], [ 6.677677932000051, 48.114928064000082 ], [ 6.677491615000065, 48.115114044000052 ], [ 6.677096328000061, 48.115220966000038 ], [ 6.676842892000082, 48.115409038000053 ], [ 6.676787675000071, 48.115545884000085 ], [ 6.676835883000081, 48.116129913000073 ], [ 6.677092539000057, 48.116797518000055 ], [ 6.677318924000076, 48.117911973000048 ], [ 6.67747528700005, 48.118177339000056 ], [ 6.678413916000068, 48.118954276000068 ], [ 6.678514232000055, 48.119356512000081 ], [ 6.677969432000054, 48.120094172000051 ], [ 6.677653134000082, 48.120333752000079 ], [ 6.676517174000082, 48.120418742000084 ], [ 6.675861288000078, 48.120623870000088 ], [ 6.675358631000051, 48.121049419000087 ], [ 6.67530965800006, 48.121276150000085 ], [ 6.675626039000065, 48.121847308000042 ], [ 6.675842436000039, 48.122020722000059 ], [ 6.676061963000052, 48.122239078000064 ], [ 6.675875614000063, 48.122425054000082 ], [ 6.675957765000078, 48.122602654000048 ], [ 6.675652188000072, 48.122972511000057 ], [ 6.675670340000067, 48.123197149000077 ], [ 6.675483987000064, 48.123383124000043 ], [ 6.675510070000087, 48.123697595000067 ], [ 6.675327154000058, 48.123933007000062 ], [ 6.675357202000043, 48.124292396000051 ], [ 6.675442168000075, 48.124510445000055 ], [ 6.675320123000063, 48.124653877000071 ], [ 6.675345367000091, 48.124968375000037 ], [ 6.675498301000061, 48.125184305000062 ], [ 6.675583582000058, 48.125406848000068 ], [ 6.675732865000043, 48.125582355000063 ], [ 6.67643305900009, 48.125916336000046 ], [ 6.676525439000045, 48.126228739000055 ], [ 6.676681823000081, 48.126494105000063 ], [ 6.676782980000041, 48.126896315000067 ], [ 6.676931119000074, 48.12706735200004 ], [ 6.677024344000074, 48.127379728000051 ], [ 6.676782225000068, 48.127707070000042 ], [ 6.676792975000069, 48.127837352000086 ], [ 6.676704113000085, 48.128385116000061 ], [ 6.676789091000046, 48.128603164000083 ], [ 6.676468770000042, 48.128797822000081 ], [ 6.676479832000041, 48.128932599000052 ], [ 6.676640191000047, 48.129242881000039 ], [ 6.676681314000064, 48.12973704400008 ], [ 6.676892628000076, 48.129861070000061 ], [ 6.676792388000081, 48.13026956200008 ], [ 6.676818482000044, 48.130584031000069 ], [ 6.676643170000091, 48.130904784000052 ], [ 6.676363116000061, 48.131593630000047 ], [ 6.67639317600009, 48.131953017000058 ], [ 6.676697730000058, 48.132389418000059 ], [ 6.676798898000072, 48.132791626000085 ], [ 6.676645705000055, 48.133381931000088 ] ], [ [ 6.768794212000046, 48.094184465000069 ], [ 6.768552492000083, 48.094507508000049 ], [ 6.768440899000041, 48.094781343000079 ], [ 6.768468172000041, 48.095906572000047 ], [ 6.768238570000051, 48.096364358000073 ], [ 6.768015372000093, 48.096912027000087 ], [ 6.767636574000051, 48.097198912000067 ], [ 6.767372259000069, 48.097252410000067 ], [ 6.765059174000044, 48.096934489000034 ], [ 6.76459071000005, 48.096953967000047 ], [ 6.764330432000065, 48.097052373000047 ], [ 6.764270583000041, 48.097144374000038 ], [ 6.764259890000062, 48.097820373000047 ], [ 6.763592138000092, 48.099467793000088 ], [ 6.763354401000072, 48.099835739000071 ], [ 6.762788752000063, 48.100308752000046 ], [ 6.76175831200004, 48.100841649000081 ], [ 6.761456980000048, 48.101261169000047 ], [ 6.761234530000081, 48.101808796000057 ], [ 6.760999964000064, 48.102221678000042 ], [ 6.760688186000039, 48.10250639800006 ], [ 6.760040601000071, 48.10279733200008 ], [ 6.758517352000069, 48.103080169000073 ], [ 6.758067326000059, 48.103324249000082 ], [ 6.757580793000045, 48.103929839000045 ], [ 6.756817786000056, 48.104454157000077 ], [ 6.756103057000075, 48.104747208000049 ], [ 6.754986361000078, 48.105062077000071 ], [ 6.754796319000093, 48.105203264000068 ], [ 6.754830928000047, 48.105607552000038 ], [ 6.755214336000051, 48.106176390000087 ], [ 6.755438157000071, 48.10643951600008 ], [ 6.755677272000071, 48.106882327000051 ], [ 6.755502517000082, 48.107203201000061 ], [ 6.754378656000085, 48.108234479000032 ], [ 6.753936629000066, 48.108568371000047 ], [ 6.752897878000056, 48.109011358000032 ], [ 6.752060425000082, 48.10944792500004 ], [ 6.751606285000094, 48.109647064000058 ], [ 6.751293254000075, 48.109927290000087 ], [ 6.750873690000049, 48.11053071300006 ], [ 6.750557461000085, 48.110765996000055 ], [ 6.749838902000079, 48.111018588000043 ], [ 6.748907771000063, 48.111142809000057 ], [ 6.747508037000046, 48.111286434000078 ], [ 6.745932628000048, 48.111750928000049 ], [ 6.745601429000089, 48.11181100400006 ], [ 6.744919948000074, 48.111697538000051 ], [ 6.744297850000066, 48.111496600000073 ], [ 6.743616694000082, 48.111387620000073 ], [ 6.743344557000057, 48.111355728000042 ], [ 6.742811713000037, 48.111417699000071 ], [ 6.742160218000038, 48.111668112000082 ], [ 6.741519941000092, 48.112053293000088 ], [ 6.740995448000092, 48.112209580000069 ], [ 6.740325193000047, 48.112230860000068 ], [ 6.740131384000051, 48.11233160200004 ], [ 6.739260116000082, 48.112363760000051 ], [ 6.738556718000041, 48.112795970000043 ], [ 6.738508023000065, 48.113022729000079 ], [ 6.736940519000086, 48.113576932000058 ], [ 6.736691320000091, 48.113810048000062 ], [ 6.735801772000059, 48.114428314000072 ], [ 6.735470544000066, 48.114488362000088 ], [ 6.73534752900008, 48.114627390000066 ], [ 6.735355561000063, 48.114717220000045 ], [ 6.735172624000086, 48.114948232000081 ], [ 6.735116720000065, 48.115085132000047 ], [ 6.734807585000056, 48.115410229000076 ], [ 6.733966706000047, 48.115801723000061 ], [ 6.733583572000043, 48.116043580000053 ], [ 6.733054163000077, 48.116154943000083 ], [ 6.732295272000044, 48.116719493000062 ], [ 6.73204953000004, 48.117002035000041 ], [ 6.732105538000042, 48.117675897000083 ], [ 6.732046448000062, 48.117767853000032 ], [ 6.73200173400005, 48.118039524000039 ], [ 6.731941805000076, 48.118131507000051 ], [ 6.731621433000044, 48.118321822000041 ], [ 6.731439306000084, 48.118552801000078 ], [ 6.731394906000048, 48.118828965000034 ], [ 6.730993036000086, 48.118841690000068 ], [ 6.730731750000075, 48.118940047000081 ], [ 6.730326184000091, 48.118912349000077 ], [ 6.72932056500008, 48.118948683000042 ], [ 6.728795129000048, 48.119104941000046 ], [ 6.728747225000063, 48.119331668000086 ], [ 6.728486771000064, 48.119429994000086 ], [ 6.728363725000065, 48.119569014000042 ], [ 6.727898218000064, 48.119633288000045 ], [ 6.72763776100004, 48.119731612000074 ], [ 6.726863040000069, 48.12012095700004 ], [ 6.725611604000051, 48.120439790000034 ], [ 6.725034213000072, 48.120777842000052 ], [ 6.724696259000041, 48.12155424000008 ], [ 6.724725803000069, 48.121913643000077 ], [ 6.724808117000066, 48.122091209000082 ], [ 6.724621940000077, 48.122277262000068 ], [ 6.72465949900004, 48.122726495000052 ], [ 6.724402188000056, 48.122869754000078 ], [ 6.723806373000059, 48.123793926000083 ], [ 6.723341662000053, 48.12385815500005 ], [ 6.722946086000093, 48.123960736000072 ], [ 6.722477367000067, 48.123980047000032 ], [ 6.722283164000089, 48.124076265000042 ], [ 6.721605897000074, 48.124012074000063 ], [ 6.721478818000037, 48.124106171000051 ], [ 6.721218326000042, 48.12420448000006 ], [ 6.720901360000084, 48.124444202000063 ], [ 6.720302072000038, 48.124508164000083 ], [ 6.71818617200006, 48.124948785000072 ], [ 6.717668647000039, 48.125194825000051 ], [ 6.716778685000065, 48.125812942000039 ], [ 6.716030120000084, 48.126516677000041 ], [ 6.715516570000091, 48.126807622000058 ], [ 6.715266376000045, 48.127040718000046 ], [ 6.715315019000059, 48.127624726000079 ], [ 6.715069659000051, 48.127902710000058 ], [ 6.714816297000084, 48.128090863000068 ], [ 6.713538936000077, 48.128905832000051 ], [ 6.712875931000042, 48.129021307000073 ], [ 6.71289024500004, 48.129201022000082 ], [ 6.71310279700009, 48.129329451000046 ], [ 6.712920552000071, 48.12956039900007 ], [ 6.712548061000064, 48.129932465000081 ], [ 6.712432106000051, 48.130161325000081 ], [ 6.711515698000085, 48.130464938000046 ], [ 6.711099513000079, 48.131113127000049 ], [ 6.710974949000047, 48.131351265000042 ], [ 6.710723958000074, 48.131489787000078 ], [ 6.710584062000066, 48.13166534800007 ], [ 6.710492223000074, 48.131902454000056 ], [ 6.710447386000055, 48.132174114000073 ], [ 6.710321107000084, 48.132268172000067 ], [ 6.708991001000072, 48.132454166000059 ], [ 6.708677609000063, 48.132734275000082 ], [ 6.708279099000038, 48.132796358000064 ], [ 6.707973690000074, 48.13316629600007 ], [ 6.707847404000063, 48.133260351000047 ], [ 6.707645991000049, 48.133266687000059 ], [ 6.707370609000066, 48.133189770000058 ], [ 6.70714292100007, 48.132881643000083 ], [ 6.70679294200005, 48.132712484000081 ], [ 6.706591847000084, 48.132723312000053 ], [ 6.706215296000039, 48.13305044100008 ], [ 6.704773991000081, 48.133510130000047 ], [ 6.70444544500009, 48.133610538000077 ], [ 6.703640944000085, 48.133640322000083 ], [ 6.703391819000046, 48.133877860000041 ], [ 6.703063268000051, 48.133978264000064 ], [ 6.702873822000072, 48.134119339000051 ], [ 6.70284007500004, 48.134525769000049 ], [ 6.702710102000083, 48.134579397000039 ], [ 6.701845584000068, 48.134701136000047 ], [ 6.701718444000051, 48.134795211000039 ], [ 6.701681538000059, 48.13515669800006 ], [ 6.701435232000051, 48.13543467900007 ], [ 6.701170974000092, 48.13549252200005 ], [ 6.700977529000056, 48.135588677000051 ], [ 6.700932640000076, 48.135860333000039 ], [ 6.700683178000077, 48.136093370000083 ], [ 6.700202380000064, 48.135977844000081 ], [ 6.699133261000043, 48.136060943000082 ], [ 6.69867869400008, 48.136259875000064 ], [ 6.698022697000056, 48.13646512400004 ], [ 6.697344986000076, 48.136396301000048 ], [ 6.697158977000072, 48.136586802000068 ], [ 6.69697579800004, 48.13681775200007 ], [ 6.696640086000059, 48.136828280000088 ], [ 6.696089002000065, 48.136669900000072 ], [ 6.69575014600008, 48.136635484000067 ], [ 6.695623305000083, 48.136734046000072 ], [ 6.695358720000058, 48.13678738200008 ], [ 6.695150165000086, 48.136703837000077 ], [ 6.694345610000084, 48.136733559000049 ], [ 6.693883893000077, 48.136842613000056 ], [ 6.693369281000059, 48.137133487000085 ], [ 6.693328334000057, 48.137450055000045 ], [ 6.692955650000044, 48.137822057000051 ], [ 6.692858662000049, 48.138275502000056 ], [ 6.692531217000067, 48.138380345000087 ], [ 6.691566161000083, 48.13809978900008 ], [ 6.690612215000044, 48.137953999000047 ], [ 6.690414762000046, 48.138005221000071 ], [ 6.68987792300004, 48.138026530000047 ], [ 6.689635521000071, 48.138349402000081 ], [ 6.689364117000082, 48.138317359000041 ], [ 6.688692671000069, 48.138338371000089 ], [ 6.688335912000071, 48.138083794000067 ], [ 6.686733028000049, 48.138233023000055 ], [ 6.686461312000063, 48.138196480000033 ], [ 6.686107702000072, 48.137986838000081 ], [ 6.685764868000092, 48.137907477000056 ], [ 6.68526588800006, 48.137567257000057 ], [ 6.685097503000065, 48.137167156000032 ], [ 6.684952131000045, 48.13703657800005 ], [ 6.684214709000059, 48.137064132000042 ], [ 6.682702651000056, 48.136669982000058 ], [ 6.682128615000067, 48.136242013000071 ], [ 6.681447269000046, 48.136132676000045 ], [ 6.680738966000092, 48.135708894000061 ], [ 6.68039615500004, 48.135629516000051 ], [ 6.67965875100009, 48.135657041000059 ], [ 6.679305184000043, 48.135447379000077 ], [ 6.67920483100005, 48.135045147000085 ], [ 6.67849343000006, 48.134576408000051 ], [ 6.678348082000071, 48.134445823000078 ], [ 6.678161593000084, 48.133821076000061 ], [ 6.677599530000066, 48.133527834000063 ], [ 6.676914260000046, 48.133373554000059 ], [ 6.676645705000055, 48.133381931000088 ] ], [ [ 6.676645705000055, 48.133381931000088 ], [ 6.676056798000047, 48.133584964000079 ], [ 6.675125095000055, 48.13370860100008 ], [ 6.674391681000088, 48.133781010000064 ], [ 6.673713508000048, 48.133716571000043 ], [ 6.673386054000048, 48.133821361000059 ], [ 6.672789727000065, 48.133930023000062 ], [ 6.672137622000093, 48.134180045000051 ], [ 6.671611866000092, 48.134336047000033 ], [ 6.67164189500005, 48.134695434000037 ], [ 6.671324329000072, 48.134930527000051 ], [ 6.671309315000087, 48.135561558000063 ], [ 6.671182958000088, 48.135655573000072 ], [ 6.670500803000039, 48.135546199000032 ], [ 6.669960858000081, 48.135522475000073 ], [ 6.669368778000091, 48.135680531000048 ], [ 6.668749495000043, 48.135519646000034 ], [ 6.668482079000057, 48.135532472000079 ], [ 6.667914888000041, 48.136000523000064 ], [ 6.667523386000084, 48.136152329000083 ], [ 6.667017394000084, 48.136532895000073 ], [ 6.666688758000078, 48.136633198000077 ], [ 6.665884189000053, 48.136662725000072 ], [ 6.665693795000038, 48.136803766000071 ], [ 6.665578461000052, 48.137032552000051 ], [ 6.665783012000077, 48.137071232000039 ], [ 6.665858073000038, 48.137158978000059 ], [ 6.66567163600007, 48.137344935000051 ], [ 6.665209015000073, 48.13745390400004 ], [ 6.665089719000093, 48.137637773000051 ], [ 6.664172910000048, 48.13794101700006 ], [ 6.66303686200007, 48.13803037100007 ], [ 6.66247452600004, 48.137732563000043 ], [ 6.661584169000093, 48.137544030000072 ], [ 6.660768559000076, 48.137438745000047 ], [ 6.660417859000063, 48.137269475000039 ], [ 6.66040683600005, 48.137134698000068 ], [ 6.660001167000075, 48.137106758000073 ], [ 6.659665446000076, 48.137117181000072 ], [ 6.65954613200006, 48.137301044000083 ], [ 6.659076432000063, 48.137320128000056 ], [ 6.65839512000008, 48.137210658000072 ], [ 6.657526505000078, 48.13728715600007 ], [ 6.657116575000089, 48.137209794000057 ], [ 6.656971583000086, 48.137083676000088 ], [ 6.656372074000046, 48.137147313000071 ], [ 6.655976580000072, 48.137254162000033 ], [ 6.655347460000087, 48.136962897000046 ], [ 6.654937535000045, 48.13688552800005 ], [ 6.654531871000074, 48.136857569000085 ], [ 6.654341446000046, 48.136998592000047 ], [ 6.654289258000063, 48.137180368000088 ], [ 6.654094883000084, 48.137276473000043 ], [ 6.65378232200004, 48.137560903000072 ], [ 6.653390457000057, 48.137708167000085 ], [ 6.653200026000093, 48.137849188000082 ], [ 6.653233880000073, 48.138253496000061 ], [ 6.653102697000065, 48.138302601000078 ], [ 6.652782229000081, 48.138497194000081 ], [ 6.652443390000087, 48.138462653000033 ], [ 6.652161006000085, 48.138295747000086 ], [ 6.651627784000084, 48.138357304000067 ], [ 6.650971579000043, 48.138562291000085 ], [ 6.650457553000081, 48.138852951000047 ], [ 6.649946318000048, 48.13918405700008 ], [ 6.649428335000039, 48.139429795000069 ], [ 6.648571504000074, 48.139640978000045 ], [ 6.64745653500006, 48.139999764000038 ], [ 6.646712006000087, 48.139937222000071 ], [ 6.646014918000049, 48.139648011000077 ], [ 6.64527008500005, 48.13958096500005 ], [ 6.644919731000073, 48.139416144000052 ], [ 6.644834557000081, 48.139193581000086 ], [ 6.644481105000068, 48.138983815000081 ], [ 6.644000093000045, 48.138863566000055 ], [ 6.643262624000045, 48.138890863000086 ], [ 6.64286399100007, 48.138952725000081 ], [ 6.642517277000081, 48.138828320000073 ], [ 6.64156739200007, 48.138727052000043 ], [ 6.640494499000056, 48.138769196000055 ], [ 6.640304029000049, 48.13891019600004 ], [ 6.639912117000051, 48.139057415000082 ], [ 6.639312875000087, 48.13912545900007 ], [ 6.638903266000057, 48.139052528000043 ], [ 6.638467479000042, 48.138660626000046 ], [ 6.638262412000074, 48.138626419000047 ], [ 6.638214103000053, 48.138853107000045 ], [ 6.637904233000086, 48.139177944000039 ], [ 6.637639577000073, 48.139231150000057 ], [ 6.637498561000086, 48.139149926000073 ], [ 6.637099610000064, 48.139207275000047 ], [ 6.636980212000083, 48.13939111500008 ], [ 6.636785797000073, 48.139487191000057 ], [ 6.636588596000081, 48.139542817000063 ], [ 6.63630201300009, 48.139326461000053 ], [ 6.635877513000082, 48.139073823000047 ], [ 6.635370117000093, 48.139449784000078 ], [ 6.63438988900009, 48.139799785000037 ], [ 6.634087325000053, 48.140218968000056 ], [ 6.634042088000058, 48.140490597000053 ], [ 6.633792309000057, 48.140723492000063 ], [ 6.63346473200005, 48.140828170000077 ], [ 6.632652219000079, 48.140767635000088 ], [ 6.632261111000048, 48.140914803000051 ], [ 6.630747030000066, 48.141330761000063 ], [ 6.628853891000063, 48.142033104000063 ], [ 6.628208185000062, 48.142368249000072 ], [ 6.627701011000056, 48.142748671000049 ], [ 6.627394981000066, 48.14311839800007 ], [ 6.626876856000081, 48.143364036000037 ], [ 6.626310360000048, 48.14383635300004 ], [ 6.625463461000038, 48.144182174000044 ], [ 6.62526592200004, 48.144233287000077 ], [ 6.624058594000076, 48.14427941100007 ], [ 6.623335585000064, 48.144481788000064 ], [ 6.623145358000045, 48.144627253000067 ], [ 6.623093055000084, 48.144809015000078 ], [ 6.622115729000086, 48.14520385700007 ], [ 6.621668637000084, 48.145492327000056 ], [ 6.618707710000081, 48.146317368000041 ], [ 6.617239535000067, 48.146461503000069 ] ] ] } },
{ "type": "Feature", "properties": { "fid": 416, "gid": 416, "CdEuMasseDEau": "FRCR229", "NomMasseDEau": "VOLOGNE 3", "Etat masse eau ": "Moyen", "Etat ecologique": "Bon", "Etat chimique": "Non atteint", "_swEcologicalStatusOrPotentialValue": "2", "_swChemicalStatusValue": "3" }, "geometry": { "type": "MultiLineString", "coordinates": [ [ [ 6.742727740000078, 48.185045623000072 ], [ 6.742127269000093, 48.185114213000077 ], [ 6.741511211000045, 48.184998628000073 ], [ 6.741089867000085, 48.184791289000088 ], [ 6.740534124000078, 48.184588210000072 ], [ 6.740198957000075, 48.184598835000088 ], [ 6.740000538000061, 48.18465016500005 ], [ 6.739680110000052, 48.184844988000073 ], [ 6.739382670000055, 48.185304820000056 ], [ 6.739349171000072, 48.185711247000086 ], [ 6.73908872700008, 48.185814085000061 ], [ 6.738145020000047, 48.185803450000037 ], [ 6.738069769000049, 48.185715753000068 ], [ 6.737190084000076, 48.185658042000057 ], [ 6.736585576000039, 48.18568169100007 ], [ 6.735567465000088, 48.185583311000073 ], [ 6.733945691000088, 48.185508531000039 ], [ 6.733535593000056, 48.185435932000082 ], [ 6.733042737000062, 48.185181284000073 ], [ 6.732590952000066, 48.184614556000042 ], [ 6.732370933000084, 48.184396314000082 ], [ 6.730558216000077, 48.183656428000063 ], [ 6.730397375000052, 48.183346231000087 ], [ 6.730110170000046, 48.183130109000047 ], [ 6.729700095000055, 48.18305749600006 ], [ 6.728077567000071, 48.182982662000086 ], [ 6.727939993000064, 48.182941969000069 ], [ 6.727268312000092, 48.18296769400007 ], [ 6.726395872000069, 48.182999755000083 ], [ 6.723935333000043, 48.183361194000042 ], [ 6.723196444000052, 48.183389017000081 ], [ 6.722514405000084, 48.183279921000064 ], [ 6.721709157000078, 48.183309827000073 ], [ 6.720377805000055, 48.183495943000082 ], [ 6.719859717000077, 48.183741983000061 ], [ 6.718531923000057, 48.184779221000042 ], [ 6.717752888000064, 48.185934272000047 ], [ 6.717361999000048, 48.186086211000088 ], [ 6.716761167000072, 48.186150179000037 ], [ 6.716115796000054, 48.186490289000062 ], [ 6.715265637000073, 48.186791804000052 ], [ 6.714930768000045, 48.186806851000085 ], [ 6.714374788000043, 48.186599155000067 ], [ 6.713815125000053, 48.186351036000083 ], [ 6.713479418000077, 48.186366106000037 ], [ 6.712689286000057, 48.186575633000082 ], [ 6.712368429000037, 48.186765887000043 ], [ 6.712185143000056, 48.18699685200005 ], [ 6.711742190000052, 48.187330569000039 ], [ 6.710887992000039, 48.187587138000083 ], [ 6.710555960000079, 48.187642619000087 ], [ 6.709739479000064, 48.187537676000034 ], [ 6.70865449300004, 48.187445671000042 ], [ 6.708460031000072, 48.187541862000046 ], [ 6.707934690000059, 48.187697994000082 ], [ 6.70719973100006, 48.187770630000045 ], [ 6.706804485000077, 48.187873126000056 ], [ 6.706632322000075, 48.188238851000051 ], [ 6.705677956000045, 48.18890388300008 ], [ 6.705021851000083, 48.189919858000053 ], [ 6.704570837000063, 48.190163719000047 ], [ 6.703854973000091, 48.190460930000086 ], [ 6.701673075000088, 48.190948260000077 ], [ 6.700128819000042, 48.19181190200004 ], [ 6.698636917000044, 48.192498227000051 ], [ 6.698047435000092, 48.192701362000037 ], [ 6.697581246000084, 48.19276551300004 ], [ 6.697155708000082, 48.192508610000061 ], [ 6.696820406000086, 48.19171291300006 ], [ 6.69660764200006, 48.191584461000048 ], [ 6.693582889000084, 48.191652149000049 ], [ 6.692453067000088, 48.191016424000047 ], [ 6.691751908000072, 48.190682552000055 ], [ 6.691703468000071, 48.190098560000081 ], [ 6.691938125000092, 48.189685866000048 ], [ 6.691904782000052, 48.189281557000072 ], [ 6.691587821000041, 48.188710469000057 ], [ 6.691017657000089, 48.188322952000078 ], [ 6.690111252000065, 48.187954956000056 ], [ 6.68977207100005, 48.187920524000049 ], [ 6.689410149000082, 48.187621070000034 ], [ 6.689324709000061, 48.187398546000047 ], [ 6.689306201000079, 48.186363225000044 ], [ 6.689022290000082, 48.186191945000083 ], [ 6.68868741700004, 48.186206918000039 ], [ 6.688153754000041, 48.186268638000058 ], [ 6.686803989000055, 48.186229749000063 ], [ 6.686114029000066, 48.18603061400006 ], [ 6.685759786000062, 48.185816484000043 ], [ 6.685282331000053, 48.184935120000034 ], [ 6.685192935000089, 48.18466767700005 ], [ 6.684958351000091, 48.184274156000072 ], [ 6.684995932000049, 48.183908165000048 ], [ 6.685111285000062, 48.183679367000082 ], [ 6.685547571000086, 48.183260388000072 ], [ 6.685603676000085, 48.183123518000059 ], [ 6.685574363000057, 48.182764120000058 ], [ 6.68493260300005, 48.182338277000042 ], [ 6.684161270000061, 48.181961516000058 ], [ 6.683258685000055, 48.181633887000032 ], [ 6.682896529000061, 48.181329918000081 ], [ 6.681271833000039, 48.179592569000079 ], [ 6.680675702000087, 48.178890542000033 ], [ 6.680239589000053, 48.178503298000066 ], [ 6.677745519000041, 48.176838058000051 ], [ 6.676951330000065, 48.176191731000081 ], [ 6.676567417000058, 48.175622691000058 ], [ 6.676612465000062, 48.175351052000053 ], [ 6.676844044000063, 48.174893443000087 ], [ 6.676936953000052, 48.174390612000082 ], [ 6.676553893000062, 48.173821545000067 ], [ 6.676255049000076, 48.173470545000043 ], [ 6.675979503000065, 48.173393557000047 ], [ 6.674569984000073, 48.173446479000063 ], [ 6.673887860000093, 48.173332607000077 ], [ 6.673388622000061, 48.172992345000068 ], [ 6.672937582000088, 48.172425384000064 ], [ 6.672856204000084, 48.172247761000051 ], [ 6.672800054000049, 48.17157392200005 ], [ 6.672979492000081, 48.171298100000058 ], [ 6.672968430000083, 48.171163327000045 ], [ 6.672796904000052, 48.170718276000059 ], [ 6.672327736000057, 48.169926681000049 ], [ 6.671690204000072, 48.169545678000077 ], [ 6.670124304000069, 48.169333182000059 ], [ 6.669695964000084, 48.169031235000034 ], [ 6.669140661000085, 48.168827817000079 ], [ 6.668343575000051, 48.168136486000037 ], [ 6.667578813000091, 48.167849497000077 ], [ 6.666103090000092, 48.167904381000085 ], [ 6.664879944000063, 48.167766738000068 ], [ 6.66404209600006, 48.16739642400006 ], [ 6.663430375000075, 48.167325346000041 ], [ 6.662740750000069, 48.167126071000041 ], [ 6.662454222000065, 48.166914277000046 ], [ 6.662338946000091, 48.166332349000072 ], [ 6.661768710000047, 48.16594920600005 ], [ 6.661470849000068, 48.165598140000043 ], [ 6.661042060000057, 48.165300680000087 ], [ 6.660699087000069, 48.165221247000034 ], [ 6.660229979000064, 48.165240310000058 ], [ 6.659688584000037, 48.165212070000052 ], [ 6.658898556000054, 48.165421240000057 ], [ 6.658581900000058, 48.165660762000073 ], [ 6.658521789000076, 48.165752704000056 ], [ 6.658137636000049, 48.165989814000056 ], [ 6.657869224000081, 48.16600264200008 ], [ 6.657526251000093, 48.165923200000073 ], [ 6.65724255300006, 48.165751841000088 ], [ 6.656023744000038, 48.165663517000041 ], [ 6.655680776000054, 48.165584069000033 ], [ 6.655539662000081, 48.165502869000079 ], [ 6.655376204000049, 48.165147624000042 ], [ 6.655014323000046, 48.164843566000059 ], [ 6.654452058000061, 48.164550220000081 ], [ 6.654306686000041, 48.16441960700007 ], [ 6.654340826000066, 48.164013199000067 ], [ 6.654404053000064, 48.163966201000051 ], [ 6.654560695000043, 48.163420881000043 ], [ 6.654531605000045, 48.163061471000049 ], [ 6.654378336000093, 48.162841025000034 ], [ 6.654091865000055, 48.162629210000034 ], [ 6.653555289000053, 48.162645833000056 ], [ 6.652026637000063, 48.162882339000078 ], [ 6.651698958000054, 48.162987067000081 ], [ 6.651511540000058, 48.163173025000049 ], [ 6.651407093000046, 48.163536569000087 ], [ 6.651023236000071, 48.163778151000088 ], [ 6.650680287000057, 48.163698688000068 ], [ 6.65058715400005, 48.163386299000081 ], [ 6.650374618000058, 48.163257761000068 ], [ 6.649681988000054, 48.163013467000042 ], [ 6.649547633000054, 48.163017624000076 ], [ 6.649331464000056, 48.162848661000055 ], [ 6.64902270400006, 48.162362787000063 ], [ 6.648992813000064, 48.162003402000039 ], [ 6.649564398000052, 48.161580366000067 ], [ 6.649742773000071, 48.161300109000081 ], [ 6.649795, 48.161118338000051 ], [ 6.649750997000069, 48.160579233000078 ], [ 6.649300317000041, 48.160012177000056 ], [ 6.649271265000039, 48.159652765000033 ], [ 6.649510065000072, 48.159285064000073 ], [ 6.649204431000044, 48.15884413200007 ], [ 6.649186379000071, 48.158619496000085 ], [ 6.649041037000075, 48.158488876000042 ], [ 6.648411702000089, 48.158197578000056 ], [ 6.648258472000066, 48.15797712400007 ], [ 6.648240735000059, 48.15775698200008 ], [ 6.646913777000066, 48.157171983000069 ], [ 6.646228291000057, 48.15701752700005 ], [ 6.644543454000086, 48.156988538000064 ], [ 6.643872903000045, 48.157013763000073 ], [ 6.643597489000058, 48.156936698000038 ], [ 6.643101392000062, 48.156636753000043 ], [ 6.642673620000039, 48.156339199000058 ], [ 6.642775012000072, 48.155930717000047 ], [ 6.642554644000086, 48.155712330000085 ], [ 6.642219641000054, 48.155722677000085 ], [ 6.641823979000037, 48.155829478000051 ], [ 6.641086273000042, 48.155856762000042 ], [ 6.640892644000076, 48.15595281700007 ], [ 6.640366579000045, 48.156108678000066 ], [ 6.64003467100008, 48.156163962000051 ], [ 6.639620992000062, 48.156046118000063 ], [ 6.639253067000084, 48.155652123000039 ], [ 6.638906562000045, 48.155532204000053 ], [ 6.638168019000091, 48.155559495000034 ], [ 6.638030585000081, 48.155518696000058 ], [ 6.637948511000047, 48.155341073000045 ], [ 6.636968532000083, 48.154880378000087 ], [ 6.63656667500004, 48.154897275000053 ], [ 6.636185599000044, 48.155179258000032 ], [ 6.635943099000087, 48.155506510000073 ], [ 6.635622154000089, 48.155696560000081 ], [ 6.634856055000057, 48.154553674000056 ], [ 6.634364272000084, 48.154303103000082 ], [ 6.633537500000045, 48.154062852000038 ], [ 6.632975160000058, 48.153764908000085 ], [ 6.632509236000089, 48.153828803000067 ], [ 6.632188289000055, 48.154018844000063 ], [ 6.632072242000049, 48.154252115000077 ], [ 6.632105105000051, 48.154656451000051 ], [ 6.63104336300006, 48.154828767000083 ], [ 6.629630365000082, 48.154836235000062 ], [ 6.629280489000053, 48.15466684900008 ], [ 6.629176552000047, 48.15421966200006 ], [ 6.629255311000065, 48.153541660000087 ], [ 6.629639502000089, 48.15330464200008 ], [ 6.629628554000078, 48.153169864000063 ], [ 6.628589380000051, 48.152801001000057 ], [ 6.627851709000083, 48.15282820200008 ], [ 6.627520118000064, 48.152887945000089 ], [ 6.627169422000065, 48.152718579000073 ], [ 6.626860925000074, 48.152232643000048 ], [ 6.626488665000068, 48.151798212000081 ], [ 6.626329371000054, 48.151487840000073 ], [ 6.626284776000091, 48.150948748000083 ], [ 6.626382359000047, 48.150495362000072 ], [ 6.625571247000039, 48.149624036000034 ], [ 6.625281037000093, 48.149367231000042 ], [ 6.624803899000085, 48.149291822000073 ], [ 6.623402819000091, 48.149433969000086 ], [ 6.622318458000052, 48.149336675000086 ], [ 6.621602685000084, 48.14963339600007 ], [ 6.620536557000094, 48.149765221000052 ], [ 6.619791083000052, 48.149702535000081 ], [ 6.618364223000071, 48.149530144000039 ], [ 6.617190877000041, 48.149165302000085 ], [ 6.616412675000049, 48.148698254000067 ], [ 6.616037448000043, 48.148218843000052 ], [ 6.615951542000062, 48.14799628600008 ], [ 6.617239535000067, 48.146461503000069 ], [ 6.61675658300004, 48.145489976000079 ], [ 6.616992467000046, 48.145077393000072 ], [ 6.616888653000046, 48.144630193000069 ], [ 6.616520138000055, 48.144236151000086 ], [ 6.615601021000089, 48.143687847000081 ], [ 6.614491061000081, 48.143275999000082 ], [ 6.614200633000053, 48.143014672000049 ], [ 6.613585654000076, 48.142902910000032 ], [ 6.612353469000084, 48.142634409000038 ], [ 6.609917707000079, 48.141641603000039 ], [ 6.609210743000062, 48.141217368000071 ], [ 6.608835327000065, 48.140733437000051 ], [ 6.608508664000055, 48.140027325000062 ], [ 6.608435497000073, 48.139128795000033 ], [ 6.607978463000052, 48.138471710000033 ], [ 6.607789722000064, 48.137801909000082 ], [ 6.60756650400009, 48.13753851000007 ], [ 6.607003954000049, 48.137244958000053 ], [ 6.60634344500005, 48.135738361000051 ], [ 6.605972002000044, 48.135299338000038 ], [ 6.60554767900004, 48.135046590000059 ], [ 6.604713526000069, 48.134716297000068 ], [ 6.604506986000047, 48.133821842000089 ], [ 6.603766698000072, 48.132993248000048 ], [ 6.602827209000054, 48.131364549000068 ], [ 6.601514504000079, 48.130107555000052 ], [ 6.600443373000076, 48.129334088000064 ], [ 6.597336311000049, 48.127510316000041 ], [ 6.596795642000075, 48.127486282000064 ], [ 6.596534902000087, 48.127584315000043 ], [ 6.59621429200007, 48.127778756000055 ], [ 6.595695866000085, 48.128019765000033 ], [ 6.595014805000062, 48.127909928000072 ], [ 6.59222688400007, 48.126706831000043 ], [ 6.591523075510567, 48.126143510179105 ] ] ] } },
{ "type": "Feature", "properties": { "fid": 420, "gid": 420, "CdEuMasseDEau": "FRCR230", "NomMasseDEau": "NEUNE", "Etat masse eau ": "Moyen", "Etat ecologique": "Moyen", "Etat chimique": "Non atteint", "_swEcologicalStatusOrPotentialValue": "3", "_swChemicalStatusValue": "3" }, "geometry": { "type": "MultiLineString", "coordinates": [ [ [ 6.926099259000068, 48.123480215000086 ], [ 6.925291195000057, 48.123471097000049 ], [ 6.923145825000063, 48.123551550000059 ], [ 6.922219391000056, 48.123726541000053 ], [ 6.920621783000058, 48.123923857000079 ], [ 6.91944656000004, 48.124327835000088 ], [ 6.918239952000079, 48.124376970000071 ], [ 6.918042771000046, 48.124428574000042 ], [ 6.917091382000081, 48.125095369000064 ], [ 6.916377597000064, 48.125393881000043 ], [ 6.914662355000075, 48.125775212000072 ], [ 6.912985873000082, 48.125839900000081 ], [ 6.912793183000076, 48.125940897000078 ], [ 6.912890795000067, 48.126293528000083 ], [ 6.913045036000085, 48.126513642000077 ], [ 6.913135027000067, 48.127546738000042 ], [ 6.913240474000077, 48.127993708000083 ], [ 6.91354362900006, 48.128384560000086 ], [ 6.91372871100009, 48.128964026000062 ], [ 6.914170626000043, 48.12939982100005 ], [ 6.91428409100007, 48.129932112000063 ], [ 6.913865391000058, 48.130536134000067 ], [ 6.913932068000065, 48.131299719000083 ], [ 6.913623940000093, 48.131625280000037 ], [ 6.91296550800007, 48.131786788000056 ], [ 6.912409193000087, 48.132350325000061 ], [ 6.91201476100008, 48.132453511000051 ], [ 6.911880505000056, 48.13245796700005 ], [ 6.911379639000074, 48.132884517000043 ], [ 6.911150275000068, 48.13334259700008 ], [ 6.910901246000037, 48.133580600000073 ], [ 6.90993461700009, 48.134067643000037 ], [ 6.909973758000092, 48.134516812000072 ], [ 6.909148857000048, 48.13508924000007 ], [ 6.908494534000056, 48.135295631000083 ], [ 6.908047919000069, 48.135580720000064 ], [ 6.90738525800009, 48.135697288000081 ], [ 6.90700277500008, 48.135939704000073 ], [ 6.906951457000048, 48.136121592000052 ], [ 6.906516478000071, 48.136541429000033 ], [ 6.906480971000065, 48.13690297900007 ], [ 6.906216598000071, 48.136956787000088 ], [ 6.90596004400004, 48.137104934000043 ], [ 6.905474563000041, 48.137706626000067 ], [ 6.905419076000044, 48.137843604000068 ], [ 6.905529481000087, 48.138335458000086 ], [ 6.905473993000044, 48.138472436000086 ], [ 6.905725319000055, 48.139049714000073 ], [ 6.905867918000069, 48.139135082000053 ], [ 6.905895380000061, 48.139449498000033 ], [ 6.905791890000046, 48.139813300000071 ], [ 6.905476176000093, 48.14004899300005 ], [ 6.90532135400008, 48.140594680000049 ], [ 6.905077266000092, 48.140877550000077 ], [ 6.904788998000072, 48.141427656000083 ], [ 6.904764284000066, 48.141923986000052 ], [ 6.904476007000085, 48.142474091000047 ], [ 6.904522594000071, 48.14301310500008 ], [ 6.904633001000093, 48.14350495900004 ], [ 6.904541141000038, 48.144003511000051 ], [ 6.904513101000077, 48.144454903000053 ], [ 6.904264829000056, 48.144692862000056 ], [ 6.904141598000081, 48.145597870000081 ], [ 6.903644373000077, 48.146064798000047 ], [ 6.903540855000074, 48.146428595000089 ], [ 6.902708216000065, 48.146911129000046 ], [ 6.902735663000044, 48.147225544000037 ], [ 6.902881601000047, 48.147355851000043 ], [ 6.902896566000038, 48.147535541000082 ], [ 6.902581124000051, 48.147775718000048 ], [ 6.90198511400007, 48.147885538000082 ], [ 6.901156597000067, 48.148412968000059 ], [ 6.900654653000061, 48.148839496000051 ], [ 6.900165178000066, 48.149400746000083 ], [ 6.898194712000077, 48.150736210000048 ], [ 6.897211865000088, 48.151043482000034 ], [ 6.896462032000045, 48.151703412000082 ], [ 6.896292139000082, 48.152069393000033 ], [ 6.895958602000064, 48.153661524000086 ], [ 6.895840073000045, 48.153845623000052 ], [ 6.895515920000094, 48.153991470000051 ], [ 6.895153185000083, 48.154458416000068 ], [ 6.895109279000053, 48.154730141000073 ], [ 6.894919432000052, 48.154871550000053 ], [ 6.894872209000084, 48.155098338000073 ], [ 6.894113981000089, 48.155668434000063 ], [ 6.894062600000041, 48.155850314000077 ], [ 6.893750383000054, 48.156135403000064 ], [ 6.893689951000056, 48.156993266000086 ], [ 6.893234858000085, 48.157954251000042 ], [ 6.893270561000065, 48.158358483000086 ], [ 6.893088164000062, 48.158589733000042 ], [ 6.893186876000073, 48.158946838000077 ], [ 6.893903822000084, 48.159459209000033 ], [ 6.893722264000076, 48.159690432000048 ], [ 6.893469718000063, 48.159883457000042 ], [ 6.892475053000055, 48.160055935000059 ], [ 6.889874094000049, 48.160335453000073 ], [ 6.88884409700006, 48.160873932000072 ], [ 6.887864316000048, 48.161226060000047 ], [ 6.887138272000072, 48.161389635000042 ], [ 6.886427975000061, 48.161732867000069 ], [ 6.88599262200006, 48.162152621000082 ], [ 6.886043185000062, 48.162736543000051 ], [ 6.886503885000081, 48.16339253600006 ], [ 6.886551146000045, 48.163931522000041 ], [ 6.886373179000088, 48.164212163000059 ], [ 6.885938645000067, 48.164631888000088 ], [ 6.885463777000041, 48.165372761000071 ], [ 6.885147819000053, 48.165608396000039 ], [ 6.884765018000053, 48.165850735000049 ], [ 6.884460654000065, 48.166221121000042 ], [ 6.884274885000082, 48.166407420000041 ], [ 6.884390890000077, 48.167754952000053 ], [ 6.884288036000044, 48.168118700000043 ], [ 6.884062432000064, 48.168621625000071 ], [ 6.88352447200009, 48.16940960900007 ], [ 6.883034624000061, 48.169970781000082 ], [ 6.882488854000087, 48.170664421000083 ], [ 6.882200518000047, 48.171218955000086 ], [ 6.882052816000055, 48.171854445000072 ], [ 6.882095894000088, 48.172348520000071 ], [ 6.882414815000061, 48.172919102000037 ], [ 6.882971311000063, 48.173126009000043 ] ], [ [ 6.936610142000063, 48.129062347000058 ], [ 6.935974926000085, 48.129488993000052 ], [ 6.935359292000044, 48.130144724000047 ], [ 6.93457408200004, 48.13116649300008 ], [ 6.934293708000041, 48.131806519000072 ], [ 6.933981850000066, 48.132091719000073 ], [ 6.931962494000061, 48.133609634000038 ], [ 6.930486963000078, 48.134433664000085 ], [ 6.929389915000058, 48.134974773000067 ], [ 6.928951780000091, 48.135349757000085 ], [ 6.927448061000064, 48.137390960000062 ], [ 6.926986563000071, 48.138266738000077 ], [ 6.926805222000041, 48.138498015000039 ], [ 6.926299904000075, 48.138875225000049 ], [ 6.925774854000053, 48.139032359000055 ], [ 6.923439472000041, 48.139258769000037 ], [ 6.922358952000081, 48.139209139000059 ], [ 6.92166872100006, 48.139011375000052 ], [ 6.921247038000047, 48.138804673000038 ], [ 6.920623952000085, 48.138604669000081 ], [ 6.920134807000068, 48.138395702000082 ], [ 6.91986326500006, 48.138364190000061 ], [ 6.919397493000076, 48.13842472500005 ], [ 6.918793608000044, 48.138449308000077 ], [ 6.918111747000069, 48.138341339000078 ], [ 6.917551641000045, 48.138094178000081 ], [ 6.91726809000005, 48.137923414000056 ], [ 6.916798480000068, 48.137943525000082 ], [ 6.916017384000043, 48.138244263000047 ], [ 6.915544106000084, 48.138214938000033 ], [ 6.915327190000085, 48.138046461000044 ], [ 6.914972341000066, 48.137833013000034 ], [ 6.91457403600009, 48.137895793000041 ], [ 6.914131602000055, 48.138225813000084 ], [ 6.91373701200007, 48.139099309000073 ], [ 6.913829586000077, 48.140938647000041 ], [ 6.913809966000088, 48.141479859000071 ], [ 6.913833307000061, 48.141749364000077 ], [ 6.913990927000043, 48.142014411000048 ], [ 6.914116422000063, 48.14268594400005 ], [ 6.91442750300007, 48.143171128000063 ], [ 6.914656110000067, 48.143474359000038 ], [ 6.914873379000085, 48.143647331000068 ], [ 6.915270031000091, 48.145116193000042 ], [ 6.915640777000078, 48.145509299000082 ], [ 6.915514832000042, 48.145603575000052 ], [ 6.915679131000047, 48.147490076000047 ], [ 6.916396979000069, 48.148002286000064 ], [ 6.916482899000073, 48.148990456000043 ], [ 6.915969063000091, 48.149277803000082 ], [ 6.915858958000058, 48.14955173900006 ], [ 6.915673691000052, 48.149742583000034 ], [ 6.915692539000077, 48.149962685000048 ], [ 6.915270364000037, 48.150521768000033 ], [ 6.915368371000056, 48.150878885000047 ], [ 6.915620704000048, 48.151456109000037 ], [ 6.916050811000048, 48.151752645000045 ], [ 6.916464231000077, 48.151869548000043 ], [ 6.916412930000092, 48.152051438000058 ], [ 6.916298982000058, 48.152284959000042 ], [ 6.916251014000068, 48.152511785000058 ], [ 6.91606540500004, 48.152698135000037 ], [ 6.916159672000049, 48.153776118000053 ], [ 6.915985737000085, 48.15409722000004 ], [ 6.915499375000081, 48.154698974000041 ], [ 6.915381245000049, 48.154887587000083 ], [ 6.914465577000044, 48.155192771000088 ], [ 6.914414267000041, 48.155374660000064 ], [ 6.91423281200008, 48.155605915000081 ], [ 6.913763044000064, 48.155626013000081 ], [ 6.913301283000067, 48.155731431000049 ], [ 6.912791867000067, 48.156068164000033 ], [ 6.911931654000057, 48.156236349000039 ], [ 6.911328402000038, 48.156260865000043 ], [ 6.911004277000075, 48.156406754000045 ], [ 6.910305867000091, 48.156884883000032 ], [ 6.909824423000089, 48.156770214000062 ], [ 6.909488628000076, 48.156781347000049 ], [ 6.909165667000082, 48.156931697000061 ], [ 6.908561233000057, 48.156951734000081 ], [ 6.908505734000073, 48.157088712000082 ], [ 6.908253255000091, 48.157281769000072 ], [ 6.907728474000066, 48.157434299000045 ], [ 6.906820542000048, 48.157833761000063 ], [ 6.906508889000065, 48.158114362000049 ], [ 6.906267719000084, 48.158437673000037 ], [ 6.905766561000064, 48.158864191000077 ], [ 6.905363590000093, 48.15887753800007 ], [ 6.904463609000061, 48.15936230300008 ], [ 6.904199454000093, 48.159420600000033 ], [ 6.904009615000064, 48.159562022000046 ], [ 6.90347680800005, 48.159629211000038 ], [ 6.903496780000069, 48.159853779000059 ], [ 6.903191743000093, 48.160224242000083 ], [ 6.902600087000053, 48.160383466000042 ], [ 6.90254040700006, 48.160475533000067 ], [ 6.902208749000067, 48.160531554000045 ], [ 6.901502722000089, 48.160919785000033 ], [ 6.90118635500005, 48.161159984000051 ], [ 6.901000662000058, 48.161346310000056 ], [ 6.900732841000092, 48.161355169000046 ], [ 6.899706909000088, 48.161172880000038 ], [ 6.899173748000067, 48.161235555000083 ], [ 6.89886236600006, 48.161520629000051 ], [ 6.898119042000076, 48.162270437000082 ], [ 6.898292107000088, 48.162710668000045 ], [ 6.897972396000057, 48.16290592200005 ], [ 6.898071148000042, 48.16326302300007 ], [ 6.89811319800009, 48.163752630000033 ], [ 6.897801796000067, 48.164037700000051 ], [ 6.897820906000049, 48.16426229700005 ], [ 6.897646825000038, 48.16458336900007 ], [ 6.897335083000087, 48.164863944000047 ], [ 6.896679505000066, 48.165070293000042 ], [ 6.895909524000047, 48.165505645000053 ], [ 6.894981933000054, 48.165675924000077 ], [ 6.89368735100004, 48.166268224000078 ], [ 6.89269256700004, 48.166440703000042 ], [ 6.892364506000092, 48.166546125000082 ], [ 6.892372813000065, 48.166635942000077 ], [ 6.891977246000067, 48.166739086000064 ], [ 6.891405408000082, 48.167122823000057 ], [ 6.891285993000054, 48.167306943000085 ], [ 6.891383934000089, 48.168429843000069 ], [ 6.89090546500006, 48.169121307000069 ], [ 6.890533441000059, 48.169498445000045 ], [ 6.889803979000078, 48.16961709900005 ], [ 6.889219640000079, 48.169866099000046 ], [ 6.88750439800009, 48.171057780000069 ], [ 6.886477985000056, 48.17163664900005 ], [ 6.886209270000052, 48.171645503000043 ], [ 6.885254515000042, 48.171505785000079 ], [ 6.885045523000088, 48.17142257900008 ], [ 6.884742, 48.171027171000048 ], [ 6.88441804200005, 48.17117747900005 ], [ 6.884295286000054, 48.171316657000034 ], [ 6.884255457000052, 48.171633283000062 ], [ 6.883769743000073, 48.172239365000053 ], [ 6.883532516000059, 48.172607535000047 ], [ 6.882971311000063, 48.173126009000043 ] ], [ [ 6.854774592000069, 48.154488064000077 ], [ 6.853387472000065, 48.155578437000088 ], [ 6.852487070000052, 48.156062808000058 ], [ 6.852098397000077, 48.157021440000051 ], [ 6.850765443000057, 48.158740629000079 ], [ 6.850167317000057, 48.159620506000067 ], [ 6.850214204000054, 48.160159508000049 ], [ 6.850520355000072, 48.160595451000063 ], [ 6.850591639000072, 48.160638167000059 ], [ 6.850607270000069, 48.160817834000056 ], [ 6.850933506000047, 48.161482847000059 ], [ 6.851239671000087, 48.161918788000037 ], [ 6.851345503000061, 48.162365775000069 ], [ 6.851226799000074, 48.162549828000067 ], [ 6.850598214000058, 48.163070345000051 ], [ 6.850648387000092, 48.163654282000039 ], [ 6.850533795000047, 48.163883245000079 ], [ 6.849774963000073, 48.164453053000045 ], [ 6.849261781000052, 48.164744573000064 ], [ 6.849087403000056, 48.165065573000049 ], [ 6.84902211800005, 48.165878498000041 ], [ 6.848338647000048, 48.166535923000083 ], [ 6.848156025000037, 48.166767102000051 ], [ 6.847485450000079, 48.166793484000038 ], [ 6.847228258000087, 48.166937006000069 ], [ 6.846687914000086, 48.166914090000034 ], [ 6.846304599000064, 48.167151812000043 ], [ 6.84504393800006, 48.168147849000043 ], [ 6.845047211000065, 48.168192786000077 ], [ 6.844779346000053, 48.168201518000046 ], [ 6.843854815000043, 48.168416332000049 ], [ 6.843586436000066, 48.168429582000051 ], [ 6.843132647000061, 48.168624545000057 ], [ 6.842752903000076, 48.168911685000069 ], [ 6.842566977000047, 48.169097918000034 ], [ 6.842373667000061, 48.16919430300004 ], [ 6.841677738000044, 48.169716958000038 ], [ 6.839856515000065, 48.170460927000079 ], [ 6.83836703500009, 48.17114902700007 ], [ 6.837663665000093, 48.171581810000077 ], [ 6.836657076000051, 48.17180373900004 ], [ 6.836337126000046, 48.171814145000042 ], [ 6.835666480000043, 48.171840459000073 ], [ 6.834469857000045, 48.172019 ], [ 6.833854077000069, 48.171908389000073 ], [ 6.832989252000061, 48.172031086000061 ], [ 6.832128525000087, 48.172198687000048 ], [ 6.830974809000054, 48.172875780000084 ], [ 6.830327075000071, 48.173171579000041 ], [ 6.829686369000058, 48.17355272900005 ], [ 6.828967336000062, 48.173805792000053 ], [ 6.828718586000093, 48.174043587000085 ], [ 6.828666961000067, 48.174225436000086 ], [ 6.828026231000081, 48.174606577000077 ], [ 6.828060607000055, 48.175010851000081 ], [ 6.827945053000064, 48.175239817000033 ], [ 6.827502931000083, 48.175573970000073 ], [ 6.827238285000078, 48.175627600000041 ], [ 6.826299166000069, 48.175667073000056 ], [ 6.824647990000074, 48.176044930000046 ], [ 6.82423751500005, 48.175968151000063 ], [ 6.823957644000075, 48.175846598000078 ], [ 6.823159918000044, 48.17596704500005 ], [ 6.822906711000087, 48.176155424000058 ], [ 6.822299096000052, 48.176134574000059 ], [ 6.821442364000063, 48.176347007000061 ], [ 6.821117866000066, 48.176492647000032 ], [ 6.820640530000048, 48.176422526000067 ], [ 6.820431620000079, 48.17633920600008 ], [ 6.820100101000037, 48.176399489000062 ], [ 6.819779692000054, 48.17659003700004 ], [ 6.819791130000056, 48.176724795000041 ], [ 6.819596911000076, 48.176821170000039 ], [ 6.818807344000049, 48.177031408000062 ], [ 6.818483161000074, 48.177181535000045 ], [ 6.818009589000042, 48.177151820000063 ], [ 6.817357639000079, 48.177402637000057 ], [ 6.816709773000071, 48.177698361000068 ], [ 6.81617667200004, 48.177765155000088 ], [ 6.816050472000086, 48.177859323000064 ], [ 6.815714523000054, 48.177870189000032 ], [ 6.815651423000077, 48.177917273000048 ], [ 6.815315798000086, 48.177932632000079 ], [ 6.814663502000087, 48.178178941000056 ], [ 6.81432787600005, 48.178194297000061 ], [ 6.813932910000062, 48.178297152000077 ], [ 6.813396551000039, 48.178318995000041 ], [ 6.812807670000041, 48.178522704000045 ], [ 6.812431451000066, 48.17885016200006 ], [ 6.811909751000087, 48.179051695000055 ], [ 6.811033341000041, 48.179039472000056 ], [ 6.81023962200004, 48.179204742000081 ], [ 6.81011665300008, 48.179343841000048 ], [ 6.809777774000054, 48.179314247000043 ], [ 6.809244323000087, 48.179376515000058 ], [ 6.808975879000059, 48.179389687000082 ], [ 6.808490883000047, 48.179225174000067 ], [ 6.807925628000078, 48.17969835100007 ], [ 6.807008910000093, 48.180002696000088 ], [ 6.806755950000081, 48.180195533000081 ], [ 6.80670748600005, 48.180422309000051 ], [ 6.806872524000084, 48.180772820000072 ], [ 6.806977178000068, 48.181219868000085 ], [ 6.80685827800005, 48.181403874000068 ], [ 6.806356099000084, 48.181829964000087 ], [ 6.805838427000083, 48.182076380000069 ], [ 6.804720068000052, 48.182387210000059 ], [ 6.804269580000039, 48.182631453000056 ], [ 6.803092161000052, 48.183034255000052 ], [ 6.802428673000065, 48.183150229000034 ], [ 6.801649496000039, 48.183495138000069 ], [ 6.800512379000054, 48.183581319000041 ], [ 6.800136371000065, 48.183913230000087 ], [ 6.800143684000091, 48.184003079000043 ], [ 6.80001744100008, 48.184097230000077 ], [ 6.800048372000049, 48.184456571000055 ], [ 6.799999875000083, 48.184683344000064 ], [ 6.799672032000046, 48.18478398700006 ], [ 6.799620297000047, 48.184965822000038 ], [ 6.799556657000039, 48.18501741700004 ], [ 6.799445874000071, 48.185291238000048 ], [ 6.79913672400005, 48.185616488000051 ], [ 6.798796971000058, 48.185586889000042 ], [ 6.797763288000056, 48.185309374000042 ], [ 6.797424054000089, 48.185275251000064 ], [ 6.797107908000044, 48.185515140000064 ], [ 6.797056163000093, 48.185696974000052 ], [ 6.796798743000068, 48.185840384000073 ], [ 6.796817432000068, 48.186064993000059 ], [ 6.796508261000042, 48.186390236000079 ], [ 6.796397783000089, 48.186668547000068 ], [ 6.796002719000057, 48.186771342000043 ], [ 6.795685393000042, 48.187006760000088 ], [ 6.795164389000092, 48.187208191000082 ], [ 6.794567194000081, 48.187321986000086 ], [ 6.794381033000093, 48.18750814100008 ], [ 6.793930453000087, 48.187752343000056 ], [ 6.793949970000085, 48.187976925000051 ], [ 6.794165864000092, 48.188145647000056 ], [ 6.794196758000055, 48.18850498900008 ], [ 6.793813373000091, 48.188747030000059 ], [ 6.793488724000042, 48.188892593000048 ], [ 6.793448337000086, 48.189209185000038 ], [ 6.793254864000062, 48.189305488000059 ], [ 6.792515929000047, 48.189333744000074 ], [ 6.791923614000041, 48.189492410000071 ], [ 6.790887657000042, 48.18998061800005 ], [ 6.790212691000079, 48.189961763000042 ], [ 6.788007100000073, 48.189370473000047 ], [ 6.786578622000093, 48.189200122000045 ], [ 6.786242918000085, 48.189215398000051 ], [ 6.784955825000054, 48.189126070000043 ], [ 6.78441934500006, 48.189147781000088 ], [ 6.783755739000071, 48.189263649000047 ], [ 6.783218094000063, 48.189280888000042 ], [ 6.78287916700009, 48.189251217000049 ], [ 6.78241685100005, 48.18935612000007 ], [ 6.781898994000073, 48.189602431000083 ], [ 6.781648795000081, 48.18983565700006 ] ], [ [ 6.908282969000084, 48.168447660000083 ], [ 6.906372572000066, 48.168929874000071 ], [ 6.905535440000051, 48.169367512000072 ], [ 6.904583083000091, 48.170034186000073 ], [ 6.90416446100005, 48.170633635000058 ], [ 6.904124161000084, 48.171716061000041 ], [ 6.903879083000049, 48.171998951000042 ], [ 6.902346177000084, 48.172955088000037 ], [ 6.90200666700008, 48.173691551000047 ], [ 6.901587147000043, 48.174291017000087 ], [ 6.901264056000059, 48.174441344000059 ], [ 6.900801266000087, 48.174546740000039 ], [ 6.900608374000058, 48.17464771300007 ], [ 6.900390379000044, 48.175240511000077 ], [ 6.899940062000042, 48.175480626000081 ], [ 6.898794624000061, 48.176248223000073 ], [ 6.897692732000053, 48.176739592000047 ], [ 6.896318387000065, 48.177965176000043 ], [ 6.895333465000078, 48.179038243000043 ], [ 6.895175107000057, 48.179538967000042 ], [ 6.895186738000064, 48.17967371800006 ], [ 6.894871070000079, 48.179913870000064 ], [ 6.894483721000086, 48.180106838000086 ], [ 6.894325352000067, 48.180607561000045 ], [ 6.894285576000073, 48.180924188000063 ], [ 6.894044559000065, 48.181251963000079 ], [ 6.893886183000063, 48.18175268400006 ], [ 6.893663927000091, 48.182300558000072 ], [ 6.893754375000071, 48.182567843000072 ], [ 6.89378178700008, 48.18288225200007 ], [ 6.893484860000058, 48.183342500000037 ], [ 6.893489016000046, 48.183387408000051 ], [ 6.892683109000075, 48.184184267000042 ], [ 6.89235493700005, 48.184289688000042 ], [ 6.892233012000077, 48.18442884500007 ], [ 6.892160898000043, 48.185151940000083 ], [ 6.891871414000093, 48.185702026000058 ], [ 6.891682619000051, 48.185847892000083 ], [ 6.891448701000058, 48.186261010000067 ], [ 6.891282816000057, 48.186671883000088 ], [ 6.891309376000038, 48.186986320000081 ], [ 6.891955403000054, 48.188221758000047 ], [ 6.892503536000049, 48.189100065000048 ], [ 6.892486996000059, 48.189686191000078 ], [ 6.892269179000039, 48.190283461000043 ], [ 6.891715850000082, 48.190887291000081 ], [ 6.891241605000062, 48.190862391000053 ], [ 6.890878248000092, 48.191324819000044 ], [ 6.890521843000045, 48.191881609000063 ], [ 6.890323593000062, 48.192698946000064 ], [ 6.890038202000085, 48.193293932000081 ], [ 6.889536581000073, 48.19372037100004 ], [ 6.889492614000062, 48.193992087000083 ], [ 6.888299823000068, 48.194216078000068 ], [ 6.887845469000069, 48.19441573000006 ], [ 6.88677047300007, 48.195221399000047 ], [ 6.886023192000039, 48.195926178000043 ], [ 6.885533124000062, 48.196487350000041 ], [ 6.884841412000071, 48.197055158000069 ], [ 6.884477116000085, 48.197517591000064 ], [ 6.883785379000074, 48.198085392000053 ], [ 6.883279515000083, 48.198466895000081 ], [ 6.883385691000058, 48.198913842000081 ], [ 6.883271165000053, 48.199142831000081 ], [ 6.882906841000079, 48.199605259000073 ], [ 6.882337888000052, 48.200033877000067 ], [ 6.881994357000053, 48.19995509000006 ], [ 6.881315083000061, 48.19989184700006 ], [ 6.880695574000072, 48.199736548000033 ], [ 6.879273967000074, 48.199657162000051 ], [ 6.877844917000061, 48.199487916000074 ], [ 6.877351234000059, 48.199233873000082 ], [ 6.876873618000047, 48.199163980000037 ], [ 6.87419185300007, 48.199310603000072 ], [ 6.873303843000088, 48.199168584000063 ], [ 6.872498440000072, 48.199199519000047 ], [ 6.871822996000049, 48.199176637000051 ], [ 6.871202682000046, 48.199021315000039 ], [ 6.870777420000081, 48.198769506000083 ], [ 6.870698634000064, 48.198636959000055 ] ], [ [ 6.882971311000063, 48.173126009000043 ], [ 6.882852693000075, 48.173310093000055 ], [ 6.882887488000051, 48.173714351000058 ], [ 6.883048864000045, 48.174019848000057 ], [ 6.883119353000041, 48.174062573000072 ], [ 6.883202280000091, 48.174240022000049 ], [ 6.883091113000091, 48.174513951000051 ], [ 6.882968347000087, 48.174653126000067 ], [ 6.882443651000074, 48.174810036000054 ], [ 6.882253699000046, 48.174951422000049 ], [ 6.882291729000087, 48.176166379000051 ], [ 6.88212496500006, 48.176577270000053 ], [ 6.881951078000043, 48.176902810000058 ], [ 6.88200990200005, 48.177576545000079 ], [ 6.881887125000048, 48.177715719000048 ], [ 6.881492294000054, 48.177818800000068 ], [ 6.881365371000072, 48.177913066000087 ], [ 6.881135882000081, 48.178375567000046 ], [ 6.88117481200004, 48.178824733000056 ], [ 6.881340339000076, 48.179175140000041 ], [ 6.881394172000057, 48.179803993000064 ], [ 6.881176780000089, 48.180396725000037 ], [ 6.880250641000089, 48.182147891000056 ], [ 6.880340690000082, 48.182410692000083 ], [ 6.880379616000084, 48.182859857000039 ], [ 6.880193167000073, 48.183816427000068 ], [ 6.879970761000038, 48.184364275000064 ], [ 6.879965675000051, 48.185085153000045 ], [ 6.879791417000092, 48.185406194000052 ], [ 6.879475314000047, 48.18564181000005 ], [ 6.879356655000038, 48.185825889000057 ], [ 6.87932423400008, 48.186232355000072 ], [ 6.879177625000068, 48.186872300000061 ], [ 6.878710419000072, 48.187698457000067 ], [ 6.878776661000074, 48.188462032000082 ], [ 6.878736786000047, 48.188778653000043 ], [ 6.87876315300008, 48.189858848000085 ], [ 6.878707542000086, 48.189995809000038 ], [ 6.877830936000066, 48.189984081000034 ], [ 6.877574044000085, 48.190132161000072 ], [ 6.877536070000076, 48.19026854100008 ], [ 6.877419627000052, 48.190677765000032 ], [ 6.877324126000076, 48.191131345000088 ], [ 6.877430238000045, 48.191578299000071 ], [ 6.87765105200009, 48.192062024000052 ], [ 6.878095034000069, 48.193038404000049 ], [ 6.877759001000072, 48.193049447000078 ], [ 6.877565668000045, 48.19314588900005 ], [ 6.877331937000065, 48.193563469000082 ], [ 6.877141903000052, 48.19370484600006 ], [ 6.877374988000042, 48.194057540000081 ], [ 6.877520663000041, 48.194183381000073 ], [ 6.877390720000051, 48.194237199000042 ], [ 6.877547984000046, 48.19449779200005 ], [ 6.87769729300004, 48.194673062000049 ], [ 6.877527132000068, 48.195039005000069 ], [ 6.877207149000071, 48.195234199000083 ], [ 6.876779731000056, 48.195743726000046 ], [ 6.876147701000093, 48.196219431000088 ], [ 6.875752211000076, 48.196327013000086 ], [ 6.875563004000071, 48.19646835900005 ], [ 6.875518962000058, 48.196740069000043 ], [ 6.875336355000059, 48.196971285000082 ], [ 6.874578154000062, 48.197541211000043 ], [ 6.87404822600007, 48.197653201000037 ], [ 6.873266004000072, 48.197953644000052 ], [ 6.872871005000093, 48.198056694000059 ], [ 6.872752296000044, 48.198240765000037 ], [ 6.872712377000084, 48.198557382000047 ], [ 6.872388216000047, 48.198707654000088 ], [ 6.871925996000073, 48.198812908000043 ], [ 6.871250887000088, 48.198794515000088 ], [ 6.870698634000064, 48.198636959000055 ] ], [ [ 6.781648795000081, 48.18983565700006 ], [ 6.781368949000068, 48.189714005000042 ], [ 6.78107015900008, 48.189363247000081 ], [ 6.78103613400009, 48.188958964000051 ], [ 6.781162423000069, 48.188864834000071 ], [ 6.781143800000052, 48.18864022300005 ], [ 6.780979426000044, 48.188285157000053 ], [ 6.780825878000087, 48.188069374000072 ], [ 6.780191082000044, 48.187729380000064 ], [ 6.779892633000088, 48.187383112000077 ], [ 6.77962382000004, 48.187391723000083 ], [ 6.77936718300009, 48.187535068000045 ], [ 6.778554108000037, 48.187480034000032 ], [ 6.778292570000076, 48.187578492000057 ], [ 6.777818927000055, 48.187548616000072 ], [ 6.777733437000052, 48.187330649000046 ], [ 6.778061016000038, 48.187225574000081 ], [ 6.778116885000088, 48.187088660000086 ], [ 6.77797520300004, 48.187003114000049 ], [ 6.777818453000066, 48.186742388000077 ], [ 6.777795787000059, 48.186472864000052 ], [ 6.777843541000038, 48.186246127000061 ], [ 6.777484867000055, 48.185987362000049 ], [ 6.776254063000067, 48.185765518000039 ], [ 6.776190918000054, 48.18581258100005 ], [ 6.776347657000088, 48.186073309000051 ], [ 6.77622490400006, 48.186216867000041 ], [ 6.775952880000091, 48.186180531000048 ], [ 6.775739946000044, 48.186052220000079 ], [ 6.775333002000082, 48.186024705000079 ], [ 6.775128181000071, 48.18598621700005 ], [ 6.77490798000008, 48.18576805400005 ], [ 6.774572294000052, 48.185783298000047 ], [ 6.77406138300006, 48.186114931000077 ], [ 6.773469049000084, 48.186273504000042 ], [ 6.773286871000039, 48.186504537000083 ], [ 6.77324552500005, 48.186821149000082 ], [ 6.772996463000084, 48.187058825000072 ], [ 6.77279485300005, 48.187065271000051 ], [ 6.772585977000063, 48.186981867000043 ], [ 6.772507454000049, 48.186849253000048 ], [ 6.772556071000054, 48.186622492000083 ], [ 6.772473496000089, 48.186444967000057 ], [ 6.771940251000046, 48.186511560000042 ], [ 6.771556778000047, 48.186753529000043 ], [ 6.771355170000049, 48.186759973000051 ], [ 6.771213500000044, 48.186674418000052 ], [ 6.771123665000061, 48.186407041000052 ], [ 6.77144430900006, 48.186216628000068 ], [ 6.771428940000078, 48.186036953000041 ], [ 6.770880330000068, 48.185923868000089 ], [ 6.770545161000086, 48.185934579000048 ], [ 6.770354869000073, 48.186075784000082 ], [ 6.770030493000093, 48.186225776000072 ], [ 6.769761684000059, 48.186234365000082 ], [ 6.76940710000008, 48.186020487000064 ], [ 6.769138613000052, 48.186033568000077 ], [ 6.76831799100006, 48.185884118000047 ], [ 6.768041925000091, 48.185802852000052 ], [ 6.767299818000083, 48.185786011000062 ], [ 6.766475997000043, 48.185591610000081 ], [ 6.765599490000056, 48.185579049000069 ], [ 6.764558210000075, 48.185215913000043 ], [ 6.764084595000043, 48.185185982000064 ], [ 6.763748910000061, 48.185201195000047 ], [ 6.763488196000083, 48.185299593000082 ], [ 6.763286592000043, 48.185306024000056 ], [ 6.763264001000039, 48.185036497000056 ], [ 6.762921067000093, 48.184961856000086 ], [ 6.762272804000077, 48.185257280000087 ], [ 6.761929549000058, 48.185178142000041 ], [ 6.761708565000049, 48.184959982000073 ], [ 6.760977762000039, 48.185077865000039 ], [ 6.760654205000037, 48.185227806000057 ], [ 6.760389442000076, 48.185281285000087 ], [ 6.759374497000067, 48.185228049000045 ], [ 6.758815477000041, 48.184980117000073 ], [ 6.758475751000049, 48.184950402000077 ], [ 6.758151028000043, 48.185095869000072 ], [ 6.757883063000065, 48.185104404000072 ], [ 6.757536095000091, 48.18498483500008 ], [ 6.757330452000076, 48.184946343000043 ], [ 6.757140968000044, 48.185087499000083 ], [ 6.756879722000065, 48.185190404000082 ], [ 6.755671255000038, 48.185233380000057 ], [ 6.755328330000054, 48.185158717000043 ], [ 6.75497381200006, 48.184944795000042 ], [ 6.754504563000069, 48.184964232000077 ], [ 6.75358744600004, 48.185268161000067 ], [ 6.75251337800006, 48.185306829000069 ], [ 6.751431558000093, 48.185260156000083 ], [ 6.747732026000051, 48.185305657000072 ], [ 6.746456666000086, 48.185355167000068 ], [ 6.746251869000048, 48.185316629000056 ], [ 6.746106532000056, 48.185190625000082 ], [ 6.745833694000055, 48.185154246000081 ], [ 6.745270709000067, 48.184861337000086 ], [ 6.744800298000087, 48.184876268000039 ], [ 6.744010313000047, 48.185086005000073 ], [ 6.742727740000078, 48.185045623000072 ] ], [ [ 6.870698634000064, 48.198636959000055 ], [ 6.869857685000056, 48.198263648000079 ], [ 6.86896523900009, 48.198072195000073 ], [ 6.868227063000063, 48.198100898000064 ], [ 6.867828247000091, 48.198163517000069 ], [ 6.867417537000051, 48.19808689000007 ], [ 6.866477720000091, 48.19812218900006 ], [ 6.866067342000065, 48.198050050000063 ], [ 6.865499419000059, 48.197712809000052 ], [ 6.863682875000052, 48.197736260000056 ], [ 6.862526069000069, 48.197602962000083 ], [ 6.862103821000062, 48.197391563000053 ], [ 6.861603143000082, 48.197052103000033 ], [ 6.861188322000089, 48.196930546000033 ], [ 6.860691784000039, 48.196635991000051 ], [ 6.860277296000049, 48.196518923000042 ], [ 6.859732187000077, 48.196446666000043 ], [ 6.859131739000077, 48.196515851000072 ], [ 6.858685509000054, 48.196805208000058 ], [ 6.857891672000051, 48.196970796000073 ], [ 6.857480986000041, 48.196894134000047 ], [ 6.857193188000053, 48.196678324000061 ], [ 6.855817835000039, 48.19713766700005 ], [ 6.855344391000074, 48.197112596000068 ], [ 6.855082949000064, 48.197211224000057 ], [ 6.854762869000069, 48.197406357000034 ], [ 6.854024695000078, 48.197434970000081 ], [ 6.851182201000086, 48.197271018000038 ], [ 6.850517800000091, 48.197387288000073 ], [ 6.849839437000071, 48.197323837000056 ], [ 6.849028539000074, 48.198075482000043 ], [ 6.848451090000083, 48.198414120000052 ], [ 6.847514531000058, 48.198494204000042 ], [ 6.847249790000092, 48.198547878000056 ], [ 6.84676070900008, 48.198343110000053 ], [ 6.846492691000037, 48.198351845000047 ], [ 6.846298441000044, 48.198448263000046 ], [ 6.846243064000078, 48.19858970100006 ], [ 6.846053769000093, 48.198730999000077 ], [ 6.845177025000055, 48.198719029000081 ], [ 6.84436338200004, 48.19865995400005 ], [ 6.843672666000089, 48.198461741000081 ], [ 6.843273491000048, 48.198519784000041 ], [ 6.842404979000094, 48.198597612000071 ], [ 6.842147945000079, 48.198745613000085 ], [ 6.842103730000076, 48.199017310000045 ], [ 6.841917695000063, 48.199203538000063 ], [ 6.841254089000074, 48.199319729000081 ], [ 6.840356942000085, 48.199848901000053 ], [ 6.840414420000059, 48.20052267300008 ], [ 6.840159638000046, 48.20147686200005 ], [ 6.840036696000084, 48.20161599100004 ], [ 6.839980972000092, 48.201752932000034 ], [ 6.839862467000046, 48.201941463000082 ], [ 6.839695291000055, 48.202352287000053 ], [ 6.839603557000089, 48.202850741000077 ], [ 6.839799583000058, 48.203565047000041 ], [ 6.839566020000063, 48.203978030000087 ], [ 6.839122564000093, 48.20430775400007 ], [ 6.838272821000089, 48.204610150000072 ], [ 6.837569005000091, 48.205042923000072 ], [ 6.836596608000093, 48.205488926000051 ], [ 6.83594817900007, 48.205780256000082 ], [ 6.834881456000062, 48.205914012000051 ], [ 6.833703751000087, 48.206317113000068 ], [ 6.832379587000048, 48.206594333000055 ], [ 6.830814394000072, 48.207194658000049 ], [ 6.82851409500006, 48.207868352000048 ], [ 6.828241923000064, 48.207832137000082 ], [ 6.827744626000083, 48.207537473000059 ], [ 6.826844815000072, 48.207255857000064 ], [ 6.826277044000051, 48.206918429000041 ], [ 6.825929452000082, 48.206794570000056 ], [ 6.825574829000061, 48.206585356000062 ], [ 6.824757827000042, 48.206481210000049 ], [ 6.824370027000043, 48.206673944000045 ], [ 6.823753864000082, 48.206563284000083 ], [ 6.823284448000038, 48.206582994000087 ], [ 6.822735188000081, 48.206465657000081 ], [ 6.822064096000076, 48.206491893000077 ], [ 6.821645520000061, 48.206329782000068 ], [ 6.821380714000043, 48.206383397000081 ], [ 6.821187228000042, 48.206479745000081 ], [ 6.82064239500005, 48.206411802000048 ], [ 6.820239365000077, 48.206429351000047 ], [ 6.819848295000043, 48.206577133000053 ], [ 6.819105879000063, 48.206560619000072 ], [ 6.818725731000086, 48.206847674000073 ], [ 6.818666692000079, 48.206939668000082 ], [ 6.818192012000054, 48.20690998200007 ], [ 6.817707059000043, 48.206750004000071 ], [ 6.816964641000084, 48.206733476000068 ], [ 6.81582295700008, 48.206774893000045 ], [ 6.81542810500008, 48.206882245000088 ], [ 6.814883275000057, 48.206814275000056 ], [ 6.814472575000082, 48.206737464000071 ], [ 6.813595705000068, 48.206725260000042 ], [ 6.813114017000089, 48.206610200000057 ], [ 6.812450254000055, 48.206726228000043 ], [ 6.811633276000066, 48.206621991000077 ], [ 6.810058383000069, 48.206321511000056 ], [ 6.809770727000057, 48.206105586000042 ], [ 6.809692082000083, 48.205972999000039 ], [ 6.809590602000071, 48.205570898000083 ], [ 6.809369661000062, 48.205357324000033 ], [ 6.808588933000067, 48.204891563000047 ], [ 6.808606411000085, 48.204305455000053 ], [ 6.808785250000085, 48.204029433000073 ], [ 6.809161346000053, 48.203697499000043 ], [ 6.808876953000038, 48.203526510000081 ], [ 6.808921344000055, 48.203254826000034 ], [ 6.809170645000052, 48.203021571000079 ], [ 6.809129065000093, 48.202527452000083 ], [ 6.808986451000067, 48.202441970000052 ], [ 6.808856419000051, 48.202495713000083 ], [ 6.808793283000057, 48.202542793000077 ], [ 6.808453931000088, 48.202508701000056 ], [ 6.808292575000053, 48.202198614000046 ], [ 6.808146719000092, 48.202068195000038 ], [ 6.807882244000041, 48.202126274000079 ], [ 6.807568964000041, 48.202406632000077 ], [ 6.807308571000078, 48.202509620000058 ], [ 6.806897916000082, 48.202432782000074 ], [ 6.806863684000064, 48.202028510000048 ], [ 6.806505085000083, 48.201774329000045 ], [ 6.806406880000054, 48.201417161000052 ], [ 6.806142082000065, 48.201470742000083 ], [ 6.805687355000089, 48.201670077000081 ], [ 6.805486534000067, 48.201676553000077 ], [ 6.805213570000092, 48.201640311000062 ], [ 6.804705895000041, 48.201210764000052 ], [ 6.804764951000038, 48.201118777000033 ], [ 6.805298303000086, 48.201052036000078 ], [ 6.805286897000087, 48.200917278000077 ], [ 6.805145134000043, 48.200831765000032 ], [ 6.804607703000045, 48.200853595000069 ], [ 6.804260526000064, 48.200734165000085 ], [ 6.804257285000062, 48.200689227000055 ], [ 6.804118766000045, 48.200648650000062 ], [ 6.803649071000052, 48.200663788000043 ], [ 6.80323467900007, 48.200546521000042 ], [ 6.802860304000092, 48.200108167000053 ], [ 6.802554317000045, 48.199672111000041 ], [ 6.801908168000068, 48.199201973000072 ], [ 6.801616506000073, 48.198941117000061 ], [ 6.800906396000073, 48.198518075000038 ], [ 6.80056707500006, 48.198483961000079 ], [ 6.800041898000075, 48.198640502000046 ], [ 6.799531346000038, 48.198976736000077 ], [ 6.79902861700009, 48.199398295000037 ], [ 6.798637023000083, 48.199550529000078 ], [ 6.798163584000065, 48.199525229000074 ], [ 6.79795785500005, 48.199486807000085 ], [ 6.79786378700004, 48.199174543000083 ], [ 6.79743479800004, 48.198877559000039 ], [ 6.797403877000079, 48.198518220000039 ], [ 6.796382171000062, 48.198375428000077 ], [ 6.794619519000094, 48.197450207000088 ], [ 6.79461544600008, 48.197405296000056 ], [ 6.794047988000045, 48.197067712000042 ], [ 6.794099753000069, 48.196885881000071 ], [ 6.794424450000065, 48.196740317000042 ], [ 6.794211429000086, 48.196612040000048 ], [ 6.794192748000057, 48.196387433000041 ], [ 6.794520350000084, 48.196282312000051 ], [ 6.794650705000038, 48.196233079000081 ], [ 6.79463525500006, 48.196053409000058 ], [ 6.794426632000068, 48.195974538000087 ], [ 6.794475163000072, 48.195747769000043 ], [ 6.794451568000056, 48.195478277000063 ], [ 6.794078142000046, 48.195039866000059 ], [ 6.793943717000047, 48.195044188000047 ], [ 6.79370201200004, 48.195371754000064 ], [ 6.793500374000075, 48.195378236000067 ], [ 6.793228291000048, 48.195341940000048 ], [ 6.79320877400005, 48.195117359000051 ], [ 6.792122471000084, 48.194215404000033 ], [ 6.791808144000072, 48.193685004000088 ], [ 6.791777263000085, 48.193325663000053 ], [ 6.791422866000062, 48.193116345000078 ], [ 6.791212095000049, 48.192222283000042 ], [ 6.790857384000049, 48.192008469000086 ], [ 6.790040677000093, 48.191904082000072 ], [ 6.789749436000079, 48.191647690000082 ], [ 6.789484670000093, 48.19170123400005 ], [ 6.789420690000043, 48.191748331000042 ], [ 6.789144883000063, 48.191671608000043 ], [ 6.789070380000055, 48.19158391700006 ], [ 6.78845123900004, 48.191428133000045 ], [ 6.788285968000082, 48.191073106000033 ], [ 6.787841350000065, 48.190591920000088 ], [ 6.787249007000071, 48.190750562000062 ], [ 6.786771587000089, 48.190680304000068 ], [ 6.786040760000049, 48.190798342000051 ], [ 6.785697434000042, 48.19071927400006 ], [ 6.785361719000093, 48.19073454800008 ], [ 6.784899396000071, 48.190839461000053 ], [ 6.784619537000083, 48.190717817000063 ], [ 6.78447377100008, 48.190587367000042 ], [ 6.783787449000044, 48.190433714000051 ], [ 6.78212330100007, 48.189865491000042 ], [ 6.781648795000081, 48.18983565700006 ] ] ] } },
{ "type": "Feature", "properties": { "fid": 428, "gid": 428, "CdEuMasseDEau": "FRCR235", "NomMasseDEau": "RUISSEAU D'ARGENT", "Etat masse eau ": "Moyen", "Etat ecologique": "Bon", "Etat chimique": "Non atteint", "_swEcologicalStatusOrPotentialValue": "2", "_swChemicalStatusValue": "3" }, "geometry": { "type": "MultiLineString", "coordinates": [ [ [ 6.607057283000074, 48.179295165000042 ], [ 6.606166115000065, 48.179101725000073 ], [ 6.605074503000083, 48.178918906000042 ], [ 6.60465259700004, 48.178706612000042 ], [ 6.604292061000081, 48.17840687000006 ], [ 6.602973195000061, 48.17791571500004 ], [ 6.601176996000049, 48.177349043000049 ], [ 6.600663403000056, 48.176828777000082 ], [ 6.600286973000038, 48.176344857000061 ], [ 6.599919507000038, 48.175955240000064 ], [ 6.598723114000052, 48.175320688000056 ], [ 6.598712240000054, 48.17518590800006 ], [ 6.598280663000082, 48.174843279000072 ], [ 6.598202597000068, 48.174710549000046 ], [ 6.597565542000041, 48.174329147000037 ], [ 6.597196964000091, 48.173935052000047 ], [ 6.597238515000072, 48.173618525000052 ], [ 6.597227646000079, 48.173483745000055 ], [ 6.59683764600004, 48.172824584000068 ], [ 6.596544080000058, 48.172518274000083 ], [ 6.596115601000065, 48.172220580000051 ], [ 6.596089967000069, 48.171906102000037 ], [ 6.595877529000063, 48.171777466000037 ], [ 6.595699687000092, 48.171242441000061 ], [ 6.595409504000088, 48.170985567000059 ], [ 6.595326494000062, 48.169952242000079 ], [ 6.59518431500004, 48.169866501000058 ], [ 6.595282199000053, 48.169413145000078 ], [ 6.59525657100005, 48.169098666000082 ], [ 6.595037184000091, 48.168880166000072 ], [ 6.593725602000063, 48.168478767000067 ], [ 6.592920507000088, 48.168507796000085 ], [ 6.592208208000045, 48.168849254000072 ], [ 6.592147978000071, 48.168941162000067 ], [ 6.590878590000045, 48.169889560000058 ], [ 6.590483253000059, 48.16999166800008 ], [ 6.589919203000079, 48.170508746000053 ], [ 6.589400635000061, 48.170754215000045 ], [ 6.589135772000077, 48.170807310000043 ], [ 6.588453333000075, 48.170697465000046 ], [ 6.588442486000076, 48.17056268400006 ], [ 6.587607879000075, 48.170232277000082 ], [ 6.587127858000088, 48.170116268000072 ], [ 6.586211344000048, 48.16960819500008 ], [ 6.58506334000009, 48.169557520000069 ], [ 6.584512250000046, 48.169398623000063 ], [ 6.584083865000082, 48.169100885000034 ], [ 6.583998899000051, 48.168878282000037 ], [ 6.583641294000074, 48.168618925000033 ], [ 6.583541607000086, 48.168216621000056 ], [ 6.583388923000086, 48.168000578000033 ], [ 6.583628755000063, 48.167628493000052 ], [ 6.583662600000082, 48.167222132000063 ], [ 6.583517396000048, 48.167091433000053 ], [ 6.583499621000044, 48.16686678800005 ], [ 6.583534307000093, 48.166460401000052 ], [ 6.583657003000042, 48.166321563000047 ], [ 6.583342190000053, 48.165750149000083 ], [ 6.582440508000047, 48.16542174600005 ], [ 6.581941934000042, 48.165081096000051 ], [ 6.581863923000071, 48.164948354000046 ], [ 6.582184812000037, 48.164753957000073 ], [ 6.582170093000059, 48.164574256000037 ], [ 6.581156590000092, 48.162857596000038 ], [ 6.580628318000038, 48.162153042000057 ], [ 6.580567564000091, 48.161393760000067 ], [ 6.58041849600005, 48.161218137000049 ], [ 6.579856684000049, 48.160924435000076 ], [ 6.579549817054948, 48.160738579694076 ] ], [ [ 6.578280522013483, 48.158745808433579 ], [ 6.578258765000044, 48.158640006000041 ], [ 6.577909990379988, 48.158428663602791 ] ] ] } },
{ "type": "Feature", "properties": { "fid": 421, "gid": 421, "CdEuMasseDEau": "FRCR231", "NomMasseDEau": "RUISSEAU DE HERPELMONT", "Etat masse eau ": "Bon", "Etat ecologique": "Bon", "Etat chimique": "Bon", "_swEcologicalStatusOrPotentialValue": "2", "_swChemicalStatusValue": "2" }, "geometry": { "type": "MultiLineString", "coordinates": [ [ [ 6.722424242000045, 48.15559182800007 ], [ 6.724499697000056, 48.156278480000083 ], [ 6.727832671000044, 48.156695642000045 ], [ 6.728246552000087, 48.15681317700006 ], [ 6.728902728000037, 48.157418502000041 ], [ 6.728992300000073, 48.157685916000048 ], [ 6.729134711000086, 48.15858223500004 ], [ 6.729377016000058, 48.159070024000073 ], [ 6.729474357000072, 48.160233509000079 ], [ 6.729393229000038, 48.161681891000057 ], [ 6.729389789000038, 48.162443193000058 ], [ 6.729337885000064, 48.163435735000064 ], [ 6.729241479000052, 48.163893696000059 ], [ 6.729271917000062, 48.164253061000068 ], [ 6.729775448000055, 48.16463800300005 ], [ 6.730357370000092, 48.165155586000083 ], [ 6.730770800000073, 48.165277632000077 ], [ 6.731124771000054, 48.165487136000081 ], [ 6.731874616000084, 48.165594031000069 ], [ 6.732445356000085, 48.165976836000077 ], [ 6.732878048000089, 48.166323470000073 ], [ 6.733232033000093, 48.16653296700008 ], [ 6.733989095000084, 48.166729703000051 ], [ 6.73434340600005, 48.166943691000085 ], [ 6.73450020100006, 48.167208972000083 ], [ 6.734645460000081, 48.167334992000072 ], [ 6.735402539000063, 48.167531719000067 ], [ 6.735682480000094, 48.167657976000051 ], [ 6.735764062000044, 48.167835556000057 ], [ 6.736308388000055, 48.167903893000073 ], [ 6.736498705000088, 48.167762741000047 ], [ 6.736703427000066, 48.16780129700004 ], [ 6.737058277000074, 48.168010755000068 ], [ 6.737732945000062, 48.168029915000034 ], [ 6.738300050000078, 48.168372271000067 ], [ 6.740876686000092, 48.169398591000061 ], [ 6.741696974000092, 48.169548233000057 ], [ 6.741845761000093, 48.169723678000082 ], [ 6.741932233000057, 48.169946140000043 ], [ 6.742073811000068, 48.170031731000051 ], [ 6.742606928000043, 48.16996527200007 ], [ 6.743312159000084, 48.170343759000048 ], [ 6.743397799000093, 48.170566247000068 ], [ 6.743505923000043, 48.171058267000042 ], [ 6.743741724000074, 48.171451649000062 ], [ 6.743767397000056, 48.171766122000072 ], [ 6.744058624000047, 48.172027125000056 ], [ 6.74406668000006, 48.172116952000067 ], [ 6.744010738000043, 48.17225385100005 ], [ 6.744152325000073, 48.172339439000041 ], [ 6.744640767000078, 48.172544636000055 ], [ 6.744738501000086, 48.172901861000071 ], [ 6.744883280000067, 48.17303238900007 ], [ 6.744514736000042, 48.173449457000061 ], [ 6.744525981000038, 48.173584223000034 ], [ 6.744597197000076, 48.173627004000082 ], [ 6.744142477000082, 48.173826105000046 ], [ 6.742557960000056, 48.174200682000048 ], [ 6.741905689000077, 48.174451082000083 ], [ 6.741649013000085, 48.174594347000038 ], [ 6.741667463000056, 48.174818966000032 ], [ 6.741409945000044, 48.174962256000072 ], [ 6.740079714000046, 48.175148569000051 ], [ 6.738651969000045, 48.175788364000077 ], [ 6.737895782000066, 48.176402361000051 ], [ 6.737243316000047, 48.177458969000043 ], [ 6.737135726000076, 48.177782166000043 ], [ 6.736890248000066, 48.178060186000039 ], [ 6.736442347000093, 48.17834461700005 ], [ 6.735402394000062, 48.178791923000063 ], [ 6.734414900000047, 48.179052892000072 ], [ 6.733352162000074, 48.179226152000069 ], [ 6.732435341000041, 48.179534412000073 ], [ 6.731666656000073, 48.180009133000055 ], [ 6.731309490000058, 48.18056542000005 ], [ 6.731141538000088, 48.180976095000062 ], [ 6.730605119000074, 48.180997562000073 ], [ 6.729963917000077, 48.181382663000079 ], [ 6.729508757000076, 48.181577213000082 ], [ 6.728666785000087, 48.18196865200008 ], [ 6.728390278000063, 48.18189181300005 ], [ 6.728192698000044, 48.181943097000051 ], [ 6.727674660000048, 48.182189171000061 ], [ 6.727682372000061, 48.182274504000077 ], [ 6.727353884000081, 48.182379467000032 ], [ 6.727377131000082, 48.182648974000081 ], [ 6.727249920000077, 48.18274307300004 ], [ 6.727268312000092, 48.18296769400007 ] ] ] } },
{ "type": "Feature", "properties": { "fid": 423, "gid": 423, "CdEuMasseDEau": "FRCR239", "NomMasseDEau": "ST-OGER", "Etat masse eau ": "Moyen", "Etat ecologique": "Moyen", "Etat chimique": "Non atteint", "_swEcologicalStatusOrPotentialValue": "3", "_swChemicalStatusValue": "3" }, "geometry": { "type": "MultiLineString", "coordinates": [ [ [ 6.606004045000077, 48.192842953000081 ], [ 6.60580239300009, 48.192849115000058 ], [ 6.605354808000072, 48.193137513000067 ], [ 6.604751898000075, 48.194011628000055 ], [ 6.604721269000038, 48.194462930000043 ], [ 6.604881405000072, 48.194773295000061 ], [ 6.605488136000076, 48.195605954000087 ], [ 6.605856927000048, 48.196000017000081 ], [ 6.607661609000047, 48.19831829900005 ], [ 6.608126453000068, 48.199069712000039 ], [ 6.608329928000046, 48.199914683000088 ], [ 6.60791710400008, 48.201463050000086 ], [ 6.607501854000077, 48.202151289000085 ], [ 6.606870398000069, 48.202670492000038 ], [ 6.605709218000072, 48.203300449000039 ], [ 6.604495278000059, 48.204107646000068 ], [ 6.603863769000043, 48.204626832000088 ], [ 6.603493891000085, 48.205043450000062 ], [ 6.60326185100007, 48.20550540000005 ], [ 6.602419732000044, 48.206751585000063 ], [ 6.601018749000048, 48.207744593000086 ], [ 6.600521636000053, 48.208259657000042 ], [ 6.600063008000063, 48.208413256000085 ], [ 6.599257308000063, 48.208442327000057 ], [ 6.598891545000072, 48.208093190000056 ], [ 6.598014706000072, 48.208079385000083 ], [ 6.595186691000038, 48.208093487000042 ], [ 6.594172316000083, 48.208038807000037 ], [ 6.59250454700009, 48.208233687000082 ], [ 6.591966954000043, 48.20825454900006 ], [ 6.591115736000063, 48.208555165000064 ], [ 6.590021172000093, 48.209178426000051 ], [ 6.589398607619981, 48.209364570014536 ] ] ] } },
{ "type": "Feature", "properties": { "fid": 495, "gid": 495, "CdEuMasseDEau": "FRCR295", "NomMasseDEau": "RABODEAU", "Etat masse eau ": "Moyen", "Etat ecologique": "Bon", "Etat chimique": "Non atteint", "_swEcologicalStatusOrPotentialValue": "2", "_swChemicalStatusValue": "3" }, "geometry": { "type": "MultiLineString", "coordinates": [ [ [ 7.052928935000068, 48.351285630000064 ], [ 7.051929840000071, 48.351463977000037 ], [ 7.050379217000057, 48.351490023000053 ], [ 7.049856373000068, 48.351688089000049 ], [ 7.049211974000059, 48.352029948000052 ], [ 7.048162307000041, 48.352385663000064 ], [ 7.047766839000076, 48.352493780000088 ], [ 7.046689582000056, 48.352535119000038 ], [ 7.045897446000083, 48.352746877000072 ], [ 7.044282836000093, 48.352820073000032 ], [ 7.04331232800007, 48.352546932000052 ], [ 7.043030668000085, 48.352421422000077 ], [ 7.041604695000046, 48.352343998000038 ], [ 7.041133717000093, 48.35236007900005 ], [ 7.04067857800004, 48.352560296000043 ], [ 7.039895697000077, 48.352870793000079 ], [ 7.03969778000004, 48.352922591000038 ], [ 7.038248957000064, 48.354692691000082 ], [ 7.038082846000066, 48.355103749000079 ], [ 7.038004759000046, 48.355737021000039 ], [ 7.037296274000084, 48.35612603800007 ], [ 7.037146476000089, 48.356716711000047 ], [ 7.03652599600008, 48.357327938000083 ], [ 7.036179281000045, 48.357983880000063 ], [ 7.035357995000084, 48.358466816000032 ], [ 7.035445174000074, 48.358689061000064 ], [ 7.035738535000064, 48.358944815000086 ], [ 7.035893128000055, 48.359164761000045 ], [ 7.035882422000043, 48.359795732000073 ], [ 7.035361103000071, 48.360763915000064 ], [ 7.035072993000085, 48.361314253000046 ], [ 7.034427536000067, 48.361656057000062 ], [ 7.033354371000087, 48.36174217100006 ], [ 7.032734404000053, 48.362218226000039 ], [ 7.032413636000058, 48.362409325000051 ], [ 7.032231986000056, 48.362640727000041 ], [ 7.032185513000059, 48.362872029000073 ], [ 7.031873161000078, 48.363161933000072 ], [ 7.030360993000045, 48.363627817000072 ], [ 7.029826281000055, 48.363695566000047 ], [ 7.029501207000067, 48.363841759000081 ], [ 7.028835941000068, 48.363958989000082 ], [ 7.028582566000068, 48.364147783000078 ], [ 7.027605065000046, 48.364545887000077 ], [ 7.026282916000071, 48.364879131000073 ], [ 7.026168650000045, 48.365108231000079 ], [ 7.02591526100008, 48.365297018000042 ], [ 7.024972909000041, 48.365338067000039 ], [ 7.024129357000049, 48.365731586000038 ], [ 7.023800816000062, 48.365832838000081 ], [ 7.023254073000089, 48.365765837000083 ], [ 7.022680187000049, 48.366150182000069 ], [ 7.021696220000081, 48.366332250000085 ], [ 7.021359112000084, 48.366343700000073 ], [ 7.020660603000067, 48.366236799000042 ], [ 7.020311846000084, 48.366118018000073 ], [ 7.019839896000065, 48.366134043000045 ], [ 7.019408295000062, 48.365837902000067 ], [ 7.019261463000078, 48.365707759000088 ], [ 7.018694185000072, 48.365416221000032 ], [ 7.016915376000043, 48.365170296000088 ], [ 7.016108204000091, 48.365211192000061 ], [ 7.015494057000069, 48.365146442000082 ], [ 7.014784261000045, 48.364769635000073 ], [ 7.014313164000043, 48.36478560900008 ], [ 7.013862089000042, 48.365030619000038 ], [ 7.013671803000079, 48.365172197000049 ], [ 7.013255649000087, 48.365055681000058 ], [ 7.013033712000038, 48.364837991000059 ], [ 7.012696955000081, 48.364853910000079 ], [ 7.011374518000082, 48.365173481000056 ], [ 7.009803070000089, 48.365740194000068 ], [ 7.009259772000064, 48.365718056000048 ], [ 7.007671301000073, 48.365330420000078 ], [ 7.006720058000042, 48.365277035000076 ], [ 7.006375606000063, 48.365203111000085 ], [ 7.006047034000062, 48.365304313000081 ], [ 7.005731100000048, 48.365549222000077 ], [ 7.005268024000088, 48.365659477000072 ], [ 7.004384200000061, 48.365603792000059 ], [ 7.004047434000086, 48.365619686000059 ], [ 7.003525119000074, 48.365817517000039 ], [ 7.002657504000069, 48.365941439000039 ], [ 7.001869252000063, 48.366197799000084 ], [ 7.00140616300007, 48.366308039000046 ], [ 7.001080993000073, 48.366454154000053 ], [ 7.000674064000066, 48.366436375000042 ], [ 7.000412053000048, 48.366535312000053 ], [ 6.999905415000057, 48.366917268000073 ], [ 6.999299790000066, 48.366942231000053 ], [ 6.998673364000069, 48.366738178000048 ], [ 6.998316977000059, 48.366529508000042 ], [ 6.997488634000092, 48.366336773000057 ], [ 6.996997409000073, 48.366132652000033 ], [ 6.996391449000043, 48.36615310600007 ], [ 6.996129773000064, 48.366256526000086 ], [ 6.995741425000063, 48.366449800000055 ], [ 6.995271331000083, 48.366479176000041 ], [ 6.995080990000076, 48.366620725000082 ], [ 6.994930688000068, 48.36721133900005 ], [ 6.994503355000063, 48.367725721000056 ], [ 6.993877994000059, 48.368291821000071 ], [ 6.993688486000053, 48.368433339000042 ], [ 6.992069793000041, 48.369082474000038 ], [ 6.99108767000007, 48.369435378000048 ], [ 6.990609041000084, 48.369374939000068 ], [ 6.990162909000048, 48.369074683000072 ], [ 6.989721759000076, 48.369274218000051 ], [ 6.989550970000039, 48.369640306000072 ], [ 6.989448449000065, 48.370004092000045 ], [ 6.98917206200008, 48.370693531000086 ], [ 6.988985942000056, 48.370879967000064 ], [ 6.98838367400009, 48.370949800000062 ], [ 6.987753617000067, 48.37146647600008 ], [ 6.987587399000063, 48.371881951000034 ], [ 6.987279160000071, 48.37220762000004 ], [ 6.987017095000056, 48.372306527000042 ], [ 6.986170422000043, 48.372663833000047 ], [ 6.986043216000041, 48.372758198000042 ], [ 6.985992281000051, 48.372944582000059 ], [ 6.98568135700009, 48.373090172000047 ], [ 6.985348447000092, 48.373146418000033 ], [ 6.985158396000088, 48.373292442000043 ], [ 6.985158983000076, 48.374058124000051 ], [ 6.984675627000058, 48.374704967000071 ], [ 6.984719835000078, 48.375198933000043 ], [ 6.984414122000089, 48.37556955000008 ], [ 6.984378989000049, 48.375931061000081 ], [ 6.984447001000092, 48.376694473000043 ], [ 6.983874298000046, 48.376943450000056 ], [ 6.983616451000046, 48.377087248000073 ], [ 6.983160880000071, 48.377287240000051 ], [ 6.982788548000087, 48.377660091000052 ], [ 6.982174841000074, 48.378360849000046 ], [ 6.980270588000053, 48.379753573000073 ], [ 6.980096296000056, 48.38007471700007 ], [ 6.980183278000084, 48.380296998000063 ], [ 6.980577806000042, 48.380774685000063 ], [ 6.980534152000075, 48.381046397000034 ], [ 6.980411162000053, 48.381185654000042 ], [ 6.980074289000072, 48.381201479000083 ], [ 6.979595388000064, 48.38112749000004 ], [ 6.978941682000084, 48.381379162000087 ], [ 6.978612453000039, 48.381484808000039 ], [ 6.978101772000059, 48.381817248000061 ], [ 6.977923217000068, 48.382093490000045 ], [ 6.977824332000068, 48.382506682000042 ], [ 6.977852491000078, 48.383582211000032 ], [ 6.977639765000049, 48.384233438000081 ], [ 6.977764147000073, 48.385485896000034 ], [ 6.977403946000038, 48.385997943000064 ], [ 6.976596206000068, 48.386795259000053 ], [ 6.975902975000054, 48.387363521000047 ], [ 6.975736273000052, 48.387774481000072 ], [ 6.975098589000083, 48.388205752000033 ], [ 6.97461234900004, 48.388672473000042 ], [ 6.974442574000079, 48.389042998000043 ], [ 6.974197366000055, 48.389321468000048 ], [ 6.974018765000039, 48.38959770200006 ], [ 6.97443155600007, 48.390439621000041 ], [ 6.974486378000051, 48.391063844000087 ], [ 6.973760564000088, 48.392633078000081 ] ], [ [ 7.082243773000073, 48.356863742000087 ], [ 7.082188515000041, 48.357000782000057 ], [ 7.08181737700005, 48.357378442000083 ], [ 7.08165028600007, 48.357609426000067 ], [ 7.081154785000081, 48.358126506000083 ], [ 7.081019968000078, 48.358131154000034 ], [ 7.079887357000075, 48.358309833000078 ], [ 7.078339335000067, 48.358372185000064 ], [ 7.07754962100006, 48.358593081000038 ], [ 7.07584272400004, 48.359156360000043 ], [ 7.074165563000065, 48.360038405000068 ], [ 7.073440837000078, 48.360248027000068 ], [ 7.072663200000079, 48.360603605000051 ], [ 7.071719778000045, 48.360640562000071 ], [ 7.070167357000059, 48.360657911000033 ], [ 7.067898668000055, 48.360983632000057 ], [ 7.06703907800005, 48.361197847000085 ], [ 7.066406783000048, 48.361674513000082 ], [ 7.065753387000086, 48.361922174000085 ], [ 7.065444352000043, 48.362252600000033 ], [ 7.064256775000047, 48.363153715000067 ], [ 7.064213568000071, 48.363425462000073 ], [ 7.064244723000058, 48.363784744000043 ], [ 7.063865621000048, 48.364072526000086 ], [ 7.063348555000061, 48.364324501000056 ], [ 7.062157307000064, 48.364599608000049 ], [ 7.061898893000091, 48.364743606000047 ], [ 7.061789097000087, 48.365017636000061 ], [ 7.061795112000084, 48.365828218000047 ], [ 7.061747577000062, 48.366055068000037 ], [ 7.061196079000069, 48.366528928000037 ], [ 7.061073336000049, 48.366668270000048 ], [ 7.061290322000048, 48.366841002000058 ], [ 7.06191401600006, 48.366995277000058 ], [ 7.062131007000062, 48.367168007000032 ], [ 7.062235571000088, 48.367569813000046 ], [ 7.062066135000066, 48.367935976000069 ], [ 7.06169790000007, 48.368354003000043 ], [ 7.060444286000063, 48.368676271000083 ], [ 7.059997357000043, 48.36896185900008 ], [ 7.059881048000079, 48.369195569000055 ], [ 7.059843812000054, 48.369512152000077 ], [ 7.059792795000078, 48.369694075000041 ], [ 7.059494882000081, 48.369983560000037 ], [ 7.059320264000064, 48.370304851000071 ], [ 7.059130902000049, 48.371212214000082 ], [ 7.058705850000081, 48.371726767000041 ], [ 7.058381616000077, 48.372638750000078 ], [ 7.057903030000091, 48.372569569000063 ], [ 7.057367420000048, 48.372637471000083 ], [ 7.056523993000042, 48.37303121900004 ], [ 7.056481581000071, 48.373302933000048 ], [ 7.056169450000084, 48.373583885000073 ], [ 7.056000510000047, 48.373814889000073 ], [ 7.055692187000091, 48.374145257000073 ], [ 7.055362811000066, 48.374246624000079 ], [ 7.054829559000041, 48.374323441000058 ], [ 7.054005194000069, 48.374175998000055 ], [ 7.053600613000072, 48.374189848000071 ], [ 7.052943041000049, 48.374397033000037 ], [ 7.052049346000047, 48.374972641000056 ], [ 7.051155136000091, 48.375552762000041 ], [ 7.051099777000047, 48.375689785000077 ], [ 7.050731401000064, 48.376107775000037 ], [ 7.050340757000072, 48.37626977900004 ], [ 7.050494424000078, 48.376476226000079 ], [ 7.050510801000087, 48.376655838000033 ], [ 7.05005618000007, 48.376865072000051 ], [ 7.049743994000039, 48.377146007000078 ], [ 7.049649641000087, 48.377599664000059 ], [ 7.049354743000038, 48.377929553000058 ], [ 7.04871778200004, 48.37836122300007 ], [ 7.04853184600006, 48.378547751000042 ], [ 7.048068399000044, 48.37865368000007 ], [ 7.047668430000044, 48.37871689800005 ], [ 7.046836897000048, 48.379245292000064 ], [ 7.046303525000042, 48.380078793000052 ], [ 7.04566685900005, 48.380514938000033 ], [ 7.04534207100005, 48.380665665000038 ], [ 7.043733667000083, 48.380819688000088 ], [ 7.04300853400008, 48.381029119000061 ], [ 7.042331028000092, 48.381011708000081 ], [ 7.042053516000067, 48.380931094000061 ], [ 7.041890237000075, 48.38062136800005 ], [ 7.041605321000077, 48.380455424000047 ], [ 7.041335565000054, 48.380464630000063 ], [ 7.041141843000048, 48.380561326000077 ], [ 7.040904779000073, 48.380929756000057 ], [ 7.040652402000092, 48.381132050000083 ], [ 7.040378346000068, 48.381096357000047 ], [ 7.040235716000041, 48.381011138000083 ], [ 7.038774210000042, 48.381295209000086 ], [ 7.038742899000056, 48.381701660000033 ], [ 7.038576706000072, 48.382112710000058 ], [ 7.037713545000088, 48.382286276000059 ], [ 7.037275572000056, 48.382526420000033 ], [ 7.036879854000063, 48.382634497000083 ], [ 7.036697311000069, 48.382865932000072 ], [ 7.036678865000056, 48.383407070000032 ], [ 7.036778130000073, 48.383764026000051 ], [ 7.036818541000059, 48.384213074000058 ], [ 7.036526024000068, 48.384718510000077 ], [ 7.036146964000068, 48.385010690000058 ], [ 7.03557296200006, 48.385395093000056 ], [ 7.035236080000061, 48.385411075000043 ], [ 7.03482366500009, 48.385335040000086 ], [ 7.034352735000084, 48.38535558600006 ], [ 7.033619762000058, 48.385475138000061 ], [ 7.033290272000045, 48.385576443000048 ], [ 7.032549556000049, 48.385606168000038 ], [ 7.032157253000094, 48.385759155000073 ], [ 7.031920102000072, 48.386127566000077 ], [ 7.031738368000049, 48.386358963000077 ], [ 7.031648752000081, 48.38672235100006 ], [ 7.031400257000087, 48.386965029000073 ], [ 7.031012230000044, 48.38716290800005 ], [ 7.030569273000083, 48.387493277000033 ], [ 7.03011807900009, 48.38773834400007 ], [ 7.029448224000078, 48.387810680000086 ], [ 7.02905983800008, 48.388004060000071 ], [ 7.028553201000079, 48.38838613300004 ], [ 7.028700120000053, 48.388516262000053 ], [ 7.028791608000063, 48.388783403000048 ], [ 7.028352068000061, 48.389158688000073 ], [ 7.028245490000074, 48.389477606000071 ], [ 7.027853146000041, 48.389630578000038 ], [ 7.027731103000065, 48.389769854000072 ], [ 7.027434181000047, 48.39023037000004 ], [ 7.027109281000037, 48.390381046000073 ], [ 7.026259781000078, 48.390558562000081 ], [ 7.025938816000064, 48.390749638000045 ], [ 7.025538728000072, 48.390812781000079 ], [ 7.025142580000079, 48.39091632700007 ], [ 7.024517273000072, 48.391482579000069 ], [ 7.023871378000081, 48.391824318000033 ], [ 7.023757044000092, 48.392053411000063 ], [ 7.023364667000067, 48.392206368000082 ], [ 7.023052247000066, 48.392487229000039 ], [ 7.022663803000057, 48.392680587000086 ], [ 7.022473785000045, 48.392826669000051 ], [ 7.022308273000078, 48.393237665000072 ], [ 7.021552120000081, 48.393862391000077 ], [ 7.021493227000065, 48.393954474000047 ], [ 7.021402881000085, 48.394452999000073 ], [ 7.021110806000081, 48.394823247000033 ], [ 7.020838985000069, 48.395557642000085 ], [ 7.020756350000056, 48.396145988000058 ], [ 7.020582252000054, 48.396467187000042 ], [ 7.019897086000071, 48.397125524000046 ], [ 7.019553151000082, 48.397812816000055 ], [ 7.018948910000063, 48.39846839900008 ], [ 7.018509219000066, 48.398843645000056 ], [ 7.017987659000084, 48.399055012000083 ], [ 7.017729797000072, 48.399198881000082 ], [ 7.017556013000046, 48.399524568000061 ], [ 7.017596272000048, 48.399973617000057 ] ], [ [ 6.887932529000068, 48.380803001000061 ], [ 6.887290888000052, 48.381188872000052 ], [ 6.885864367000067, 48.381109576000085 ], [ 6.884758727000076, 48.381609738000073 ], [ 6.884361861000059, 48.381717335000083 ], [ 6.883189822000077, 48.381445003000067 ], [ 6.882536559000073, 48.380930466000052 ], [ 6.881989840000074, 48.380862814000068 ], [ 6.881094252000082, 48.380671477000078 ], [ 6.880416806000085, 48.380653140000049 ], [ 6.879169087000093, 48.381072332000087 ], [ 6.878562067000075, 48.381092211000073 ], [ 6.878150245000086, 48.381020124000088 ], [ 6.877881301000059, 48.38102893100006 ], [ 6.877548557000068, 48.381089366000083 ], [ 6.875551761000054, 48.380668311000079 ], [ 6.874981806000051, 48.380331160000082 ], [ 6.874637110000037, 48.380252361000032 ], [ 6.874161828000069, 48.380236382000078 ], [ 6.873496009000064, 48.380352739000045 ], [ 6.873309445000075, 48.380538992000083 ], [ 6.873067052000067, 48.380862183000033 ], [ 6.872451845000057, 48.381562371000086 ], [ 6.871623505000059, 48.38213440800007 ], [ 6.870636179000087, 48.382441407000051 ], [ 6.869435877000058, 48.38263375400004 ], [ 6.868069337000065, 48.382462208000049 ] ], [ [ 7.091782403000082, 48.38331338200004 ], [ 7.09052343400009, 48.383591100000046 ], [ 7.089560868000092, 48.384169374000066 ], [ 7.088904999000079, 48.384376699000086 ], [ 7.087835652000081, 48.384517213000038 ], [ 7.087575402000084, 48.384616283000071 ], [ 7.086634103000051, 48.385283884000046 ], [ 7.084268223000038, 48.386775362000037 ], [ 7.082925893000038, 48.386884703000078 ], [ 7.082225987000072, 48.387363769000046 ], [ 7.081631476000041, 48.387523893000044 ], [ 7.080015993000075, 48.38758856000004 ], [ 7.078920722000078, 48.387450613000055 ], [ 7.077867266000055, 48.38777516500005 ], [ 7.077619125000069, 48.388008925000072 ], [ 7.077537980000045, 48.38859728400007 ], [ 7.07741787100008, 48.388781593000033 ], [ 7.077075594000064, 48.389338400000042 ], [ 7.076569788000086, 48.389716157000073 ], [ 7.072052733000078, 48.391348946000051 ], [ 7.070990308000091, 48.391570141000045 ], [ 7.069980912000062, 48.391613836000033 ], [ 7.06963152700007, 48.391490710000085 ], [ 7.06899345700009, 48.391165797000042 ], [ 7.068588749000071, 48.391179699000077 ], [ 7.06787221400009, 48.391479071000049 ], [ 7.067555220000088, 48.391719676000037 ], [ 7.06744107600008, 48.391948811000077 ], [ 7.066934333000063, 48.392326554000078 ], [ 7.066828330000078, 48.392649999000071 ], [ 7.066917038000042, 48.39286766400005 ], [ 7.066951706000054, 48.393271861000073 ], [ 7.066763495000089, 48.393417956000064 ], [ 7.066236820000086, 48.393571165000083 ], [ 7.065874481000037, 48.393903407000039 ], [ 7.06569034000006, 48.394134941000061 ], [ 7.06572837300007, 48.39453902300005 ], [ 7.066227083000058, 48.394832702000087 ], [ 7.066395713000077, 48.395187257000032 ], [ 7.066694096000049, 48.39549231500007 ], [ 7.066781469000091, 48.395714530000078 ], [ 7.066840871000068, 48.396383630000059 ], [ 7.06672790500005, 48.396617227000043 ], [ 7.066275610000048, 48.396857967000081 ], [ 7.065554665000093, 48.39711242900006 ], [ 7.065188326000055, 48.39740426600008 ], [ 7.065075350000086, 48.397637861000078 ], [ 7.064984568000057, 48.39813644600008 ], [ 7.06460919400007, 48.398464625000088 ], [ 7.064292143000046, 48.398705220000068 ], [ 7.064056002000086, 48.399073663000081 ], [ 7.063544352000065, 48.399411016000045 ], [ 7.062958779000041, 48.399656313000037 ], [ 7.06206307900004, 48.400232042000077 ], [ 7.061560880000059, 48.400659147000056 ], [ 7.061453637000056, 48.400978122000083 ], [ 7.061605832000055, 48.401153075000082 ], [ 7.061576073000083, 48.40142435100006 ], [ 7.060879946000057, 48.401957193000051 ], [ 7.060271312000054, 48.402703237000082 ], [ 7.059764413000039, 48.403080947000042 ], [ 7.059305435000056, 48.403236304000082 ], [ 7.058297242000037, 48.403320388000047 ], [ 7.057976315000076, 48.403511549000086 ], [ 7.057352055000081, 48.404077941000082 ], [ 7.057413380000071, 48.404751476000058 ], [ 7.057272850000061, 48.405296796000073 ], [ 7.057015413000045, 48.405445242000042 ], [ 7.056067395000071, 48.406166845000087 ], [ 7.05580529100007, 48.40626590100004 ], [ 7.054607899000075, 48.406496058000073 ], [ 7.054232400000046, 48.406824201000063 ], [ 7.053772529000071, 48.406979566000082 ], [ 7.053776840000069, 48.407024460000059 ], [ 7.053649672000063, 48.407118895000053 ], [ 7.05325345600005, 48.407222533000038 ], [ 7.053130944000088, 48.407366355000079 ], [ 7.052358711000068, 48.407802650000072 ], [ 7.05142373800004, 48.407938218000083 ], [ 7.051107066000043, 48.408174255000063 ], [ 7.051111375000062, 48.408219150000043 ], [ 7.050925341000038, 48.408405678000072 ], [ 7.05058054400007, 48.408331885000052 ], [ 7.050314954000044, 48.408386005000068 ], [ 7.050187777000076, 48.408480436000048 ], [ 7.050136689000055, 48.408662350000043 ], [ 7.049769263000087, 48.409084790000072 ], [ 7.049942553000051, 48.41011483300008 ], [ 7.049823985000046, 48.410299053000081 ], [ 7.049393029000044, 48.410764199000077 ], [ 7.049492432000079, 48.411121137000073 ], [ 7.049449109000079, 48.411392869000053 ], [ 7.048828127000093, 48.412004136000064 ], [ 7.048558211000056, 48.412013358000081 ], [ 7.047800751000068, 48.411863570000037 ], [ 7.046382460000075, 48.411884981000071 ], [ 7.045260640000038, 48.412198036000063 ], [ 7.044804999000064, 48.412398259000042 ], [ 7.04480930200009, 48.412443154000073 ], [ 7.04401279700005, 48.412609967000037 ], [ 7.043477605000078, 48.412677775000077 ], [ 7.042592949000039, 48.412622377000048 ], [ 7.041999568000051, 48.412791255000059 ], [ 7.041305296000076, 48.412594229000042 ], [ 7.039880262000054, 48.411791531000063 ], [ 7.039507055000058, 48.411403383000049 ], [ 7.038868239000067, 48.411069329000043 ], [ 7.03740883800009, 48.41063261100004 ], [ 7.037013225000067, 48.410150632000068 ], [ 7.036791, 48.409932995000077 ], [ 7.03651368900006, 48.409856862000083 ], [ 7.036256515000048, 48.410009755000033 ], [ 7.035646115000077, 48.409990007000033 ], [ 7.035321615000044, 48.410136182000088 ], [ 7.03457971000006, 48.410165948000042 ], [ 7.034302401000048, 48.410089811000034 ], [ 7.033822317000045, 48.410016071000086 ], [ 7.033354615000064, 48.410081537000053 ], [ 7.032568866000076, 48.409617326000046 ], [ 7.031668794000041, 48.409382208000068 ], [ 7.031612085000063, 48.408753557000068 ], [ 7.031318466000073, 48.408497802000056 ], [ 7.031278084000064, 48.408048761000032 ], [ 7.03098841700006, 48.407833408000045 ], [ 7.030547053000078, 48.407591685000057 ], [ 7.030233337000084, 48.407106900000088 ], [ 7.030014599000083, 48.406934174000071 ], [ 7.028622860000041, 48.406495051000043 ], [ 7.027658830000064, 48.406307121000047 ], [ 7.027306348000081, 48.406143440000051 ], [ 7.026148486000068, 48.406052167000041 ], [ 7.025660222000056, 48.405893096000057 ], [ 7.024423917000092, 48.40568286000007 ], [ 7.024392166000041, 48.40532360800006 ], [ 7.024182025000073, 48.40524066200004 ], [ 7.022737213000084, 48.405123069000069 ], [ 7.021579038000084, 48.405027260000047 ], [ 7.021095080000066, 48.404913065000073 ], [ 7.020872943000086, 48.404695397000069 ], [ 7.020785749000083, 48.404473149000069 ], [ 7.02034526500006, 48.404087229000083 ], [ 7.020174322000059, 48.403687657000042 ], [ 7.019801318000077, 48.403299445000073 ], [ 7.019638100000066, 48.402989693000052 ], [ 7.01953035300005, 48.402542935000042 ], [ 7.019383419000064, 48.402412796000078 ], [ 7.018349624000052, 48.402195630000051 ], [ 7.018063478000045, 48.402025169000069 ], [ 7.017237071000068, 48.401246953000047 ], [ 7.017327468000076, 48.400748434000043 ], [ 7.01755279300005, 48.400245339000037 ], [ 7.017596272000048, 48.399973617000057 ] ], [ [ 6.973760564000088, 48.392633078000081 ], [ 6.97257544100006, 48.392231431000077 ], [ 6.971642091000092, 48.391771788000085 ], [ 6.970873271000073, 48.391486783000062 ], [ 6.96929532900009, 48.39123339300005 ], [ 6.968891777000067, 48.391251418000081 ], [ 6.968107896000049, 48.39156143200006 ], [ 6.967794342000047, 48.391842176000068 ], [ 6.967277316000093, 48.392719759000045 ], [ 6.966828834000069, 48.393005019000043 ], [ 6.966421033000074, 48.392978137000057 ], [ 6.966004424000062, 48.392856965000078 ], [ 6.965626873000076, 48.392558828000062 ], [ 6.965444525000066, 48.392024451000047 ], [ 6.964195412000038, 48.391669905000072 ], [ 6.963245258000086, 48.391625129000033 ], [ 6.96240479800008, 48.391297428000087 ], [ 6.96239717900005, 48.391207603000055 ], [ 6.961255596000058, 48.390529646000061 ], [ 6.960795363000045, 48.389918979000072 ], [ 6.960506084000087, 48.38970345000007 ], [ 6.960300674000052, 48.389669782000055 ], [ 6.959982861000071, 48.38990560700006 ], [ 6.95938456500005, 48.390020190000087 ], [ 6.958171561000086, 48.39006523200004 ], [ 6.956720887000074, 48.389861473000053 ], [ 6.956094692000079, 48.389661692000061 ], [ 6.954600242000083, 48.388819802000057 ], [ 6.954295281000043, 48.388429128000041 ], [ 6.954231915000094, 48.387710604000063 ], [ 6.95401350800006, 48.38753773500008 ], [ 6.953233019000038, 48.387117891000059 ], [ 6.952203007000037, 48.386931567000033 ], [ 6.95197145800006, 48.386763637000058 ], [ 6.951259123000057, 48.386350514000071 ], [ 6.949939075000088, 48.385948647000077 ], [ 6.94922609300005, 48.385526526000042 ], [ 6.948397630000045, 48.385333450000083 ], [ 6.94649909900005, 48.385275114000081 ], [ 6.946071633000088, 48.38501911700007 ], [ 6.945628319000093, 48.384597 ], [ 6.945188216000076, 48.384206301000063 ], [ 6.944533468000088, 48.383827254000039 ], [ 6.943910762000087, 48.383672335000085 ], [ 6.94322567100005, 48.383564530000058 ], [ 6.941553694000049, 48.382998634000046 ], [ 6.93992116600009, 48.382890807000081 ], [ 6.938043879000077, 48.382291156000072 ], [ 6.93749673800005, 48.382219268000085 ], [ 6.937024955000084, 48.382239455000047 ], [ 6.935958783000046, 48.382414513000072 ], [ 6.934885370000075, 48.382504227000076 ], [ 6.934501555000054, 48.382751183000039 ], [ 6.934025560000066, 48.382726459000082 ], [ 6.93360574400009, 48.382560244000047 ], [ 6.933463620000055, 48.382479389000082 ], [ 6.933352442000057, 48.381987646000077 ], [ 6.933063320000088, 48.381772050000052 ], [ 6.93244151600004, 48.381617043000062 ], [ 6.931834846000072, 48.381641688000059 ], [ 6.931438583000045, 48.381744921000063 ], [ 6.931101692000084, 48.381760607000047 ], [ 6.930168891000051, 48.38130063400007 ], [ 6.927725173000056, 48.380413351000072 ], [ 6.926960956000073, 48.380172960000039 ], [ 6.926810113000045, 48.379997804000077 ], [ 6.926453921000075, 48.379788920000067 ], [ 6.926029954000057, 48.379577778000055 ], [ 6.925792701000091, 48.379184792000046 ], [ 6.925360344000069, 48.378883847000047 ], [ 6.924810236000042, 48.378771464000067 ], [ 6.924271038000086, 48.378793836000057 ], [ 6.92368420300005, 48.379038476000062 ], [ 6.923165812000093, 48.379294357000049 ], [ 6.922702442000059, 48.379404288000046 ], [ 6.921945811000057, 48.379253693000067 ], [ 6.921375240000089, 48.378912272000044 ], [ 6.920173143000056, 48.378465643000077 ], [ 6.917459564000069, 48.378352757000073 ], [ 6.916500975000076, 48.378213312000071 ], [ 6.915692855000088, 48.378244537000057 ], [ 6.914372839000066, 48.378607951000049 ], [ 6.913461983000047, 48.379007373000043 ], [ 6.91299407300005, 48.379067872000064 ], [ 6.912122509000085, 48.379155215000083 ], [ 6.911647400000049, 48.379130373000073 ], [ 6.910474435000083, 48.378858339000033 ], [ 6.908854508000047, 48.378110122000074 ], [ 6.908003229000087, 48.377651794000087 ], [ 6.907567647000064, 48.377305855000088 ], [ 6.906989541000087, 48.376815988000033 ], [ 6.906902842000079, 48.376638692000085 ], [ 6.906864797000082, 48.376558877000043 ], [ 6.906893738000065, 48.375936385000045 ], [ 6.906604758000071, 48.375720723000086 ], [ 6.906256196000072, 48.375601607000078 ], [ 6.904965343000072, 48.375527078000061 ], [ 6.904434196000068, 48.375634668000032 ], [ 6.904045775000043, 48.375832133000081 ], [ 6.90206003500009, 48.376311935000047 ], [ 6.900598582000043, 48.376603289000059 ], [ 6.898914090000062, 48.376667765000043 ], [ 6.89858139800009, 48.37672826000005 ], [ 6.897805003000087, 48.377118629000051 ], [ 6.897393126000054, 48.377672648000043 ], [ 6.896743244000049, 48.377968768000073 ], [ 6.896410208000077, 48.378024764000088 ], [ 6.895770043000084, 48.377653988000077 ], [ 6.895130737000045, 48.377454327000073 ], [ 6.894111949000092, 48.377402257000085 ], [ 6.893130100000064, 48.376993159000051 ], [ 6.892254545000071, 48.377026441000055 ], [ 6.891212439000071, 48.37670488100008 ], [ 6.890016511000056, 48.376942339000038 ], [ 6.889762576000066, 48.377130833000081 ], [ 6.88975428100008, 48.377806683000081 ], [ 6.88946554000006, 48.378221511000049 ], [ 6.889092871000059, 48.378598561000047 ], [ 6.88866407800009, 48.379108062000057 ], [ 6.888445434000062, 48.379705244000043 ], [ 6.88829389700004, 48.380295717000081 ], [ 6.887932529000068, 48.380803001000061 ] ], [ [ 7.017596272000048, 48.399973617000057 ], [ 7.017120582000075, 48.399944705000053 ], [ 7.016716136000071, 48.399962922000043 ], [ 7.014453286000048, 48.400368418000085 ], [ 7.013802597000051, 48.400660711000057 ], [ 7.013264742000047, 48.400692443000082 ], [ 7.012908067000069, 48.400483822000069 ], [ 7.012614242000041, 48.400223527000037 ], [ 7.011857055000064, 48.400073508000048 ], [ 7.011385140000073, 48.400093991000062 ], [ 7.011191291000046, 48.400190636000048 ], [ 7.010196741000073, 48.400408972000037 ], [ 7.009879087000058, 48.400644929000073 ], [ 7.009744497000042, 48.400653988000045 ], [ 7.009518153000045, 48.400391401000043 ], [ 7.008975341000053, 48.400369233000049 ], [ 7.00797650700008, 48.400542653000059 ], [ 7.007723567000085, 48.400740382000038 ], [ 7.007137219000072, 48.400989923000047 ], [ 7.006883588000051, 48.401178665000089 ], [ 7.006824660000063, 48.401270740000086 ], [ 7.006567100000041, 48.401419077000071 ], [ 7.005223207000085, 48.401514059000078 ], [ 7.004695770000069, 48.401671514000043 ], [ 7.003864286000066, 48.402199569000061 ], [ 7.003396616000089, 48.402264917000082 ], [ 7.001474674000065, 48.402708184000062 ], [ 7.000024305000068, 48.403126490000034 ], [ 6.997829345000071, 48.403538376000085 ], [ 6.99717118600006, 48.403745247000082 ], [ 6.996876314000076, 48.404070478000051 ], [ 6.996495709000044, 48.404358064000064 ], [ 6.996158352000066, 48.404369442000082 ], [ 6.994697933000055, 48.404067371000053 ], [ 6.994293106000043, 48.404081018000056 ], [ 6.994184435000079, 48.404219803000046 ], [ 6.993673130000047, 48.404556825000043 ], [ 6.993344629000092, 48.404662482000049 ], [ 6.992535989000089, 48.404703244000082 ], [ 6.990605515000084, 48.405047526000033 ], [ 6.990486751000049, 48.405231687000082 ], [ 6.990558480000061, 48.405274312000081 ], [ 6.990582331000041, 48.405543751000039 ], [ 6.990320949000079, 48.40564263400006 ] ], [ [ 6.990320949000079, 48.40564263400006 ], [ 6.989939641000092, 48.40516453500004 ], [ 6.988272775000041, 48.40405861000005 ], [ 6.98788383200008, 48.403490681000051 ], [ 6.987958339000045, 48.402812567000069 ], [ 6.988208295000049, 48.402574448000053 ], [ 6.988088898000058, 48.401992942000049 ], [ 6.986821880000093, 48.400828499000056 ], [ 6.986469637000084, 48.399908014000061 ], [ 6.985791311000071, 48.399124612000037 ], [ 6.98490503700009, 48.397672594000085 ], [ 6.984448374000067, 48.39710242600006 ], [ 6.983714558000088, 48.396456001000047 ], [ 6.982358643000055, 48.395654826000055 ], [ 6.981133970000087, 48.395569874000046 ], [ 6.978738452000073, 48.394636942000034 ], [ 6.978322645000048, 48.394515785000067 ], [ 6.976562449000085, 48.393732627000077 ], [ 6.974885549000078, 48.393122308000045 ], [ 6.973760564000088, 48.392633078000081 ] ], [ [ 7.085573694000061, 48.413350948000073 ], [ 7.084312017000059, 48.414353851000051 ], [ 7.083856506000075, 48.414554224000085 ], [ 7.082987433000085, 48.414678760000072 ], [ 7.082535900000039, 48.414919529000088 ], [ 7.082173027000067, 48.415386961000081 ], [ 7.08096766500006, 48.416288789000077 ], [ 7.079979470000069, 48.41655703400005 ], [ 7.07951909600007, 48.416717019000032 ], [ 7.077829210000061, 48.41673914200004 ], [ 7.076161323000065, 48.416990202000079 ], [ 7.073877750000065, 48.417176822000044 ], [ 7.073466222000093, 48.417105387000049 ], [ 7.072994179000091, 48.417126114000041 ], [ 7.072862693000047, 48.417175675000067 ], [ 7.071936407000067, 48.417392178000057 ], [ 7.07119442000004, 48.417422173000034 ], [ 7.070640117000039, 48.417265548000046 ], [ 7.070285391000084, 48.417097562000038 ], [ 7.069796891000067, 48.416938673000061 ], [ 7.069186746000071, 48.416923590000067 ], [ 7.06866019000006, 48.417081299000081 ], [ 7.068343889000062, 48.417321872000059 ], [ 7.067242530000044, 48.418445190000057 ], [ 7.066790049000076, 48.418685928000059 ], [ 7.065356200000053, 48.419284633000082 ], [ 7.064614879000089, 48.419323571000064 ], [ 7.063551319000055, 48.418783503000043 ], [ 7.062213471000064, 48.418338407000078 ], [ 7.061185440000088, 48.418202478000069 ], [ 7.060645548000082, 48.418220977000033 ], [ 7.060317940000061, 48.418326789000048 ], [ 7.05958372300006, 48.418446528000061 ], [ 7.058994646000087, 48.418660385000067 ], [ 7.058668469000054, 48.418806681000042 ], [ 7.058403679000037, 48.418860790000053 ], [ 7.058114188000047, 48.418649997000045 ], [ 7.05735491900009, 48.41850032900004 ], [ 7.056130090000067, 48.418411631000083 ], [ 7.055186462000052, 48.418448426000047 ], [ 7.054365716000064, 48.418345884000082 ], [ 7.053780087000064, 48.418604638000033 ], [ 7.053447308000045, 48.418665565000083 ], [ 7.052693206000072, 48.41856073200006 ], [ 7.052050406000092, 48.418177335000053 ], [ 7.051423512000042, 48.417978062000088 ], [ 7.050883965000082, 48.418001009000079 ], [ 7.050012136000078, 48.418080350000082 ], [ 7.049262357000089, 48.418020390000038 ], [ 7.04886639700004, 48.418128505000077 ], [ 7.047788488000037, 48.418178836000038 ], [ 7.046336582000038, 48.417832049000083 ], [ 7.045591114000047, 48.417816960000039 ], [ 7.045325471000069, 48.417871069000057 ], [ 7.044940728000086, 48.418113912000081 ], [ 7.044826429000068, 48.418343021000055 ], [ 7.04447061400009, 48.418895661000079 ], [ 7.044098768000083, 48.419273186000055 ], [ 7.043963791000067, 48.41927779100007 ], [ 7.04323105900005, 48.419406385000059 ], [ 7.04218430800006, 48.419806924000056 ], [ 7.042011422000087, 48.419934432000048 ], [ 7.041753552000046, 48.420276532000059 ], [ 7.041432462000046, 48.420467646000077 ], [ 7.040690415000086, 48.420497450000077 ], [ 7.040214872000092, 48.420473124000068 ], [ 7.039122682000084, 48.420965266000053 ], [ 7.038132844000074, 48.42123771100006 ], [ 7.037819833000071, 48.421523126000068 ], [ 7.037701197000047, 48.421707333000086 ], [ 7.037888335000048, 48.422281989000055 ], [ 7.037920188000044, 48.422641233000043 ], [ 7.037797597000065, 48.42278503700004 ], [ 7.037278294000089, 48.423027932000082 ], [ 7.035954889000038, 48.423352255000047 ], [ 7.034852552000075, 48.42388974000005 ], [ 7.03444447600009, 48.42386309300008 ], [ 7.033850941000082, 48.42403192900008 ], [ 7.033129466000048, 48.424286188000053 ], [ 7.032689660000074, 48.424661479000072 ], [ 7.032280023000055, 48.425220410000072 ], [ 7.031570214000055, 48.425604881000083 ], [ 7.03099573500009, 48.425989249000047 ], [ 7.030151255000078, 48.426382794000062 ], [ 7.029704016000039, 48.426672747000055 ], [ 7.029530560000069, 48.427002937000047 ], [ 7.029494860000057, 48.427364477000083 ], [ 7.029329294000092, 48.427775471000082 ], [ 7.028889776000085, 48.428155239000034 ], [ 7.028033219000065, 48.428414055000083 ], [ 7.027264758000058, 48.428895075000071 ], [ 7.026344967000057, 48.429201067000072 ], [ 7.02558569100006, 48.429636722000055 ], [ 7.025125536000076, 48.429791972000032 ], [ 7.024376306000079, 48.429740840000079 ], [ 7.023429011000076, 48.429732458000046 ] ], [ [ 7.023429011000076, 48.429732458000046 ], [ 7.023049682000078, 48.429430048000086 ], [ 7.022188506000077, 48.428878248000046 ], [ 7.021659726000053, 48.42827012500004 ], [ 7.020449419000045, 48.427599540000081 ], [ 7.020063894000089, 48.427072129000067 ], [ 7.019337786000051, 48.426515729000073 ], [ 7.01912070700007, 48.425757401000055 ], [ 7.018950047000089, 48.425362327000073 ], [ 7.01829987900004, 48.424902435000043 ], [ 7.017775965000055, 48.424334668000085 ], [ 7.01681865900008, 48.423475310000072 ], [ 7.016095067000037, 48.423094464000087 ], [ 7.015060192000078, 48.422868288000082 ], [ 7.014294115000041, 48.422628497000062 ], [ 7.013298157000065, 48.422081201000083 ], [ 7.012322598000083, 48.421767417000069 ], [ 7.011977767000076, 48.421693512000047 ], [ 7.010764078000079, 48.421739091000063 ], [ 7.009363560000054, 48.421209956000041 ], [ 7.008649622000064, 48.420788204000083 ], [ 7.008427469000083, 48.420570516000055 ], [ 7.008060608000051, 48.420407265000051 ], [ 7.007906155000057, 48.419935059000068 ], [ 7.008047714000043, 48.419506893000062 ], [ 7.007841814000074, 48.419468815000073 ], [ 7.007655587000045, 48.419655274000043 ], [ 7.007659016000048, 48.419700198000051 ], [ 7.007532921000063, 48.419799046000037 ], [ 7.007132247000072, 48.419857634000039 ], [ 7.006974066000055, 48.419935046000042 ], [ 7.006808635000084, 48.420017207000058 ], [ 7.006399417000068, 48.419986 ], [ 7.006261165000069, 48.419936625000048 ], [ 7.005205731000046, 48.419494867000083 ], [ 7.004634182000075, 48.419153857000083 ], [ 7.004519178000066, 48.418621763000033 ], [ 7.004439724000065, 48.418489327000088 ], [ 7.004411528000048, 48.418174997000051 ], [ 7.004588880000085, 48.417894259000043 ], [ 7.004636709000067, 48.417667441000049 ], [ 7.004485842000065, 48.417496881000034 ], [ 7.00421246500008, 48.417461077000041 ], [ 7.004220159000056, 48.417550898000059 ], [ 7.004097146000049, 48.417690175000082 ], [ 7.00396216900009, 48.417694735000055 ], [ 7.003819499000088, 48.417609474000074 ], [ 7.003639751000037, 48.417259727000051 ], [ 7.004091322000079, 48.417014766000079 ], [ 7.004440723000073, 48.417138082000072 ], [ 7.004785513000058, 48.417212009000082 ], [ 7.004979437000088, 48.417115375000037 ], [ 7.00522888200004, 48.416881744000079 ], [ 7.005197256000088, 48.416522489000045 ], [ 7.004795731000058, 48.41581541100004 ], [ 7.004482546000077, 48.415335053000042 ], [ 7.004049441000063, 48.41503440300005 ], [ 7.003422767000075, 48.414834876000043 ], [ 7.003058343000077, 48.414536407000071 ], [ 7.002820013000076, 48.414139093000081 ], [ 7.001896305000059, 48.412283094000088 ], [ 7.001535330000081, 48.412029545000053 ], [ 7.000698571000044, 48.411747017000039 ], [ 6.998772054000085, 48.411379651000061 ], [ 6.998415364000039, 48.411170989000077 ], [ 6.998264194000058, 48.410995927000045 ], [ 6.997996212000089, 48.41041944300008 ], [ 6.997619905000079, 48.409986238000045 ], [ 6.996984791000045, 48.409696883000038 ], [ 6.996695255000077, 48.409481446000086 ], [ 6.996401461000062, 48.409221112000068 ], [ 6.996072190000064, 48.408561114000072 ], [ 6.995754525000052, 48.408031341000083 ], [ 6.995495449000089, 48.407549136000057 ], [ 6.995323949000067, 48.406383867000045 ], [ 6.995177063000085, 48.406253698000057 ], [ 6.994760624000037, 48.406137121000086 ], [ 6.994558203000054, 48.406143945000053 ], [ 6.993841043000089, 48.406442865000088 ], [ 6.993037477000087, 48.406528499000046 ], [ 6.992490350000082, 48.406461358000058 ], [ 6.992275997000093, 48.406333459000052 ], [ 6.992176148000056, 48.405976500000072 ], [ 6.991961798000091, 48.405848601000059 ], [ 6.991760562000081, 48.405859884000051 ], [ 6.991169483000078, 48.406059956000043 ], [ 6.990832454000042, 48.40607581200004 ], [ 6.990396092000083, 48.405730185000039 ], [ 6.990320949000079, 48.40564263400006 ] ], [ [ 6.98682861900005, 48.435878263000063 ], [ 6.986106152000048, 48.435366588000079 ], [ 6.984213704000069, 48.434633004000034 ], [ 6.982379362000074, 48.433181317000049 ], [ 6.979622525000082, 48.432616317000047 ], [ 6.978924820000088, 48.432374004000053 ], [ 6.978067464000048, 48.431866810000088 ], [ 6.977722275000076, 48.431788314000073 ], [ 6.976648605000094, 48.431887387000081 ], [ 6.975371387000052, 48.431979765000051 ], [ 6.974617249000062, 48.431874437000033 ], [ 6.97376078700006, 48.431367183000077 ], [ 6.973288576000073, 48.43138751400005 ], [ 6.971346134000044, 48.431610234000061 ], [ 6.970203928000046, 48.431698033000032 ], [ 6.968914324000082, 48.431660143000045 ], [ 6.967810008000072, 48.431566495000077 ], [ 6.966502429000059, 48.431312994000052 ], [ 6.965030359000082, 48.430740701000047 ], [ 6.963062901000058, 48.429914720000056 ], [ 6.961285659000055, 48.428951740000059 ], [ 6.96051538100005, 48.428810833000057 ], [ 6.957052843000042, 48.428674244000042 ], [ 6.956767596000077, 48.428503611000053 ], [ 6.956073436000054, 48.428306088000056 ], [ 6.955355602000054, 48.427839121000034 ], [ 6.954456438000079, 48.426851246000069 ], [ 6.953734073000078, 48.426334878000034 ], [ 6.952725512000086, 48.425792018000038 ], [ 6.952075242000092, 48.425322779000055 ], [ 6.951385271000049, 48.424404474000085 ], [ 6.950992015000054, 48.423787041000082 ], [ 6.950900861000093, 48.423519848000069 ], [ 6.950378027000056, 48.422956275000047 ], [ 6.949777587000085, 48.422440325000082 ], [ 6.949209744000086, 48.42214397500004 ], [ 6.947616803000074, 48.421724131000083 ], [ 6.946502601000077, 48.421360390000082 ], [ 6.944916287000069, 48.421016857000041 ], [ 6.94328276300007, 48.420134411000049 ], [ 6.942232903000047, 48.419939638000074 ], [ 6.940526069000043, 48.418946998000081 ], [ 6.939558757000043, 48.418713427000057 ], [ 6.938186837000046, 48.418497796000047 ], [ 6.937762510000084, 48.418286702000046 ], [ 6.937401804000047, 48.418032958000083 ], [ 6.937108255000055, 48.417772479000064 ], [ 6.936748228000056, 48.417527719000077 ], [ 6.935507630000075, 48.417258154000081 ], [ 6.934935182000061, 48.417056473000059 ], [ 6.934153564000042, 48.41663654000007 ], [ 6.932900712000048, 48.416236744000059 ], [ 6.931180506000089, 48.415897477000051 ], [ 6.929991315000052, 48.415455005000069 ], [ 6.927631855000072, 48.414155049000051 ], [ 6.92735014100009, 48.414029270000071 ], [ 6.926037477000079, 48.413721464000048 ], [ 6.924420829000042, 48.41379302200005 ], [ 6.923659498000063, 48.413597543000037 ], [ 6.922525484000062, 48.413009051000081 ], [ 6.920298148000086, 48.412285575000055 ], [ 6.919660079000039, 48.411950879000081 ], [ 6.919216750000089, 48.411528671000042 ], [ 6.918894736000084, 48.411088939000081 ], [ 6.918708604000074, 48.410509598000033 ], [ 6.918182050000041, 48.409900978000053 ], [ 6.917535635000092, 48.409476472000051 ], [ 6.916834330000086, 48.409188890000053 ], [ 6.916121298000064, 48.408766578000041 ], [ 6.915006260000041, 48.407772048000083 ], [ 6.914185558000042, 48.406902900000034 ], [ 6.91360753400005, 48.406476114000043 ], [ 6.913400910000064, 48.406437900000071 ], [ 6.913076426000089, 48.406588234000083 ], [ 6.912873992000073, 48.406594918000053 ], [ 6.912379200000089, 48.406354538000073 ], [ 6.911970988000064, 48.406322977000059 ], [ 6.911019102000068, 48.406268825000041 ], [ 6.910044957000082, 48.405949676000034 ], [ 6.909544993000054, 48.405650906000062 ], [ 6.908577146000084, 48.404791081000042 ], [ 6.907764968000038, 48.404011687000043 ], [ 6.907761626000081, 48.40396675900007 ], [ 6.90687781400004, 48.40314468400004 ], [ 6.906873629000074, 48.403099784000062 ], [ 6.906363513000088, 48.402675229000067 ], [ 6.905229894000058, 48.401460539000077 ], [ 6.904999886000041, 48.401152853000042 ], [ 6.904837685000075, 48.400847436000049 ], [ 6.90473293000008, 48.398869211000033 ], [ 6.904402750000088, 48.398339634000081 ], [ 6.903958991000081, 48.397908380000047 ], [ 6.903455800000074, 48.397564654000064 ], [ 6.902909492000049, 48.396731430000045 ], [ 6.902687879000041, 48.396513540000058 ], [ 6.902136792000079, 48.396401081000079 ], [ 6.901792283000077, 48.396326855000041 ], [ 6.901491516000078, 48.395976455000039 ], [ 6.900765935000038, 48.394788820000088 ], [ 6.900666729000079, 48.394431781000037 ], [ 6.900303030000089, 48.394132992000038 ], [ 6.899704880000058, 48.393477110000049 ], [ 6.898977001000048, 48.392884045000073 ], [ 6.898252647000049, 48.392326890000049 ], [ 6.898434989000066, 48.392095699000038 ], [ 6.898419126000078, 48.391916068000057 ], [ 6.898078827000063, 48.391886732000046 ], [ 6.897918731000061, 48.391756885000063 ], [ 6.897891186000038, 48.39144252400007 ], [ 6.898152670000059, 48.391343843000072 ], [ 6.898212619000049, 48.391251794000077 ], [ 6.898256374000084, 48.390975621000052 ], [ 6.897733584000093, 48.390411830000062 ], [ 6.897666813000058, 48.389648377000071 ], [ 6.897168251000039, 48.389354016000077 ], [ 6.896898425000074, 48.389362893000055 ], [ 6.89656565100006, 48.389423382000082 ], [ 6.895725642000059, 48.389095208000072 ], [ 6.895119712000053, 48.389119637000078 ], [ 6.895108035000078, 48.388984906000083 ], [ 6.895171317000063, 48.388937787000089 ], [ 6.895222589000071, 48.388751445000082 ], [ 6.895072161000087, 48.388580742000045 ], [ 6.89502781200008, 48.388221894000083 ], [ 6.894952854000053, 48.388134283000056 ], [ 6.895008632000042, 48.387997334000033 ], [ 6.894988609000052, 48.38777280100004 ], [ 6.894117787000084, 48.387085324000047 ], [ 6.893630099000063, 48.386925706000056 ], [ 6.893341112000087, 48.386710014000073 ], [ 6.892486169000051, 48.386202156000081 ], [ 6.892050773000051, 48.385869669000051 ], [ 6.891465330000074, 48.385348445000034 ], [ 6.890845893000062, 48.384607648000042 ], [ 6.890447326000071, 48.383904631000064 ], [ 6.890554728000041, 48.383585836000073 ], [ 6.89092325300004, 48.383163882000083 ], [ 6.890891584000087, 48.382804616000051 ], [ 6.890812471000061, 48.382672100000043 ], [ 6.890227408000044, 48.382155362000049 ], [ 6.889837859000068, 48.381722276000062 ], [ 6.889271637000093, 48.381425603000082 ], [ 6.888970528000073, 48.381079687000067 ], [ 6.888681593000058, 48.38086398300004 ], [ 6.888337205000084, 48.380789716000038 ], [ 6.887932529000068, 48.380803001000061 ] ], [ [ 7.109417945000075, 48.474018581000053 ], [ 7.109071370000038, 48.474674678000042 ], [ 7.108503607000046, 48.475144753000052 ], [ 7.108076508000067, 48.475659501000052 ], [ 7.107809625000073, 48.477019982000058 ], [ 7.107397419000051, 48.477714375000062 ], [ 7.10726750300006, 48.477763914000043 ], [ 7.105128404000084, 48.478076658000077 ], [ 7.103036246000045, 48.478167037000048 ], [ 7.102063960000066, 48.477894374000073 ], [ 7.100689479000039, 48.477676141000082 ], [ 7.099312551000082, 48.477426448000081 ], [ 7.098039128000039, 48.476983992000051 ], [ 7.097250962000089, 48.476520263000047 ], [ 7.096801944000049, 48.476040316000081 ], [ 7.096435720000045, 48.475742178000083 ], [ 7.095227365000085, 48.475112779000085 ], [ 7.094131447000052, 48.47439391100005 ], [ 7.091618267000058, 48.473557265000068 ], [ 7.090928198000086, 48.473405401000043 ], [ 7.089165434000051, 48.473385094000037 ], [ 7.088337729000045, 48.473237959000073 ], [ 7.086439690000077, 48.472470091000048 ], [ 7.085597168000049, 48.472143284000083 ], [ 7.08444558900004, 48.472142397000077 ], [ 7.08380791400009, 48.471988689000057 ], [ 7.082812333000049, 48.47144643200005 ], [ 7.081869968000092, 48.470771717000048 ], [ 7.079925036000077, 48.469496403000051 ], [ 7.079508752000038, 48.46938010000008 ], [ 7.078720168000075, 48.469636922000063 ], [ 7.07778262000005, 48.469763736000061 ], [ 7.076159276000055, 48.469792497000071 ], [ 7.075612229000058, 48.469725714000049 ], [ 7.075195604000044, 48.46960490400005 ], [ 7.074668778000046, 48.469177097000056 ], [ 7.074186560000044, 48.468342390000032 ], [ 7.074040150000087, 48.468212296000047 ], [ 7.073959602000059, 48.468079940000052 ], [ 7.072933526000043, 48.467218863000085 ], [ 7.072538869000084, 48.466606347000038 ], [ 7.072354660000087, 48.466207305000069 ], [ 7.071972165000091, 48.465729491000047 ], [ 7.071333326000058, 48.465395597000047 ], [ 7.069665875000055, 48.46493034100007 ], [ 7.069374049000089, 48.464715149000085 ], [ 7.069069482000089, 48.464324734000058 ], [ 7.068729948000055, 48.46357069000004 ], [ 7.06861247900008, 48.463169353000069 ], [ 7.068281118000073, 48.462509612000083 ], [ 7.067978863000064, 48.462159652000082 ], [ 7.067474332000074, 48.461821132000068 ], [ 7.066290909000088, 48.461460844000051 ], [ 7.063279508000051, 48.461095615000033 ], [ 7.062714434000043, 48.460849231000047 ], [ 7.062196442000072, 48.460511151000048 ], [ 7.061742716000083, 48.459986202000039 ], [ 7.060729116000061, 48.459259720000034 ], [ 7.060171032000085, 48.458337477000043 ], [ 7.059650154000053, 48.457819323000081 ], [ 7.058501, 48.457232585000042 ], [ 7.057446066000068, 48.456791248000059 ], [ 7.056944782000073, 48.456493111000043 ], [ 7.054740373000072, 48.453969653000058 ], [ 7.054159845000072, 48.453543597000078 ], [ 7.052762356000073, 48.453059881000058 ], [ 7.052333324000074, 48.45280880100006 ], [ 7.052166292000038, 48.452454184000032 ], [ 7.052117072000044, 48.45191537900007 ], [ 7.052350910000087, 48.451502024000042 ], [ 7.053090401000077, 48.450841682000032 ], [ 7.053045487000077, 48.450347769000082 ], [ 7.052290208000045, 48.449477271000042 ], [ 7.051773462000085, 48.448999480000055 ], [ 7.05085573000008, 48.448589433000052 ], [ 7.049324045000048, 48.448119272000042 ], [ 7.048532700000067, 48.447745429000072 ], [ 7.046452402000057, 48.447194871000079 ], [ 7.045808799000042, 48.446815970000046 ], [ 7.045010317000049, 48.446217145000048 ], [ 7.044582070000047, 48.445975021000038 ], [ 7.043673555000055, 48.445650184000051 ], [ 7.043240323000077, 48.44535417700007 ], [ 7.042491605000066, 48.44470859900008 ], [ 7.041566757000055, 48.444204142000046 ], [ 7.041331461000084, 48.443851837000068 ], [ 7.04126683800007, 48.44313339100006 ], [ 7.041385510000055, 48.442949184000042 ], [ 7.041357923000078, 48.442634841000086 ], [ 7.041269736000061, 48.442412643000068 ], [ 7.040813262000086, 48.441847176000067 ], [ 7.040303358000074, 48.441598813000041 ], [ 7.039263368000093, 48.441323465000039 ], [ 7.038901668000051, 48.441065542000047 ], [ 7.03865899300007, 48.440627907000078 ], [ 7.038436632000071, 48.440410278000058 ], [ 7.037953002000052, 48.440305139000088 ], [ 7.037751298000046, 48.440312008000042 ], [ 7.037136247000092, 48.44024737400008 ], [ 7.036567719000061, 48.439951446000073 ], [ 7.036202933000084, 48.439653085000089 ], [ 7.035896724000054, 48.439258143000082 ], [ 7.035640580000063, 48.438820960000051 ], [ 7.03540619100005, 48.438468614000051 ], [ 7.035298238000053, 48.438021882000051 ], [ 7.034999796000079, 48.437716755000046 ], [ 7.034851758000059, 48.436825486000032 ], [ 7.034605338000063, 48.436338425000088 ], [ 7.034089227000038, 48.435865045000071 ], [ 7.032499163000068, 48.434892212000079 ], [ 7.032205049000083, 48.434631971000051 ], [ 7.031974497000078, 48.434329032000051 ], [ 7.031934933000059, 48.433879972000057 ], [ 7.03187390100004, 48.43320643800007 ], [ 7.031456404000039, 48.432319824000047 ], [ 7.031081648000054, 48.432066827000085 ], [ 7.030530604000091, 48.431963953000043 ], [ 7.029713987000093, 48.431906136000073 ], [ 7.029507179000063, 48.431868125000051 ], [ 7.029074639000044, 48.431567542000039 ], [ 7.028760294000051, 48.431087282000078 ], [ 7.028205129000071, 48.430930489000048 ], [ 7.02730815700005, 48.430740265000047 ], [ 7.026542754000047, 48.43050052500007 ], [ 7.026335954000047, 48.430462509000051 ], [ 7.024849648000043, 48.430485955000051 ], [ 7.023944966000045, 48.430205887000056 ], [ 7.023516258000086, 48.429954699000064 ], [ 7.023429011000076, 48.429732458000046 ] ] ] } },
{ "type": "Feature", "properties": { "fid": 492, "gid": 492, "CdEuMasseDEau": "FRCR293", "NomMasseDEau": "HURE", "Etat masse eau ": "Inconnu", "Etat ecologique": "Bon", "Etat chimique": "Inconnu", "_swEcologicalStatusOrPotentialValue": "2", "_swChemicalStatusValue": "U" }, "geometry": { "type": "MultiLineString", "coordinates": [ [ [ 7.046819577000065, 48.335958960000085 ], [ 7.046271716000092, 48.336477688000059 ], [ 7.046009941000079, 48.336576728000068 ], [ 7.045408983000073, 48.336646823000081 ], [ 7.044101511000065, 48.336380711000061 ], [ 7.043478485000037, 48.33636146300006 ], [ 7.043092309000087, 48.33642420700005 ], [ 7.040667048000046, 48.337250278000056 ], [ 7.039551077000056, 48.337608193000051 ], [ 7.037549282000043, 48.337879211000086 ], [ 7.03615205400007, 48.33811606200004 ], [ 7.035209852000037, 48.338152699000034 ], [ 7.034733869000092, 48.338123886000062 ], [ 7.033755948000078, 48.337760839000055 ], [ 7.031877244000043, 48.337302358000045 ], [ 7.031513195000059, 48.337003959000072 ], [ 7.030819962000066, 48.336806860000081 ], [ 7.030177478000041, 48.336423350000082 ], [ 7.029382077000093, 48.336590074000071 ], [ 7.029306969000061, 48.336502544000041 ], [ 7.029100880000044, 48.336469022000081 ], [ 7.028763964000063, 48.336480493000067 ], [ 7.027712216000055, 48.33679556900006 ], [ 7.027307915000051, 48.336809330000051 ], [ 7.027034098000058, 48.336773605000083 ], [ 7.026711057000057, 48.336933243000033 ], [ 7.026382700000056, 48.337034504000087 ], [ 7.026050406000081, 48.337095358000056 ], [ 7.025764589000062, 48.336924908000071 ], [ 7.025352911000084, 48.336853330000046 ], [ 7.025122483000075, 48.336545862000037 ], [ 7.024084648000041, 48.336270360000071 ], [ 7.023590164000041, 48.336021418000087 ], [ 7.023078572000088, 48.335592880000043 ], [ 7.022199511000053, 48.335582225000053 ], [ 7.021981939000057, 48.335409446000085 ], [ 7.021502897000062, 48.335340145000032 ], [ 7.021138422000092, 48.33504623500005 ], [ 7.020449529000075, 48.334893974000067 ], [ 7.020071742000084, 48.334591505000049 ], [ 7.019247598000049, 48.334448337000083 ], [ 7.018115063000039, 48.333860695000055 ], [ 7.017568660000052, 48.333793667000073 ], [ 7.016895201000068, 48.333821036000082 ], [ 7.016638498000077, 48.333964881000043 ], [ 7.016674426000066, 48.334369053000046 ], [ 7.016619021000054, 48.334506064000038 ], [ 7.016081157000087, 48.334528826000053 ], [ 7.015365437000071, 48.334832385000077 ], [ 7.015325774000075, 48.335153540000078 ], [ 7.015213029000051, 48.335247453000079 ], [ 7.015010883000059, 48.335254312000082 ], [ 7.014371640000093, 48.335055288000042 ], [ 7.013841125000056, 48.335163372000068 ], [ 7.013437176000082, 48.335181578000061 ], [ 7.012970113000051, 48.335246967000046 ], [ 7.012499280000043, 48.33526293400007 ], [ 7.012107293000042, 48.335415860000069 ], [ 7.011838606000083, 48.335424970000084 ], [ 7.011548575000063, 48.335209586000083 ], [ 7.01093135800005, 48.335099884000051 ], [ 7.010132335000037, 48.335230566000064 ], [ 7.009713, 48.335069108000077 ], [ 7.009312974000068, 48.335127706000037 ], [ 7.009260973000039, 48.335309641000038 ], [ 7.00900800800008, 48.335502889000047 ], [ 7.007943865000072, 48.335678572000063 ], [ 7.007295806000059, 48.335840155000085 ], [ 7.006726394000054, 48.33626933000005 ], [ 7.00619927300005, 48.336422307000078 ], [ 7.00550002500006, 48.336909923000064 ], [ 7.005108848000077, 48.337062797000051 ], [ 7.004776186000072, 48.337119099000063 ], [ 7.004292888000066, 48.337004830000069 ], [ 7.003927814000065, 48.336701882000057 ], [ 7.003587814000071, 48.336672847000045 ], [ 7.003064941000048, 48.336870709000038 ], [ 7.002729202000069, 48.336886571000043 ], [ 7.002312953000057, 48.336765521000082 ], [ 7.001497001000075, 48.336707535000073 ], [ 7.001145066000049, 48.33654376800007 ], [ 7.000808144000075, 48.336555160000046 ], [ 7.000155776000042, 48.336815942000051 ], [ 6.999818852000089, 48.336827332000041 ], [ 6.999126583000077, 48.33663001900004 ], [ 6.998344100000054, 48.336345665000067 ], [ 6.997390318000043, 48.336251770000047 ], [ 6.996696881000048, 48.336049979000052 ], [ 6.995707339000092, 48.33555189100008 ], [ 6.995014259000072, 48.335354583000083 ], [ 6.993997712000066, 48.335312327000047 ], [ 6.99350253700004, 48.335063287000082 ], [ 6.99308207200005, 48.334897306000073 ], [ 6.992746342000089, 48.334913139000037 ], [ 6.992619239000078, 48.33500751400004 ], [ 6.992295081000066, 48.335153579000064 ], [ 6.992096341000092, 48.33520532700004 ], [ 6.991736784000068, 48.334951705000037 ], [ 6.991328237000062, 48.334920444000034 ], [ 6.990275453000038, 48.335235216000058 ], [ 6.989239153000085, 48.335734097000056 ], [ 6.988978116000055, 48.335832982000056 ], [ 6.988459787000068, 48.336080172000038 ], [ 6.987830488000043, 48.336601355000077 ], [ 6.98699561400008, 48.337084418000082 ], [ 6.986203472000057, 48.337295779000051 ], [ 6.985614324000039, 48.337500298000073 ], [ 6.985045116000038, 48.337789724000061 ], [ 6.98483690900008, 48.338485885000068 ], [ 6.984797559000072, 48.338802507000082 ], [ 6.984548393000068, 48.339036109000062 ], [ 6.984290734000069, 48.339179912000077 ], [ 6.982580068000061, 48.33969692800008 ], [ 6.982070157000067, 48.34003388800005 ], [ 6.98167804700006, 48.340186713000037 ], [ 6.981175429000075, 48.340609004000051 ], [ 6.980977501000041, 48.340660704000072 ], [ 6.980106346000071, 48.340744058000041 ], [ 6.979845947000058, 48.340851908000047 ], [ 6.979299519000051, 48.340784703000047 ], [ 6.977711657000043, 48.341162389000033 ], [ 6.977450571000077, 48.34126124800008 ], [ 6.976836751000064, 48.341196297000067 ], [ 6.976508273000093, 48.341297419000057 ], [ 6.976104263000082, 48.341315498000085 ], [ 6.975320046000093, 48.340850885000073 ], [ 6.97505471900007, 48.340904839000082 ], [ 6.97458484200007, 48.340934134000072 ], [ 6.974294934000056, 48.34071866000005 ], [ 6.973950688000059, 48.34064464000005 ], [ 6.97272737500009, 48.341320806000056 ], [ 6.972490008000079, 48.341689110000061 ], [ 6.972660388000065, 48.342088769000043 ], [ 6.972537467000052, 48.342228021000039 ], [ 6.972290185000077, 48.342330910000051 ], [ 6.971885826000062, 48.342344481000055 ], [ 6.971692117000089, 48.342441066000049 ], [ 6.971731941000087, 48.342890149000077 ], [ 6.971609016000059, 48.343029400000034 ], [ 6.970734415000038, 48.343067756000039 ], [ 6.970207121000044, 48.343220572000064 ], [ 6.970005277000041, 48.343231848000073 ], [ 6.969448162000049, 48.343034334000038 ], [ 6.969320998000057, 48.343128683000089 ], [ 6.969147100000043, 48.343454312000063 ], [ 6.968525303000092, 48.343294997000051 ], [ 6.968367145000059, 48.343034554000042 ], [ 6.968025942000054, 48.343000952000068 ], [ 6.967599054000061, 48.342749518000062 ], [ 6.96719892200008, 48.342807973000049 ], [ 6.966086061000056, 48.343214616000068 ], [ 6.965543518000061, 48.343187755000088 ], [ 6.963851325000064, 48.342541793000073 ], [ 6.963106948000075, 48.342526185000047 ], [ 6.962680087000081, 48.342274733000067 ], [ 6.96247790700005, 48.342281502000048 ], [ 6.962220510000066, 48.342429749000082 ], [ 6.96203862100009, 48.342661047000043 ], [ 6.96176904500004, 48.342670072000033 ], [ 6.961420577000069, 48.342551116000038 ], [ 6.961198950000039, 48.342333326000073 ], [ 6.960391408000078, 48.342364857000064 ], [ 6.95972964300006, 48.342526630000073 ], [ 6.95822232900008, 48.343045485000061 ], [ 6.957573217000061, 48.343341947000056 ], [ 6.957685011000081, 48.343694036000045 ], [ 6.957364421000079, 48.343889427000079 ], [ 6.957368644000042, 48.343934327000056 ], [ 6.957166457000085, 48.343941087000083 ], [ 6.957024062000073, 48.343855766000047 ], [ 6.956219874000055, 48.343932196000083 ], [ 6.955831881000052, 48.344129836000043 ], [ 6.955150659000083, 48.344067025000072 ], [ 6.95422433300007, 48.344282648000046 ], [ 6.953155443000071, 48.344421951000072 ], [ 6.952847490000067, 48.344752030000052 ], [ 6.952645299000039, 48.344758783000088 ], [ 6.952229103000093, 48.344637558000045 ], [ 6.95181746600008, 48.344565725000052 ], [ 6.951148053000054, 48.344637620000071 ], [ 6.950554132000093, 48.344792571000085 ], [ 6.948745425000084, 48.345731234000077 ], [ 6.948108030000071, 48.346162373000077 ], [ 6.946998827000073, 48.346609243000046 ], [ 6.945945208000069, 48.346919125000056 ], [ 6.945691955000086, 48.347112236000051 ], [ 6.945513348000077, 48.347388437000063 ], [ 6.944935724000061, 48.347727482000039 ], [ 6.945022167000047, 48.347945302000085 ], [ 6.945526838000092, 48.348153684000067 ], [ 6.945606037000061, 48.348286167000083 ], [ 6.945633845000089, 48.348600527000087 ], [ 6.945384459000081, 48.348834046000043 ], [ 6.943987188000051, 48.349844489000077 ], [ 6.943547369000044, 48.35021947000007 ], [ 6.943301672000075, 48.350502405000043 ], [ 6.94297307000005, 48.35060343400005 ], [ 6.942295990000048, 48.35058545000004 ], [ 6.941682105000041, 48.350520316000086 ], [ 6.940735406000044, 48.350511302000086 ], [ 6.940109740000082, 48.350311430000033 ], [ 6.939895743000079, 48.350183431000062 ], [ 6.93973316000006, 48.34987355700008 ], [ 6.939611053000078, 48.349247050000088 ], [ 6.939393190000089, 48.349078642000052 ], [ 6.939048602000071, 48.349000029000081 ], [ 6.937564558000076, 48.349022383000033 ], [ 6.936808322000047, 48.348871880000047 ], [ 6.935608019000085, 48.349051423000049 ], [ 6.934531082000092, 48.349096234000058 ], [ 6.934253904000059, 48.34901536700005 ], [ 6.93392478800007, 48.349120891000041 ], [ 6.933517007000091, 48.34908940300005 ], [ 6.933357625000042, 48.34896858500008 ], [ 6.93319542100005, 48.348663195000086 ], [ 6.932768317000068, 48.348407143000088 ], [ 6.932427439000037, 48.348377932000062 ], [ 6.931489183000053, 48.34845864600004 ], [ 6.931144610000047, 48.348380009000039 ], [ 6.930998045000081, 48.34824975500004 ], [ 6.93089149900004, 48.34780739200005 ], [ 6.930400370000086, 48.347598499000071 ], [ 6.930163228000083, 48.347205512000073 ], [ 6.92934299500007, 48.347102128000081 ], [ 6.92928399300007, 48.347194168000051 ], [ 6.929097743000057, 48.347380513000083 ], [ 6.928828138000085, 48.34738946300007 ], [ 6.928523608000091, 48.346998710000037 ], [ 6.928186603000086, 48.347009895000042 ], [ 6.928060198000082, 48.347104171000069 ], [ 6.928004549000093, 48.347241140000051 ], [ 6.927692894000074, 48.347535238000034 ], [ 6.927351688000044, 48.347501520000037 ], [ 6.92698396500009, 48.34715790100006 ], [ 6.926295187000051, 48.347005093000064 ], [ 6.925276957000051, 48.346953290000044 ], [ 6.925067206000051, 48.346870165000041 ], [ 6.924992256000053, 48.346782569000077 ], [ 6.924513238000088, 48.346712877000073 ], [ 6.923550676000048, 48.346524091000049 ], [ 6.922242168000082, 48.346396307000077 ], [ 6.92183927800005, 48.346418666000034 ], [ 6.92132227500008, 48.346530381000044 ], [ 6.92056772300009, 48.346559882000072 ], [ 6.919726284000092, 48.346817457000043 ], [ 6.919226789000049, 48.347288905000077 ], [ 6.918901510000069, 48.347434796000073 ], [ 6.918905700000039, 48.347479698000086 ], [ 6.918652011000063, 48.347668258000056 ], [ 6.918450139000072, 48.34767944500004 ], [ 6.917809183000088, 48.347295301000088 ], [ 6.917714476000072, 48.346987658000046 ], [ 6.917268949000061, 48.346687122000048 ], [ 6.916724053000053, 48.346628587000055 ], [ 6.916252581000037, 48.346648692000088 ], [ 6.915868272000068, 48.34688660900008 ], [ 6.915766203000089, 48.347115187000043 ], [ 6.915153234000059, 48.347049888000072 ], [ 6.914461886000083, 48.347032219000077 ], [ 6.914091046000067, 48.347269683000043 ], [ 6.913913114000081, 48.347545808000064 ], [ 6.913643840000077, 48.347559216000043 ], [ 6.913223527000071, 48.347392953000053 ], [ 6.91241169400007, 48.347379255000078 ], [ 6.912307722000037, 48.347116955000047 ], [ 6.911749271000076, 48.346910212000068 ], [ 6.911025592000044, 48.347127800000067 ], [ 6.910625698000047, 48.347190557000033 ], [ 6.91013883800008, 48.347026482000047 ], [ 6.909936967000078, 48.347037655000072 ], [ 6.909481042000039, 48.347232875000088 ], [ 6.908332536000046, 48.347234773000082 ], [ 6.907667211000046, 48.347351325000034 ], [ 6.907196237000051, 48.347366873000055 ], [ 6.906320341000082, 48.347400288000081 ], [ 6.905866243000048, 48.347608946000037 ], [ 6.904642478000085, 48.347518708000052 ], [ 6.904286594000041, 48.347309752000058 ], [ 6.903949583000042, 48.347320868000047 ], [ 6.903755222000086, 48.347421863000079 ], [ 6.902940056000091, 48.347363170000051 ], [ 6.902551505000076, 48.347556141000041 ], [ 6.902005107000093, 48.347488580000061 ], [ 6.901656409000054, 48.347364955000046 ], [ 6.900848755000084, 48.347396080000067 ], [ 6.899986043000069, 48.347573141000055 ], [ 6.899859076000041, 48.347671908000052 ], [ 6.899874931000056, 48.347851544000036 ], [ 6.899351558000092, 48.348048946000063 ], [ 6.899225098000045, 48.348143192000073 ], [ 6.899194532000081, 48.348414437000088 ], [ 6.899131302000058, 48.348461560000032 ], [ 6.898567245000038, 48.348349524000071 ], [ 6.897759573000087, 48.348380628000086 ], [ 6.897070864000057, 48.348227651000059 ], [ 6.89686865300007, 48.348234309000077 ], [ 6.896603542000094, 48.348292580000077 ], [ 6.895859103000078, 48.348276550000037 ], [ 6.895052097000075, 48.348316621000038 ], [ 6.89457277200006, 48.348242314000061 ], [ 6.894243581000069, 48.348347729000068 ], [ 6.893705191000038, 48.348365441000055 ], [ 6.893582379000065, 48.348509103000083 ], [ 6.893126381000059, 48.34870426100008 ], [ 6.892999908000093, 48.348798499000047 ], [ 6.892726454000069, 48.348766957000073 ], [ 6.892445174000045, 48.348641089000068 ], [ 6.892179724000073, 48.348694858000052 ], [ 6.892049414000041, 48.348748686000079 ], [ 6.890967947000092, 48.34874370600005 ], [ 6.890908876000083, 48.348835727000051 ], [ 6.890878267000062, 48.349106970000037 ], [ 6.890494157000092, 48.34934929700006 ], [ 6.889477425000052, 48.349306144000082 ], [ 6.888756278000074, 48.34955953900004 ], [ 6.888067579000051, 48.349406510000051 ], [ 6.887797957000089, 48.349415366000073 ], [ 6.887349745000051, 48.349704827000039 ], [ 6.886573666000061, 48.350095130000057 ], [ 6.885847999000077, 48.350299112000073 ], [ 6.88558286600005, 48.350357359000043 ], [ 6.884162008000089, 48.350331929000049 ], [ 6.88363107300006, 48.350439428000072 ], [ 6.883127060000049, 48.350865820000081 ], [ 6.883147019000091, 48.351090361000047 ], [ 6.883221905000084, 48.351177983000071 ], [ 6.883209370000088, 48.351808942000048 ], [ 6.883153599000082, 48.351945889000042 ], [ 6.88283651100005, 48.352181486000063 ], [ 6.882883061000086, 48.352720428000055 ], [ 6.88282397100005, 48.352812444000051 ], [ 6.88216183600008, 48.352973783000039 ] ] ] } },
{ "type": "Feature", "properties": { "fid": 475, "gid": 475, "CdEuMasseDEau": "FRCR278", "NomMasseDEau": "MEURTHE 2", "Etat masse eau ": "Moyen", "Etat ecologique": "Moyen", "Etat chimique": "Non atteint", "_swEcologicalStatusOrPotentialValue": "3", "_swChemicalStatusValue": "3" }, "geometry": { "type": "MultiLineString", "coordinates": [ [ [ 6.952284195000061, 48.15280950500005 ], [ 6.952300169000068, 48.152989159000072 ], [ 6.951996353000084, 48.153359722000062 ], [ 6.951175815000056, 48.153977343000072 ], [ 6.95074978100007, 48.154491644000082 ], [ 6.950007292000066, 48.155241782000083 ], [ 6.949230331000081, 48.155587643000047 ], [ 6.948528078000038, 48.15602109200006 ], [ 6.947020265000049, 48.156486008000059 ], [ 6.946192063000069, 48.157013751000079 ], [ 6.944889538000041, 48.157512310000072 ], [ 6.944313147000059, 48.157851426000043 ], [ 6.943366523000066, 48.158563296000068 ], [ 6.943129269000053, 48.15893611100006 ], [ 6.943074697000043, 48.159073077000073 ], [ 6.942663311000047, 48.159762536000073 ], [ 6.942170824000073, 48.160279022000047 ], [ 6.942059993000044, 48.160553009000068 ], [ 6.942287957000076, 48.161622009000041 ], [ 6.942734576000078, 48.162102594000032 ], [ 6.942907508000076, 48.162547281000059 ], [ 6.942559902000085, 48.163189559000045 ], [ 6.942130354000085, 48.163658891000068 ], [ 6.941671935000045, 48.163809355000069 ], [ 6.941486376000057, 48.163995744000033 ], [ 6.941032483000072, 48.164195604000042 ], [ 6.940653807000047, 48.164478539000072 ], [ 6.940677294000068, 48.16474803400007 ], [ 6.94010918500004, 48.165176941000077 ], [ 6.940057953000064, 48.165358840000067 ], [ 6.939766057000043, 48.165868610000082 ], [ 6.939729919000058, 48.166230190000078 ], [ 6.939816883000049, 48.166448014000082 ], [ 6.94003768400006, 48.166665871000077 ], [ 6.940171957000075, 48.167427179000072 ], [ 6.940344884000069, 48.167871868000077 ], [ 6.94049483100008, 48.168042540000044 ], [ 6.941359290000094, 48.168684850000034 ], [ 6.941512934000059, 48.16890494900008 ], [ 6.941730396000082, 48.169077868000045 ], [ 6.94207683500008, 48.169196925000051 ], [ 6.942294300000071, 48.169369843000077 ], [ 6.942405114000053, 48.169861652000073 ], [ 6.942625940000084, 48.170079504000057 ], [ 6.942677136000043, 48.170663399000034 ], [ 6.942503306000049, 48.170984536000049 ], [ 6.94258975300005, 48.171972671000049 ], [ 6.942415918000052, 48.172293808000063 ], [ 6.942044744000043, 48.172666586000048 ], [ 6.942478865000055, 48.173012449000055 ], [ 6.942909298000075, 48.173308882000072 ], [ 6.943489205000049, 48.173780504000042 ], [ 6.943575692000081, 48.174002845000082 ], [ 6.943461481000043, 48.174231895000048 ], [ 6.943410252000092, 48.174413795000078 ], [ 6.943508494000071, 48.174770883000072 ], [ 6.943729345000065, 48.174988732000088 ], [ 6.944720762000088, 48.17553668100004 ], [ 6.944735877000085, 48.17571636200006 ], [ 6.945103362000054, 48.176059940000073 ], [ 6.945375458000058, 48.176861677000034 ], [ 6.945746315000065, 48.177250187000077 ], [ 6.946689095000068, 48.178024981000078 ], [ 6.946859591000077, 48.178424695000047 ], [ 6.947328746000039, 48.179170283000083 ], [ 6.947356475000049, 48.179484681000083 ], [ 6.946902471000044, 48.179684562000034 ], [ 6.946779860000049, 48.179823803000033 ], [ 6.946669012000086, 48.180097791000037 ], [ 6.946708500000057, 48.180546934000063 ], [ 6.946870602000047, 48.180856836000032 ], [ 6.947667824000064, 48.181496848000052 ], [ 6.948034864000078, 48.181844937000051 ], [ 6.948093697000047, 48.182518665000032 ], [ 6.948717405000082, 48.182718518000058 ], [ 6.949076895000076, 48.182976764000045 ], [ 6.949459592000039, 48.183500005000042 ], [ 6.94958227300009, 48.184126548000052 ], [ 6.949467226000081, 48.184355632000063 ], [ 6.94855550200009, 48.185471766000042 ], [ 6.946273637000047, 48.187093198000071 ], [ 6.943711083000039, 48.188588824000078 ], [ 6.943923595000058, 48.188716859000067 ], [ 6.944152539000072, 48.19131737400005 ], [ 6.943978986000047, 48.191643002000042 ], [ 6.94316531700008, 48.192350390000058 ], [ 6.942493590000083, 48.193143120000059 ], [ 6.942367579000063, 48.193237422000038 ], [ 6.942189474000088, 48.193513648000078 ], [ 6.941644574000065, 48.194212044000039 ], [ 6.941533668000091, 48.194486023000081 ], [ 6.941407652000066, 48.194580324000071 ], [ 6.941411009000092, 48.194625258000087 ], [ 6.94092960100005, 48.195271978000051 ], [ 6.940798880000045, 48.195325894000064 ], [ 6.938789310000061, 48.194681264000053 ], [ 6.937951938000083, 48.195884905000071 ], [ 6.937975425000047, 48.196154395000072 ], [ 6.938339149000058, 48.196457577000047 ], [ 6.938362639000047, 48.19672706700004 ], [ 6.938311370000065, 48.196908961000076 ], [ 6.93774591500005, 48.197378287000049 ], [ 6.937706387000048, 48.197694925000064 ], [ 6.937604178000072, 48.198063206000086 ], [ 6.93714209400008, 48.198168714000083 ], [ 6.93701102600005, 48.198218132000079 ], [ 6.936762648000069, 48.198456151000073 ], [ 6.935996704000047, 48.198936659000083 ], [ 6.935368187000051, 48.199453121000033 ], [ 6.935379925000063, 48.199587866000059 ], [ 6.93544713700004, 48.199585625000047 ], [ 6.935739464000051, 48.199846149000052 ], [ 6.935908978000043, 48.201011679000032 ], [ 6.935987932000046, 48.201144183000054 ], [ 6.936097578000044, 48.201631522000071 ], [ 6.936465523000038, 48.201979614000038 ], [ 6.936575511000058, 48.202471445000072 ], [ 6.936413280000068, 48.202927311000053 ], [ 6.936116612000092, 48.203387660000033 ], [ 6.936125, 48.203477471000042 ], [ 6.936563529000068, 48.203868254000042 ], [ 6.936598755000091, 48.204272487000082 ], [ 6.936408842000048, 48.204413958000032 ], [ 6.936575151000056, 48.204768774000058 ], [ 6.936076816000082, 48.205235848000086 ], [ 6.935870833000081, 48.205963443000087 ], [ 6.935918637000043, 48.206502392000061 ], [ 6.93599340500009, 48.206589990000055 ], [ 6.936320876000082, 48.208020519000058 ], [ 6.936569181000039, 48.208548277000034 ], [ 6.936668281000038, 48.208905334000072 ], [ 6.935870313000066, 48.209026540000082 ], [ 6.935921473000064, 48.209610422000083 ], [ 6.935632646000045, 48.210165099000051 ], [ 6.935601483000084, 48.21057154500005 ], [ 6.935885148000068, 48.210737763000047 ], [ 6.935905278000064, 48.210962318000043 ], [ 6.935727080000049, 48.21123853000006 ], [ 6.935892566000064, 48.211593374000081 ], [ 6.936236253000061, 48.211672004000043 ], [ 6.936449344000039, 48.211795529000085 ], [ 6.936682905000055, 48.212148102000072 ], [ 6.936725687000092, 48.212642172000074 ], [ 6.936365932000058, 48.21314966500006 ], [ 6.935927534000086, 48.213529149000067 ], [ 6.935959407000041, 48.213888447000045 ], [ 6.936140841000054, 48.214422938000041 ], [ 6.93665390700005, 48.214896821000082 ], [ 6.936895033000042, 48.215339231000087 ], [ 6.938036372000056, 48.216057921000072 ], [ 6.938865496000062, 48.216296026000073 ], [ 6.938893194000059, 48.216610417000084 ], [ 6.939584504000038, 48.216808071000059 ], [ 6.940077474000077, 48.217057385000032 ], [ 6.940227896000067, 48.217232545000059 ], [ 6.940642998000044, 48.21811959200005 ], [ 6.940713196000047, 48.21892355600005 ], [ 6.94108465000005, 48.219316562000081 ], [ 6.941657487000043, 48.219698339000047 ], [ 6.942115512000044, 48.220313678000082 ], [ 6.942463129000089, 48.22043270100005 ], [ 6.942814444000078, 48.220601149000061 ], [ 6.943067074000055, 48.221173794000038 ], [ 6.943225079000058, 48.221438787000068 ], [ 6.94358060400009, 48.221652138000081 ], [ 6.943612535000057, 48.222011432000045 ], [ 6.943363738000073, 48.222244967000051 ], [ 6.943545275000076, 48.222779444000082 ], [ 6.94369118700007, 48.22290520100006 ], [ 6.943935770000053, 48.223392527000051 ], [ 6.944208941000056, 48.223428446000071 ], [ 6.944492703000037, 48.22359464200008 ], [ 6.944765876000076, 48.22363056100005 ], [ 6.944828916000063, 48.22358341000006 ], [ 6.945685931000071, 48.224135854000053 ], [ 6.946136137000053, 48.224656845000077 ], [ 6.946238694000044, 48.225058822000051 ], [ 6.946120181000083, 48.225242963000085 ], [ 6.946092453000063, 48.225694340000082 ], [ 6.946171469000092, 48.225826834000088 ], [ 6.946661191000089, 48.226031187000046 ], [ 6.946760391000055, 48.226388231000051 ], [ 6.946633468000073, 48.226482564000037 ], [ 6.946641876000058, 48.226572373000067 ], [ 6.94678814200006, 48.226702619000037 ], [ 6.946894132000068, 48.228681054000049 ], [ 6.946965617000046, 48.229489474000047 ], [ 6.947115256000075, 48.229664652000046 ], [ 6.948039308000091, 48.230210335000038 ], [ 6.948122542000078, 48.230387732000047 ], [ 6.948340280000082, 48.230560632000049 ], [ 6.948494132000064, 48.230780712000069 ], [ 6.948841833000074, 48.230899716000067 ], [ 6.949074721000045, 48.231252287000082 ], [ 6.949552723000068, 48.231321886000046 ], [ 6.950462015000085, 48.231692371000072 ], [ 6.95164285900006, 48.232098807000057 ], [ 6.951682429000073, 48.232547932000045 ], [ 6.951259637000078, 48.233102619000078 ], [ 6.951034393000043, 48.233605649000083 ], [ 6.951053756000079, 48.233830225000077 ], [ 6.951556535000066, 48.234173762000069 ], [ 6.951847956000052, 48.234429775000081 ], [ 6.951868163000086, 48.234654324000083 ], [ 6.952358325000091, 48.234863145000077 ], [ 6.953286733000084, 48.235453690000043 ], [ 6.953765116000056, 48.235527765000086 ], [ 6.953270853000049, 48.236039805000082 ], [ 6.953329813000039, 48.236713504000079 ], [ 6.953405494000037, 48.236801061000051 ], [ 6.95444858500008, 48.237167038000052 ], [ 6.954594900000075, 48.237297274000071 ], [ 6.954685750000067, 48.237564501000072 ], [ 6.954918370000087, 48.237912566000034 ], [ 6.955554557000085, 48.238247115000043 ], [ 6.956294254000056, 48.238983597000072 ], [ 6.956301840000037, 48.239073432000055 ], [ 6.956523013000037, 48.239291248000086 ], [ 6.957633675000068, 48.239938718000083 ], [ 6.959643479000079, 48.241042523000033 ], [ 6.960711162000052, 48.241677894000077 ], [ 6.961196869000048, 48.241837280000077 ], [ 6.962007090000043, 48.241850645000056 ] ], [ [ 6.969352631000049, 48.184562176000043 ], [ 6.968476096000074, 48.184551122000073 ], [ 6.967205184000079, 48.184647921000078 ], [ 6.96647484600004, 48.184767076000071 ], [ 6.965827726000043, 48.185063616000043 ], [ 6.965708530000086, 48.185247810000078 ], [ 6.965653451000037, 48.18615059800004 ], [ 6.965136482000048, 48.186397712000087 ], [ 6.964801350000073, 48.186408974000081 ], [ 6.963845783000068, 48.186265400000082 ], [ 6.962772190000067, 48.186310473000049 ], [ 6.962317848000055, 48.186505920000059 ], [ 6.962065424000059, 48.186699088000069 ], [ 6.961891660000049, 48.187020250000046 ], [ 6.961706090000064, 48.187206668000051 ], [ 6.960210141000061, 48.187806458000068 ], [ 6.95951092200005, 48.188284895000038 ], [ 6.959396749000064, 48.18851396000008 ], [ 6.959080982000046, 48.188749788000052 ], [ 6.958547950000082, 48.188817224000047 ], [ 6.957193719000088, 48.188736521000067 ], [ 6.956723335000049, 48.188752296000082 ], [ 6.956403683000076, 48.188947705000032 ], [ 6.956360903000075, 48.18921941800005 ], [ 6.956060277000063, 48.189634916000045 ], [ 6.955432404000078, 48.190155981000032 ], [ 6.954935550000073, 48.190627604000042 ], [ 6.954552551000063, 48.190865673000083 ], [ 6.954180829000052, 48.191243006000043 ], [ 6.953952423000089, 48.191701123000087 ], [ 6.953371510000068, 48.191995370000086 ], [ 6.953253095000093, 48.19217952200006 ], [ 6.95300448200004, 48.192413082000087 ], [ 6.952285784000082, 48.19266689300008 ], [ 6.95197416700006, 48.192947607000072 ], [ 6.951870890000066, 48.193311436000045 ], [ 6.951689806000047, 48.19354723500004 ], [ 6.951757110000074, 48.194310766000058 ], [ 6.951662241000065, 48.194764405000058 ], [ 6.951716928000053, 48.195393219000039 ], [ 6.951630469000065, 48.195936668000058 ], [ 6.951456611000083, 48.196257812000056 ], [ 6.951069439000094, 48.19721674300007 ], [ 6.951072896000085, 48.198027456000034 ], [ 6.950954548000084, 48.198977384000045 ], [ 6.950831903000051, 48.19911662800007 ], [ 6.950816007000071, 48.199702758000058 ], [ 6.951377354000044, 48.200720021000052 ], [ 6.951408485000059, 48.201079347000082 ], [ 6.950969958000087, 48.201454396000088 ], [ 6.949540698000078, 48.202051794000056 ], [ 6.949350828000092, 48.202193286000067 ], [ 6.949113924000073, 48.202561580000072 ], [ 6.949263558000041, 48.203502535000041 ], [ 6.949694685000054, 48.204569207000077 ], [ 6.949828016000083, 48.205326018000051 ], [ 6.949911217000079, 48.205503417000045 ], [ 6.950500289000047, 48.206069297000056 ], [ 6.950519302000089, 48.206289384000058 ], [ 6.950393610000049, 48.206388187000073 ], [ 6.94952849200007, 48.206511735000049 ], [ 6.948169616000087, 48.206386024000039 ], [ 6.947861260000082, 48.206711658000081 ], [ 6.947751200000084, 48.206985613000086 ], [ 6.94785373600007, 48.207387594000068 ], [ 6.948007519000043, 48.207607679000034 ], [ 6.948508852000089, 48.207946770000042 ], [ 6.948671049000041, 48.208256663000043 ], [ 6.948687028000052, 48.208436311000071 ], [ 6.948560151000038, 48.208530647000032 ], [ 6.947817668000084, 48.208514941000033 ], [ 6.947434506000093, 48.208752984000057 ], [ 6.947311830000047, 48.208892223000078 ], [ 6.947202099000037, 48.209170670000049 ], [ 6.946885315000088, 48.209406491000038 ], [ 6.94655339600007, 48.209462635000079 ], [ 6.946016776000079, 48.209485080000043 ], [ 6.945558307000056, 48.20964004700005 ], [ 6.945527221000077, 48.210046495000086 ], [ 6.945641512000066, 48.210583221000043 ], [ 6.946166394000045, 48.211191807000034 ], [ 6.946462705000044, 48.211492714000087 ], [ 6.946415149000075, 48.211724036000078 ], [ 6.945850447000055, 48.212193368000051 ], [ 6.945542379000074, 48.212523488000045 ], [ 6.945656340000085, 48.213055719000067 ], [ 6.946517396000047, 48.213653067000052 ], [ 6.946829193000042, 48.214138142000081 ], [ 6.946793910000054, 48.214499684000089 ], [ 6.94656449900009, 48.214957808000072 ], [ 6.946608216000072, 48.215451845000082 ], [ 6.946920025000054, 48.215936920000047 ], [ 6.947864017000086, 48.216707162000034 ], [ 6.948428801000091, 48.217003591000037 ], [ 6.948725158000059, 48.217304492000039 ], [ 6.948878974000081, 48.217524574000038 ], [ 6.948974027000077, 48.218602482000051 ], [ 6.94928974600009, 48.219127960000037 ], [ 6.949613448000093, 48.220513536000055 ], [ 6.949937598000076, 48.221128820000047 ], [ 6.950391524000054, 48.221699222000041 ], [ 6.95124108400006, 48.222927556000059 ], [ 6.951695544000074, 48.223493430000083 ], [ 6.951916632000064, 48.223711256000058 ], [ 6.95186117500009, 48.223848248000081 ], [ 6.952003237000042, 48.223933583000083 ], [ 6.952263561000052, 48.224596044000073 ], [ 6.952326704000086, 48.225314653000055 ], [ 6.952883689000089, 48.225516729000049 ], [ 6.953500681000037, 48.225631208000038 ], [ 6.953871941000045, 48.226019679000046 ], [ 6.954219959000056, 48.226143160000049 ], [ 6.954697921000047, 48.226212739000061 ], [ 6.955262508000089, 48.226504640000087 ], [ 6.955483624000067, 48.226722459000086 ], [ 6.955796422000049, 48.227207478000082 ], [ 6.956929848000073, 48.227836171000042 ], [ 6.957977001000074, 48.228247024000041 ], [ 6.958340724000038, 48.228545644000064 ], [ 6.958878073000051, 48.229293399000085 ], [ 6.959431122000069, 48.230216302000088 ], [ 6.959395915000073, 48.230577844000038 ], [ 6.959450731000061, 48.231206640000039 ], [ 6.959766629000057, 48.231732085000033 ], [ 6.959937398000079, 48.232131766000073 ], [ 6.959778653000058, 48.232632586000079 ], [ 6.95983010000009, 48.233216448000064 ], [ 6.960652228000072, 48.234130322000055 ], [ 6.961339872000053, 48.235048701000039 ], [ 6.961731842000063, 48.235666185000071 ] ], [ [ 7.028417736000051, 48.200412802000073 ], [ 7.02600325700007, 48.202040346000047 ], [ 7.025375927000084, 48.202561778000081 ], [ 7.024516472000073, 48.203496554000083 ], [ 7.023576967000054, 48.204298907000073 ], [ 7.023273700000061, 48.204674134000072 ], [ 7.022808593000093, 48.205500850000078 ], [ 7.02211936100008, 48.206835231000071 ], [ 7.021902599000043, 48.20742823900008 ], [ 7.021875528000066, 48.207879639000055 ], [ 7.021761584000046, 48.208108760000073 ], [ 7.021730245000072, 48.208515258000034 ], [ 7.021540888000061, 48.20866135700004 ], [ 7.02042750600009, 48.209019125000047 ], [ 7.019977790000041, 48.209264186000041 ], [ 7.017825873000049, 48.210067227000081 ], [ 7.017313177000062, 48.210359467000046 ], [ 7.016243256000052, 48.211211237000043 ], [ 7.01533179900008, 48.21156658700005 ], [ 7.014830676000088, 48.211989060000064 ], [ 7.014282285000093, 48.212642879000043 ], [ 7.01365471400004, 48.213164245000087 ], [ 7.01339432900005, 48.213263193000046 ], [ 7.012585517000048, 48.214015951000079 ], [ 7.012123785000085, 48.214126244000056 ], [ 7.011605577000068, 48.214369092000076 ], [ 7.010658847000059, 48.215081474000051 ], [ 7.010682714000041, 48.215350947000047 ], [ 7.010588314000074, 48.215804626000079 ], [ 7.010083197000085, 48.216186667000045 ], [ 7.009439354000051, 48.216528371000038 ], [ 7.00714944300006, 48.217295342000057 ], [ 7.005822504000093, 48.217529574000082 ], [ 7.005467635000059, 48.218082178000088 ], [ 7.002832926000053, 48.218770665000079 ], [ 7.002387297000041, 48.21906055900007 ], [ 7.001075612000079, 48.219474405000085 ], [ 7.000578549000068, 48.21994171700004 ], [ 6.999531571000091, 48.219535733000043 ], [ 6.998780421000049, 48.219430542000055 ], [ 6.997967128000084, 48.219372498000041 ], [ 6.997429249000049, 48.219390711000081 ], [ 6.996359257000052, 48.219480992000058 ], [ 6.996320064000088, 48.219797646000082 ], [ 6.996481397000082, 48.220103006000045 ], [ 6.996418748000053, 48.220154678000085 ], [ 6.996023824000076, 48.220258139000073 ], [ 6.995703786000092, 48.220449158000072 ], [ 6.995245367000052, 48.220604316000049 ], [ 6.994893885000067, 48.220436024000037 ], [ 6.99400944000007, 48.22033981800007 ], [ 6.993538786000045, 48.22035573900007 ], [ 6.993230969000081, 48.220685981000088 ], [ 6.992970509000088, 48.220784884000068 ], [ 6.992500190000044, 48.220805294000058 ], [ 6.992290834000073, 48.220722281000064 ], [ 6.991808289000062, 48.220603458000085 ], [ 6.991002629000093, 48.220635200000061 ], [ 6.990742505000071, 48.220738591000043 ], [ 6.990197307000074, 48.220671430000039 ], [ 6.98972664900009, 48.220687336000083 ], [ 6.989403525000057, 48.22083789900006 ], [ 6.989336288000061, 48.220840171000077 ], [ 6.988992463000045, 48.220761696000068 ], [ 6.987803229000065, 48.221036112000043 ], [ 6.987218444000064, 48.221281095000052 ], [ 6.986752357000057, 48.221346385000061 ], [ 6.986475770000084, 48.221265632000041 ], [ 6.985670097000082, 48.221297338000056 ], [ 6.98382573300006, 48.221778517000082 ], [ 6.98266830700004, 48.222407671000042 ], [ 6.982557555000085, 48.222681684000072 ], [ 6.982309267000062, 48.222919794000063 ], [ 6.98184705500006, 48.223025476000032 ], [ 6.981594528000073, 48.223218681000048 ], [ 6.980606584000043, 48.223481728000081 ], [ 6.979168599000047, 48.223989669000048 ], [ 6.976695666000069, 48.224987418000069 ], [ 6.976119244000074, 48.225322152000047 ], [ 6.976217802000065, 48.225679200000059 ], [ 6.97649862600008, 48.225804880000055 ], [ 6.976021091000064, 48.226501154000061 ], [ 6.975910747000057, 48.227540924000039 ], [ 6.975792331000093, 48.22772509400005 ], [ 6.973737958000072, 48.228118578000078 ], [ 6.97345746700006, 48.227997384000048 ], [ 6.972449941000093, 48.228035789000046 ], [ 6.971663603000081, 48.228291973000069 ], [ 6.970667905000084, 48.22846510100004 ], [ 6.969423827000071, 48.22887630200006 ], [ 6.967815607000091, 48.228984408000088 ], [ 6.966507626000066, 48.229442770000048 ], [ 6.966096530000073, 48.229366488000039 ], [ 6.965535232000093, 48.229119571000069 ], [ 6.964627007000047, 48.229514936000051 ], [ 6.96410116800007, 48.229672231000052 ], [ 6.963717927000062, 48.22991032200008 ], [ 6.962604042000066, 48.230272033000062 ], [ 6.96242254200007, 48.230503350000049 ], [ 6.96237132300007, 48.230685250000079 ], [ 6.961936005000041, 48.231105264000064 ], [ 6.961825465000061, 48.231383749000088 ], [ 6.962086789000068, 48.232046156000081 ], [ 6.961908657000038, 48.232322404000058 ], [ 6.961955910000086, 48.232861362000051 ], [ 6.962189735000038, 48.233213878000072 ], [ 6.962244587000043, 48.233842671000048 ], [ 6.962181550000082, 48.233889831000056 ], [ 6.962130327000068, 48.234071731000085 ], [ 6.962035726000067, 48.235291124000071 ], [ 6.961929058000067, 48.235610019000042 ], [ 6.961731842000063, 48.235666185000071 ] ], [ [ 6.961731842000063, 48.235666185000071 ], [ 6.96175934900009, 48.235976073000081 ], [ 6.96165217500004, 48.236299489000032 ], [ 6.961719341000048, 48.237058498000067 ], [ 6.961889301000042, 48.237458203000081 ], [ 6.962423075000061, 48.238156512000046 ], [ 6.962746980000077, 48.238776276000067 ], [ 6.962830538000048, 48.23971941800005 ], [ 6.962625291000052, 48.239938016000053 ], [ 6.962477096000043, 48.240298844000051 ], [ 6.962366202000055, 48.240572834000034 ], [ 6.962347043000079, 48.241114017000086 ], [ 6.962007090000043, 48.241850645000056 ] ], [ [ 6.962007090000043, 48.241850645000056 ], [ 6.961786130000064, 48.242398596000051 ], [ 6.961759756000049, 48.242485066000086 ], [ 6.961649220000084, 48.242853637000053 ], [ 6.961537841000052, 48.243222237000055 ], [ 6.96152490500009, 48.243263211000055 ], [ 6.961573802000089, 48.243666975000053 ], [ 6.961724371000059, 48.243842104000073 ], [ 6.961736186000053, 48.243976843000041 ], [ 6.961420098000076, 48.244212668000046 ], [ 6.961313746000087, 48.244536054000037 ], [ 6.961293734000037, 48.245077263000042 ], [ 6.961989969000058, 48.24608543800008 ], [ 6.962115985000082, 48.246752379000043 ], [ 6.961758219000046, 48.247129241000039 ], [ 6.961765816000081, 48.247219076000079 ], [ 6.961979448000079, 48.247347045000083 ], [ 6.962592157000074, 48.247412078000082 ], [ 6.962667028000055, 48.247499656000059 ], [ 6.962754558000086, 48.247721944000034 ], [ 6.962694884000086, 48.247814035000033 ], [ 6.962848510000072, 48.248029601000042 ], [ 6.962880588000076, 48.248388883000082 ], [ 6.96266332600004, 48.248986258000059 ], [ 6.963236641000037, 48.249367922000033 ], [ 6.963505740000073, 48.249358894000068 ], [ 6.963738195000076, 48.248941187000071 ], [ 6.963860921000048, 48.248801934000085 ], [ 6.964445782000041, 48.248552579000034 ], [ 6.964714876000073, 48.248543548000043 ], [ 6.964923623000061, 48.24861762200004 ], [ 6.965283303000092, 48.248871313000052 ], [ 6.965334827000049, 48.249455166000082 ], [ 6.965560303000075, 48.249717866000083 ], [ 6.966382475000046, 48.249865938000077 ], [ 6.966745553000067, 48.250164556000072 ], [ 6.966802944000051, 48.250658122000061 ], [ 6.966953550000085, 48.250833244000034 ], [ 6.967297538000082, 48.25091178200006 ], [ 6.96762513300007, 48.250806185000044 ], [ 6.967826962000061, 48.250799407000045 ], [ 6.967985180000085, 48.251064361000033 ], [ 6.968419778000055, 48.251405617000046 ], [ 6.968083731000092, 48.251421409000045 ], [ 6.967827296000053, 48.251565157000073 ], [ 6.967712181000081, 48.251794248000067 ], [ 6.967693073000078, 48.252335427000048 ], [ 6.967858903000092, 48.252690215000086 ], [ 6.968127680000066, 48.252676683000061 ], [ 6.968325290000053, 48.252625001000069 ], [ 6.96859440500009, 48.252615960000071 ], [ 6.968740797000066, 48.252746177000063 ], [ 6.968827182000041, 48.252963994000083 ], [ 6.96870479800009, 48.253107745000079 ], [ 6.968748754000046, 48.253601761000077 ], [ 6.968999218000079, 48.253994245000058 ], [ 6.969066498000075, 48.253991984000038 ], [ 6.969410511000092, 48.25407051600007 ], [ 6.969584112000064, 48.253744865000051 ], [ 6.969961656000066, 48.25359704400006 ], [ 6.970319123000081, 48.253675121000072 ], [ 6.970678864000092, 48.253928795000043 ], [ 6.970769825000048, 48.254196006000086 ], [ 6.970920454000066, 48.254371123000055 ], [ 6.971156805000078, 48.254755068000073 ], [ 6.971141795000051, 48.255350164000049 ], [ 6.971027866000043, 48.25558372200004 ], [ 6.970647854000049, 48.255866762000039 ], [ 6.970387178000067, 48.255965613000058 ], [ 6.969465847000038, 48.256226299000048 ], [ 6.96902310300004, 48.256560991000072 ], [ 6.968837314000041, 48.256747411000049 ], [ 6.968861827000069, 48.257016856000064 ], [ 6.969326339000077, 48.257541787000036 ], [ 6.970757631000083, 48.258475666000038 ], [ 6.971125022000081, 48.258819171000077 ], [ 6.971421077000059, 48.259133542000086 ], [ 6.971942838000075, 48.259679061000043 ], [ 6.972654301000091, 48.260101084000041 ], [ 6.973328023000079, 48.26070455100006 ], [ 6.973407160000079, 48.260837024000068 ], [ 6.973854904000064, 48.261317457000082 ], [ 6.97428962400005, 48.261658689000058 ], [ 6.974847077000049, 48.261860656000067 ], [ 6.976503713000056, 48.262291398000059 ], [ 6.977575422000086, 48.262971537000055 ], [ 6.978033224000058, 48.263573238000049 ], [ 6.978296006000051, 48.264104928000052 ], [ 6.978462934000049, 48.265220920000047 ], [ 6.978360038000062, 48.265589246000047 ], [ 6.978259803000071, 48.265646675000085 ], [ 6.978159907000077, 48.265708596000081 ], [ 6.97806051300006, 48.265765996000077 ], [ 6.977783862000081, 48.265932965000047 ], [ 6.97770266200007, 48.266030292000039 ], [ 6.977637769000069, 48.266109052000047 ], [ 6.977440568000077, 48.266345418000071 ], [ 6.977375675000076, 48.266424178000079 ], [ 6.977357182000048, 48.266447322000033 ], [ 6.977443300000061, 48.266683160000071 ], [ 6.977503978000072, 48.266861296000059 ], [ 6.977596841000093, 48.267119429000047 ], [ 6.977625661000047, 48.267199539000046 ], [ 6.977575752000064, 48.267566080000051 ], [ 6.977564031000043, 48.267656564000049 ], [ 6.977552811000066, 48.267742526000063 ], [ 6.97751753600005, 48.267833803000087 ], [ 6.977482762000079, 48.267920558000071 ], [ 6.977446306000047, 48.268007369000088 ], [ 6.977412374000039, 48.268094096000077 ], [ 6.977386840000065, 48.268158018000072 ], [ 6.977384330000064, 48.26818062500007 ], [ 6.977368402000081, 48.268271250000055 ], [ 6.977326168000047, 48.26853843400005 ], [ 6.977311923000059, 48.268629003000058 ], [ 6.977297677000081, 48.268719571000076 ], [ 6.977224929000045, 48.269163456000058 ], [ 6.977213370000072, 48.269244925000073 ], [ 6.977110959000072, 48.269608728000037 ], [ 6.977115722000065, 48.269694152000056 ], [ 6.977118301000076, 48.269784154000043 ], [ 6.977123404000054, 48.269874071000061 ], [ 6.977126824000038, 48.269964045000052 ], [ 6.977136188000088, 48.27014390800008 ], [ 6.977140450000093, 48.270233854000082 ], [ 6.977144711000051, 48.270323799000039 ], [ 6.977148132000082, 48.270413773000087 ], [ 6.977157496000075, 48.270593636000058 ], [ 6.977160916000059, 48.270683609000059 ], [ 6.977165178000064, 48.270773555000062 ], [ 6.977169439000079, 48.270863500000083 ], [ 6.977172330000087, 48.27091295200006 ], [ 6.977187161000074, 48.270952993000037 ], [ 6.977215820000083, 48.271042117000043 ], [ 6.97724700200007, 48.27113115700007 ], [ 6.977263353000069, 48.271180155000081 ], [ 6.977431789000093, 48.271467276000067 ], [ 6.977481141000055, 48.271551199000051 ], [ 6.977627515000052, 48.271803026000043 ], [ 6.977676867000071, 48.271886949000077 ], [ 6.97782290400005, 48.272134283000071 ], [ 6.977872257000058, 48.272218206000048 ], [ 6.977921108000089, 48.272306651000072 ], [ 6.978018974000065, 48.272474525000064 ], [ 6.978068328000063, 48.272558449000087 ], [ 6.978137725000067, 48.272673228000087 ], [ 6.97820377100004, 48.272810643000071 ], [ 6.978244712000048, 48.272894849000068 ], [ 6.978329458000076, 48.273067669000056 ], [ 6.978370400000074, 48.273151876000043 ], [ 6.978453465000087, 48.273324753000047 ], [ 6.978494407000085, 48.273408959000051 ], [ 6.978577974000075, 48.273577314000079 ], [ 6.978619256000059, 48.273666013000081 ], [ 6.978632230000073, 48.273692603000086 ], [ 6.978681734000077, 48.273744990000068 ], [ 6.978898775000062, 48.273971914000072 ], [ 6.97897185100004, 48.274046029000033 ], [ 6.979004013000065, 48.274080982000051 ], [ 6.979056366000066, 48.274115255000083 ], [ 6.979149797000048, 48.274179676000081 ], [ 6.979245751000065, 48.274244012000047 ], [ 6.979339182000047, 48.274308433000051 ], [ 6.979808524000077, 48.274625958000058 ], [ 6.979881101000046, 48.27470459400007 ], [ 6.979951995000079, 48.274783286000059 ], [ 6.98016399800008, 48.275010378000047 ], [ 6.980235734000075, 48.275089042000047 ], [ 6.980330541000058, 48.275193956000066 ], [ 6.98057960400007, 48.275721596000039 ], [ 6.980659302000049, 48.276619799000059 ], [ 6.980674979000071, 48.276659811000059 ], [ 6.980707012000039, 48.276748821000069 ], [ 6.980740388000072, 48.276833281000052 ], [ 6.980837831000088, 48.277095761000055 ], [ 6.980869864000056, 48.277184771000073 ], [ 6.980903581000064, 48.277273724000047 ], [ 6.980924823000066, 48.277331566000043 ], [ 6.98095300500006, 48.277447732000041 ], [ 6.980971577000048, 48.277537196000083 ], [ 6.981012928000041, 48.277715980000039 ], [ 6.981032002000063, 48.27780092200004 ], [ 6.981056981000052, 48.277908187000037 ], [ 6.980980184000089, 48.278063925000083 ], [ 6.980938678000086, 48.278150907000047 ], [ 6.980827932000068, 48.278370849000055 ], [ 6.98088389500009, 48.278999585000072 ], [ 6.980811233000054, 48.279299325000068 ], [ 6.980784886000038, 48.279408318000037 ], [ 6.98073376900004, 48.279468597000061 ], [ 6.980539395000051, 48.279709374000049 ], [ 6.980480542000066, 48.279778922000048 ], [ 6.979259244000048, 48.279702929000052 ], [ 6.978907419000052, 48.279534596000083 ], [ 6.97822276800008, 48.279427013000088 ], [ 6.977088107000043, 48.279559790000064 ], [ 6.976744256000075, 48.279485775000069 ], [ 6.976403460000085, 48.279452197000069 ], [ 6.976210329000082, 48.279553286000073 ], [ 6.975893251000059, 48.27978917300004 ], [ 6.975735356000087, 48.28028996900008 ], [ 6.975138780000066, 48.281170376000034 ], [ 6.974228209000046, 48.282160432000069 ], [ 6.973792900000092, 48.282584968000037 ], [ 6.973551573000066, 48.282908388000067 ], [ 6.973583746000088, 48.283267658000057 ], [ 6.97432771800004, 48.284048934000047 ], [ 6.974363287000074, 48.284453134000046 ], [ 6.974110099000086, 48.284641821000037 ], [ 6.973445710000078, 48.284758748000058 ], [ 6.972488336000083, 48.284615253000077 ], [ 6.97127387800009, 48.284620024000048 ], [ 6.970336817000089, 48.284701049000034 ], [ 6.969617621000054, 48.284963934000082 ], [ 6.969360186000074, 48.285107710000034 ], [ 6.968842263000056, 48.285354823000034 ], [ 6.968081199000039, 48.285745226000081 ], [ 6.967617565000069, 48.28585087600004 ], [ 6.965477822000082, 48.286071316000061 ], [ 6.964537179000047, 48.286116379000077 ], [ 6.963428653000051, 48.285937341000079 ], [ 6.962111366000045, 48.28554007300005 ], [ 6.960592641000062, 48.285145034000038 ], [ 6.957642498000041, 48.284595214000042 ], [ 6.956420446000038, 48.284509999000079 ], [ 6.952218518000052, 48.284758663000048 ], [ 6.951385936000065, 48.28480451300004 ], [ 6.949713201000066, 48.284964013000042 ], [ 6.949178847000042, 48.285026909000067 ], [ 6.947055730000045, 48.285435641000049 ], [ 6.945275755000068, 48.28590945600007 ], [ 6.944492629000081, 48.286210351000079 ], [ 6.943887562000043, 48.286545840000088 ], [ 6.943076812000072, 48.286996289000058 ], [ 6.942465321000043, 48.287561703000051 ], [ 6.942057129000091, 48.288296001000049 ], [ 6.941131677000044, 48.289277260000063 ], [ 6.940304626000056, 48.290615573000082 ], [ 6.940276814000072, 48.291066928000077 ], [ 6.94051580900009, 48.291329219000033 ], [ 6.941302346000043, 48.291839010000047 ], [ 6.941326735000075, 48.292108453000083 ], [ 6.941148291000047, 48.29238465800006 ], [ 6.938518014000067, 48.293936193000043 ], [ 6.936551132000091, 48.294600761000083 ], [ 6.93547917300009, 48.294685993000087 ], [ 6.934194460000072, 48.29465668000006 ], [ 6.933019397000066, 48.294344442000067 ], [ 6.932303256000068, 48.293872795000077 ], [ 6.931738074000066, 48.29358079800005 ], [ 6.930734001000076, 48.292902514000048 ], [ 6.930460479000089, 48.292866564000064 ], [ 6.929993689000071, 48.292931628000083 ], [ 6.929681360000075, 48.293212263000044 ], [ 6.929744278000044, 48.293930850000038 ], [ 6.929593451000073, 48.294521413000041 ], [ 6.929553801000054, 48.294838027000083 ], [ 6.929716154000062, 48.295147928000063 ], [ 6.930271104000042, 48.295935740000061 ], [ 6.930334032000076, 48.296654325000077 ], [ 6.930234599000073, 48.297063010000045 ], [ 6.930060276000063, 48.297384100000045 ], [ 6.929554464000091, 48.297774761000085 ], [ 6.929154632000063, 48.29783309000004 ], [ 6.92867270000005, 48.297718481000061 ], [ 6.928126786000064, 48.297651038000083 ], [ 6.92624703000007, 48.297767520000043 ], [ 6.925717046000045, 48.29787970600006 ], [ 6.925135646000058, 48.298173763000079 ], [ 6.92481906900008, 48.298409482000068 ], [ 6.924146384000039, 48.299211035000042 ], [ 6.924150575000056, 48.299255938000051 ], [ 6.922972048000076, 48.30029047000005 ], [ 6.92248559300009, 48.300896657000067 ], [ 6.922104993000062, 48.301179533000038 ], [ 6.921835957000042, 48.301192960000037 ], [ 6.921693736000066, 48.30110759300004 ], [ 6.921539789000065, 48.300887488000058 ], [ 6.921333574000073, 48.300849285000083 ] ] ] } },
{ "type": "Feature", "properties": { "fid": 496, "gid": 496, "CdEuMasseDEau": "FRCR296", "NomMasseDEau": "PLAINE 1", "Etat masse eau ": "Moyen", "Etat ecologique": "Moyen", "Etat chimique": "Non atteint", "_swEcologicalStatusOrPotentialValue": "3", "_swChemicalStatusValue": "3" }, "geometry": { "type": "MultiLineString", "coordinates": [ [ [ 7.096996878000084, 48.512935177000088 ], [ 7.096062891000088, 48.512791745000072 ], [ 7.09582782800004, 48.512754814000061 ], [ 7.094684417000053, 48.512848297000062 ], [ 7.093636225000068, 48.512663745000047 ], [ 7.092798912000092, 48.512390843000048 ], [ 7.092503219000093, 48.512130797000047 ], [ 7.092045587000087, 48.511565559000083 ], [ 7.091465936000077, 48.511184681000088 ], [ 7.091397360000087, 48.511142005000067 ], [ 7.091032261000066, 48.510839307000083 ], [ 7.090546331000041, 48.510725434000051 ], [ 7.089975177000042, 48.510659534000069 ], [ 7.089657313000089, 48.510625444000077 ], [ 7.089018784000075, 48.510336662000043 ], [ 7.089103452000074, 48.510086029000043 ], [ 7.089125237000076, 48.510017719000082 ], [ 7.089245583000093, 48.509833416000049 ], [ 7.088790437000057, 48.509722980000049 ], [ 7.08876607500008, 48.509714811000038 ], [ 7.087498240000059, 48.509407155000083 ], [ 7.086348752000049, 48.509356643000046 ], [ 7.086001878000047, 48.509341557000077 ], [ 7.08584856400006, 48.509211715000049 ], [ 7.085487241000067, 48.508913376000073 ], [ 7.085337189000086, 48.508738381000057 ], [ 7.085046744000067, 48.50852317600004 ], [ 7.084421300000088, 48.508369040000048 ], [ 7.083522801000072, 48.508179252000048 ], [ 7.082950127000061, 48.507843135000087 ], [ 7.080226196000069, 48.507103548000032 ], [ 7.079433553000058, 48.507315447000053 ], [ 7.07883852000009, 48.507475513000088 ], [ 7.077682177000042, 48.507434163000077 ], [ 7.076695272000052, 48.507022164000034 ], [ 7.075908533000074, 48.506558247000051 ], [ 7.075533890000088, 48.506174762000057 ], [ 7.075254956000038, 48.505333093000047 ], [ 7.074932415000092, 48.504758652000078 ], [ 7.074560423000094, 48.504550727000037 ], [ 7.073670695000089, 48.504450646000073 ], [ 7.073110285000041, 48.504249181000034 ], [ 7.07229856500004, 48.503768083000068 ], [ 7.07030117100004, 48.502593496000088 ], [ 7.069960327000047, 48.502393497000071 ], [ 7.069235566000089, 48.502355287000057 ], [ 7.069074829000044, 48.502347284000052 ], [ 7.068716892000055, 48.502134356000056 ], [ 7.068145180000045, 48.501491872000088 ], [ 7.06813315100004, 48.501478772000041 ], [ 7.068098752000083, 48.50143941500005 ], [ 7.068057150000072, 48.50142732900008 ], [ 7.067053449000071, 48.501123925000059 ], [ 7.06631283300004, 48.500433172000051 ], [ 7.066252127000041, 48.499759662000088 ], [ 7.065680152000084, 48.499418938000083 ], [ 7.065297476000069, 48.498941116000083 ], [ 7.065009805000045, 48.498770810000053 ], [ 7.064175111000054, 48.498668776000045 ], [ 7.063905100000056, 48.49868252400006 ], [ 7.063597974000061, 48.498873195000051 ], [ 7.063229877000083, 48.499304660000064 ], [ 7.062836465000089, 48.499453243000062 ], [ 7.062562621000041, 48.499417576000042 ], [ 7.061990177000041, 48.499081356000033 ], [ 7.061631250000062, 48.499008062000087 ], [ 7.060677530000078, 48.498955116000047 ], [ 7.060181837000073, 48.498701836000073 ], [ 7.059433526000078, 48.49868689300007 ], [ 7.058715471000085, 48.498986185000042 ], [ 7.058247007000091, 48.499051744000042 ], [ 7.057493280000074, 48.49895590400007 ], [ 7.055744488000073, 48.498349087000072 ], [ 7.054799423000077, 48.498385877000032 ], [ 7.054441074000067, 48.498177425000051 ], [ 7.054000053000038, 48.497787137000046 ], [ 7.053251866000039, 48.497006488000068 ], [ 7.052977543000054, 48.496975320000047 ], [ 7.052517376000083, 48.497126147000081 ], [ 7.051977711000063, 48.497158082000055 ], [ 7.05177494600008, 48.497165003000077 ], [ 7.051426093000089, 48.497046297000047 ], [ 7.051076051000052, 48.496923127000059 ], [ 7.049993226000083, 48.496338539000078 ], [ 7.049572134000073, 48.496172749000038 ], [ 7.048516466000081, 48.496488 ], [ 7.047427629000083, 48.496439558000077 ], [ 7.04693930500008, 48.496280556000045 ], [ 7.046787728000084, 48.496105568000083 ], [ 7.046584327000062, 48.495346841000071 ], [ 7.046274097000037, 48.494916036000063 ], [ 7.04626058000008, 48.494916497000077 ], [ 7.045996324000043, 48.494839931000058 ], [ 7.045126677000042, 48.49496415200008 ], [ 7.044688474000054, 48.49493854900004 ], [ 7.044313634000048, 48.494910787000038 ], [ 7.044240632000083, 48.494908770000052 ], [ 7.044182643000056, 48.494892730000061 ], [ 7.043061277000049, 48.494597644000073 ], [ 7.042340324000065, 48.494266392000043 ], [ 7.042375467000056, 48.493810303000032 ], [ 7.042296276000059, 48.493749946000037 ], [ 7.042072872000063, 48.493554879000051 ], [ 7.042023874000051, 48.493556548000072 ], [ 7.04200951200005, 48.493557037000073 ], [ 7.041330637000044, 48.493584657000042 ], [ 7.041072375000056, 48.493728566000073 ], [ 7.040640850000045, 48.494207155000083 ], [ 7.039966190000087, 48.494234624000057 ], [ 7.039540843000054, 48.494023906000052 ], [ 7.039452575000041, 48.493801717000053 ], [ 7.039795139000091, 48.493366694000088 ], [ 7.039817562000053, 48.493338908000055 ], [ 7.039746517000083, 48.493296287000078 ], [ 7.039671982000073, 48.493285312000069 ], [ 7.036302312000089, 48.492665816000056 ], [ 7.035428376000084, 48.492745075000073 ], [ 7.03426187000008, 48.492577550000078 ], [ 7.032832102000043, 48.492500030000087 ], [ 7.032001644000047, 48.492307554000043 ], [ 7.031191838000041, 48.492339564000083 ], [ 7.03074749600006, 48.492674428000043 ], [ 7.030350589000079, 48.492777982000064 ], [ 7.029866493000043, 48.492672815000049 ], [ 7.029850994000071, 48.492493187000044 ], [ 7.030067947000077, 48.492075971000077 ], [ 7.030060499000058, 48.492067216000073 ], [ 7.02807288300005, 48.491706821000037 ], [ 7.027925676000052, 48.491576701000042 ], [ 7.02789228000006, 48.491186 ], [ 7.027880608000089, 48.49117738800004 ], [ 7.027813384000069, 48.491085088000034 ], [ 7.027753905000054, 48.491082603000052 ], [ 7.027610984000091, 48.491096461000041 ], [ 7.026320379000083, 48.491054675000044 ], [ 7.026177473000075, 48.490969446000072 ], [ 7.025701298000058, 48.490945063000083 ], [ 7.025208798000051, 48.490741078000042 ], [ 7.024870891000091, 48.490752537000049 ], [ 7.024537621000093, 48.490813380000077 ], [ 7.024468350000063, 48.490815729000083 ], [ 7.024440818000073, 48.490821167000043 ], [ 7.023394906000078, 48.490910672000041 ], [ 7.02337106400006, 48.49089796800007 ], [ 7.022965706000093, 48.490659494000056 ], [ 7.022472874000073, 48.490451005000068 ], [ 7.022115552000059, 48.490242427000055 ], [ 7.022106972000074, 48.490152641000073 ], [ 7.021475887000065, 48.489908299000042 ], [ 7.021032843000057, 48.48965307900005 ], [ 7.020806059000051, 48.489390532000073 ], [ 7.020714780000048, 48.489127898000049 ], [ 7.020837572000062, 48.488984120000055 ], [ 7.020950974000073, 48.488773101000049 ], [ 7.021011976000068, 48.488662943000072 ], [ 7.020928086000083, 48.48848563100006 ], [ 7.020443359000069, 48.488371441000083 ], [ 7.020314245000066, 48.488465891000033 ], [ 7.020126063000077, 48.488607381000072 ], [ 7.019653356000049, 48.488627895000043 ], [ 7.019578047000039, 48.488540369000077 ], [ 7.01939825900007, 48.488051036000059 ], [ 7.018743180000058, 48.487537263000043 ], [ 7.018655012000068, 48.487315057000046 ], [ 7.018782437000084, 48.487220666000042 ], [ 7.018754118000061, 48.486906356000077 ], [ 7.018257396000081, 48.486657448000081 ], [ 7.018021409000085, 48.486440246000086 ], [ 7.017406530000073, 48.486384497000081 ], [ 7.016993347000039, 48.486308406000042 ], [ 7.016568500000062, 48.486102097000071 ], [ 7.016564590000087, 48.486084214000073 ], [ 7.016469179000069, 48.48574515200005 ], [ 7.016266453000071, 48.485752012000034 ], [ 7.015877264000039, 48.485922817000073 ], [ 7.01581006300006, 48.485952113000053 ], [ 7.015269802000091, 48.485974897000062 ], [ 7.014848904000075, 48.485808983000076 ], [ 7.01469402500004, 48.485589031000082 ], [ 7.014530926000077, 48.485283784000046 ], [ 7.014236618000041, 48.485023510000083 ], [ 7.013124049000055, 48.484705334000068 ], [ 7.01276252100007, 48.484451833000037 ], [ 7.012595656000087, 48.484097169000052 ], [ 7.011855324000067, 48.483541205000051 ], [ 7.010755826000093, 48.483371193000039 ], [ 7.01018782500006, 48.48307512000008 ], [ 7.009611616000086, 48.482693749000077 ], [ 7.009575641000083, 48.482289621000064 ], [ 7.009750091000058, 48.48196845800004 ], [ 7.00978512000006, 48.48160696900004 ], [ 7.009570418000067, 48.481479108000087 ], [ 7.009292769000069, 48.481402916000043 ], [ 7.008588771000063, 48.481354638000077 ], [ 7.008406992000062, 48.481347267000046 ], [ 7.008553777000088, 48.481472919000055 ], [ 7.008641892000071, 48.481695134000063 ], [ 7.008658159000049, 48.481874738000045 ], [ 7.008260789000076, 48.481982740000042 ], [ 7.007780084000046, 48.481908899000082 ], [ 7.006922827000039, 48.481406397000057 ], [ 7.006612320000045, 48.480966499000033 ], [ 7.006413887000065, 48.481018236000068 ], [ 7.006025070000078, 48.481216019000051 ], [ 7.005553612000085, 48.481240942000056 ], [ 7.005346970000062, 48.481207382000044 ], [ 7.004985161000093, 48.480949364000082 ], [ 7.004892099000074, 48.480817390000077 ], [ 7.003935337000087, 48.480719065000073 ], [ 7.003054193000082, 48.480712762000053 ], [ 7.002657322000061, 48.480816225000069 ], [ 7.002070055000047, 48.481065726000047 ], [ 7.001268103000086, 48.481187349000038 ], [ 7.000937950000093, 48.481288557000077 ], [ 7.000525175000064, 48.481216900000049 ], [ 6.999970249000057, 48.481068966000073 ], [ 6.999164866000058, 48.481145652000073 ], [ 6.998751751000043, 48.481069497000078 ], [ 6.998048201000074, 48.480782440000041 ], [ 6.997218901000053, 48.480589691000034 ], [ 6.996809559000042, 48.480562945000088 ], [ 6.996678688000088, 48.480612390000033 ], [ 6.996738479000044, 48.481285945000081 ], [ 6.996679444000051, 48.481378010000071 ], [ 6.995068496000044, 48.481540344000052 ], [ 6.994667337000067, 48.481598887000082 ], [ 6.994758087000093, 48.481100415000071 ], [ 6.994582822000041, 48.480655936000062 ], [ 6.994272731000081, 48.480364620000046 ], [ 6.994213726000055, 48.480312561000062 ], [ 6.994129670000064, 48.48038745100007 ], [ 6.993899782000085, 48.480593355000053 ], [ 6.993797074000042, 48.480957114000034 ], [ 6.99360323600007, 48.481058217000047 ], [ 6.993197815000087, 48.481071860000043 ], [ 6.99299168400006, 48.481033758000081 ], [ 6.992630279000082, 48.480780195000079 ], [ 6.992474664000042, 48.480560242000081 ], [ 6.992180835000056, 48.480304404000037 ], [ 6.992042277000053, 48.480264027000032 ], [ 6.99153840200006, 48.48068631700005 ], [ 6.990863045000083, 48.480713535000064 ], [ 6.990537481000047, 48.480864101000073 ], [ 6.989541999000039, 48.481091234000083 ], [ 6.989140838000083, 48.481149758000072 ], [ 6.988787973000058, 48.480985972000042 ], [ 6.988557126000046, 48.480678467000082 ], [ 6.988339064000058, 48.480505645000051 ], [ 6.987989621000054, 48.48038678000006 ], [ 6.987703148000037, 48.480216256000062 ], [ 6.987429797000061, 48.48018490700008 ], [ 6.986683461000041, 48.480169449000073 ], [ 6.986408924000045, 48.480133634000083 ], [ 6.986126716000058, 48.480008001000051 ], [ 6.985682440000062, 48.479577051000042 ], [ 6.985585170000093, 48.479400168000041 ], [ 6.98529103900006, 48.479139820000057 ], [ 6.984525122000093, 48.478899818000059 ], [ 6.98425093600008, 48.478868491000071 ], [ 6.98417698600008, 48.478920515000077 ], [ 6.984124313000052, 48.478962817000081 ], [ 6.984136239000065, 48.479097530000047 ], [ 6.984005359000093, 48.479146962000073 ], [ 6.98360523000008, 48.479218944000081 ], [ 6.983526665000056, 48.479199062000077 ], [ 6.983506054000088, 48.479195250000032 ], [ 6.983052761000067, 48.479102376000071 ], [ 6.982767496000065, 48.478936304000058 ], [ 6.982071067000049, 48.47828411200004 ], [ 6.98202830200006, 48.478245013000048 ], [ 6.98168280200008, 48.478166532000046 ], [ 6.981210174000068, 48.478186893000043 ], [ 6.980480038000053, 48.478351004000046 ], [ 6.979940344000056, 48.478369106000059 ], [ 6.979661910000061, 48.478292873000044 ], [ 6.979495287000077, 48.477938161000047 ], [ 6.979201195000087, 48.477677798000059 ], [ 6.979093980000073, 48.477235522000058 ], [ 6.978732328000092, 48.476977423000051 ], [ 6.978603606000092, 48.476441288000046 ], [ 6.978306460000056, 48.47614049200007 ], [ 6.977758286000039, 48.476068794000071 ], [ 6.977733624000052, 48.47579939600007 ], [ 6.977526597000065, 48.475626185000067 ], [ 6.977441419000058, 48.475552477000072 ], [ 6.977163507000057, 48.475471717000062 ], [ 6.977092934000041, 48.475523624000061 ], [ 6.976845250000054, 48.475707572000033 ], [ 6.976806089000092, 48.476028651000043 ], [ 6.976679460000071, 48.476122970000063 ], [ 6.976210758000093, 48.476183714000058 ], [ 6.975996500000065, 48.476060285000081 ], [ 6.975574182000059, 48.476006879000067 ], [ 6.975448330000063, 48.475988577000066 ], [ 6.975350473000049, 48.475892773000055 ], [ 6.975226422000048, 48.475775327000072 ], [ 6.97509085300004, 48.475014231000046 ], [ 6.974792550000075, 48.474708962000079 ], [ 6.974419377000061, 48.474320628000051 ], [ 6.97421974100007, 48.473741827000083 ], [ 6.973607779000076, 48.473721789000081 ], [ 6.973246178000068, 48.473463673000083 ], [ 6.972552206000046, 48.473266226000078 ], [ 6.972229391000042, 48.473195966000048 ], [ 6.972207093000065, 48.473192209000047 ], [ 6.972079619000056, 48.473286551000058 ], [ 6.972087266000074, 48.47337637000004 ], [ 6.972111897000048, 48.473645770000083 ], [ 6.971909576000087, 48.473702084000081 ], [ 6.971627754000053, 48.47353587200007 ], [ 6.971464602000083, 48.473226071000056 ], [ 6.970488848000059, 48.472907434000042 ], [ 6.969070247000047, 48.472968408000042 ], [ 6.968793711000046, 48.472883080000088 ], [ 6.968146112000056, 48.472458870000082 ], [ 6.967737353000075, 48.472427502000073 ], [ 6.967487817000063, 48.472665537000069 ], [ 6.967082453000046, 48.472679091000032 ], [ 6.966804573000047, 48.472598307000055 ], [ 6.966689957000085, 48.472358937000081 ], [ 6.966561141000057, 48.472088515000053 ], [ 6.966566024000088, 48.472052322000081 ], [ 6.966859932000091, 48.471695708000077 ], [ 6.966911371000037, 48.471513839000067 ], [ 6.966645715000084, 48.471572262000052 ], [ 6.966316401000086, 48.471673346000046 ], [ 6.965431513000056, 48.471626360000073 ], [ 6.965333360000045, 48.471571092000033 ], [ 6.965328119000048, 48.471557756000038 ], [ 6.96531223900007, 48.471549279000051 ], [ 6.965217299000074, 48.471502911000073 ], [ 6.965243356000087, 48.47118677800006 ], [ 6.965325244000041, 48.471116485000039 ], [ 6.965873812000041, 48.470656784000077 ], [ 6.965845818000048, 48.470342458000061 ], [ 6.965762144000053, 48.470165105000042 ], [ 6.964425629000061, 48.469597262000043 ], [ 6.963468877000082, 48.468732984000042 ], [ 6.962968351000086, 48.468438946000049 ], [ 6.962206929000047, 48.46824369400008 ], [ 6.960823164000089, 48.46806921600006 ], [ 6.960422409000046, 48.468132135000083 ], [ 6.959666937000065, 48.468621236000047 ], [ 6.958869311000058, 48.468787470000052 ], [ 6.95826164600004, 48.468812248000063 ], [ 6.957904388000088, 48.468598981000071 ], [ 6.957978564000086, 48.468056059000048 ], [ 6.957831598000041, 48.467925850000086 ], [ 6.957815510000046, 48.467746238000082 ], [ 6.957938763000072, 48.467607014000073 ], [ 6.95862717600005, 48.467710150000073 ], [ 6.958899434000045, 48.467750607000085 ], [ 6.959005992000073, 48.467715525000081 ], [ 6.95922839800005, 48.467645051000034 ], [ 6.959481844000038, 48.467447436000043 ], [ 6.959739983000077, 48.466538073000038 ], [ 6.959688308000068, 48.465954312000072 ], [ 6.959529484000086, 48.465689388000051 ], [ 6.959247757000071, 48.465568182000077 ], [ 6.958772183000065, 48.465548023000053 ], [ 6.958443231000047, 48.465653578000058 ], [ 6.957902815000068, 48.465671609000083 ], [ 6.957562006000046, 48.465642445000071 ], [ 6.95698942000007, 48.465301245000042 ], [ 6.956857899000056, 48.464724650000051 ], [ 6.956786116000046, 48.464682007000079 ], [ 6.956508294000059, 48.464601198000082 ], [ 6.956047628000079, 48.464756177000083 ], [ 6.955170650000071, 48.46478992200008 ], [ 6.955027931000075, 48.464704605000072 ], [ 6.955130875000066, 48.464340875000062 ], [ 6.955221970000082, 48.463842427000088 ], [ 6.954916230000038, 48.46344728400004 ], [ 6.954705966000063, 48.463364219000077 ], [ 6.954500272000075, 48.463330543000041 ], [ 6.953713709000056, 48.463631487000043 ], [ 6.953515289000052, 48.463683137000032 ], [ 6.953495832000044, 48.463458599000042 ], [ 6.953924345000075, 48.462944404000041 ], [ 6.953908610000042, 48.462769282000068 ], [ 6.953071299000044, 48.46248643000007 ], [ 6.951845453000089, 48.462405672000045 ], [ 6.95110360700005, 48.46243488600004 ], [ 6.951090769000075, 48.462399284000071 ], [ 6.951015768000048, 48.462212625000063 ], [ 6.950780508000094, 48.461999778000063 ], [ 6.950768672000038, 48.461865061000083 ], [ 6.951014850000092, 48.461582134000082 ], [ 6.950987149000071, 48.461529012000085 ], [ 6.950854728000081, 48.46127671000005 ], [ 6.950838007000073, 48.461245740000038 ], [ 6.950280465000048, 48.460169902000082 ] ], [ [ 7.122957736946701, 48.513503353726882 ], [ 7.121535106000067, 48.513518246000046 ], [ 7.121500243000071, 48.513505944000087 ], [ 7.121451153000066, 48.51348512800007 ], [ 7.121249015000046, 48.513393055000051 ], [ 7.120736915000066, 48.512861335000082 ], [ 7.120708246000049, 48.512830801000064 ], [ 7.120657958000038, 48.512805522000072 ], [ 7.120284466000044, 48.512624809000044 ], [ 7.11905112900007, 48.51250095100005 ], [ 7.11842454400005, 48.512301988000047 ], [ 7.117917516000091, 48.511963755000068 ], [ 7.11755931600004, 48.511750975000041 ], [ 7.11676153500008, 48.511918263000041 ], [ 7.115322376000052, 48.511751959000037 ], [ 7.11404028700008, 48.511805397000046 ], [ 7.113364368000077, 48.511657661000072 ], [ 7.113210776000074, 48.511622446000047 ], [ 7.112467481000067, 48.511652697000045 ], [ 7.112002988000086, 48.511758864000058 ], [ 7.111661794000042, 48.511730144000069 ], [ 7.110830743000065, 48.51153822200007 ], [ 7.109480205000068, 48.511593980000043 ], [ 7.105883185000039, 48.512285924000082 ], [ 7.104930024000055, 48.512233304000063 ], [ 7.104584469000088, 48.512159674000088 ], [ 7.103639189000091, 48.512196852000045 ], [ 7.102837700000066, 48.512328141000069 ], [ 7.100588504000086, 48.512194150000077 ], [ 7.099965505000057, 48.512040008000042 ], [ 7.099492267000073, 48.512056348000051 ], [ 7.098635885000078, 48.512320120000084 ], [ 7.097326692000081, 48.512829213000032 ], [ 7.096996878000084, 48.512935177000088 ] ], [ [ 7.103621949218126, 48.518870208445321 ], [ 7.103455412000073, 48.51872497100004 ], [ 7.103138082000044, 48.518438674000038 ], [ 7.103025378000041, 48.517951635000088 ], [ 7.102862157000061, 48.517641996000073 ], [ 7.102826285000049, 48.51723787800006 ], [ 7.102995074000091, 48.516871728000069 ], [ 7.103098785000043, 48.516507826000073 ], [ 7.103002334000053, 48.516195880000055 ], [ 7.102943810000056, 48.515567345000079 ], [ 7.10332027600009, 48.515234554000081 ], [ 7.103464138000049, 48.514734144000045 ], [ 7.103300080000054, 48.514424534000057 ], [ 7.102488027000049, 48.513695924000046 ], [ 7.102214081000056, 48.513660348000087 ], [ 7.101433202000067, 48.513286469000043 ], [ 7.100122240000076, 48.513025473000077 ], [ 7.098974967000061, 48.513069587000082 ], [ 7.098176119000073, 48.513245792000077 ], [ 7.097704911000051, 48.513266559000051 ], [ 7.097361674000069, 48.513233364000087 ], [ 7.097177677000047, 48.513145129000073 ], [ 7.097009101000083, 48.513069874000053 ], [ 7.096996878000084, 48.512935177000088 ] ] ] } },
{ "type": "Feature", "properties": { "fid": 474, "gid": 474, "CdEuMasseDEau": "FRCR277", "NomMasseDEau": "MEURTHE 1", "Etat masse eau ": "Moyen", "Etat ecologique": "Bon", "Etat chimique": "Non atteint", "_swEcologicalStatusOrPotentialValue": "2", "_swChemicalStatusValue": "3" }, "geometry": { "type": "MultiLineString", "coordinates": [ [ [ 7.014017873000057, 48.056950882000081 ], [ 7.011434865000069, 48.057372343000047 ], [ 7.010702975000072, 48.057446845000072 ], [ 7.009604596000088, 48.057939298000072 ], [ 7.008546118000083, 48.058880900000077 ], [ 7.007644540000058, 48.059321577000048 ], [ 7.007069621000085, 48.059661021000068 ], [ 7.006868005000058, 48.059938196000083 ], [ 7.006833755000059, 48.06002946600006 ], [ 7.006707679000044, 48.060128367000061 ], [ 7.00672381000004, 48.06030802500004 ], [ 7.007324327000049, 48.061769783000045 ], [ 7.008120904000066, 48.063179809000083 ], [ 7.008656937000069, 48.063922928000068 ], [ 7.009895308000068, 48.064998027000058 ], [ 7.01034513400009, 48.065523322000047 ], [ 7.010427480000089, 48.065700723000077 ], [ 7.010648648000085, 48.065913941000083 ], [ 7.01096016200006, 48.066398895000077 ], [ 7.011040061000074, 48.067297207000081 ], [ 7.011201853000046, 48.067602550000061 ], [ 7.011497232000068, 48.067907846000082 ], [ 7.011529531000065, 48.068267158000083 ], [ 7.011486294000065, 48.068538942000032 ], [ 7.011368358000084, 48.068723168000083 ], [ 7.011436365000066, 48.069486729000062 ], [ 7.011321835000047, 48.069715890000055 ], [ 7.010893655000075, 48.070185502000072 ], [ 7.010925113000042, 48.07054484300005 ], [ 7.01074437200009, 48.07077625900007 ], [ 7.010791977000054, 48.071315256000048 ], [ 7.010882827000046, 48.071582470000067 ], [ 7.011687174000088, 48.072316433000083 ], [ 7.012002642000084, 48.072841796000034 ], [ 7.012063006000062, 48.073515512000085 ], [ 7.01200020400006, 48.07356270400004 ], [ 7.011952718000089, 48.073789580000039 ], [ 7.012035920000073, 48.073966950000056 ], [ 7.012828411000044, 48.07456615500007 ], [ 7.013131996000084, 48.074956765000081 ], [ 7.013096762000089, 48.075322884000059 ], [ 7.013089749000073, 48.075994391000052 ], [ 7.013338542000042, 48.076526527000055 ], [ 7.013244412000063, 48.076980251000073 ], [ 7.013189268000076, 48.077117285000043 ], [ 7.013150281000037, 48.077433975000083 ], [ 7.013430406000055, 48.07755958000007 ], [ 7.013993731000085, 48.077851230000078 ], [ 7.014151662000074, 48.078116154000043 ], [ 7.013990482000054, 48.078572164000043 ], [ 7.013892942000041, 48.078980953000041 ], [ 7.014192651000087, 48.079331146000072 ], [ 7.014914778000048, 48.079887686000063 ], [ 7.015155105000076, 48.080330005000064 ], [ 7.015261817000066, 48.080772375000038 ], [ 7.015519157000085, 48.081394318000036 ], [ 7.015826555000047, 48.081834348000086 ], [ 7.016118286000051, 48.082090201000085 ], [ 7.016611541000088, 48.082343683000033 ], [ 7.017092539000089, 48.08245792300005 ], [ 7.017450501000042, 48.082711513000049 ], [ 7.017691701000047, 48.08315379700008 ], [ 7.017971867000085, 48.083279391000083 ], [ 7.018067027000086, 48.083591503000036 ], [ 7.01828320900006, 48.083759826000062 ], [ 7.018307894000088, 48.084029292000082 ], [ 7.01851675000006, 48.08411226700008 ], [ 7.018879327000093, 48.084415252000042 ], [ 7.019522582000093, 48.08483930400007 ], [ 7.019625426000061, 48.085241256000081 ], [ 7.019672794000087, 48.085775751000085 ], [ 7.01989358700007, 48.085993470000062 ], [ 7.020122893000064, 48.086301002000077 ], [ 7.020009203000086, 48.086530140000043 ], [ 7.019965994000074, 48.086801924000042 ], [ 7.020052661000079, 48.087024222000082 ], [ 7.020281973000067, 48.087331753000058 ], [ 7.020645078000086, 48.087630209000046 ], [ 7.021129551000058, 48.087789366000038 ], [ 7.021705302000044, 48.08822021800006 ], [ 7.022261109000056, 48.088421986000071 ], [ 7.023357720000092, 48.08865032600005 ], [ 7.023916958000086, 48.088897020000047 ], [ 7.024433852000072, 48.089415468000077 ], [ 7.024454312000046, 48.089640026000041 ], [ 7.024272726000049, 48.089871489000082 ], [ 7.024217596000085, 48.090008527000073 ], [ 7.023835979000069, 48.090251330000058 ], [ 7.023908453000047, 48.091059778000051 ], [ 7.024133203000076, 48.091317902000071 ], [ 7.024425368000038, 48.091578226000081 ], [ 7.024452671000063, 48.09189265200007 ], [ 7.024295797000093, 48.092393578000042 ], [ 7.024383643000078, 48.09338170500007 ], [ 7.024633469000094, 48.093913784000051 ], [ 7.024676635000048, 48.094403368000087 ], [ 7.024591433000069, 48.09495140000007 ], [ 7.024773012000082, 48.095481305000078 ], [ 7.025029696000047, 48.096103250000056 ], [ 7.025338097000088, 48.096543222000037 ], [ 7.025394055000049, 48.097167522000063 ], [ 7.025346604000049, 48.097394400000042 ], [ 7.025099097000066, 48.097632621000059 ], [ 7.024307272000044, 48.097799338000073 ], [ 7.02412223500005, 48.097985865000055 ], [ 7.024348509000049, 48.099014311000083 ], [ 7.024286, 48.099827367000046 ], [ 7.024038135000069, 48.100061091000043 ], [ 7.024066279000067, 48.100375488000047 ], [ 7.024637588000076, 48.100756922000073 ], [ 7.02464953100008, 48.100891667000042 ], [ 7.024866985000074, 48.101064441000062 ], [ 7.025695535000068, 48.101301927000073 ], [ 7.025880912000048, 48.10188125500008 ], [ 7.026109980000058, 48.102184278000038 ], [ 7.026323182000056, 48.102312144000052 ], [ 7.026733035000063, 48.102383730000042 ], [ 7.027080409000064, 48.102507007000042 ], [ 7.02736838800007, 48.102722416000063 ], [ 7.027521855000089, 48.102937919000055 ], [ 7.027889715000072, 48.103285750000055 ], [ 7.028264087000082, 48.103718953000055 ], [ 7.028615738000042, 48.103887131000079 ], [ 7.02876529200006, 48.10406222000006 ], [ 7.029191383000068, 48.104313448000077 ], [ 7.030208468000069, 48.104409301000032 ], [ 7.030847792000088, 48.104788380000059 ], [ 7.031376871000077, 48.105441536000058 ], [ 7.031961089000049, 48.105957649000061 ], [ 7.032812840000076, 48.106464601000077 ], [ 7.032924363000063, 48.106956345000071 ], [ 7.033145299000068, 48.10717403700005 ], [ 7.032909404000065, 48.107542523000063 ], [ 7.032957269000065, 48.108081498000047 ], [ 7.033313233000058, 48.108294566000041 ], [ 7.033798772000068, 48.10845364000005 ], [ 7.034224083000083, 48.108704877000037 ], [ 7.034381370000062, 48.108969798000032 ], [ 7.035021617000041, 48.109348824000051 ], [ 7.035175478000042, 48.109568810000042 ], [ 7.035931165000079, 48.109763673000089 ], [ 7.036240575000079, 48.110203584000033 ], [ 7.036261093000064, 48.110428137000042 ], [ 7.036221381000075, 48.110744855000064 ], [ 7.036442842000042, 48.110958018000083 ], [ 7.036462522000079, 48.111182599000081 ], [ 7.036282935000088, 48.111418513000046 ], [ 7.035876927000061, 48.111387372000081 ], [ 7.035896605000062, 48.111611954000068 ], [ 7.036468120000052, 48.11199332800004 ], [ 7.036763894000046, 48.112298551000038 ], [ 7.03754953400005, 48.112807737000082 ], [ 7.037667983000063, 48.113389342000062 ], [ 7.037835180000059, 48.113739515000077 ], [ 7.038071580000064, 48.114136873000064 ], [ 7.038284020000049, 48.114264744000081 ], [ 7.038515234000045, 48.114572176000081 ], [ 7.038873516000081, 48.114825696000082 ], [ 7.038912900000071, 48.115274857000088 ], [ 7.039063359000068, 48.115449903000069 ], [ 7.040345845000047, 48.116252889000073 ], [ 7.040923397000086, 48.116679088000069 ], [ 7.04140426500004, 48.116797747000078 ], [ 7.041632646000039, 48.117650389000062 ], [ 7.041849596000077, 48.118760214000083 ], [ 7.041726538000091, 48.11889958900008 ], [ 7.041617711000072, 48.119939496000086 ], [ 7.041086872000051, 48.120773126000081 ], [ 7.040894101000049, 48.120869840000069 ], [ 7.040357583000059, 48.12089274300007 ], [ 7.039609432000077, 48.120787748000055 ], [ 7.038539486000047, 48.120873981000045 ], [ 7.037601158000086, 48.120910643000059 ], [ 7.036734208000041, 48.120989904000055 ], [ 7.035433769000065, 48.121493967000049 ], [ 7.034502291000081, 48.121620471000085 ], [ 7.033715244000064, 48.121832125000083 ], [ 7.033199222000064, 48.122079548000045 ], [ 7.031871780000074, 48.123035 ], [ 7.031611035000083, 48.123134023000034 ], [ 7.030988964000073, 48.123700418000055 ], [ 7.029751745000056, 48.124152695000078 ], [ 7.02811986100005, 48.124713057000072 ], [ 7.027930821000041, 48.12485917500004 ], [ 7.028021849000083, 48.125126366000082 ], [ 7.028392951000058, 48.125514630000055 ], [ 7.028488248000087, 48.125826725000081 ], [ 7.028709245000073, 48.126044422000064 ], [ 7.028733164000073, 48.126313908000043 ], [ 7.028413813000043, 48.126505027000064 ], [ 7.028153882000083, 48.126604013000083 ], [ 7.02811068300008, 48.126875792000078 ], [ 7.028261139000051, 48.127050851000043 ], [ 7.028368398000055, 48.127497689000052 ], [ 7.028246123000088, 48.127637020000073 ], [ 7.028211455000076, 48.127998608000041 ], [ 7.028444419000039, 48.12835104800007 ], [ 7.028539722000062, 48.12866314300004 ], [ 7.028358020000042, 48.128894606000081 ], [ 7.027774785000076, 48.129144298000085 ], [ 7.027593916000058, 48.129375731000039 ], [ 7.027389489000086, 48.13010352200007 ], [ 7.027480524000055, 48.130370713000048 ], [ 7.027781453000046, 48.130720831000083 ], [ 7.02789606500005, 48.131253013000048 ], [ 7.027786082000091, 48.131531578000079 ], [ 7.027688552000086, 48.131940364000059 ], [ 7.027515366000046, 48.132261634000088 ], [ 7.027463627000088, 48.13244360300007 ], [ 7.026963694000074, 48.132870643000047 ], [ 7.026849933000051, 48.133099781000055 ], [ 7.026893494000092, 48.133593845000064 ], [ 7.02696880600007, 48.133676867000077 ], [ 7.026988455000037, 48.133901447000085 ], [ 7.026930204000053, 48.133998042000087 ], [ 7.026409423000075, 48.134196036000048 ], [ 7.026094622000073, 48.134436545000085 ], [ 7.025921418000053, 48.134757813000078 ], [ 7.02589015500007, 48.135164332000045 ], [ 7.026194184000076, 48.135554892000073 ], [ 7.026088105000042, 48.135873867000043 ], [ 7.025860066000064, 48.136336662000083 ], [ 7.025703073000045, 48.136837575000072 ], [ 7.024946519000082, 48.137408518000086 ], [ 7.02474202500008, 48.138136301000088 ], [ 7.024372014000051, 48.138513839000041 ], [ 7.024073050000084, 48.13892949600006 ], [ 7.023671404000083, 48.139709056000072 ], [ 7.023371931000042, 48.140129232000049 ], [ 7.022722254000087, 48.140381160000061 ], [ 7.022406219000061, 48.140617195000061 ], [ 7.02223297200004, 48.140938455000082 ], [ 7.021859501000051, 48.141271052000043 ], [ 7.021338631000049, 48.141469022000081 ], [ 7.020151349000059, 48.14174377900008 ], [ 7.019560254000055, 48.141903591000073 ], [ 7.019189837000056, 48.142276619000086 ], [ 7.018815499000084, 48.142609234000084 ], [ 7.017825828000071, 48.142827674000046 ], [ 7.01692289500005, 48.143268398000032 ], [ 7.01564983500009, 48.144086624000067 ], [ 7.01535418800006, 48.144547190000083 ], [ 7.015027006000082, 48.144648433000043 ], [ 7.01410392300005, 48.144869077000067 ], [ 7.013461472000074, 48.145206297000072 ], [ 7.012700412000072, 48.145732254000052 ], [ 7.011907827000073, 48.145898883000086 ], [ 7.011118650000071, 48.146110440000086 ], [ 7.010437453000065, 48.146768811000072 ], [ 7.009525888000042, 48.147119668000073 ], [ 7.008907549000071, 48.147730841000055 ], [ 7.008244959000081, 48.147847974000058 ], [ 7.007862509000063, 48.148086222000082 ], [ 7.00780727700004, 48.148223248000079 ], [ 7.007879585000069, 48.14903167500006 ], [ 7.008191563000082, 48.149516609000045 ], [ 7.00822730100009, 48.149920837000082 ], [ 7.008168656000066, 48.15001292900007 ], [ 7.007533268000088, 48.150444475000086 ], [ 7.007478872000092, 48.150581472000056 ], [ 7.00745177500005, 48.151798718000073 ], [ 7.008233469000061, 48.15226318100008 ], [ 7.007930964000082, 48.153399691000061 ], [ 7.007375435000085, 48.153963667000085 ], [ 7.007403508000039, 48.154278055000077 ], [ 7.007656521000058, 48.154850588000045 ], [ 7.007727997000075, 48.155659040000046 ], [ 7.007614103000037, 48.15588815600006 ], [ 7.006975229000091, 48.156274765000042 ], [ 7.006376324000087, 48.157110501000034 ], [ 7.006332987000064, 48.15738226600007 ], [ 7.006479209000076, 48.157512445000073 ], [ 7.00655916900007, 48.158410705000051 ], [ 7.006243793000067, 48.158646664000059 ], [ 7.006390070000066, 48.159542671000047 ], [ 7.006626937000078, 48.15993555700004 ], [ 7.007423175000042, 48.160534679000079 ], [ 7.007709711000075, 48.16075018500004 ], [ 7.007975014000067, 48.161461949000056 ], [ 7.008709275000058, 48.162153266000082 ], [ 7.008804181000073, 48.162460876000068 ], [ 7.008465383000043, 48.163197678000081 ], [ 7.00894377700007, 48.164032837000043 ], [ 7.00950799900005, 48.164324492000048 ], [ 7.009769931000051, 48.164991317000045 ], [ 7.010449020000067, 48.165819647000042 ], [ 7.010394726000072, 48.166722468000046 ], [ 7.010545237000088, 48.166897544000051 ], [ 7.010818279000091, 48.167699135000078 ], [ 7.011505929000066, 48.16861726500008 ], [ 7.01234740600006, 48.168989574000079 ], [ 7.012781615000051, 48.16933068600008 ], [ 7.01291694300005, 48.170091909000064 ], [ 7.013224494000042, 48.170527426000042 ], [ 7.013437941000063, 48.17065530900004 ], [ 7.013726235000092, 48.170870742000034 ], [ 7.013750938000044, 48.171140193000042 ], [ 7.013573282000039, 48.171416531000034 ], [ 7.013013367000042, 48.171935622000042 ], [ 7.012907135000091, 48.172254577000047 ], [ 7.013010099000041, 48.172656511000071 ], [ 7.013606812000091, 48.173307432000058 ], [ 7.013690177000058, 48.173484789000042 ], [ 7.013670729000069, 48.174026034000072 ], [ 7.013832862000072, 48.174331352000081 ], [ 7.013860985000065, 48.17464573500007 ], [ 7.013466932000085, 48.175519570000063 ], [ 7.013427875000048, 48.175836239000034 ], [ 7.013913975000037, 48.175995388000047 ] ], [ [ 7.000783439000088, 48.081981558000052 ], [ 7.000576233000061, 48.083430229000051 ], [ 7.000675500000057, 48.084553129000085 ], [ 7.000248333000059, 48.08731574400008 ], [ 6.999646657000085, 48.088872413000047 ], [ 6.99912310700006, 48.089795714000047 ], [ 6.998840333000089, 48.090390975000048 ], [ 6.998892073000093, 48.090974877000072 ], [ 6.999105112000052, 48.091868655000042 ], [ 6.999212840000041, 48.093081364000057 ], [ 6.999394158000087, 48.09361130800005 ], [ 6.999450146000072, 48.094240115000048 ], [ 6.999336349000089, 48.094469232000051 ], [ 6.998142372000075, 48.094653934000064 ], [ 6.99601388800005, 48.094919892000064 ], [ 6.99521437900006, 48.094996572000071 ], [ 6.994386066000061, 48.094758871000067 ], [ 6.993877542000064, 48.09432561400007 ], [ 6.993518776000087, 48.094071983000049 ], [ 6.993101064000086, 48.093905945000081 ], [ 6.991686366000067, 48.093872813000083 ], [ 6.990902116000086, 48.094129149000082 ], [ 6.990168850000089, 48.094203551000078 ], [ 6.989581587000089, 48.094408153000082 ], [ 6.988742931000047, 48.094801467000082 ], [ 6.988561171000072, 48.095032874000083 ], [ 6.988510173000066, 48.095214802000051 ], [ 6.988392097000087, 48.095399002000079 ], [ 6.988002657000038, 48.095551846000042 ], [ 6.987344064000069, 48.095713801000045 ], [ 6.985614227000042, 48.095916514000074 ], [ 6.98529913100009, 48.096152428000039 ], [ 6.984834144000047, 48.096217716000069 ], [ 6.98418821100006, 48.096514375000083 ], [ 6.983852814000045, 48.096525721000042 ], [ 6.982405933000052, 48.096133164000037 ], [ 6.981917276000047, 48.095928941000068 ], [ 6.981302913000093, 48.095819066000047 ], [ 6.979280242000073, 48.095761285000037 ], [ 6.978547775000038, 48.095835586000078 ], [ 6.97823298600008, 48.096075974000087 ], [ 6.978067220000071, 48.096487022000083 ], [ 6.977232296000068, 48.097691022000049 ], [ 6.976145042000041, 48.099083730000082 ], [ 6.975798257000065, 48.099726133000047 ], [ 6.975372899000092, 48.100240542000051 ], [ 6.974994026000047, 48.100523627000086 ], [ 6.974818015000039, 48.101570214000049 ], [ 6.974419306000073, 48.102394562000086 ], [ 6.974463191000041, 48.102888627000077 ], [ 6.974305810000089, 48.103389482000068 ], [ 6.974269951000053, 48.10375108900007 ], [ 6.973434826000073, 48.104955055000062 ], [ 6.97274187700009, 48.105478477000077 ], [ 6.972437639000077, 48.105849133000049 ], [ 6.971689386000037, 48.106509560000063 ], [ 6.971571564000044, 48.106698235000067 ], [ 6.971259718000056, 48.10697904500006 ], [ 6.970590335000054, 48.107771953000046 ], [ 6.969324665000045, 48.108675048000073 ], [ 6.968098907000069, 48.110031780000043 ], [ 6.966841566000085, 48.111024662000034 ], [ 6.965982901000075, 48.111963563000081 ], [ 6.965679417000047, 48.112334172000033 ], [ 6.964480655000045, 48.113234953000081 ], [ 6.963633094000045, 48.113538270000049 ], [ 6.963096617000076, 48.113560822000068 ], [ 6.962229677000039, 48.113639535000061 ], [ 6.96002158400006, 48.114538168000081 ], [ 6.958610760000056, 48.115315370000083 ], [ 6.958086040000069, 48.115472650000072 ], [ 6.957510694000064, 48.115807318000073 ], [ 6.956725953000046, 48.116063423000071 ], [ 6.956174474000079, 48.116672079000068 ], [ 6.956122505000053, 48.116854019000073 ], [ 6.955834899000081, 48.117404259000068 ], [ 6.955712793000089, 48.117548009000082 ], [ 6.955665864000082, 48.117774828000051 ], [ 6.955172721000054, 48.118286917000034 ], [ 6.955082221000055, 48.118785489000061 ], [ 6.954849431000071, 48.119203245000051 ], [ 6.95440740500004, 48.119533420000039 ], [ 6.954233814000077, 48.119854585000041 ], [ 6.954135737000058, 48.120263313000073 ], [ 6.95395407400008, 48.12049915700004 ], [ 6.953855994000037, 48.120907884000083 ], [ 6.953622848000066, 48.121321143000046 ], [ 6.953185335000057, 48.121700714000042 ], [ 6.953023495000082, 48.122156628000077 ], [ 6.953027697000039, 48.122201535000045 ], [ 6.952791177000051, 48.122569856000041 ], [ 6.952128777000041, 48.122686676000058 ], [ 6.951753820000079, 48.123014590000082 ], [ 6.951698468000075, 48.123151591000067 ], [ 6.951753920000044, 48.123780408000073 ], [ 6.95205767200008, 48.124175656000034 ], [ 6.952100526000038, 48.124669750000074 ], [ 6.951627448000068, 48.125406388000052 ], [ 6.951662737000049, 48.125810639000072 ], [ 6.952254301000039, 48.126421476000083 ], [ 6.952234744000066, 48.12695820600004 ], [ 6.952073217000077, 48.127418610000063 ], [ 6.952183194000042, 48.127910452000037 ], [ 6.952479073000063, 48.128211362000059 ], [ 6.953058570000053, 48.128682950000041 ], [ 6.953732941000055, 48.129466691000061 ], [ 6.954525603000093, 48.130066266000085 ], [ 6.956122758000049, 48.131400149000058 ], [ 6.956359461000091, 48.131797637000034 ], [ 6.956540819000054, 48.132332127000041 ], [ 6.956568578000088, 48.13264653300007 ], [ 6.956332036000049, 48.13301485900007 ], [ 6.95637157200008, 48.133464013000037 ], [ 6.956809333000081, 48.133850246000073 ], [ 6.95710897500004, 48.134200572000047 ], [ 6.957208073000061, 48.134557630000081 ], [ 6.957368920000079, 48.134863061000033 ], [ 6.957514959000093, 48.134993302000055 ], [ 6.958000852000055, 48.135157179000032 ], [ 6.958611416000053, 48.135222266000085 ], [ 6.95951911800006, 48.135592705000079 ], [ 6.961352755000064, 48.13655368700006 ], [ 6.962394762000088, 48.136919592000083 ], [ 6.962615533000076, 48.137137411000083 ], [ 6.962654788000066, 48.137582069000082 ], [ 6.962812641000085, 48.137847051000051 ], [ 6.963025833000074, 48.137975028000085 ], [ 6.963649072000067, 48.138174808000088 ], [ 6.964417542000092, 48.138504846000046 ], [ 6.964989671000069, 48.138886531000082 ], [ 6.965700292000065, 48.139308603000082 ], [ 6.966043553000077, 48.139387151000051 ], [ 6.966366582000092, 48.139241136000066 ], [ 6.966764836000039, 48.13917818200008 ], [ 6.967183324000075, 48.13933978600005 ], [ 6.967684470000052, 48.139683305000062 ], [ 6.968067038000072, 48.140206502000069 ], [ 6.968232519000082, 48.140561317000049 ], [ 6.968457545000092, 48.140824032000069 ], [ 6.969455835000076, 48.141457134000063 ], [ 6.969609516000048, 48.141677200000061 ], [ 6.970173282000076, 48.141969047000032 ], [ 6.970793554000068, 48.142128348000085 ], [ 6.971665168000072, 48.142094479000043 ], [ 6.972091294000052, 48.142345907000049 ], [ 6.972769097000082, 48.142408658000079 ], [ 6.973125049000089, 48.142621903000077 ], [ 6.973227314000042, 48.143019386000049 ], [ 6.973645352000062, 48.143185489000082 ], [ 6.975373841000078, 48.143703831000039 ], [ 6.975590133000082, 48.143872226000042 ], [ 6.975629840000067, 48.144321370000057 ], [ 6.975780172000043, 48.144496494000073 ], [ 6.976202452000052, 48.144707493000055 ], [ 6.976490115000047, 48.144918527000073 ], [ 6.976573310000049, 48.14509591500007 ], [ 6.97686892300004, 48.145401281000034 ], [ 6.977429384000061, 48.145648159000082 ], [ 6.977993235000042, 48.14593996800005 ], [ 6.978163865000056, 48.146339645000069 ], [ 6.978526298000077, 48.146638248000045 ], [ 6.978538135000065, 48.146772994000059 ], [ 6.978494664000039, 48.147044751000067 ], [ 6.978775075000044, 48.147170433000042 ], [ 6.978929651000044, 48.147390458000082 ], [ 6.979217340000048, 48.147601485000052 ], [ 6.980002110000044, 48.148111070000077 ], [ 6.980448958000068, 48.148591517000057 ], [ 6.980700813000055, 48.149164137000071 ], [ 6.980930165000075, 48.149471732000052 ], [ 6.981020998000076, 48.149738955000032 ], [ 6.980776934000062, 48.150017486000081 ], [ 6.980662097000049, 48.150246605000063 ], [ 6.980706080000061, 48.150740652000081 ], [ 6.980852219000042, 48.150870862000033 ], [ 6.980927506000057, 48.151724238000043 ], [ 6.981089721000046, 48.152034099000048 ], [ 6.981208476000063, 48.15261571700006 ], [ 6.98141720600006, 48.152694261000079 ], [ 6.982226065000077, 48.152707488000033 ], [ 6.982379832000049, 48.15292753600005 ], [ 6.98244752800008, 48.153691070000043 ], [ 6.982739833000039, 48.153951487000086 ], [ 6.982621606000066, 48.154135673000042 ], [ 6.982645303000084, 48.154405162000046 ], [ 6.982874350000088, 48.154708259000081 ], [ 6.983150299000044, 48.155554854000059 ], [ 6.982890141000041, 48.155653739000059 ], [ 6.982448324000075, 48.155988504000049 ], [ 6.982350398000051, 48.156397245000051 ], [ 6.982527874000084, 48.156886781000082 ], [ 6.982342483000082, 48.157073236000087 ], [ 6.982504723000091, 48.157383093000078 ], [ 6.982382258000087, 48.157522374000052 ], [ 6.98173556100005, 48.157819007000057 ], [ 6.981755561000057, 48.158809390000044 ], [ 6.981830338000066, 48.158896962000085 ], [ 6.981732402000091, 48.15930570200004 ], [ 6.981827146000057, 48.159613334000085 ], [ 6.981906153000068, 48.15974581100005 ], [ 6.981933239000057, 48.160060233000081 ], [ 6.981618082000068, 48.160300619000047 ], [ 6.981310201000042, 48.160626351000083 ], [ 6.981330505000074, 48.160850906000064 ], [ 6.981642310000041, 48.161335906000033 ], [ 6.981456900000069, 48.16152235900006 ], [ 6.980391618000056, 48.162418737000053 ], [ 6.98012753200004, 48.162477203000037 ], [ 6.980131760000063, 48.162522108000083 ], [ 6.97994211300005, 48.162663653000038 ], [ 6.979902864000053, 48.162980313000048 ], [ 6.979804905000037, 48.163389050000042 ], [ 6.979954466000038, 48.16356419400006 ], [ 6.980057162000037, 48.163966160000086 ], [ 6.980014524000069, 48.16423788600008 ], [ 6.98011688400004, 48.164635358000055 ], [ 6.980479793000086, 48.164938445000082 ], [ 6.980507712000076, 48.165252837000082 ], [ 6.98002282200008, 48.165854825000054 ], [ 6.979743153000072, 48.166499437000077 ], [ 6.979774456000087, 48.16685876300005 ], [ 6.979600865000066, 48.167179955000051 ], [ 6.978977718000067, 48.167746059000081 ], [ 6.978741175000039, 48.168114421000041 ], [ 6.978796996000085, 48.168743206000045 ], [ 6.97892760600007, 48.169459563000032 ], [ 6.978757388000076, 48.169825687000071 ], [ 6.978154495000069, 48.170616338000059 ], [ 6.97794500100008, 48.171299118000043 ], [ 6.977649712000073, 48.171759553000072 ], [ 6.97666655900008, 48.172833303000061 ], [ 6.976560444000086, 48.173156718000087 ], [ 6.976265133000084, 48.173617149000052 ], [ 6.976324316000046, 48.174290866000042 ], [ 6.975199959000065, 48.175279264000039 ], [ 6.975002644000085, 48.175330961000043 ], [ 6.974560613000051, 48.175665692000052 ], [ 6.974122800000089, 48.176045327000047 ], [ 6.97388957000004, 48.176458611000051 ], [ 6.973518589000093, 48.176831487000072 ], [ 6.973360979000063, 48.177332316000047 ], [ 6.973660977000065, 48.177682589000085 ], [ 6.973606042000085, 48.178585385000083 ], [ 6.973381657000061, 48.179854266000063 ], [ 6.973224376000076, 48.180359588000051 ], [ 6.973263752000094, 48.180804229000046 ], [ 6.972999135000066, 48.181628495000041 ], [ 6.97282967600006, 48.181994579000047 ], [ 6.972597249000046, 48.182407830000045 ], [ 6.972222333000048, 48.182740288000048 ], [ 6.971768057000077, 48.182935771000082 ], [ 6.971582537000074, 48.183122205000082 ], [ 6.97105379900006, 48.183234603000074 ], [ 6.970536883000079, 48.183481741000037 ], [ 6.970414326000082, 48.183621006000067 ], [ 6.970370783000078, 48.183892754000055 ], [ 6.970327240000074, 48.184164501000055 ], [ 6.970141710000064, 48.184350933000083 ], [ 6.969352631000049, 48.184562176000043 ], [ 6.96949883700006, 48.184692398000038 ], [ 6.970257036000078, 48.184887616000083 ], [ 6.971259518000068, 48.184804324000083 ], [ 6.972317021000038, 48.184579525000061 ], [ 6.972720171000049, 48.184565951000081 ], [ 6.973154252000086, 48.184907205000059 ], [ 6.973296244000039, 48.184992517000069 ], [ 6.973762365000084, 48.184931771000038 ], [ 6.974283504000084, 48.184729524000034 ], [ 6.974851545000092, 48.184300458000052 ], [ 6.975542567000048, 48.184497906000047 ], [ 6.975724300000081, 48.18503234700006 ], [ 6.975554850000037, 48.185398434000042 ], [ 6.975515557000051, 48.185715088000052 ], [ 6.975748424000074, 48.186067618000038 ], [ 6.976242118000073, 48.186316759000078 ], [ 6.976648667000063, 48.186348103000057 ], [ 6.976964842000086, 48.186107706000087 ], [ 6.977347706000046, 48.185869564000086 ], [ 6.97767910500005, 48.18580883900006 ], [ 6.978081423000049, 48.185795275000032 ], [ 6.979029403000084, 48.185848897000085 ], [ 6.979562379000072, 48.18578136800005 ], [ 6.980367514000079, 48.185749703000056 ], [ 6.980731410000089, 48.186052757000077 ], [ 6.981089900000086, 48.186306439000077 ], [ 6.981706156000087, 48.18641628000006 ], [ 6.981915359000084, 48.186499314000059 ], [ 6.982069223000053, 48.186719358000062 ], [ 6.982618292000041, 48.186831462000043 ], [ 6.982819874000086, 48.186824657000045 ], [ 6.983072222000089, 48.186631444000056 ], [ 6.983518023000045, 48.186346109000056 ], [ 6.983988038000064, 48.186325734000043 ], [ 6.984410685000057, 48.186536698000047 ], [ 6.984853325000074, 48.186967718000062 ], [ 6.985070164000092, 48.187140583000087 ], [ 6.985615008000082, 48.187207769000047 ], [ 6.985946746000081, 48.187151515000039 ], [ 6.986337707000075, 48.186998659000039 ], [ 6.986641476000045, 48.186628016000043 ], [ 6.989333815000066, 48.186609087000079 ], [ 6.990553994000038, 48.186698460000059 ], [ 6.991398335000042, 48.186350061000041 ], [ 6.991745839000089, 48.186468942000033 ], [ 6.992322086000058, 48.186895415000038 ], [ 6.992598502000078, 48.186976157000061 ], [ 6.992930231000059, 48.186919883000087 ], [ 6.993763516000058, 48.18643669800008 ], [ 6.99407453200007, 48.18615137900008 ], [ 6.994390126000042, 48.185915456000032 ], [ 6.998033901000042, 48.18522893800008 ], [ 6.999877199000082, 48.18475201800004 ], [ 7.002226169000039, 48.184658842000033 ], [ 7.003086557000074, 48.184490002000082 ], [ 7.003662860000077, 48.18415060600006 ], [ 7.004132008000056, 48.184130179000078 ], [ 7.004744377000065, 48.184199489000036 ], [ 7.005142923000051, 48.18413640700004 ], [ 7.00565202100006, 48.183799282000052 ], [ 7.006085761000065, 48.183379121000087 ], [ 7.006594845000052, 48.183041992000085 ], [ 7.007064323000066, 48.183026046000073 ], [ 7.007474777000084, 48.183097696000061 ], [ 7.007960926000067, 48.183256868000058 ], [ 7.008161652000069, 48.183250049000037 ], [ 7.008599621000087, 48.182874783000045 ], [ 7.008962387000054, 48.182407469000047 ], [ 7.009719759000063, 48.181836646000079 ], [ 7.010572406000051, 48.181577916000037 ], [ 7.01107753000008, 48.18120035700008 ], [ 7.011862975000042, 48.180943902000081 ], [ 7.012300558000049, 48.180564128000071 ], [ 7.012283393000075, 48.17961869700008 ], [ 7.012725560000092, 48.179288318000033 ], [ 7.013909466000087, 48.178968740000073 ], [ 7.014098240000067, 48.17882717100008 ], [ 7.013790292000067, 48.178387165000061 ], [ 7.013837025000044, 48.178160333000051 ], [ 7.014527101000056, 48.177591763000073 ], [ 7.014641851000079, 48.177362616000039 ], [ 7.014577078000059, 48.176644044000057 ], [ 7.014348593000079, 48.176340985000081 ], [ 7.013913975000037, 48.175995388000047 ] ], [ [ 7.047628725000038, 48.134473838000083 ], [ 7.04765274500005, 48.134743317000073 ], [ 7.047473431000071, 48.135740591000058 ], [ 7.047189278000076, 48.136336008000058 ], [ 7.046576623000078, 48.136992259000067 ], [ 7.046402696000087, 48.137313584000083 ], [ 7.046411893000084, 48.138169231000063 ], [ 7.046584489000054, 48.139334621000046 ], [ 7.047484959000087, 48.140380413000059 ], [ 7.047647185000073, 48.140685691000051 ], [ 7.04742359700009, 48.141193430000051 ], [ 7.046566369000061, 48.142128377000063 ], [ 7.045450895000045, 48.143207330000052 ], [ 7.044714191000082, 48.144002972000067 ], [ 7.043970582000043, 48.144708745000059 ], [ 7.042963260000079, 48.146234461000063 ], [ 7.043027543000051, 48.146953061000033 ], [ 7.043327830000067, 48.14730316400005 ], [ 7.043660344000045, 48.148008058000073 ], [ 7.044524889000058, 48.148649650000038 ], [ 7.045342884000092, 48.149518084000078 ], [ 7.04572629200004, 48.150041025000064 ], [ 7.046241529000042, 48.151284749000069 ], [ 7.046594049000078, 48.151448346000052 ], [ 7.046672367000042, 48.151580809000052 ], [ 7.046400970000093, 48.152310927000087 ], [ 7.046502179000072, 48.15343370800008 ], [ 7.046353898000064, 48.154024449000083 ], [ 7.046429408000051, 48.154877809000077 ], [ 7.046671179000043, 48.15532001300005 ], [ 7.047267273000045, 48.155970800000034 ], [ 7.04756074900007, 48.156231026000057 ], [ 7.047564194000074, 48.156275958000037 ], [ 7.048003650000055, 48.156661818000032 ], [ 7.048311757000079, 48.157101740000087 ], [ 7.048528336000061, 48.15727 ], [ 7.048905284000057, 48.157707558000077 ], [ 7.049375694000048, 48.158452750000038 ], [ 7.049411753000072, 48.158856963000062 ], [ 7.049317787000064, 48.159310690000041 ], [ 7.04914380300005, 48.159632015000057 ], [ 7.049209026000085, 48.160350576000042 ], [ 7.049107322000054, 48.160714469000077 ], [ 7.047668910000084, 48.161944160000083 ], [ 7.047114555000064, 48.162508291000051 ], [ 7.047149760000082, 48.162912532000064 ], [ 7.04730038200006, 48.163087562000051 ], [ 7.047056606000069, 48.16336622700004 ], [ 7.046930013000065, 48.163460672000042 ], [ 7.045659754000042, 48.163558317000081 ], [ 7.045276520000073, 48.163796713000067 ], [ 7.045027952000055, 48.164034993000087 ], [ 7.04398711500005, 48.164435593000064 ], [ 7.043479288000071, 48.164772860000085 ], [ 7.043166642000074, 48.165053877000048 ], [ 7.042639077000047, 48.165166568000082 ], [ 7.041089508000084, 48.165904431000058 ], [ 7.040300149000075, 48.166116180000081 ], [ 7.03929041400005, 48.166110224000079 ], [ 7.038249492000091, 48.166510773000077 ], [ 7.036769092000043, 48.16652541600007 ], [ 7.035921092000081, 48.166829241000073 ], [ 7.035664757000063, 48.166977666000037 ], [ 7.035294278000038, 48.167350738000039 ], [ 7.035061565000092, 48.167764145000042 ], [ 7.03467943600009, 48.168006970000079 ], [ 7.034095456000045, 48.168252194000047 ], [ 7.03329096300007, 48.168288719000088 ], [ 7.03220547300009, 48.168195193000088 ], [ 7.030974020000087, 48.167976003000042 ], [ 7.030235171000072, 48.168001254000046 ], [ 7.029115348000062, 48.168273772000077 ], [ 7.028401613000085, 48.16857295300008 ], [ 7.02771830000006, 48.168465648000051 ], [ 7.027453893000086, 48.168519727000046 ], [ 7.027008823000074, 48.168809724000077 ], [ 7.02622363200004, 48.169066282000081 ], [ 7.025841110000044, 48.169304585000077 ], [ 7.024854395000091, 48.16956801200007 ], [ 7.024405036000076, 48.169813096000041 ], [ 7.024105895000048, 48.170228744000042 ], [ 7.023486615000081, 48.170840013000088 ], [ 7.023313276000067, 48.171161269000038 ], [ 7.022990551000078, 48.171311929000069 ], [ 7.021932348000064, 48.171532719000083 ], [ 7.021526228000084, 48.171506022000081 ], [ 7.020788507000077, 48.171535679000051 ], [ 7.020334507000086, 48.171731350000073 ], [ 7.019691272000046, 48.17207312000005 ], [ 7.018969749000064, 48.172282408000058 ], [ 7.018724942000063, 48.172561042000041 ], [ 7.018611060000069, 48.172790166000077 ], [ 7.017791, 48.173408241000061 ], [ 7.017609439000069, 48.17364417400006 ], [ 7.016592083000091, 48.174314008000067 ], [ 7.016300535000084, 48.174819471000042 ], [ 7.015858770000079, 48.175154357000054 ], [ 7.014896606000093, 48.175687150000051 ], [ 7.014225162000059, 48.175714507000073 ], [ 7.013913975000037, 48.175995388000047 ] ] ] } },
{ "type": "Feature", "properties": { "fid": 413, "gid": 413, "CdEuMasseDEau": "FRCR227", "NomMasseDEau": "VOLOGNE 1", "Etat masse eau ": "Inconnu", "Etat ecologique": "Très bon", "Etat chimique": "Inconnu", "_swEcologicalStatusOrPotentialValue": "1", "_swChemicalStatusValue": "U" }, "geometry": { "type": "MultiLineString", "coordinates": [ [ [ 7.011979967000059, 48.051402377000045 ], [ 7.011811195000064, 48.051768549000087 ], [ 7.011201650000089, 48.052469616000053 ], [ 7.010580192000077, 48.053035929000032 ], [ 7.009867068000062, 48.053335050000051 ], [ 7.008552737000059, 48.05365915200008 ], [ 7.007551960000058, 48.053742797000041 ], [ 7.006406082000069, 48.053696216000048 ], [ 7.005508278000093, 48.053420427000049 ], [ 7.004901661000076, 48.053396022000072 ], [ 7.003885942000068, 48.05330444100008 ], [ 7.002577203000044, 48.052182120000055 ], [ 7.001981990000047, 48.051531091000072 ], [ 7.001419011000053, 48.051239379000037 ], [ 7.000867073000052, 48.051082444000087 ], [ 6.999792516000071, 48.051078429000086 ], [ 6.99865807000009, 48.051171047000082 ], [ 6.998146468000073, 48.051458742000079 ], [ 6.997626731000082, 48.05166111300008 ], [ 6.996697230000052, 48.051787296000043 ], [ 6.995843210000089, 48.052001011000073 ], [ 6.994709576000048, 48.052093563000085 ], [ 6.994449110000062, 48.052192509000072 ], [ 6.993303979000075, 48.052911655000059 ], [ 6.99277998000008, 48.053069096000058 ], [ 6.992048123000075, 48.053143483000042 ], [ 6.991161911000063, 48.052997843000071 ], [ 6.990283322000039, 48.052942041000051 ], [ 6.989393729000085, 48.052751451000063 ], [ 6.98871199000007, 48.052643912000072 ], [ 6.987290785000084, 48.052520882000067 ], [ 6.986893208000083, 48.052583909000077 ], [ 6.985184220000065, 48.053011221000077 ], [ 6.984742936000089, 48.053341524000082 ], [ 6.984794484000076, 48.053925446000051 ], [ 6.984479972000088, 48.054165857000051 ], [ 6.984496025000055, 48.054345519000037 ], [ 6.98418033300004, 48.05458146400008 ], [ 6.984228492000057, 48.055120449000071 ], [ 6.983736547000092, 48.055637173000036 ], [ 6.983710033000079, 48.056043532000047 ], [ 6.983709229000056, 48.056088610000081 ], [ 6.983354373000054, 48.056641237000072 ], [ 6.982261052000069, 48.057750456000072 ], [ 6.980988975000059, 48.058762093000041 ], [ 6.980536133000044, 48.058962120000047 ], [ 6.978819289000057, 48.059299492000036 ], [ 6.97804308700006, 48.059645593000077 ], [ 6.977576376000059, 48.059940683000043 ], [ 6.975125332000061, 48.060077556000067 ], [ 6.974794940000038, 48.059940047000055 ], [ 6.974747453000077, 48.059833529000059 ], [ 6.97443708600008, 48.05983950500007 ], [ 6.974295028000085, 48.059938909000039 ], [ 6.973806069000091, 48.060351867000072 ], [ 6.973483041000065, 48.060502431000089 ], [ 6.97274684100006, 48.060531789000038 ], [ 6.972486292000042, 48.060630686000081 ], [ 6.971879946000058, 48.060610605000079 ], [ 6.97123016200004, 48.060862290000046 ], [ 6.970091747000083, 48.060905203000061 ], [ 6.969643056000052, 48.061150096000063 ], [ 6.968926220000071, 48.061404030000062 ], [ 6.968528217000085, 48.061462501000051 ], [ 6.967736754000043, 48.061628843000051 ], [ 6.966760174000058, 48.06198162000004 ], [ 6.966429538000057, 48.062042319000057 ], [ 6.965212274000066, 48.061952689000073 ], [ 6.964802817000077, 48.061880887000086 ], [ 6.963766476000046, 48.061559894000077 ], [ 6.962852702000077, 48.061865473000069 ], [ 6.961450653000043, 48.061966733000077 ], [ 6.96071465600005, 48.062761865000077 ], [ 6.960930906000044, 48.062934789000053 ], [ 6.960876479000092, 48.063071772000058 ], [ 6.96037212400006, 48.063449146000039 ], [ 6.959576617000039, 48.064336372000071 ], [ 6.958927411000047, 48.065259216000072 ] ] ] } },
{ "type": "Feature", "properties": { "fid": 468, "gid": 468, "CdEuMasseDEau": "FRCR290", "NomMasseDEau": "FAVE", "Etat masse eau ": "Inconnu", "Etat ecologique": "Bon", "Etat chimique": "Inconnu", "_swEcologicalStatusOrPotentialValue": "2", "_swChemicalStatusValue": "U" }, "geometry": { "type": "MultiLineString", "coordinates": [ [ [ 7.060575009000047, 48.252305534000072 ], [ 7.060409394000089, 48.252716654000039 ], [ 7.060419531000093, 48.253581217000033 ], [ 7.060313421000046, 48.253900196000082 ], [ 7.059690117000059, 48.254466690000072 ], [ 7.059415802000046, 48.255021190000043 ], [ 7.05937349900006, 48.255292928000081 ], [ 7.058899907000068, 48.256029957000067 ], [ 7.058160184000087, 48.256059874000073 ], [ 7.05790481300005, 48.256203787000061 ], [ 7.057549734000077, 48.256761055000077 ], [ 7.057233999000061, 48.256997134000073 ], [ 7.05650800300009, 48.257161711000037 ], [ 7.05618316500005, 48.257312510000077 ], [ 7.055875178000065, 48.257638414000041 ], [ 7.054347878000044, 48.258654844000034 ], [ 7.054014453000093, 48.259296945000081 ], [ 7.053007464000075, 48.260106302000047 ], [ 7.052953914000057, 48.260243280000047 ], [ 7.052513935000093, 48.26061874800007 ], [ 7.052333566000073, 48.260850169000037 ], [ 7.052286084000059, 48.26107703200006 ], [ 7.051991287000078, 48.261542117000033 ], [ 7.050655377000055, 48.26304293700008 ], [ 7.050380352000047, 48.263732572000038 ], [ 7.049977302000059, 48.264512183000079 ], [ 7.049283858000081, 48.265035968000063 ], [ 7.047994637000045, 48.265719804000071 ], [ 7.047188617000074, 48.26633752500004 ], [ 7.045912559000044, 48.26716052900008 ], [ 7.045489985000074, 48.267720060000045 ], [ 7.045206780000058, 48.268315360000088 ], [ 7.044701411000062, 48.268697536000047 ], [ 7.044113257000049, 48.268902356000069 ], [ 7.04353165200007, 48.269192537000038 ], [ 7.042650825000067, 48.269902874000081 ], [ 7.041882643000065, 48.270212943000047 ], [ 7.041112326000075, 48.270649209000055 ], [ 7.040238632000069, 48.270683588000047 ], [ 7.03996978300006, 48.270697283000061 ], [ 7.039179691000072, 48.270908981000048 ], [ 7.037757279000061, 48.271597245000073 ], [ 7.037298195000062, 48.271748069000068 ], [ 7.036896269000067, 48.271775313000042 ], [ 7.036283185000059, 48.271710666000047 ], [ 7.036013985000068, 48.271719860000083 ], [ 7.035496507000062, 48.271967267000043 ], [ 7.034429451000051, 48.27209829700007 ], [ 7.032788756000059, 48.272613765000081 ], [ 7.032385292000072, 48.272632037000051 ], [ 7.031860411000082, 48.272794092000083 ], [ 7.031398204000084, 48.272904457000038 ], [ 7.031184300000064, 48.272776615000055 ], [ 7.030986675000065, 48.272828402000073 ], [ 7.030014667000046, 48.273275975000047 ], [ 7.028681799000083, 48.273461060000045 ], [ 7.028555750000066, 48.273555449000071 ], [ 7.028516710000076, 48.273872101000052 ], [ 7.02793958500007, 48.274211597000033 ], [ 7.027783671000066, 48.274577277000049 ] ], [ [ 7.027783671000066, 48.274577277000049 ], [ 7.027145116000042, 48.274378313000057 ], [ 7.026504450000061, 48.274008244000072 ], [ 7.026132317000076, 48.273620015000063 ], [ 7.026041042000088, 48.273352849000048 ], [ 7.026214357000072, 48.273027120000052 ], [ 7.026123426000083, 48.272764448000032 ], [ 7.025779207000085, 48.272686082000064 ], [ 7.025648879000073, 48.272735567000041 ], [ 7.025147600000082, 48.273162558000081 ], [ 7.023355922000064, 48.273502851000046 ], [ 7.019885873000078, 48.273922738000067 ], [ 7.019268172000068, 48.27380861000006 ], [ 7.019026430000054, 48.273370880000073 ], [ 7.018866579000076, 48.27157449200007 ], [ 7.018618745000083, 48.271222555000072 ], [ 7.017760201000044, 48.270670658000085 ], [ 7.017487919000075, 48.270639373000051 ], [ 7.015941556000087, 48.270700942000083 ], [ 7.015416644000084, 48.270862925000081 ], [ 7.015017454000088, 48.270926038000077 ], [ 7.014265542000089, 48.27082094900004 ], [ 7.013233322000076, 48.270590239000057 ], [ 7.012762567000038, 48.270610730000051 ], [ 7.01250189700005, 48.270709671000077 ], [ 7.012462763000087, 48.271026319000043 ], [ 7.011786681000046, 48.271008731000052 ], [ 7.011233252000068, 48.270851840000034 ], [ 7.010355957000058, 48.270850082000038 ], [ 7.00967135500008, 48.270742681000058 ], [ 7.008414643000037, 48.271019549000073 ], [ 7.007327082000074, 48.270925802000079 ], [ 7.00628211500009, 48.270560328000045 ], [ 7.005721032000054, 48.270313581000039 ], [ 7.005142923000051, 48.269887227000083 ], [ 7.004724465000038, 48.269730236000044 ], [ 7.003288859000065, 48.269517615000041 ], [ 7.002010183000039, 48.268939301000046 ], [ 7.00173248100009, 48.268858614000067 ], [ 7.000724537000053, 48.268901752000033 ], [ 6.999925809000047, 48.269023385000082 ], [ 6.999400864000052, 48.269185296000046 ], [ 6.998274480000077, 48.269412601000056 ], [ 6.99810221000007, 48.26959861000006 ], [ 6.99812178600007, 48.269823173000077 ], [ 6.997877257000084, 48.270101716000056 ], [ 6.997585340000057, 48.27061159200008 ], [ 6.99726841100005, 48.270847537000073 ], [ 6.99665963800004, 48.270827586000053 ], [ 6.995409437000092, 48.270423915000038 ], [ 6.994654164000053, 48.270273772000053 ], [ 6.994299126000044, 48.270074061000059 ], [ 6.99367845900008, 48.269919363000042 ], [ 6.993267008000089, 48.269843177000041 ], [ 6.992881690000047, 48.269455297000043 ], [ 6.99219798300004, 48.269347765000077 ], [ 6.991885284000091, 48.269628598000047 ], [ 6.991406879000067, 48.269559172000072 ], [ 6.991038941000056, 48.269211240000061 ], [ 6.990844695000078, 48.269307889000061 ], [ 6.990311730000087, 48.269375436000082 ], [ 6.990044757000078, 48.270015079000082 ], [ 6.990147738000076, 48.27041700500007 ], [ 6.990096576000042, 48.270598912000082 ], [ 6.991005989000087, 48.270969103000077 ], [ 6.991393311000081, 48.270771338000088 ], [ 6.991737466000075, 48.270849803000033 ], [ 6.991816665000044, 48.270982263000064 ], [ 6.991611195000075, 48.271709921000081 ], [ 6.991374274000066, 48.272078281000063 ], [ 6.991469618000053, 48.272390375000043 ], [ 6.991351156000064, 48.272574555000062 ], [ 6.990339547000076, 48.273338441000078 ], [ 6.989937945000065, 48.273982626000077 ], [ 6.98935360300004, 48.274241089000043 ], [ 6.988562414000057, 48.274452476000079 ], [ 6.987202535000051, 48.274327192000051 ], [ 6.98655019000006, 48.274578926000061 ], [ 6.986292852000076, 48.274722739000083 ], [ 6.986388170000055, 48.275034837000078 ], [ 6.986752377000073, 48.275333359000058 ], [ 6.987234570000055, 48.275452227000073 ], [ 6.987254943000039, 48.275676762000046 ], [ 6.986799922000046, 48.275872290000052 ], [ 6.985799133000057, 48.276000639000081 ], [ 6.984960959000091, 48.276438807000034 ], [ 6.98408872300007, 48.277251986000067 ], [ 6.983268217000045, 48.277734589000033 ], [ 6.982618869000078, 48.278026738000051 ], [ 6.98231148800005, 48.27835691000007 ], [ 6.981899684000041, 48.279046449000077 ], [ 6.981595690000063, 48.279421548000073 ], [ 6.981481416000065, 48.279650619000051 ], [ 6.981295589000069, 48.279837056000083 ], [ 6.980480542000066, 48.279778922000048 ] ], [ [ 7.155634158000055, 48.274281660000042 ], [ 7.155508689000044, 48.274380676000078 ], [ 7.155577853000068, 48.275139582000072 ], [ 7.155972218000045, 48.276342052000082 ], [ 7.155883346000053, 48.276840722000088 ], [ 7.155461862000038, 48.277400642000032 ], [ 7.154510221000066, 48.278790086000072 ], [ 7.154299037000044, 48.279428201000087 ], [ 7.154249077000088, 48.280195796000051 ], [ 7.154143482000052, 48.280514853000057 ], [ 7.153191424000056, 48.281183507000037 ], [ 7.152804633000073, 48.281381800000077 ], [ 7.151532386000042, 48.282205846000068 ], [ 7.15134936600009, 48.28244202500008 ], [ 7.150996427000052, 48.282995011000082 ], [ 7.15072779500008, 48.283590084000082 ], [ 7.150641010000072, 48.284854506000045 ], [ 7.150528654000084, 48.285088202000047 ], [ 7.150517653000065, 48.285719276000073 ], [ 7.150421631000086, 48.286128089000051 ], [ 7.150484322000068, 48.28666647600005 ], [ 7.150579439000069, 48.28697397500008 ], [ 7.150720601000046, 48.287779900000032 ], [ 7.150539728000069, 48.288011496000081 ], [ 7.150170408000065, 48.288389360000053 ], [ 7.14907037800009, 48.288928018000043 ], [ 7.148630892000085, 48.28927230000005 ], [ 7.148465847000068, 48.289683532000083 ], [ 7.148116955000091, 48.289560628000061 ], [ 7.147452892000047, 48.28967853100005 ], [ 7.146714430000088, 48.289708942000061 ], [ 7.146318793000091, 48.289817422000056 ], [ 7.14524205400005, 48.289859688000043 ], [ 7.144978354000045, 48.289918488000069 ], [ 7.144309548000081, 48.289986986000088 ], [ 7.143758220000052, 48.289875671000061 ], [ 7.143427907000046, 48.289945813000088 ], [ 7.142801182000085, 48.290463313000032 ], [ 7.14186832300004, 48.291176236000069 ], [ 7.141476199000067, 48.291329623000081 ], [ 7.141275921000044, 48.291336640000047 ], [ 7.140623262000076, 48.291589250000072 ], [ 7.140093798000066, 48.291702395000073 ], [ 7.139286299000048, 48.291735176000088 ], [ 7.138660445000085, 48.291545360000043 ], [ 7.137356146000059, 48.291280180000058 ], [ 7.136821465000082, 48.29134844500004 ], [ 7.136148611000067, 48.291376493000087 ], [ 7.136021870000093, 48.291471024000089 ], [ 7.135685266000053, 48.29148280000004 ], [ 7.134795845000042, 48.291342728000082 ], [ 7.134534460000054, 48.291441966000043 ], [ 7.133316687000047, 48.291407968000051 ], [ 7.132795946000044, 48.291610872000042 ], [ 7.131779429000062, 48.291560812000057 ], [ 7.130803182000079, 48.291378696000038 ], [ 7.130240943000047, 48.291128051000051 ], [ 7.129598645000044, 48.290749560000052 ], [ 7.129051705000052, 48.290683073000082 ], [ 7.128509973000064, 48.290661450000073 ], [ 7.128167032000079, 48.290592339000057 ], [ 7.127992117000076, 48.290147964000077 ], [ 7.127635736000059, 48.28993967200006 ], [ 7.12647068800004, 48.289759609000043 ], [ 7.125912360000086, 48.289558361000047 ], [ 7.125710403000085, 48.289565409000033 ], [ 7.125059374000045, 48.28981787400005 ], [ 7.124512450000054, 48.289751366000083 ], [ 7.124030169000093, 48.289637552000045 ], [ 7.123220015000072, 48.289625269000055 ], [ 7.121972622000044, 48.289276852000057 ], [ 7.12176714900005, 48.289238968000063 ], [ 7.121436107000079, 48.289300063000042 ], [ 7.119987268000045, 48.288954144000058 ], [ 7.119591230000083, 48.289058042000079 ], [ 7.118832667000049, 48.289629556000079 ], [ 7.118631061000087, 48.289641085000085 ], [ 7.11842207400008, 48.289558270000043 ], [ 7.11825076000008, 48.289158806000046 ], [ 7.117704554000056, 48.289101251000034 ], [ 7.117385380000087, 48.289292561000082 ], [ 7.116914498000085, 48.289313465000077 ], [ 7.116401849000056, 48.28901598200008 ], [ 7.116203757000051, 48.289072432000069 ], [ 7.114913043000058, 48.28957235200005 ], [ 7.114649311000051, 48.289631084000064 ], [ 7.114145782000037, 48.289288226000053 ], [ 7.113859041000069, 48.289257662000068 ], [ 7.113204017000044, 48.289330008000043 ], [ 7.112846097000045, 48.289252365000038 ], [ 7.112477261000038, 48.289499446000043 ], [ 7.112073695000049, 48.289517989000046 ], [ 7.111931197000047, 48.289432850000082 ], [ 7.111770886000045, 48.289303283000038 ], [ 7.111355956000068, 48.289187076000083 ], [ 7.110502063000069, 48.289446513000087 ], [ 7.109284001000049, 48.289407775000086 ], [ 7.107925893000072, 48.289909958000067 ], [ 7.106614817000093, 48.290333910000072 ], [ 7.10524789100009, 48.290885918000072 ], [ 7.10347616100006, 48.291451962000053 ], [ 7.102943117000052, 48.29152001500006 ], [ 7.102668643000072, 48.291484493000041 ], [ 7.102460375000078, 48.291410635000034 ], [ 7.100771018000046, 48.291388162000032 ], [ 7.099747047000051, 48.291252496000077 ], [ 7.099263615000041, 48.291134118000059 ], [ 7.098389127000075, 48.291173447000062 ], [ 7.096865137000066, 48.291465021000079 ], [ 7.09627609000006, 48.291670127000089 ], [ 7.093921677000083, 48.291765196000085 ], [ 7.092561102000047, 48.291641125000069 ], [ 7.09197273500007, 48.29185519400005 ], [ 7.091825929000038, 48.291725134000046 ], [ 7.091713465000055, 48.291233508000062 ], [ 7.091558838000083, 48.291013624000072 ], [ 7.091045822000069, 48.290720553000085 ], [ 7.090556623000055, 48.290516750000052 ], [ 7.089774802000079, 48.290097834000051 ], [ 7.089429534000089, 48.290019683000082 ], [ 7.088825676000056, 48.290045076000069 ], [ 7.088137177000078, 48.289893203000076 ], [ 7.08706039000009, 48.28993494000008 ], [ 7.086472019000041, 48.290148982000062 ], [ 7.08566968100007, 48.290226266000047 ], [ 7.084594569000046, 48.290267922000055 ], [ 7.084254824000084, 48.290239118000045 ], [ 7.083447313000079, 48.290271518000047 ], [ 7.082114551000075, 48.290461696000079 ], [ 7.081525807000048, 48.290671221000082 ], [ 7.080794258000083, 48.290791074000083 ], [ 7.080159450000053, 48.291222911000034 ], [ 7.079570341000078, 48.29142793300008 ], [ 7.078770613000074, 48.291550125000072 ], [ 7.077963079000085, 48.291582488000081 ], [ 7.076911331000076, 48.291893547000086 ], [ 7.076329405000081, 48.292017221000037 ], [ 7.075622902000077, 48.292406457000077 ], [ 7.07494304800008, 48.292344304000039 ], [ 7.074365672000056, 48.292679529000047 ], [ 7.07380506800007, 48.293198865000079 ], [ 7.073331684000038, 48.293940425000073 ], [ 7.073415441000066, 48.294117725000042 ], [ 7.073569654000039, 48.294333139000059 ], [ 7.07359303700008, 48.294602613000052 ], [ 7.072919336000041, 48.295351071000077 ], [ 7.072666797000068, 48.295544461000077 ], [ 7.072061532000077, 48.295574318000043 ] ], [ [ 7.072061532000077, 48.295574318000043 ], [ 7.071764873000063, 48.295273715000064 ], [ 7.071277991000045, 48.295110296000082 ], [ 7.070819146000076, 48.295265740000048 ], [ 7.069260864000057, 48.295193253000043 ], [ 7.068084643000077, 48.294877864000057 ], [ 7.067514386000084, 48.294541619000086 ], [ 7.065595506000079, 48.294224726000039 ], [ 7.06531147700008, 48.294054308000057 ], [ 7.065633424000055, 48.293142312000043 ], [ 7.066251439000041, 48.292666089000079 ], [ 7.066749247000075, 48.292184989000077 ], [ 7.067042748000063, 48.291724429000055 ], [ 7.066646498000068, 48.291062364000076 ], [ 7.065938870000082, 48.29069479900005 ], [ 7.06566130300007, 48.290618757000061 ], [ 7.06465952700006, 48.289982014000088 ], [ 7.063334809000082, 48.288910404000042 ], [ 7.062879082000052, 48.288340465000033 ], [ 7.062438419000046, 48.287954696000043 ], [ 7.060301468000091, 48.287465034000043 ], [ 7.05974163500008, 48.287218488000072 ], [ 7.059118546000093, 48.287059700000043 ], [ 7.058588953000083, 48.287172481000077 ], [ 7.057827976000056, 48.287698619000082 ], [ 7.057558698000094, 48.287707862000047 ], [ 7.057419260000074, 48.287672106000059 ], [ 7.057201771000052, 48.287499386000043 ], [ 7.056560041000068, 48.287120497000046 ], [ 7.056486242000062, 48.286447336000037 ], [ 7.056805273000066, 48.286251698000058 ], [ 7.056851917000074, 48.286024866000048 ], [ 7.056548476000046, 48.285634368000046 ], [ 7.056649528000037, 48.285270529000059 ], [ 7.056957325000042, 48.284940137000042 ], [ 7.056997043000081, 48.284623450000083 ], [ 7.056915977000074, 48.284491093000042 ], [ 7.056049894000068, 48.283849624000077 ], [ 7.056022649000056, 48.283539740000037 ], [ 7.05627435100007, 48.283346412000071 ], [ 7.056530699000064, 48.283202476000042 ], [ 7.056516013000078, 48.283022795000079 ], [ 7.056208324000068, 48.282763076000037 ], [ 7.056500086000085, 48.282257553000079 ], [ 7.056331884000088, 48.281902954000088 ], [ 7.056448362000083, 48.281673725000083 ], [ 7.056426850000094, 48.281449231000067 ], [ 7.056078574000082, 48.281330548000085 ], [ 7.055398539000066, 48.281263789000043 ], [ 7.054729231000067, 48.281336302000057 ], [ 7.054187626000044, 48.281314339000062 ], [ 7.053421504000084, 48.281038804000048 ], [ 7.052649558000041, 48.280709408000064 ], [ 7.051818067000056, 48.280472141000082 ], [ 7.051026334000085, 48.279918182000081 ], [ 7.050417435000043, 48.279898508000088 ], [ 7.049146989000064, 48.280041139000048 ], [ 7.048894091000079, 48.280229988000087 ], [ 7.048781640000072, 48.280468080000048 ], [ 7.047970804000045, 48.280455311000082 ], [ 7.046065585000065, 48.280263781000087 ], [ 7.045500760000039, 48.28014797600008 ], [ 7.045283686000062, 48.279979726000079 ], [ 7.045258771000079, 48.279710302000069 ], [ 7.045452611000087, 48.279609071000039 ], [ 7.045352642000068, 48.279252123000049 ], [ 7.044925902000045, 48.279000955000072 ], [ 7.044766372000083, 48.278736138000056 ], [ 7.044624012000043, 48.27865091700005 ], [ 7.04434738100008, 48.278574796000044 ], [ 7.043928047000065, 48.278408959000046 ], [ 7.043659159000072, 48.278422663000072 ], [ 7.043398508000053, 48.278521673000057 ], [ 7.043062656000075, 48.278542171000083 ], [ 7.042769708000037, 48.278286420000086 ], [ 7.042219559000046, 48.278174603000082 ], [ 7.040578200000084, 48.277924413000051 ], [ 7.039435154000046, 48.277967989000047 ], [ 7.038557051000055, 48.277957455000042 ], [ 7.037849795000056, 48.277589720000037 ], [ 7.037051021000082, 48.277711602000068 ], [ 7.036849442000062, 48.277722992000072 ], [ 7.035913276000088, 48.277218917000077 ], [ 7.035608013000058, 48.276823927000073 ], [ 7.03539064000006, 48.276651165000033 ], [ 7.034152357000039, 48.276387125000042 ], [ 7.033452188000069, 48.276100206000081 ], [ 7.033016966000048, 48.275759195000042 ], [ 7.03238721200006, 48.275510408000059 ], [ 7.031960410000067, 48.275268207000067 ], [ 7.030955053000071, 48.274586272000079 ], [ 7.030678463000072, 48.27451011800008 ], [ 7.030484270000045, 48.274606833000064 ], [ 7.030382216000078, 48.274970680000081 ], [ 7.030061970000077, 48.275161784000034 ], [ 7.029659327000047, 48.275180018000071 ], [ 7.029155991000039, 48.27484131600005 ], [ 7.027783671000066, 48.274577277000049 ] ], [ [ 7.195232699000087, 48.314526901000079 ], [ 7.194724036000082, 48.31486029000007 ], [ 7.193735674000038, 48.315138607000051 ], [ 7.192891451000037, 48.315488390000041 ], [ 7.191301469000052, 48.315824052000039 ], [ 7.190716579000082, 48.316070024000055 ], [ 7.18917790200004, 48.316944429000046 ], [ 7.188643743000057, 48.317021912000087 ], [ 7.187327510000046, 48.317392872000077 ], [ 7.185529224000049, 48.318231367000067 ], [ 7.184795762000078, 48.319072707000032 ], [ 7.184287219000055, 48.319419556000071 ], [ 7.184131188000038, 48.319920614000068 ], [ 7.183028008000065, 48.321135410000068 ], [ 7.182152729000052, 48.321170865000056 ], [ 7.17955967000006, 48.321604888000081 ], [ 7.178273100000069, 48.321564749000061 ], [ 7.176473348000059, 48.321101239000086 ], [ 7.175760758000081, 48.320675910000034 ], [ 7.175133715000072, 48.320477306000043 ], [ 7.174419816000068, 48.320056521000083 ], [ 7.173332260000052, 48.319256993000067 ], [ 7.173047748000045, 48.319086837000043 ], [ 7.172197234000066, 48.318806006000045 ], [ 7.172055402000069, 48.318720911000071 ], [ 7.172024574000091, 48.318406658000072 ], [ 7.17204244900006, 48.317865443000073 ], [ 7.171876237000049, 48.317515422000042 ], [ 7.170871824000074, 48.316879620000073 ], [ 7.169984243000044, 48.316780275000042 ], [ 7.169430705000082, 48.31662410000007 ], [ 7.169354551000083, 48.316536687000053 ], [ 7.168871928000044, 48.316423059000051 ], [ 7.167441911000083, 48.315721143000083 ], [ 7.167026650000082, 48.315605133000084 ], [ 7.165929092000056, 48.315423060000057 ], [ 7.165096543000061, 48.315186595000057 ], [ 7.16507623800004, 48.314962068000057 ], [ 7.164866592000067, 48.314883858000087 ], [ 7.164395988000081, 48.314900429000033 ], [ 7.164066705000039, 48.31500662500008 ], [ 7.162639568000088, 48.314894688000038 ], [ 7.161697029000038, 48.314932362000043 ], [ 7.161147087000074, 48.31482107100004 ], [ 7.160083030000067, 48.314998153000033 ], [ 7.15876664700005, 48.315368797000083 ], [ 7.157366526000089, 48.315566679000085 ], [ 7.157051240000044, 48.315807508000034 ], [ 7.156592955000065, 48.315958759000068 ], [ 7.156211154000061, 48.316201923000051 ], [ 7.15528885000009, 48.316464075000056 ], [ 7.154910586000085, 48.316752157000053 ], [ 7.154736727000056, 48.31707360200005 ], [ 7.154863305000049, 48.317564685000043 ] ], [ [ 7.154863305000049, 48.317564685000043 ], [ 7.154417323000075, 48.317850640000081 ], [ 7.153744140000072, 48.317878788000087 ], [ 7.153035025000065, 48.318232539000064 ], [ 7.152432737000083, 48.318303238000055 ], [ 7.150891753000053, 48.31769061600005 ], [ 7.150630267000054, 48.317789889000039 ], [ 7.149957083000061, 48.317818015000057 ], [ 7.14933101400004, 48.31761924400007 ], [ 7.148429990000068, 48.317520211000051 ], [ 7.148291741000037, 48.317480011000043 ], [ 7.14778963100008, 48.317150751000042 ], [ 7.147364441000093, 48.316940422000073 ], [ 7.146006629000056, 48.316861891000087 ], [ 7.145804571000042, 48.316868974000045 ], [ 7.14453517600009, 48.317012566000074 ], [ 7.144136279000065, 48.317071591000058 ], [ 7.14348480600006, 48.316603394000083 ], [ 7.142729156000087, 48.316463187000068 ], [ 7.142518695000092, 48.316384967000033 ], [ 7.14242759800004, 48.316117871000081 ], [ 7.14219657700005, 48.315810627000083 ], [ 7.142183443000079, 48.315675943000087 ], [ 7.14222183000004, 48.315359264000051 ], [ 7.142147406000049, 48.315271775000042 ], [ 7.141474250000044, 48.315299853000056 ], [ 7.141251994000072, 48.315082396000037 ], [ 7.140285702000085, 48.314850444000058 ], [ 7.140084004000073, 48.31486200900008 ], [ 7.139965966000091, 48.315046332000072 ], [ 7.13992756500005, 48.315363011000045 ], [ 7.139670447000071, 48.315507154000045 ], [ 7.139468393000072, 48.315514226000062 ], [ 7.139195807000078, 48.315483223000058 ], [ 7.138691871000049, 48.315140476000067 ], [ 7.138426353000057, 48.315199319000051 ], [ 7.138178823000089, 48.315433218000067 ], [ 7.13797676900009, 48.315440288000048 ], [ 7.137552691000053, 48.315243400000043 ], [ 7.13687953200008, 48.315271452000047 ], [ 7.136606596000092, 48.315235950000051 ], [ 7.135543642000073, 48.315417274000083 ], [ 7.135332843000072, 48.315334550000046 ], [ 7.134391960000073, 48.315371948000063 ], [ 7.133662876000074, 48.31553707900008 ], [ 7.132922360000066, 48.315567462000047 ], [ 7.131948543000078, 48.315389763000042 ], [ 7.131141518000049, 48.315422459000047 ], [ 7.129896166000037, 48.315700197000069 ], [ 7.129637177000063, 48.315799335000072 ], [ 7.129408074000082, 48.316257809000042 ], [ 7.128700796000089, 48.316647384000078 ], [ 7.12851655500009, 48.316838509000043 ], [ 7.12779228800008, 48.317043977000083 ], [ 7.12706034100006, 48.317173128000043 ], [ 7.126539320000063, 48.317376001000071 ], [ 7.126370493000081, 48.317742269000064 ], [ 7.126180680000061, 48.317884033000041 ], [ 7.125584408000066, 48.317999431000032 ], [ 7.124734481000075, 48.31830386200005 ], [ 7.124263344000042, 48.31832479500008 ], [ 7.123475556000074, 48.318582002000085 ], [ 7.122265396000046, 48.318642202000042 ], [ 7.121429474000081, 48.318360507000079 ], [ 7.120660916000077, 48.318076459000054 ], [ 7.118397190000053, 48.317673297000056 ], [ 7.117904758000066, 48.317465207000055 ], [ 7.11721919200005, 48.317367446000048 ], [ 7.117077452000046, 48.317282285000033 ], [ 7.116404257000056, 48.317310221000071 ], [ 7.115272995000055, 48.317493736000081 ], [ 7.11419215300009, 48.317490794000037 ], [ 7.113713994000079, 48.317421836000051 ], [ 7.113281914000083, 48.31712153400008 ], [ 7.11296707300005, 48.316776612000069 ], [ 7.111888872000065, 48.316061817000048 ], [ 7.111472889000083, 48.315945642000088 ], [ 7.111136123000051, 48.31595734800004 ], [ 7.110744216000057, 48.316106110000078 ], [ 7.109660244000054, 48.316062694000038 ], [ 7.109975748000068, 48.315821992000053 ], [ 7.110149877000083, 48.31550061300004 ], [ 7.110128964000069, 48.315276105000073 ], [ 7.109533800000065, 48.314670634000038 ], [ 7.108826678000071, 48.314339331000042 ], [ 7.109012174000043, 48.314152699000033 ], [ 7.108997301000045, 48.313973029000067 ], [ 7.108622663000062, 48.313715762000072 ], [ 7.10826620000006, 48.313507415000061 ], [ 7.107934639000064, 48.313563978000047 ], [ 7.107598238000037, 48.313580167000055 ], [ 7.107034189000046, 48.313329474000057 ], [ 7.106694283000081, 48.313300735000041 ], [ 7.106236576000072, 48.313460777000046 ], [ 7.105172712000069, 48.31364185800004 ], [ 7.104974164000055, 48.313693796000052 ], [ 7.104637411000056, 48.313705483000042 ], [ 7.104020253000044, 48.313596265000058 ], [ 7.103347940000049, 48.313624097000059 ], [ 7.102880338000091, 48.313689870000083 ], [ 7.102671281000084, 48.313607029000082 ], [ 7.102289619000089, 48.31312925800006 ], [ 7.101369169000066, 48.312670172000082 ], [ 7.101207436000038, 48.312360453000053 ], [ 7.10083917500009, 48.312021859000083 ], [ 7.100666586000045, 48.311626927000077 ], [ 7.100255497000092, 48.311551086000073 ], [ 7.100112958000068, 48.311465935000058 ], [ 7.099887739000053, 48.311207967000087 ], [ 7.099183778000054, 48.311056686000086 ], [ 7.098142559000053, 48.310736902000087 ], [ 7.097462442000051, 48.310674879000032 ], [ 7.096587279000062, 48.310709702000047 ], [ 7.09569644600009, 48.310564874000079 ], [ 7.095210398000063, 48.310415033000083 ], [ 7.094537279000065, 48.310442845000068 ], [ 7.093945008000048, 48.310598488000039 ], [ 7.092800805000081, 48.31064710000004 ], [ 7.091795280000042, 48.310731446000034 ], [ 7.090422060000037, 48.310472633000082 ], [ 7.088339129000076, 48.309846437000033 ], [ 7.088231832000076, 48.309399682000048 ], [ 7.088188393000053, 48.308905673000083 ], [ 7.088363596000079, 48.30862933700007 ], [ 7.088306687000056, 48.308135793000083 ], [ 7.088227190000055, 48.308003402000047 ], [ 7.087936156000069, 48.307788230000085 ], [ 7.087579815000083, 48.307579820000058 ], [ 7.08575056400008, 48.306751114000072 ], [ 7.084894225000085, 48.30624464400006 ], [ 7.084186265000085, 48.305877193000072 ], [ 7.083622758000047, 48.305630880000081 ], [ 7.083006580000074, 48.305521522000049 ], [ 7.082266175000086, 48.305551589000061 ], [ 7.080938854000067, 48.305196489000082 ], [ 7.080447034000088, 48.304992734000052 ], [ 7.080149926000047, 48.30468766100006 ], [ 7.079510463000076, 48.304353857000081 ], [ 7.079167148000067, 48.304280113000061 ], [ 7.078953842000089, 48.304152332000058 ], [ 7.078345349000074, 48.304141787000049 ], [ 7.078072510000084, 48.304106150000052 ], [ 7.077889328000083, 48.303571912000052 ], [ 7.078234526000074, 48.302929358000085 ], [ 7.078203513000062, 48.301984454000042 ], [ 7.077972929000055, 48.301677082000083 ], [ 7.077689168000063, 48.301511186000077 ], [ 7.076793380000083, 48.301321347000055 ], [ 7.076440257000058, 48.301153336000077 ], [ 7.075700534000077, 48.300417552000056 ], [ 7.075283070000069, 48.300301307000041 ], [ 7.075069790000043, 48.300173518000072 ], [ 7.074990338000077, 48.300041117000042 ], [ 7.074839232000045, 48.299866140000063 ], [ 7.074490793000052, 48.299747513000057 ], [ 7.07361579600007, 48.299782166000057 ], [ 7.073406840000075, 48.299699272000055 ], [ 7.072899513000039, 48.299315836000062 ], [ 7.072866141000077, 48.299091754000081 ], [ 7.073561483000049, 48.298567786000042 ], [ 7.073449174000075, 48.298076145000039 ], [ 7.072951340000088, 48.297782475000083 ], [ 7.072937545000059, 48.297647811000047 ], [ 7.073321627000041, 48.297409348000087 ], [ 7.07337252700006, 48.297227409000072 ], [ 7.072532889000058, 48.296900466000068 ], [ 7.072249518000092, 48.296739050000042 ], [ 7.072006042000055, 48.29629697200005 ], [ 7.072112166000068, 48.295977992000083 ], [ 7.072061532000077, 48.295574318000043 ] ], [ [ 7.175697027000069, 48.338256043000058 ], [ 7.175671417000046, 48.337986658000034 ], [ 7.175591655000062, 48.337854329000038 ], [ 7.175474744000041, 48.337317877000032 ], [ 7.17486094800006, 48.336533174000067 ], [ 7.17440752400006, 48.33601309900007 ], [ 7.174104193000062, 48.335798560000057 ], [ 7.173128564000081, 48.335477094000055 ], [ 7.172490664000065, 48.335143711000057 ], [ 7.172487353000065, 48.33437801000008 ], [ 7.172008123000069, 48.334309318000066 ], [ 7.170832810000093, 48.334003885000072 ], [ 7.169120045000057, 48.333757924000047 ], [ 7.16849811600008, 48.333604150000042 ], [ 7.168068663000042, 48.333353496000086 ], [ 7.167648553000049, 48.332602479000059 ], [ 7.167364343000088, 48.332436803000064 ], [ 7.167291728000066, 48.332394312000083 ], [ 7.167399032000048, 48.332075196000062 ], [ 7.167764133000048, 48.331652398000081 ], [ 7.167655276000062, 48.331205752000074 ], [ 7.167436759000054, 48.331037762000051 ], [ 7.166812151000045, 48.330839026000042 ], [ 7.166175023000051, 48.330546128000037 ], [ 7.165732089000073, 48.330124759000057 ], [ 7.164861126000062, 48.329619351000083 ], [ 7.164194247000069, 48.328971610000053 ], [ 7.162406111000053, 48.327151529000048 ], [ 7.162518859000045, 48.326922322000087 ], [ 7.162875243000087, 48.326549397000072 ], [ 7.163036736000038, 48.326093233000051 ], [ 7.16304591100004, 48.325462236000078 ], [ 7.163210598000092, 48.325046502000077 ], [ 7.163132465000047, 48.324197841000057 ], [ 7.162975759000062, 48.323978115000045 ], [ 7.163082230000043, 48.323659031000034 ], [ 7.162973530000045, 48.322626747000072 ], [ 7.16286473200006, 48.322180094000032 ], [ 7.162924140000087, 48.322087906000043 ], [ 7.163084776000062, 48.321631770000067 ], [ 7.163005912000074, 48.32149940100004 ], [ 7.162727688000075, 48.321419096000056 ], [ 7.162580626000079, 48.321289127000057 ], [ 7.162480139000081, 48.320936781000057 ], [ 7.162403990000087, 48.320849364000082 ], [ 7.162304834000054, 48.320492467000072 ], [ 7.162081628000067, 48.320275080000044 ], [ 7.160324094000089, 48.319670196000061 ], [ 7.159155923000071, 48.319449998000039 ], [ 7.158941519000052, 48.319322392000061 ], [ 7.158497895000039, 48.318901022000034 ], [ 7.158081432000074, 48.31878051800004 ], [ 7.157661775000065, 48.318619582000053 ], [ 7.157106571000043, 48.31846340900006 ], [ 7.156252903000052, 48.318002384000067 ], [ 7.15548500500006, 48.317718533000061 ], [ 7.154863305000049, 48.317564685000043 ] ] ] } },
{ "type": "Feature", "properties": { "fid": 490, "gid": 490, "CdEuMasseDEau": "FRCR291", "NomMasseDEau": "MORTE (AFFL. FAVE)", "Etat masse eau ": "Inconnu", "Etat ecologique": "Bon", "Etat chimique": "Inconnu", "_swEcologicalStatusOrPotentialValue": "2", "_swChemicalStatusValue": "U" }, "geometry": { "type": "MultiLineString", "coordinates": [ [ [ 7.07706581900004, 48.179586862000072 ], [ 7.076666553000052, 48.179650216000077 ], [ 7.075822042000084, 48.179999255000041 ], [ 7.075183376000041, 48.180386227000042 ], [ 7.07447404800007, 48.180730585000049 ], [ 7.073340911000059, 48.180864323000037 ], [ 7.072355057000038, 48.181128116000082 ], [ 7.070813207000072, 48.181956193000083 ], [ 7.069979047000061, 48.183160779000048 ], [ 7.06935237600004, 48.183682451000038 ], [ 7.069296425000061, 48.18381953100004 ], [ 7.068851456000061, 48.184109683000088 ], [ 7.067806940000082, 48.184465557000067 ], [ 7.066844291000052, 48.184998799000077 ], [ 7.066670676000058, 48.185324637000072 ], [ 7.066728896000086, 48.185948822000057 ], [ 7.066625930000043, 48.186317274000032 ], [ 7.06624176300005, 48.187276559000047 ], [ 7.065926481000076, 48.187512673000072 ], [ 7.065335012000048, 48.187672710000072 ], [ 7.065310946000068, 48.188169085000077 ], [ 7.064908138000078, 48.18818746900007 ], [ 7.063930708000044, 48.188540993000061 ], [ 7.062434178000046, 48.188376293000033 ], [ 7.061896982000064, 48.188399294000078 ], [ 7.061120267000092, 48.18874588400007 ], [ 7.060255698000049, 48.188870244000043 ], [ 7.059808610000061, 48.18915592500008 ], [ 7.059029253000063, 48.189457542000071 ], [ 7.058335204000059, 48.189981465000074 ], [ 7.058010439000043, 48.190127783000037 ], [ 7.056516342000066, 48.190728763000038 ], [ 7.05594721500006, 48.191158277000056 ], [ 7.055358118000072, 48.192084016000081 ], [ 7.05469237300008, 48.192922286000055 ], [ 7.05313169100009, 48.194291340000063 ], [ 7.052331480000078, 48.195134212000085 ], [ 7.05221685500004, 48.195363393000036 ], [ 7.052122848000067, 48.195817112000043 ], [ 7.051866912000037, 48.195961047000083 ], [ 7.051614426000072, 48.196149913000056 ], [ 7.051441520000083, 48.196475697000039 ], [ 7.051138150000043, 48.196846504000064 ], [ 7.05062147600006, 48.197093991000088 ], [ 7.050009738000085, 48.19702489000008 ], [ 7.049606858000061, 48.197043221000058 ], [ 7.04915654000007, 48.197288424000078 ], [ 7.047506289000069, 48.197669390000051 ], [ 7.046973775000083, 48.197732702000053 ], [ 7.046514865000063, 48.197888091000038 ], [ 7.046330396000087, 48.198074611000038 ], [ 7.046304380000038, 48.198525991000047 ], [ 7.046122515000093, 48.198757471000079 ], [ 7.045960747000038, 48.199218009000049 ], [ 7.045392778000064, 48.199642919000041 ], [ 7.044868318000056, 48.199800547000052 ], [ 7.044299839000075, 48.200229974000081 ], [ 7.044308410000042, 48.200319777000061 ], [ 7.044112510000048, 48.201137366000069 ], [ 7.043934911000065, 48.201413743000046 ], [ 7.043833932000041, 48.201777592000042 ], [ 7.042133998000054, 48.203106197000068 ], [ 7.041577471000039, 48.203670343000056 ], [ 7.041131342000085, 48.203960416000086 ], [ 7.040815848000079, 48.204196460000048 ], [ 7.040824126000075, 48.205052097000078 ], [ 7.04071799500008, 48.20537106900008 ], [ 7.040408454000044, 48.205651956000047 ], [ 7.040313831000049, 48.206110184000067 ], [ 7.040468199000088, 48.207091458000043 ], [ 7.040240818000086, 48.207554230000085 ], [ 7.039983953000046, 48.207698167000046 ], [ 7.03994158800009, 48.207969907000063 ], [ 7.039826882000057, 48.208199074000049 ], [ 7.039811971000063, 48.208785212000073 ], [ 7.039943508000079, 48.209501482000064 ], [ 7.03999237700009, 48.210040388000039 ], [ 7.040217712000072, 48.210298459000057 ], [ 7.040312393000079, 48.210610556000063 ], [ 7.04079923900008, 48.210774083000047 ], [ 7.041012571000067, 48.210897419000048 ], [ 7.041400170000088, 48.211469776000058 ], [ 7.042144133000079, 48.212250665000056 ], [ 7.043453052000075, 48.213323031000073 ], [ 7.044262856000046, 48.213335832000041 ], [ 7.044400753000048, 48.213376156000038 ], [ 7.044902759000081, 48.213714836000072 ], [ 7.044978559000072, 48.213802335000082 ], [ 7.045403351000061, 48.214013019000049 ], [ 7.045911425000043, 48.214441583000053 ], [ 7.046000092000043, 48.214663786000081 ], [ 7.045956072000081, 48.214935584000045 ], [ 7.04545171500007, 48.215313255000069 ], [ 7.045436864000067, 48.215899390000061 ], [ 7.045326797000087, 48.216177956000081 ], [ 7.045693537000091, 48.216521269000047 ], [ 7.046168925000075, 48.216545519000078 ], [ 7.046453316000054, 48.216715964000059 ], [ 7.046457604000068, 48.216760865000083 ], [ 7.046679056000073, 48.216978515000051 ], [ 7.047506074000069, 48.217170898000063 ], [ 7.047861647000048, 48.217379443000077 ], [ 7.048237338000092, 48.217817042000043 ], [ 7.048458456000048, 48.218030196000086 ], [ 7.048691953000059, 48.218382574000088 ], [ 7.048989234000089, 48.218687715000051 ], [ 7.049070011000083, 48.219585909000045 ], [ 7.049239390000082, 48.219981028000063 ], [ 7.049545267000042, 48.220375970000077 ], [ 7.049632277000057, 48.22059822600005 ], [ 7.050063700000067, 48.220894259000033 ], [ 7.050212817000045, 48.221069336000085 ], [ 7.050317841000037, 48.221471166000072 ], [ 7.050535036000042, 48.221643907000043 ], [ 7.050626841000053, 48.221906542000056 ], [ 7.051153391000071, 48.22251914900005 ], [ 7.051287024000089, 48.222514564000051 ], [ 7.052283558000056, 48.223102028000085 ], [ 7.052518784000085, 48.223454340000046 ], [ 7.05262046900009, 48.223856283000032 ], [ 7.053182958000093, 48.224102758000072 ], [ 7.053407922000076, 48.224365324000082 ], [ 7.053682407000053, 48.225162262000083 ], [ 7.05419697800005, 48.225640123000062 ], [ 7.054103775000044, 48.226093805000062 ], [ 7.054348206000043, 48.226576436000073 ], [ 7.05471280800009, 48.22687925300005 ], [ 7.055119370000057, 48.226905834000043 ], [ 7.055827599000054, 48.227282436000053 ], [ 7.056402539000089, 48.227668119000043 ], [ 7.058113398000046, 48.230208609000051 ], [ 7.058128915000054, 48.23038826800007 ], [ 7.058577171000081, 48.230868391000058 ], [ 7.058818206000069, 48.23130608200006 ], [ 7.058720237000045, 48.231719387000055 ], [ 7.058907770000076, 48.232294061000061 ], [ 7.058426965000081, 48.232945764000078 ], [ 7.058685180000055, 48.234328873000038 ], [ 7.05849405400005, 48.234430042000042 ], [ 7.058600947000059, 48.234876849000045 ], [ 7.05894892200007, 48.23499552800007 ], [ 7.059173962000045, 48.23525808100004 ], [ 7.059198927000068, 48.235527510000047 ], [ 7.059636606000083, 48.235913392000043 ], [ 7.059721065000076, 48.236090680000082 ], [ 7.059931418000076, 48.236939360000072 ], [ 7.060325892000037, 48.23755196500008 ], [ 7.060491458000058, 48.237906656000064 ], [ 7.060591450000061, 48.239029416000051 ], [ 7.061258441000064, 48.239677695000069 ], [ 7.061703783000041, 48.239932667000062 ], [ 7.06182100400008, 48.240545792000034 ], [ 7.062437685000077, 48.241240843000071 ], [ 7.063102205000064, 48.241889197000042 ], [ 7.063253106000047, 48.242064197000047 ], [ 7.063162574000046, 48.242562838000083 ], [ 7.062997010000061, 48.242973965000033 ], [ 7.062374704000092, 48.243540449000079 ], [ 7.062212594000073, 48.243996503000062 ], [ 7.06154768600004, 48.244699590000039 ], [ 7.061613182000087, 48.245418102000087 ] ], [ [ 7.105901575000075, 48.201977041000077 ], [ 7.104479234000053, 48.202621183000083 ], [ 7.103371497000069, 48.203790467000033 ], [ 7.103117959000088, 48.204700287000037 ], [ 7.102633615000059, 48.205307283000081 ], [ 7.102302492000092, 48.206129697000051 ], [ 7.10225839800006, 48.207122333000086 ], [ 7.101870743000063, 48.208041313000081 ], [ 7.10166354100005, 48.208724265000058 ], [ 7.101543545000084, 48.209629436000057 ], [ 7.101549313000078, 48.210440136000045 ], [ 7.101464373000056, 48.210983688000056 ], [ 7.101558196000042, 48.212016577000043 ], [ 7.101495903000057, 48.212829641000042 ], [ 7.101335905000042, 48.213285699000039 ], [ 7.101272177000055, 48.213332964000081 ], [ 7.101286023000057, 48.213467632000061 ], [ 7.101238794000039, 48.213694523000072 ], [ 7.101175415000057, 48.213746280000073 ], [ 7.101002408000056, 48.214067640000053 ], [ 7.100413495000055, 48.214989095000078 ], [ 7.099991917000068, 48.215548842000032 ], [ 7.099062012000047, 48.216441587000077 ], [ 7.098649075000083, 48.217091126000071 ], [ 7.098542429000076, 48.217410177000033 ], [ 7.098247935000074, 48.217870898000058 ], [ 7.098285249000071, 48.218275049000056 ], [ 7.098681350000049, 48.218937043000039 ], [ 7.098721812000065, 48.219381629000047 ], [ 7.098666249000075, 48.21952321200007 ], [ 7.09859077200008, 48.220156528000082 ], [ 7.097762247000048, 48.220685340000045 ], [ 7.097652097000093, 48.220959460000081 ], [ 7.09721877700008, 48.22137994600007 ], [ 7.095428366000078, 48.222446672000046 ], [ 7.094823255000051, 48.222467661000053 ], [ 7.094490921000045, 48.222528742000073 ], [ 7.09406189200007, 48.222994114000073 ], [ 7.092906104000065, 48.22362884000006 ], [ 7.092578580000065, 48.223730292000077 ], [ 7.092527816000086, 48.22391224900008 ], [ 7.091923876000067, 48.223937688000042 ], [ 7.091608491000045, 48.224173864000079 ], [ 7.091169437000076, 48.224553978000081 ], [ 7.090716431000089, 48.224754377000068 ], [ 7.090460460000088, 48.224898393000046 ], [ 7.089939370000081, 48.225101147000032 ], [ 7.089826524000046, 48.225330302000089 ], [ 7.089791374000072, 48.225691913000048 ], [ 7.08947945400007, 48.225973013000043 ], [ 7.088836005000076, 48.226315146000047 ], [ 7.088332195000078, 48.226697491000039 ], [ 7.088217658000076, 48.226926702000071 ], [ 7.088166877000049, 48.227108657000088 ], [ 7.088044529000058, 48.227248040000063 ], [ 7.087895665000076, 48.227838832000089 ], [ 7.087676911000074, 48.228386994000061 ], [ 7.087549394000064, 48.228481507000083 ], [ 7.087113181000063, 48.229627337000068 ], [ 7.08666792300005, 48.22991754700007 ], [ 7.086213665000059, 48.230113463000073 ], [ 7.086180168000055, 48.230475014000042 ], [ 7.085615177000079, 48.230949558000077 ], [ 7.085379936000038, 48.23131808800008 ], [ 7.085269699000037, 48.231592196000072 ], [ 7.085125115000039, 48.232227882000082 ], [ 7.084999613000093, 48.232326826000083 ], [ 7.084666857000059, 48.232383386000038 ], [ 7.08448588400006, 48.232614890000043 ], [ 7.084329162000074, 48.233115847000079 ], [ 7.084014035000052, 48.233356495000073 ], [ 7.084066017000055, 48.233940331000042 ], [ 7.083557430000042, 48.234273261000055 ], [ 7.083182844000078, 48.234606059000043 ], [ 7.082547051000063, 48.235037985000083 ], [ 7.082113495000044, 48.235458410000042 ], [ 7.082126457000072, 48.235593108000046 ], [ 7.082067005000056, 48.235685261000071 ], [ 7.082023994000053, 48.235957039000077 ], [ 7.081704520000073, 48.236152781000051 ], [ 7.081061390000059, 48.236490348000082 ], [ 7.080748867000068, 48.236775944000051 ], [ 7.080422919000057, 48.236877304000082 ], [ 7.079758527000081, 48.236994860000038 ], [ 7.079501626000081, 48.237138881000078 ], [ 7.079375262000042, 48.237237848000063 ], [ 7.078769974000068, 48.237258755000077 ], [ 7.078578876000051, 48.237359956000034 ], [ 7.078531528000042, 48.237586834000069 ], [ 7.077996968000093, 48.237650343000041 ], [ 7.077803344000074, 48.237751630000048 ], [ 7.077270463000048, 48.23781507800004 ], [ 7.076227922000044, 48.238220463000061 ], [ 7.075972686000057, 48.23836441800006 ], [ 7.075513508000085, 48.23851991500004 ], [ 7.075197121000088, 48.238756074000037 ], [ 7.075107548000062, 48.239254697000042 ], [ 7.074222200000065, 48.239938443000085 ], [ 7.073748420000072, 48.240319677000059 ], [ 7.07356653100004, 48.240551192000055 ], [ 7.073317382000084, 48.240785026000083 ], [ 7.071745300000089, 48.241298727000071 ], [ 7.071363648000045, 48.241541630000086 ], [ 7.071052377000058, 48.241822648000038 ] ], [ [ 7.113924179000037, 48.226466278000032 ], [ 7.11346423100008, 48.226576908000077 ], [ 7.113010452000083, 48.226777421000072 ], [ 7.112702995000063, 48.22710347900005 ], [ 7.112557913000046, 48.227739230000047 ], [ 7.112061270000083, 48.228211530000067 ], [ 7.111820200000068, 48.22853527400008 ], [ 7.111837581000088, 48.228714868000047 ], [ 7.111674120000089, 48.229126008000037 ], [ 7.110925752000071, 48.230553110000074 ], [ 7.110660023000037, 48.231328204000079 ], [ 7.110777608000092, 48.232630550000067 ], [ 7.111013266000043, 48.232982743000044 ], [ 7.112077421000038, 48.233571880000056 ], [ 7.112589588000048, 48.234000034000083 ], [ 7.11275114700004, 48.234309755000083 ], [ 7.112787743000069, 48.234713927000087 ], [ 7.112552676000064, 48.235082510000041 ], [ 7.111731908000081, 48.235701240000083 ], [ 7.111345785000083, 48.235894882000082 ], [ 7.109382409000091, 48.236562378000087 ], [ 7.108344972000054, 48.237008424000066 ], [ 7.106863818000079, 48.238510530000042 ], [ 7.105782590000047, 48.239228368000056 ], [ 7.105460525000069, 48.239379217000078 ], [ 7.104261609000048, 48.239560542000049 ], [ 7.101504770000076, 48.239935621000086 ], [ 7.10063258100007, 48.240123580000045 ], [ 7.099024989000043, 48.240242455000043 ], [ 7.097634958000072, 48.24052494600005 ], [ 7.096899808000046, 48.240600005000033 ], [ 7.095481111000083, 48.24056812200007 ], [ 7.094734502000051, 48.240517427000043 ], [ 7.093659569000067, 48.240559196000049 ], [ 7.093043289000093, 48.240449914000067 ], [ 7.092774258000077, 48.240459238000085 ], [ 7.092442649000077, 48.24052028300008 ], [ 7.09216063000008, 48.240394909000088 ], [ 7.091497901000082, 48.240512472000034 ], [ 7.091333404000068, 48.240923610000038 ], [ 7.090764861000082, 48.241353247000063 ], [ 7.090437222000048, 48.241454693000037 ], [ 7.089840751000054, 48.241578961000073 ], [ 7.089375105000045, 48.241640134000079 ], [ 7.088817427000038, 48.241438704000082 ], [ 7.088791364000088, 48.241439606000085 ], [ 7.088276217000043, 48.241416896000032 ], [ 7.087990718000071, 48.241246583000077 ], [ 7.087722872000086, 48.24126035900008 ], [ 7.087465972000075, 48.241404396000064 ], [ 7.087264195000046, 48.241411379000056 ], [ 7.085405044000083, 48.240993685000042 ], [ 7.084994527000049, 48.240917788000047 ], [ 7.084521279000057, 48.240902622000078 ], [ 7.084276500000044, 48.241181378000078 ], [ 7.084209241000053, 48.241183704000044 ], [ 7.083728332000078, 48.241069693000043 ], [ 7.083509267000068, 48.240897073000042 ], [ 7.083086136000077, 48.240690965000056 ], [ 7.082536787000038, 48.240574810000055 ], [ 7.082133585000065, 48.240593252000053 ], [ 7.081272536000085, 48.240762661000083 ], [ 7.08032430600008, 48.240709833000039 ], [ 7.079652069000076, 48.24073756100006 ], [ 7.078665823000051, 48.241010381000081 ], [ 7.077934115000062, 48.241130249000037 ], [ 7.076875089000055, 48.241356014000083 ], [ 7.076207650000072, 48.241424100000081 ], [ 7.075795809000056, 48.241352721000055 ], [ 7.075459511000076, 48.241364326000053 ], [ 7.072412457000041, 48.241946942000077 ], [ 7.072009242000092, 48.241965350000051 ], [ 7.071052377000058, 48.241822648000038 ] ], [ [ 7.071052377000058, 48.241822648000038 ], [ 7.069707047000065, 48.242598792000081 ], [ 7.06946649200006, 48.242922417000045 ], [ 7.069280119000041, 48.24311804000007 ], [ 7.068357221000042, 48.243339035000083 ], [ 7.067851912000037, 48.243716823000057 ], [ 7.067524562000074, 48.243822698000088 ], [ 7.066507347000083, 48.24377213300005 ], [ 7.065277602000037, 48.244179354000039 ], [ 7.063395049000064, 48.244987423000055 ], [ 7.061613182000087, 48.245418102000087 ] ], [ [ 7.061613182000087, 48.245418102000087 ], [ 7.06162955700006, 48.245597729000053 ], [ 7.06150625500004, 48.245737112000086 ], [ 7.060816634000048, 48.246305901000085 ], [ 7.060836469000037, 48.246530457000063 ], [ 7.06132643300009, 48.246860478000087 ], [ 7.061338897000041, 48.246869059000062 ], [ 7.061508208000078, 48.24722812400006 ], [ 7.061588982000046, 48.247401032000077 ], [ 7.061732029000041, 48.247594323000051 ], [ 7.061911186000088, 48.247840429000064 ], [ 7.061952547000089, 48.248289484000047 ], [ 7.061767957000086, 48.248476022000034 ], [ 7.060435827000049, 48.24866146800008 ], [ 7.060464267000043, 48.24897582400007 ], [ 7.060341300000061, 48.249119698000072 ], [ 7.06038611200006, 48.249613681000085 ], [ 7.060212738000075, 48.249934973000052 ], [ 7.060173906000045, 48.250251641000034 ], [ 7.060467625000058, 48.250507325000058 ], [ 7.060818675000064, 48.250675448000038 ], [ 7.060866955000051, 48.251214359000073 ], [ 7.060523269000044, 48.251721695000072 ], [ 7.060575009000047, 48.252305534000072 ], [ 7.061886203000086, 48.251891067000088 ], [ 7.06371486900008, 48.251233546000037 ], [ 7.064218063000055, 48.250990997000088 ], [ 7.064486806000048, 48.250977245000058 ], [ 7.064808462000087, 48.250785987000086 ], [ 7.068518182000048, 48.250806933000042 ], [ 7.06921956900004, 48.250958460000049 ], [ 7.070974195000076, 48.250970081000048 ], [ 7.071611275000066, 48.25130400200004 ], [ 7.074151197000049, 48.251788537000039 ], [ 7.074771045000091, 48.251942845000087 ], [ 7.075622089000092, 48.252404508000041 ], [ 7.075658413000042, 48.252808686000037 ], [ 7.07618188500004, 48.253362733000081 ], [ 7.078271432000065, 48.253952819000062 ], [ 7.081235434000064, 48.253922534000083 ], [ 7.081381412000042, 48.254043626000055 ], [ 7.081465132000062, 48.254220925000077 ], [ 7.082014273000084, 48.254332591000043 ], [ 7.08243869800009, 48.254543165000086 ], [ 7.082781693000072, 48.254616903000056 ], [ 7.083185350000065, 48.254602952000077 ], [ 7.08363864100005, 48.254402586000083 ], [ 7.084604416000047, 48.254634982000077 ], [ 7.084713253000075, 48.255081699000073 ], [ 7.085530676000076, 48.255184073000073 ], [ 7.085899631000075, 48.255527193000034 ], [ 7.086248153000042, 48.25565028300008 ], [ 7.086517262000086, 48.255640974000073 ], [ 7.087211198000091, 48.255107924000072 ], [ 7.087949209000044, 48.25507788300007 ], [ 7.089037078000047, 48.255166369000051 ], [ 7.090809022000087, 48.255366304000063 ], [ 7.092160139000043, 48.255391587000076 ], [ 7.093152086000089, 48.25593834600005 ], [ 7.093930395000086, 48.256177162000085 ], [ 7.095092559000079, 48.256353116000071 ], [ 7.096373980000067, 48.256349234000083 ], [ 7.097732954000037, 48.256464279000056 ], [ 7.099727305000044, 48.256877105000058 ], [ 7.101834058000065, 48.257065259000058 ], [ 7.102734292000093, 48.257331319000059 ], [ 7.104930901000046, 48.257741541000087 ], [ 7.105295659000092, 48.258039702000083 ], [ 7.105719366000073, 48.258250221000083 ], [ 7.107696470000064, 48.258483322000082 ], [ 7.108299256000066, 48.258448848000057 ], [ 7.108758862000059, 48.258297718000051 ], [ 7.109549326000092, 48.25808552500007 ], [ 7.10988887700006, 48.258114257000045 ], [ 7.110236631000078, 48.258237306000069 ], [ 7.110614878000092, 48.258534982000072 ], [ 7.111299526000039, 48.258641800000078 ], [ 7.112570623000067, 48.258548006000069 ], [ 7.11300439200005, 48.258843743000057 ], [ 7.11348517600004, 48.258953141000063 ], [ 7.11388850700007, 48.25893459200006 ], [ 7.114615188000073, 48.258769635000078 ], [ 7.114888658000041, 48.258805159000083 ], [ 7.116752182000084, 48.259267311000087 ], [ 7.117670152000073, 48.259726354000072 ], [ 7.11847815200008, 48.260450508000083 ], [ 7.118863443000066, 48.260977663000062 ], [ 7.11904861700009, 48.261372143000081 ], [ 7.119184875000087, 48.262133224000081 ], [ 7.119083457000045, 48.262497151000048 ], [ 7.119272109000065, 48.263076209000083 ], [ 7.119430284000089, 48.263340988000039 ], [ 7.120197196000049, 48.263625084000068 ], [ 7.120769136000092, 48.263961024000082 ], [ 7.121327174000044, 48.264162301000056 ], [ 7.121972605000053, 48.264585770000053 ], [ 7.122492923000038, 48.264973057000077 ], [ 7.123298256000055, 48.265661235000039 ], [ 7.124035479000042, 48.266351784000051 ], [ 7.124571693000064, 48.267049345000032 ], [ 7.124785097000085, 48.267168033000083 ], [ 7.125035566000065, 48.267695371000059 ], [ 7.125193263000085, 48.26854579500008 ], [ 7.125420458000065, 48.268808156000034 ], [ 7.126423055000089, 48.269439873000067 ], [ 7.126812011000084, 48.270011925000063 ], [ 7.127247792000048, 48.270352592000052 ], [ 7.127600871000084, 48.270520455000053 ], [ 7.128007806000085, 48.270546784000032 ], [ 7.128408051000065, 48.270487753000047 ], [ 7.129900066000062, 48.269840972000047 ], [ 7.130894474000058, 48.269657552000069 ], [ 7.132100680000065, 48.269561321000083 ], [ 7.132781149000039, 48.269623117000037 ], [ 7.134016593000069, 48.269845692000047 ], [ 7.135748067000065, 48.270348219000077 ], [ 7.137815605000071, 48.270672273000059 ], [ 7.139428275000057, 48.270606783000062 ], [ 7.141560902000037, 48.271050126000034 ], [ 7.14230785500007, 48.271109538000083 ], [ 7.14272271100009, 48.271225638000033 ], [ 7.143777388000046, 48.271679697000081 ], [ 7.144398515000091, 48.271833608000073 ], [ 7.145414663000054, 48.271883560000049 ], [ 7.147342563000052, 48.271568143000081 ], [ 7.147606522000046, 48.271513829000071 ], [ 7.14950555300004, 48.271613844000058 ], [ 7.150963066000088, 48.271323893000051 ] ] ] } },
{ "type": "Feature", "properties": { "fid": 733, "gid": 733, "CdEuMasseDEau": "FRCR714", "NomMasseDEau": "MOSELOTTE 1", "Etat masse eau ": "Inconnu", "Etat ecologique": "Bon", "Etat chimique": "Inconnu", "_swEcologicalStatusOrPotentialValue": "2", "_swChemicalStatusValue": "U" }, "geometry": { "type": "MultiLineString", "coordinates": [ [ [ 7.008010132000038, 48.030890158000034 ], [ 7.006521293000048, 48.030765176000045 ], [ 7.005623877000062, 48.030489383000088 ], [ 7.004355530000055, 48.029816233000084 ], [ 7.003663019000044, 48.029573997000057 ], [ 7.003127409000058, 48.029596733000062 ], [ 7.002600272000052, 48.029709283000045 ], [ 7.000714928000093, 48.029647279000073 ], [ 6.999639967000064, 48.02964329100007 ], [ 6.998187169000062, 48.029161065000039 ], [ 6.99737256700007, 48.029058101000032 ], [ 6.996699579000051, 48.029040424000073 ], [ 6.995636824000087, 48.029175647000045 ], [ 6.994637326000088, 48.029259154000052 ], [ 6.992267318000074, 48.029037771000048 ], [ 6.991511269000057, 48.028842675000078 ], [ 6.991173252000067, 48.028813598000056 ], [ 6.990102535000062, 48.02885443100007 ], [ 6.989441390000081, 48.028971468000073 ], [ 6.98852832700004, 48.029277252000043 ], [ 6.987017475000073, 48.030418737000048 ], [ 6.986560337000071, 48.03056938800006 ], [ 6.984041528000091, 48.030970094000047 ], [ 6.982219962000045, 48.031599432000064 ], [ 6.981381409000051, 48.031992739000088 ], [ 6.980043476000048, 48.032812909000086 ], [ 6.97803915500009, 48.033871847000057 ], [ 6.973667316000046, 48.035136892000082 ], [ 6.972971071000075, 48.035615430000064 ], [ 6.972419441000056, 48.036219729000038 ], [ 6.971600957000078, 48.036837539000032 ], [ 6.970758870000054, 48.037185831000045 ], [ 6.96976709900008, 48.037363467000034 ], [ 6.969487290000075, 48.037237755000042 ], [ 6.968565210000065, 48.036687703000041 ], [ 6.967719404000093, 48.036225173000048 ], [ 6.966884895000078, 48.035901917000047 ], [ 6.966066044000058, 48.035753827000072 ], [ 6.965030207000041, 48.035432840000055 ], [ 6.964597403000084, 48.035091522000073 ], [ 6.964313415000049, 48.034920888000045 ], [ 6.963829596000039, 48.034761492000086 ], [ 6.963518699000076, 48.034276403000042 ], [ 6.962672139000063, 48.03381386500007 ], [ 6.962313932000086, 48.03356012900008 ], [ 6.962097547000042, 48.032621341000038 ], [ 6.961876376000077, 48.032403534000082 ], [ 6.961447820000046, 48.032107113000052 ], [ 6.961412518000088, 48.031702840000037 ], [ 6.961471114000062, 48.03161076400005 ], [ 6.961408077000044, 48.030892066000042 ], [ 6.961144054000044, 48.03018013600007 ], [ 6.961120522000044, 48.029910621000056 ], [ 6.960616593000054, 48.029526633000046 ], [ 6.96065249600008, 48.029165014000057 ], [ 6.960628129000042, 48.028895526000042 ], [ 6.960416219000081, 48.028767507000055 ], [ 6.959998625000082, 48.028605867000067 ], [ 6.959778318000076, 48.028388027000062 ], [ 6.959683600000062, 48.028075857000033 ], [ 6.959243330000049, 48.02764466900004 ], [ 6.959160377000046, 48.027467256000079 ], [ 6.959128458000066, 48.027107920000049 ], [ 6.958915721000039, 48.026979926000081 ], [ 6.958360801000083, 48.026777852000073 ], [ 6.958207499000082, 48.026557754000073 ], [ 6.958117329000061, 48.026294986000039 ], [ 6.957964030000085, 48.026074888000039 ], [ 6.957680111000059, 48.025904236000088 ], [ 6.956991225000081, 48.02570666400004 ], [ 6.95656610900005, 48.025455163000061 ], [ 6.955944725000052, 48.025250808000067 ], [ 6.955649402000063, 48.024949887000048 ], [ 6.955484366000064, 48.024595027000032 ], [ 6.955196268000066, 48.024379459000045 ], [ 6.954976333000047, 48.024166104000081 ], [ 6.954622088000065, 48.023952759000053 ], [ 6.953744018000066, 48.023896683000032 ], [ 6.953464654000072, 48.023775426000043 ], [ 6.953024135000078, 48.023339720000081 ], [ 6.952855265000039, 48.022944439000071 ], [ 6.952665932000059, 48.022320084000057 ], [ 6.952362759000039, 48.021924812000073 ], [ 6.951855615000056, 48.02149584600005 ], [ 6.951693971000054, 48.021185918000072 ], [ 6.951481275000049, 48.021057911000071 ], [ 6.950871198000073, 48.020992811000042 ], [ 6.950800859000083, 48.020950123000034 ], [ 6.950697824000088, 48.020548122000037 ], [ 6.950131267000074, 48.020211248000066 ], [ 6.949443320000057, 48.020013602000063 ], [ 6.949222254000063, 48.019795770000087 ], [ 6.949061804000053, 48.019490304000051 ], [ 6.948632251000049, 48.01918936900006 ], [ 6.947605556000042, 48.018962541000064 ], [ 6.947318357000086, 48.018746925000073 ], [ 6.947267256000089, 48.018162973000081 ], [ 6.94748743100007, 48.017614967000043 ], [ 6.947389454000074, 48.017257845000081 ], [ 6.947031097000092, 48.016999566000038 ], [ 6.946472139000093, 48.016752523000036 ], [ 6.945976815000051, 48.016458292000038 ], [ 6.945787587000041, 48.015833923000059 ], [ 6.945339158000081, 48.015312859000062 ], [ 6.945098872000074, 48.014870407000046 ], [ 6.944532411000068, 48.014533505000088 ], [ 6.943977675000042, 48.014331361000082 ], [ 6.943355633000067, 48.014126967000038 ], [ 6.942517938000037, 48.013754100000085 ], [ 6.941664694000053, 48.013206049000082 ], [ 6.941519031000041, 48.013075778000086 ], [ 6.941467999000054, 48.012491822000072 ], [ 6.941763551000065, 48.012031401000058 ], [ 6.941720047000047, 48.011537295000039 ], [ 6.94135422800008, 48.011189147000039 ], [ 6.94049233800007, 48.010546771000072 ], [ 6.939902538000069, 48.009940322000034 ], [ 6.939445855000088, 48.009329411000067 ], [ 6.939084247000039, 48.009026167000059 ], [ 6.938179693000052, 48.008655512000082 ], [ 6.937892085000044, 48.008444393000048 ], [ 6.937149179000073, 48.007617804000063 ], [ 6.93627987900004, 48.006885544000056 ], [ 6.936118371000077, 48.006575592000047 ], [ 6.935685990000081, 48.006234161000073 ], [ 6.935520309000083, 48.005879297000043 ], [ 6.935025148000079, 48.005585017000051 ], [ 6.934532999000055, 48.005331181000088 ], [ 6.934458517000053, 48.005243571000051 ], [ 6.934321731000068, 48.004441730000053 ], [ 6.934246414000086, 48.004354148000061 ], [ 6.934038004000058, 48.004271019000043 ], [ 6.933566247000044, 48.00424625800008 ], [ 6.932574812000041, 48.003653213000064 ], [ 6.932130791000077, 48.003177006000051 ], [ 6.931590910000068, 48.003150011000059 ], [ 6.931130847000077, 48.003260004000083 ], [ 6.929993636000063, 48.003302530000042 ], [ 6.929474949000053, 48.003504578000047 ], [ 6.929135958000074, 48.003470857000082 ], [ 6.928514434000078, 48.003270876000045 ], [ 6.927747312000065, 48.002940604000059 ], [ 6.927063006000083, 48.002787765000051 ], [ 6.925985598000068, 48.002742658000045 ], [ 6.92570607600004, 48.002616839000041 ], [ 6.925269292000053, 48.002225964000047 ], [ 6.924990108000088, 48.002104637000059 ], [ 6.924832848000051, 48.00183958000008 ], [ 6.924805346000085, 48.001525141000059 ], [ 6.924924270000076, 48.001340966000043 ], [ 6.92490009800008, 48.001071466000042 ], [ 6.924546461000091, 48.000862522000034 ], [ 6.923995779000052, 48.000700700000039 ], [ 6.923854361000053, 48.000615318000087 ], [ 6.923846026000092, 48.000525494000051 ], [ 6.92363798100007, 48.000446841000041 ], [ 6.922768667000071, 48.000480357000072 ], [ 6.922355244000073, 48.000358999000071 ], [ 6.922257801000057, 48.000006346000077 ], [ 6.922041096000044, 47.999833372000069 ], [ 6.921356847000084, 47.999680500000068 ], [ 6.921065695000038, 47.999419905000082 ], [ 6.920712084000058, 47.999210949000087 ], [ 6.919909747000077, 47.99924221100008 ], [ 6.918579225000087, 47.999381178000078 ], [ 6.91807218200006, 47.999717941000085 ], [ 6.917426215000091, 48.000014280000073 ], [ 6.916985787000044, 48.000344312000038 ], [ 6.91658435700009, 48.000362192000068 ], [ 6.915762035000057, 48.000168837000047 ], [ 6.914818278000041, 48.000114672000052 ], [ 6.914231767000047, 48.000318911000079 ], [ 6.91364193000004, 48.000478207000072 ], [ 6.912642008000091, 48.000561047000083 ], [ 6.912123281000049, 48.000763019000033 ], [ 6.91103679400004, 48.001389335000056 ], [ 6.909729785000081, 48.001802226000052 ], [ 6.908656234000091, 48.001797379000038 ], [ 6.908337200000062, 48.001988188000041 ], [ 6.908097084000076, 48.002316030000088 ], [ 6.907778045000043, 48.002506838000045 ], [ 6.906137558000069, 48.002164912000069 ], [ 6.903678348000085, 48.002440313000079 ], [ 6.903344698000069, 48.002455897000061 ], [ 6.902427446000047, 48.002716106000037 ], [ 6.901239347000057, 48.00294475000004 ], [ 6.900326224000082, 48.003249855000043 ], [ 6.89890571300009, 48.003125782000041 ], [ 6.898626253000089, 48.002999898000041 ], [ 6.898095850000061, 48.003067042000055 ], [ 6.897638695000069, 48.003217350000057 ], [ 6.896938732000081, 48.002884656000049 ], [ 6.896596788000068, 48.00281039500004 ], [ 6.895931618000077, 48.002881995000052 ], [ 6.894782073000044, 48.003555292000051 ], [ 6.894266555000058, 48.003802126000039 ], [ 6.89375898500009, 48.004134289000042 ], [ 6.892712196000048, 48.004448264000082 ], [ 6.891366586000061, 48.004407215000072 ], [ 6.891103189000091, 48.004465488000051 ], [ 6.890560014000073, 48.004393364000073 ], [ 6.889592544000038, 48.004073985000048 ], [ 6.88911634100009, 48.003999639000085 ], [ 6.888647907000063, 48.004019639000042 ], [ 6.888124918000074, 48.004176591000032 ], [ 6.887475099000085, 48.004423330000073 ], [ 6.886966974000075, 48.004759985000078 ], [ 6.886596583000085, 48.005132630000048 ], [ 6.885722509000061, 48.005891330000047 ], [ 6.884757977000049, 48.006378208000058 ], [ 6.88281076700008, 48.006361440000042 ], [ 6.882617616000061, 48.006462424000063 ], [ 6.881916465000074, 48.006891024000083 ], [ 6.881530663000092, 48.007088465000038 ], [ 6.882159483000066, 48.007378547000087 ], [ 6.882450487000085, 48.007639237000042 ], [ 6.882744401000082, 48.008706220000079 ], [ 6.88291303200009, 48.009106099000064 ], [ 6.883215613000061, 48.009501554000053 ], [ 6.884009817000049, 48.010146563000042 ], [ 6.88498809400005, 48.010600781000051 ], [ 6.886332681000056, 48.01140328300005 ], [ 6.88667913200004, 48.011526981000088 ], [ 6.887847649000093, 48.011839739000038 ], [ 6.888468613000043, 48.01204445500008 ], [ 6.889403983000079, 48.012770356000033 ], [ 6.889386662000049, 48.014122422000071 ], [ 6.88966201900007, 48.014203414000072 ], [ 6.890257058000088, 48.014089125000055 ], [ 6.89053571900007, 48.014215055000079 ], [ 6.890708567000047, 48.014659834000042 ], [ 6.891593531000069, 48.014801740000053 ], [ 6.892226969000092, 48.015141173000082 ], [ 6.892506147000063, 48.015262577000051 ], [ 6.892612034000081, 48.01570957000007 ], [ 6.892827870000076, 48.015882624000085 ], [ 6.893236874000081, 48.01595467900006 ], [ 6.893670229000065, 48.016300729000079 ], [ 6.894338146000052, 48.01703995400004 ], [ 6.894714961000091, 48.017518518000088 ], [ 6.895061471000076, 48.01764219100005 ], [ 6.895910490000063, 48.018150160000062 ], [ 6.896528758000045, 48.018305370000064 ], [ 6.897280160000093, 48.018456165000032 ], [ 6.89796872900007, 48.018654088000062 ], [ 6.89833813100006, 48.019042788000043 ], [ 6.898549852000087, 48.019170919000032 ], [ 6.899030353000057, 48.019290138000088 ], [ 6.899766021000062, 48.019261240000048 ], [ 6.900242045000084, 48.019331049000073 ], [ 6.90100177100004, 48.019571645000042 ], [ 6.901568009000073, 48.019908755000081 ], [ 6.902083032000064, 48.020427762000047 ], [ 6.902571016000081, 48.02063682000005 ], [ 6.903542512000058, 48.021005522000053 ], [ 6.903833366000072, 48.021261663000082 ], [ 6.904816503000063, 48.021765119000072 ], [ 6.90584008400009, 48.021951874000081 ], [ 6.906402225000079, 48.022244049000051 ], [ 6.907437117000086, 48.022561060000051 ], [ 6.908011233000082, 48.022992485000088 ], [ 6.908102319000079, 48.023259758000052 ], [ 6.908333691000053, 48.023607965000053 ], [ 6.908683592000045, 48.02377653700006 ], [ 6.910246138000048, 48.023985887000038 ], [ 6.911205780000046, 48.024215269000081 ], [ 6.911626843000079, 48.024426516000062 ], [ 6.912004703000093, 48.024904994000053 ], [ 6.912358784000048, 48.025118467000077 ], [ 6.913248472000078, 48.025309614000037 ], [ 6.914157297000088, 48.025725369000043 ], [ 6.915140283000085, 48.026224243000058 ], [ 6.916100319000066, 48.026458078000083 ], [ 6.917158990000075, 48.027049022000085 ], [ 6.917856073000053, 48.027336651000041 ], [ 6.918209861000093, 48.02754561200004 ], [ 6.918256486000075, 48.028084661000037 ], [ 6.918406298000093, 48.028259871000046 ], [ 6.91898023300007, 48.028686747000052 ], [ 6.919007715000077, 48.029001182000059 ], [ 6.91916086100008, 48.029221330000041 ], [ 6.91971565700004, 48.029423589000032 ], [ 6.920069799000089, 48.029637038000033 ], [ 6.920290453000064, 48.029850430000067 ], [ 6.920679589000088, 48.03046816300008 ], [ 6.920698748000064, 48.030692775000034 ], [ 6.920675073000041, 48.031189116000064 ], [ 6.920840732000045, 48.031543996000039 ], [ 6.921202057000073, 48.031842798000071 ], [ 6.92089455200005, 48.032168399000057 ], [ 6.920977384000082, 48.032345838000083 ], [ 6.921410216000083, 48.032691811000063 ], [ 6.921578883000052, 48.033087135000073 ], [ 6.921716720000063, 48.033893442000078 ], [ 6.922078399000043, 48.034196734000034 ], [ 6.92216540600009, 48.034419084000042 ], [ 6.922720269000081, 48.034621328000071 ], [ 6.923542313000041, 48.034814658000073 ], [ 6.92383000600006, 48.035025808000057 ], [ 6.923775007000074, 48.035167298000033 ], [ 6.923585666000065, 48.035308764000042 ], [ 6.923668512000063, 48.035486201000083 ], [ 6.924152217000085, 48.035645762000058 ], [ 6.924612575000083, 48.035535799000058 ], [ 6.924951769000074, 48.035569533000057 ], [ 6.925801362000072, 48.036077280000086 ], [ 6.926166918000092, 48.036420977000034 ], [ 6.926663489000077, 48.036719754000046 ], [ 6.926824700000054, 48.037025219000043 ], [ 6.926855568000065, 48.037384590000045 ], [ 6.927418322000051, 48.037681155000087 ], [ 6.927650721000077, 48.038029293000079 ], [ 6.927933771000085, 48.038200043000082 ], [ 6.928189878000069, 48.038822194000034 ], [ 6.928338582000038, 48.038992925000059 ], [ 6.929106230000059, 48.039323186000047 ], [ 6.929460475000042, 48.03953660500008 ], [ 6.929733285000054, 48.039829329000042 ], [ 6.930121672000041, 48.040185766000043 ], [ 6.930526531000055, 48.040978639000059 ], [ 6.930636761000073, 48.042236360000061 ], [ 6.931372536000083, 48.042973124000071 ], [ 6.932022104000055, 48.043487514000049 ], [ 6.932923869000092, 48.043813270000051 ], [ 6.933222843000067, 48.044163676000039 ], [ 6.933371247000082, 48.045866115000081 ], [ 6.932811874000038, 48.046384869000072 ], [ 6.932887249000089, 48.046472450000067 ], [ 6.933366902000046, 48.046587062000071 ], [ 6.934009347000085, 48.047016084000063 ], [ 6.934091074000037, 48.047189047000082 ], [ 6.933906232000084, 48.047379933000059 ], [ 6.933922111000072, 48.047559602000042 ], [ 6.934351477000064, 48.047856091000085 ], [ 6.934611048000079, 48.048523163000077 ], [ 6.934902203000092, 48.048779222000064 ], [ 6.935784008000041, 48.048880376000056 ], [ 6.936205366000081, 48.049091532000034 ], [ 6.937028521000059, 48.04928473800004 ], [ 6.937453736000066, 48.04953630600005 ], [ 6.93764643500009, 48.049439757000073 ], [ 6.938189803000057, 48.049507168000048 ], [ 6.938685392000082, 48.049801426000045 ], [ 6.939028032000067, 48.049880057000053 ], [ 6.940473264000048, 48.051039013000043 ], [ 6.941563723000058, 48.051223238000034 ], [ 6.941726249000055, 48.051330419000067 ], [ 6.942205956000066, 48.051647721000052 ], [ 6.943477031000043, 48.053127828000072 ], [ 6.945182179000085, 48.054187919000071 ], [ 6.945871392000072, 48.054385557000046 ], [ 6.946264841000072, 48.054277759000058 ], [ 6.946769209000081, 48.053900442000042 ], [ 6.94681276700004, 48.053628680000088 ], [ 6.947415633000048, 48.052838099000041 ], [ 6.947434876000045, 48.052296850000062 ], [ 6.947934690000068, 48.051870124000061 ], [ 6.947978240000055, 48.05159836100006 ], [ 6.94822705200005, 48.051364761000059 ], [ 6.948218668000038, 48.051274942000077 ], [ 6.948533663000092, 48.051039120000041 ], [ 6.948923727000079, 48.050886375000061 ], [ 6.949191819000077, 48.050877377000063 ], [ 6.949703347000082, 48.050585401000042 ], [ 6.949730952000039, 48.050133970000047 ], [ 6.95021898400006, 48.049572477000083 ], [ 6.950533960000087, 48.049336650000043 ], [ 6.950664646000064, 48.049287212000081 ], [ 6.951333681000051, 48.049260242000059 ], [ 6.952302577000069, 48.04881774200004 ], [ 6.953602022000041, 48.048314572000038 ], [ 6.95442845000008, 48.04778673900006 ], [ 6.955204633000051, 48.047440790000053 ], [ 6.956252238000047, 48.047130762000052 ], [ 6.956988261000049, 48.047101506000047 ], [ 6.957594447000076, 48.047121664000088 ], [ 6.958697286000074, 48.046674603000042 ], [ 6.959255779000046, 48.046921611000073 ], [ 6.959547044000089, 48.047177609000073 ], [ 6.961480884000082, 48.047779269000046 ], [ 6.961957246000054, 48.047848826000063 ], [ 6.962559576000047, 48.047828543000037 ], [ 6.964425834000053, 48.04766206100004 ], [ 6.965666868000085, 48.047255327000073 ], [ 6.966398681000044, 48.04718110400006 ] ] ] } },
{ "type": "Feature", "properties": { "fid": 2398, "gid": 2398, "CdEuMasseDEau": "FRDR11694", "NomMasseDEau": "ruisseau du roulier", "Etat masse eau ": "Bon", "Etat ecologique": "Bon", "Etat chimique": "Bon", "_swEcologicalStatusOrPotentialValue": "2", "_swChemicalStatusValue": "2" }, "geometry": { "type": "MultiLineString", "coordinates": [ [ [ 6.391263688894607, 47.98140601581602 ], [ 6.392247142087949, 47.981347669413367 ], [ 6.392309824111902, 47.981299921958822 ] ] ] } },
{ "type": "Feature", "properties": { "fid": 2894, "gid": 2894, "CdEuMasseDEau": "FRDR687A", "NomMasseDEau": "La Semouse de sa source à la confluence avec la Combeauté", "Etat masse eau ": "Moyen", "Etat ecologique": "Moyen", "Etat chimique": "Bon", "_swEcologicalStatusOrPotentialValue": "3", "_swChemicalStatusValue": "2" }, "geometry": { "type": "MultiLineString", "coordinates": [ [ [ 6.398204217944088, 47.982941971100537 ], [ 6.397802580105129, 47.982955383611007 ], [ 6.397324111312994, 47.982837703853946 ], [ 6.396268871633323, 47.982198939165691 ], [ 6.395093943994932, 47.981743773466 ], [ 6.394336714835672, 47.98158596914741 ] ], [ [ 6.393935152680974, 47.981502284781293 ], [ 6.393799434457322, 47.981474001504637 ], [ 6.392711450797941, 47.981286528191909 ], [ 6.392309824111902, 47.981299921958822 ] ], [ [ 6.401565292833922, 47.98921248788632 ], [ 6.401627826801531, 47.989080665510834 ], [ 6.402314430387273, 47.9884266653686 ], [ 6.403545052172476, 47.986988566839322 ], [ 6.403526151084667, 47.986020909432462 ] ], [ [ 6.403524458877613, 47.985934275440499 ], [ 6.403522192517237, 47.985818247176603 ], [ 6.403271067031524, 47.985650194121085 ] ], [ [ 6.398467869266685, 47.983030029020007 ], [ 6.398343844992235, 47.983027108968109 ], [ 6.398204217944088, 47.982941971100537 ] ], [ [ 6.392309824111902, 47.981299921958822 ], [ 6.392168872165812, 47.981214815484208 ], [ 6.391701685662166, 47.981231000002914 ], [ 6.389685095336108, 47.981165771318921 ], [ 6.389142579546329, 47.981094943736721 ], [ 6.388807910283016, 47.981106394847302 ], [ 6.388013986439137, 47.981288909421224 ] ], [ [ 6.384502708218781, 47.980416604615904 ], [ 6.383784139240968, 47.979434321452239 ], [ 6.38319167015384, 47.979027260146289 ] ], [ [ 6.381521751529107, 47.974414219598643 ], [ 6.381487849465616, 47.973976111378299 ], [ 6.381640438521509, 47.973340293977294 ], [ 6.381656319440011, 47.972664273114283 ], [ 6.381594056443797, 47.972537457559568 ] ], [ [ 6.381964227177042, 47.969688493901657 ], [ 6.382274201248171, 47.969356940584802 ], [ 6.382260046978618, 47.969177197135863 ], [ 6.382041454299908, 47.969094126906398 ] ], [ [ 6.368285597531666, 47.965148092735561 ], [ 6.368188340205399, 47.964890276200158 ], [ 6.367817047589581, 47.964408208684119 ], [ 6.367183787133673, 47.964024623342624 ], [ 6.365924400432792, 47.963494686435261 ] ], [ [ 6.365340350210723, 47.963085710701158 ], [ 6.365081134326566, 47.96288437482545 ] ] ] } },
{ "type": "Feature", "properties": { "fid": 3535, "gid": 3535, "CdEuMasseDEau": "FRDR687B", "NomMasseDEau": "L'Augronne", "Etat masse eau ": "Bon", "Etat ecologique": "Bon", "Etat chimique": "Bon", "_swEcologicalStatusOrPotentialValue": "2", "_swChemicalStatusValue": "2" }, "geometry": { "type": "MultiLineString", "coordinates": [ [ [ 6.431791038768936, 47.943950425083372 ], [ 6.430737154777375, 47.943660411681769 ] ], [ [ 6.430532257967663, 47.943613901919207 ], [ 6.429540718432015, 47.943443252331512 ], [ 6.428600042329609, 47.943441224812879 ] ], [ [ 6.447378615869693, 47.955650192136908 ], [ 6.446119684964705, 47.954973700641993 ], [ 6.445965688819414, 47.954708880693254 ], [ 6.446067876115444, 47.954300525821168 ], [ 6.446018932464573, 47.953671405612603 ], [ 6.445726898947093, 47.953366495585932 ], [ 6.44523848748395, 47.953114185828667 ], [ 6.444024244977259, 47.95302097798956 ], [ 6.443130188731898, 47.952737313807937 ], [ 6.441534046443511, 47.952028321895511 ], [ 6.439916429591205, 47.951049700293858 ], [ 6.438667789125324, 47.950507950586029 ], [ 6.438189464098678, 47.950389535638941 ], [ 6.43765436684342, 47.950408799886645 ], [ 6.437158795136417, 47.950065687579389 ], [ 6.436725892791148, 47.949675700140851 ], [ 6.436564792447316, 47.949320997482282 ], [ 6.436410860411199, 47.949056164095758 ], [ 6.435482427217741, 47.948323053917335 ], [ 6.435186232596662, 47.947973201431253 ], [ 6.435151809687852, 47.947524712804366 ], [ 6.434976399439179, 47.946990267991922 ], [ 6.434815318947624, 47.946635562350068 ], [ 6.43459746258293, 47.946418536420957 ], [ 6.434368137168899, 47.94606582575441 ], [ 6.433050805331888, 47.944626136409553 ], [ 6.431791038768936, 47.943950425083372 ] ], [ [ 6.475828307143546, 47.980089264782038 ], [ 6.475600250647016, 47.979598770442763 ], [ 6.475484041209852, 47.978972551358957 ], [ 6.475265826555291, 47.978754706136691 ], [ 6.474769805508371, 47.978412657524487 ], [ 6.474424989514929, 47.978289534105748 ], [ 6.473925971966038, 47.977901630174749 ], [ 6.473228089393088, 47.97671068765839 ], [ 6.473200558246679, 47.976352084003288 ], [ 6.474108773160697, 47.975103759985281 ], [ 6.474277669684797, 47.974692507646743 ], [ 6.474379677443415, 47.974284133248148 ], [ 6.474293978431992, 47.974061467611357 ], [ 6.473547945038512, 47.973097148299694 ], [ 6.473376407571309, 47.972608581574129 ], [ 6.473143764615376, 47.972210999526645 ], [ 6.472717647634134, 47.971911016082608 ], [ 6.472095380113187, 47.970807910674843 ], [ 6.471327467655708, 47.9704297429506 ], [ 6.471337920829808, 47.969708795821866 ], [ 6.471672774951755, 47.968841343064653 ], [ 6.471581541612095, 47.967673900535033 ] ], [ [ 6.479989840103623, 47.979983233917757 ], [ 6.479188107977468, 47.980012374640751 ], [ 6.478191420418892, 47.980137359097192 ], [ 6.477494271629652, 47.98039039351535 ], [ 6.477317053835593, 47.980265922355869 ], [ 6.476182912354766, 47.980340908488266 ], [ 6.475828307143546, 47.980089264782038 ] ], [ [ 6.463994477774249, 47.966680837223812 ], [ 6.456010837102637, 47.963180339028568 ], [ 6.454255880612463, 47.962161804553226 ], [ 6.452903981677001, 47.961173737640976 ] ], [ [ 6.471581541612095, 47.967673900535033 ], [ 6.470426688831632, 47.967490021304606 ], [ 6.469212072941723, 47.96739707448976 ], [ 6.465630822914346, 47.96702893594189 ], [ 6.46413556507139, 47.966766757415442 ], [ 6.463994477774249, 47.966680837223812 ] ], [ [ 6.52657296370331, 47.988094710736739 ], [ 6.526431778329056, 47.988009765657189 ], [ 6.524308273763563, 47.987455493119199 ], [ 6.523502124008573, 47.987440024863133 ], [ 6.521487596941194, 47.986566250380363 ], [ 6.519768758585754, 47.986042112707914 ], [ 6.518684561935522, 47.985900716658698 ], [ 6.517741536297108, 47.985844266402431 ], [ 6.517058977227688, 47.985689033301306 ], [ 6.516840564105359, 47.985471266166336 ] ], [ [ 6.546812499791245, 47.993762694319976 ], [ 6.545589851313041, 47.993581576820553 ], [ 6.544438464958778, 47.993442438551241 ], [ 6.543956509019725, 47.993279506879958 ], [ 6.543599795412208, 47.993022715973815 ], [ 6.542978751665582, 47.991964052140531 ], [ 6.542626337171722, 47.991751269179908 ], [ 6.541583871097593, 47.991293534245919 ], [ 6.541104948510067, 47.991175541208129 ], [ 6.540169213033045, 47.991210030719522 ], [ 6.539618987428279, 47.99104913800825 ], [ 6.539425502526758, 47.99114594670877 ], [ 6.537031001637264, 47.990556816955831 ], [ 6.533657482037602, 47.990317765108401 ], [ 6.532629791229549, 47.99003967298524 ], [ 6.532002366986784, 47.989746843715217 ], [ 6.531386618263376, 47.98958878310696 ], [ 6.531037262499456, 47.989420915957744 ], [ 6.530696579632039, 47.989342869036143 ], [ 6.530066238670147, 47.989005977454255 ], [ 6.52943884082532, 47.988713134320619 ], [ 6.528083845165797, 47.988536714118851 ], [ 6.526706884848976, 47.988090692840679 ], [ 6.52657296370331, 47.988094710736739 ] ], [ [ 6.564040152774971, 48.000300565318867 ], [ 6.563836264693657, 48.000262605103096 ], [ 6.563141633332988, 47.999972872916473 ], [ 6.562384398759695, 47.999730075049307 ], [ 6.561503692208948, 47.999627037680817 ], [ 6.558292830027486, 47.999742274067003 ], [ 6.557821233165886, 47.999715107909921 ], [ 6.557270865681541, 47.999554298630962 ], [ 6.555523152603507, 47.998672109027687 ] ], [ [ 6.54793970061187, 47.994442132742449 ], [ 6.547932339225921, 47.994352272599237 ], [ 6.546815509820715, 47.993807644648193 ], [ 6.546812499791245, 47.993762694319976 ] ], [ [ 6.555523152603507, 47.998672109027687 ], [ 6.553860169211637, 47.998011638749702 ], [ 6.553616423620989, 47.997479412807159 ], [ 6.552809077745783, 47.996608393923694 ], [ 6.55264270353631, 47.996208951479957 ], [ 6.550915938139404, 47.995596311413891 ], [ 6.550411845519598, 47.995163826692426 ], [ 6.549778237177483, 47.994781192774511 ], [ 6.549428788947052, 47.994613380800402 ], [ 6.54793970061187, 47.994442132742449 ] ], [ [ 6.502857662963461, 47.984214202948777 ], [ 6.501984612203296, 47.984200582583512 ], [ 6.501297751024565, 47.9839994469815 ], [ 6.500856819807406, 47.983519840424727 ], [ 6.500367868279393, 47.983267764518537 ], [ 6.499216824814466, 47.983128182757419 ], [ 6.497584128471197, 47.982826366057537 ], [ 6.497368774616617, 47.982653514274233 ], [ 6.497016605142189, 47.982440593465327 ], [ 6.495947086040219, 47.982478715488242 ], [ 6.495468404057765, 47.982361435053221 ], [ 6.494622969090542, 47.981850597313922 ], [ 6.4940103881661, 47.98173729228153 ], [ 6.493256694887301, 47.981538998814138 ], [ 6.49227454391669, 47.980988969789898 ], [ 6.491309843223418, 47.980662714331793 ], [ 6.4906129037101, 47.980327598362813 ], [ 6.489831538548151, 47.979769784916577 ], [ 6.488852356745837, 47.979263779846725 ], [ 6.488447869443162, 47.979233448759615 ], [ 6.487599575266311, 47.979533368800801 ], [ 6.486793556770921, 47.979517648881163 ], [ 6.486336568139142, 47.979668127309736 ], [ 6.485414108935334, 47.979881051755797 ], [ 6.484878731277513, 47.979900530633842 ], [ 6.484052234659559, 47.97961425852187 ], [ 6.483238966317161, 47.979508649293592 ], [ 6.482569688790979, 47.979532086091538 ], [ 6.481517665350943, 47.979794759383765 ], [ 6.479989840103623, 47.979983233917757 ] ], [ [ 6.516840564105359, 47.985471266166336 ], [ 6.516639810544052, 47.985479074166506 ], [ 6.515263025952582, 47.985032918071646 ], [ 6.514977725687623, 47.984818048872199 ], [ 6.514948509137818, 47.984458597875893 ], [ 6.514674838191685, 47.984378501993433 ], [ 6.514340175736978, 47.98439031028024 ], [ 6.513945859122178, 47.984493982179082 ], [ 6.513414765708734, 47.984558502295101 ], [ 6.511524456717401, 47.984400598140077 ], [ 6.511333924205746, 47.984542312520041 ], [ 6.510875682383578, 47.984693824856059 ], [ 6.510210669267535, 47.984762330375901 ], [ 6.509929708301214, 47.984592360423605 ], [ 6.508845567553936, 47.984450873553321 ], [ 6.505603442756307, 47.984161167919872 ], [ 6.504740652711988, 47.984282383011575 ], [ 6.50426484892716, 47.984209191146959 ], [ 6.503332125717547, 47.984287440419365 ], [ 6.502857662963461, 47.984214202948777 ] ], [ [ 6.451598819613592, 47.959914044909311 ], [ 6.451585771478159, 47.959734269497481 ], [ 6.451353406894857, 47.959337540252072 ], [ 6.45126197455623, 47.959024948351477 ], [ 6.450808716883333, 47.958366270282667 ], [ 6.450389970018495, 47.958155172474186 ], [ 6.449713816064663, 47.958089453463614 ], [ 6.449299398101081, 47.95792416529045 ], [ 6.449327451864852, 47.957427905015003 ], [ 6.449302959119874, 47.957113346229761 ], [ 6.448718819784419, 47.956503543006669 ], [ 6.447378615869693, 47.955650192136908 ] ], [ [ 6.452903981677001, 47.961173737640976 ], [ 6.451598819613592, 47.959914044909311 ] ], [ [ 6.427790995696174, 47.943552308716427 ], [ 6.427542724996448, 47.943603366526972 ], [ 6.427073147447298, 47.943675404119212 ] ], [ [ 6.426312529790118, 47.943792089988754 ], [ 6.426020051712678, 47.943836958864026 ], [ 6.425817650521847, 47.94383432133651 ] ], [ [ 6.425451274220821, 47.943829547018865 ], [ 6.425080777064829, 47.943824719001597 ], [ 6.424438718958657, 47.943670940801653 ] ], [ [ 6.420998736398258, 47.943132103424986 ], [ 6.420924248260398, 47.943122956510898 ] ], [ [ 6.42036962185753, 47.943054850095521 ], [ 6.418300595705111, 47.942800780051563 ], [ 6.417854967533482, 47.942786855461684 ] ] ] } },
{ "type": "Feature", "properties": { "fid": 3536, "gid": 3536, "CdEuMasseDEau": "FRDR687C", "NomMasseDEau": "La Combeauté", "Etat masse eau ": "Moyen", "Etat ecologique": "Moyen", "Etat chimique": "Bon", "_swEcologicalStatusOrPotentialValue": "3", "_swChemicalStatusValue": "2" }, "geometry": { "type": "MultiLineString", "coordinates": [ [ [ 6.468186681989264, 47.917499858273757 ], [ 6.467547379232131, 47.917026893924728 ], [ 6.467255423665021, 47.916722030571691 ], [ 6.467153877862073, 47.916275518017123 ], [ 6.466309826750826, 47.915765355096191 ], [ 6.465539815030264, 47.915342182266798 ], [ 6.465244943771268, 47.914992359038045 ], [ 6.464601424107641, 47.914474462830576 ] ], [ [ 6.489578144037163, 47.930598194638691 ], [ 6.488919793579675, 47.930472725218401 ], [ 6.488536486660588, 47.930106666966388 ], [ 6.488167242164567, 47.929669024302648 ], [ 6.488053950353047, 47.929087751980603 ], [ 6.488019033781577, 47.928638374683942 ], [ 6.487875111912499, 47.928508426576265 ], [ 6.487037916133882, 47.92808828397407 ], [ 6.486629526874111, 47.928013031730771 ], [ 6.486482654915281, 47.927838128179104 ], [ 6.485997180357085, 47.927630038494563 ], [ 6.48528943299421, 47.927160098285761 ], [ 6.483918715672644, 47.926758473283279 ], [ 6.482898361618987, 47.926568944293294 ], [ 6.482550970870224, 47.926401786022552 ], [ 6.482110687622616, 47.925922092154423 ], [ 6.48143201249453, 47.924954911531799 ], [ 6.480619717252843, 47.923993490310721 ], [ 6.479972989010926, 47.923430727194045 ], [ 6.47905893111438, 47.922878585633775 ], [ 6.47822478286694, 47.922502433741073 ], [ 6.477870141744313, 47.922244493660322 ], [ 6.477788856145008, 47.922067636970304 ], [ 6.477303468455679, 47.921859510633389 ], [ 6.476829599713895, 47.921786165346681 ] ], [ [ 6.498260297642297, 47.932777496945512 ], [ 6.498063984508794, 47.932829287831083 ], [ 6.497152618000603, 47.933177130419615 ], [ 6.496547859422623, 47.933153701911159 ], [ 6.489578144037163, 47.930598194638691 ] ], [ [ 6.470289421705534, 47.917830475051446 ], [ 6.4699377909622, 47.917617464673768 ], [ 6.469065844106236, 47.917603599385309 ], [ 6.468654621489889, 47.917483329771393 ], [ 6.468186681989264, 47.917499858273757 ] ], [ [ 6.476829599713895, 47.921786165346681 ], [ 6.476667858493541, 47.921710781709024 ], [ 6.475405599474811, 47.920711304258937 ], [ 6.474487294896363, 47.920113312549539 ], [ 6.473270871367556, 47.91997634983332 ], [ 6.472648883549494, 47.919728106059466 ], [ 6.471625821598702, 47.919494423177149 ], [ 6.47147046362462, 47.919229670465391 ], [ 6.471379040740724, 47.918917985634771 ], [ 6.470289421705534, 47.917830475051446 ] ], [ [ 6.464601424107641, 47.914474462830576 ], [ 6.463409802844525, 47.91409604344463 ] ], [ [ 6.543571328188911, 47.969969580876871 ], [ 6.542729971457203, 47.969503995822009 ], [ 6.542514584680935, 47.969332124317937 ], [ 6.541835109988579, 47.969221085510789 ], [ 6.54082548030908, 47.969167736373009 ], [ 6.537935563139358, 47.968235943763418 ], [ 6.536368641189397, 47.967931788563732 ], [ 6.534929549137521, 47.967532783345732 ], [ 6.534520788225788, 47.967457699408229 ], [ 6.533848748002693, 47.967437375846842 ], [ 6.533092052261696, 47.967193485486419 ], [ 6.532085466020748, 47.96718501266075 ], [ 6.531603786683195, 47.967022027708339 ], [ 6.531110447392815, 47.966724266765439 ], [ 6.530012021046548, 47.966404146935048 ], [ 6.52912887759214, 47.966255014510772 ], [ 6.528509138466464, 47.966052924202685 ], [ 6.527484877106588, 47.965818835465953 ], [ 6.526991631969633, 47.965521956051177 ], [ 6.526551960664144, 47.965042400145201 ], [ 6.525914555108422, 47.964614719027047 ], [ 6.525663983863345, 47.963993459904778 ], [ 6.525011961550396, 47.963386047077577 ], [ 6.524779031790913, 47.96298946403116 ], [ 6.524654960581684, 47.962273423799971 ], [ 6.524344804745355, 47.961744032231273 ], [ 6.523972115494068, 47.961262457861302 ], [ 6.523565784553537, 47.960375617185811 ], [ 6.523540909923802, 47.960061973617712 ], [ 6.52396232283728, 47.959461091696909 ], [ 6.524462294211919, 47.958992975640328 ], [ 6.525161628399238, 47.958517974186073 ], [ 6.525401267493109, 47.958148648787102 ], [ 6.52551315802248, 47.957875041407391 ], [ 6.525470586944532, 47.957335819608211 ], [ 6.525589733947034, 47.957151176614495 ], [ 6.525483291437047, 47.956659813899634 ], [ 6.525247398069326, 47.956218278207182 ], [ 6.524733642926146, 47.955651756225564 ], [ 6.524496362120275, 47.955209359869997 ], [ 6.524391272006312, 47.954717955422105 ], [ 6.524051961380156, 47.953830004152088 ], [ 6.524024038745496, 47.953470508340942 ] ], [ [ 6.547294940907016, 47.969565358227854 ], [ 6.546045694036375, 47.969880522319336 ], [ 6.545049354853558, 47.970006074125919 ], [ 6.543571328188911, 47.969969580876871 ] ], [ [ 6.595278023137732, 47.974222017069998 ], [ 6.595077262821498, 47.974229060007296 ], [ 6.593718031887541, 47.974008485664299 ], [ 6.593115813546095, 47.974030504454412 ], [ 6.592718680367442, 47.974089491374123 ], [ 6.591920147277387, 47.974164350376775 ], [ 6.591237460758006, 47.974008647684897 ], [ 6.590218921390626, 47.973865905179615 ], [ 6.588413543291585, 47.973930958664646 ], [ 6.587034999272897, 47.974296453451863 ], [ 6.586236394196727, 47.974370374851603 ], [ 6.585827508003536, 47.974295469616983 ], [ 6.584856271805091, 47.973880080591037 ], [ 6.584176711068441, 47.973770185792425 ], [ 6.583775190859196, 47.973784233422663 ], [ 6.5830644447926, 47.974125709728042 ], [ 6.581725916045564, 47.974984488369962 ], [ 6.579985867769518, 47.975858184988617 ], [ 6.578402070764799, 47.976185685761529 ], [ 6.577201945096425, 47.976274472610143 ], [ 6.576392855297787, 47.976213517702753 ], [ 6.575643305171014, 47.976060660949166 ], [ 6.574600862644613, 47.975603214159655 ], [ 6.573713130676227, 47.97541040709379 ], [ 6.571964192894101, 47.975338362448298 ], [ 6.570460779384334, 47.974987677956449 ], [ 6.569910690816366, 47.974827824319966 ] ], [ [ 6.567579170969242, 47.974511265956508 ], [ 6.567132868529822, 47.974477970388818 ], [ 6.566175215596203, 47.974242187924887 ], [ 6.565058622418709, 47.973697726327522 ], [ 6.563756001789401, 47.973339065059847 ], [ 6.562988738260681, 47.972961456196522 ], [ 6.561833454095422, 47.972778475489612 ], [ 6.560667716985683, 47.972459773254656 ], [ 6.558104467906022, 47.97142667748971 ], [ 6.555829722052409, 47.970653248646805 ], [ 6.553718326481503, 47.970234272349103 ], [ 6.552823394071048, 47.969951445795672 ], [ 6.551699603802045, 47.969316095640288 ], [ 6.551354728750109, 47.969194096162511 ], [ 6.550541426235148, 47.969088052682672 ], [ 6.549534741047368, 47.969078830232966 ], [ 6.548215633173604, 47.969351987532008 ], [ 6.547294940907016, 47.969565358227854 ] ], [ [ 6.569910690816366, 47.974827824319966 ], [ 6.569223693631384, 47.974627084295491 ], [ 6.567943260031917, 47.974538948422286 ], [ 6.567579170969242, 47.974511265956508 ] ], [ [ 6.515476786981194, 47.942879690952687 ], [ 6.51457522226982, 47.942506703480369 ], [ 6.513890191214125, 47.942305596181193 ], [ 6.513052571757571, 47.941885642517043 ], [ 6.512693315577674, 47.941582898017202 ], [ 6.511848424127768, 47.941073070271841 ], [ 6.511394508249541, 47.940413719665898 ], [ 6.510961139190448, 47.940024003506693 ], [ 6.51066285501113, 47.939629346855099 ], [ 6.51038079359777, 47.939459413228377 ], [ 6.509698793275629, 47.939303233898052 ], [ 6.508790102059891, 47.938841234663229 ], [ 6.507904503125363, 47.938646987450959 ], [ 6.507003063569966, 47.938273940923033 ], [ 6.505317821252065, 47.937299108340163 ], [ 6.50439592170139, 47.936656403542251 ], [ 6.503889797900534, 47.936178750714809 ], [ 6.503580001776949, 47.935649295885227 ], [ 6.503154006366167, 47.935349415998317 ], [ 6.50267567423341, 47.935231262419236 ], [ 6.502271514692112, 47.93520097805299 ], [ 6.501926915709666, 47.935077931994762 ], [ 6.501756811112427, 47.934633489203733 ], [ 6.501406339972984, 47.93442143438542 ], [ 6.500787018908846, 47.934218294939591 ], [ 6.500019431531754, 47.933840306096243 ], [ 6.499612317460112, 47.933765059368859 ], [ 6.499134007495853, 47.933646891258249 ], [ 6.49877488650852, 47.933344102688594 ], [ 6.498545250409502, 47.932992413605191 ], [ 6.498260297642297, 47.932777496945512 ] ], [ [ 6.524024038745496, 47.953470508340942 ], [ 6.523952795069792, 47.953427603932766 ], [ 6.523733415853906, 47.951499193045855 ], [ 6.523423391965944, 47.950970694566607 ], [ 6.523138241846491, 47.950755840618221 ], [ 6.522394635271129, 47.949836769640683 ], [ 6.522017662915896, 47.949309374429717 ], [ 6.521915593830055, 47.948862918199843 ], [ 6.520852221939582, 47.948135394306661 ], [ 6.519609692167667, 47.946829488953163 ], [ 6.518943338949455, 47.946042306824367 ], [ 6.518524478065265, 47.945832349241925 ], [ 6.518112924597748, 47.945712254865107 ], [ 6.516069225617232, 47.944433913297445 ], [ 6.515843745957104, 47.944127172855474 ], [ 6.515824826853065, 47.943902530489325 ], [ 6.515941055846892, 47.943673842283332 ], [ 6.515841970039537, 47.943271432710254 ], [ 6.515476786981194, 47.942879690952687 ] ] ] } },
{ "type": "Feature", "properties": { "fid": 432, "gid": 432, "CdEuMasseDEau": "FRCR240", "NomMasseDEau": "DURBION 1", "Etat masse eau ": "Moyen", "Etat ecologique": "Moyen", "Etat chimique": "Bon", "_swEcologicalStatusOrPotentialValue": "3", "_swChemicalStatusValue": "2" }, "geometry": { "type": "MultiLineString", "coordinates": [ [ [ 6.62472087000009, 48.191981325000086 ], [ 6.625092690000088, 48.193226443000071 ], [ 6.625408427000082, 48.193802228000038 ], [ 6.626142049000066, 48.194540819000053 ], [ 6.62653341500004, 48.195199848000073 ], [ 6.626831211000081, 48.195550995000083 ], [ 6.627295994000065, 48.196297840000057 ], [ 6.62787023900006, 48.196726058000081 ], [ 6.628522137000061, 48.197291502000041 ], [ 6.629255851000039, 48.198030071000062 ], [ 6.630332422000038, 48.198843662000058 ], [ 6.630709288000048, 48.199327479000033 ], [ 6.630809084000077, 48.199725240000078 ], [ 6.630704731000037, 48.200093251000055 ], [ 6.630360108000048, 48.20082444600007 ], [ 6.630026435000048, 48.201690413000051 ], [ 6.629835074000084, 48.202642077000064 ], [ 6.629878273000088, 48.203991860000087 ], [ 6.630212954000058, 48.204792234000081 ], [ 6.630592645000092, 48.205316497000069 ], [ 6.631736927000077, 48.206132497000056 ], [ 6.632251111000073, 48.206652617000088 ], [ 6.632780208000042, 48.207352425000067 ], [ 6.632906216000038, 48.208069139000088 ], [ 6.633286268000063, 48.208597886000064 ], [ 6.63346037000008, 48.209083430000078 ], [ 6.633762227000091, 48.209479472000055 ], [ 6.633851405000087, 48.209746949000078 ], [ 6.634175742000082, 48.210408015000041 ], [ 6.634282929000051, 48.210900122000055 ], [ 6.634122001000037, 48.211400482000045 ], [ 6.633601816000066, 48.212456845000077 ], [ 6.63339951100005, 48.213273735000087 ], [ 6.633387118000087, 48.213949669000051 ], [ 6.633334782000077, 48.214131427000041 ], [ 6.633248111000057, 48.214719572000043 ], [ 6.633091407000052, 48.215269339000088 ], [ 6.63295239200005, 48.216039242000079 ], [ 6.633104576000051, 48.216255239000077 ], [ 6.633156329000087, 48.216884160000063 ], [ 6.633061778000069, 48.217382473000043 ], [ 6.63243682600006, 48.21880234200006 ], [ 6.632477605000076, 48.219296490000033 ], [ 6.632208606000063, 48.219304765000061 ], [ 6.632029941000042, 48.219584984000051 ], [ 6.631879091000087, 48.220220137000069 ], [ 6.63194119700006, 48.221794506000037 ], [ 6.631641769000055, 48.222254080000077 ], [ 6.631663095000079, 48.223334300000033 ], [ 6.63144497400009, 48.223971518000042 ], [ 6.631384136000065, 48.224874118000059 ], [ 6.630988774000059, 48.224980851000055 ], [ 6.630734647000054, 48.22516881100006 ], [ 6.630782445000079, 48.225752814000089 ], [ 6.630942829000048, 48.22606313700004 ], [ 6.630979664000051, 48.226512368000051 ], [ 6.630878045000088, 48.226920820000032 ], [ 6.63085465000006, 48.22746197500004 ], [ 6.631078055000046, 48.227720820000059 ], [ 6.631444167000041, 48.228069854000069 ], [ 6.632107151000071, 48.228765542000083 ], [ 6.632413047000057, 48.229206497000064 ], [ 6.632209819000082, 48.230023401000039 ], [ 6.632276482000066, 48.230832003000046 ], [ 6.632425610000041, 48.231003058000056 ], [ 6.632443615000057, 48.231227686000068 ], [ 6.632118570000046, 48.231377295000073 ], [ 6.632137414000056, 48.231601896000086 ], [ 6.632215651000081, 48.231734599000049 ], [ 6.632248563000076, 48.232138913000085 ], [ 6.632139909000045, 48.232457508000039 ], [ 6.631463003000079, 48.233248441000057 ], [ 6.631525413000077, 48.234007633000033 ], [ 6.631410028000062, 48.234240865000061 ], [ 6.63103622400007, 48.234612646000073 ], [ 6.630930652000075, 48.234976180000046 ], [ 6.630754714000091, 48.235296841000043 ], [ 6.630776650000087, 48.235566383000048 ], [ 6.630739187000074, 48.235927823000047 ], [ 6.630623485000058, 48.23615656000004 ], [ 6.630593052000052, 48.236607856000042 ], [ 6.63048075200004, 48.236886027000082 ], [ 6.630185162000089, 48.237390508000033 ], [ 6.630408915000089, 48.237653847000047 ], [ 6.630378480000047, 48.238105142000052 ], [ 6.630053077000071, 48.238250251000068 ], [ 6.629992833000074, 48.238342174000081 ], [ 6.629824749000079, 48.238752663000071 ], [ 6.629853712000056, 48.239112060000082 ], [ 6.630081407000091, 48.239420315000082 ], [ 6.630244924000067, 48.239775577000046 ], [ 6.630047241000057, 48.239988817000039 ], [ 6.629539142000056, 48.240369221000037 ], [ 6.629250553000077, 48.240963554000082 ], [ 6.628950993000046, 48.241423116000078 ], [ 6.628930904000072, 48.241829055000039 ], [ 6.62900914800008, 48.241961759000048 ], [ 6.629366632000085, 48.242220991000067 ], [ 6.628918448000093, 48.242504975000088 ], [ 6.628190485000061, 48.242666946000043 ], [ 6.627865357000076, 48.242816542000071 ], [ 6.627611132000084, 48.243004493000058 ], [ 6.627178444000037, 48.243477143000064 ], [ 6.626725772000043, 48.24372072400007 ], [ 6.626393299000085, 48.243775966000051 ], [ 6.625979804000053, 48.243658055000083 ], [ 6.625647331000039, 48.243713295000077 ], [ 6.62426172000005, 48.244080070000052 ], [ 6.623454647000074, 48.244109331000061 ], [ 6.623137357000076, 48.244348744000042 ], [ 6.622763423000038, 48.24472049700006 ], [ 6.622382773000084, 48.245006886000056 ], [ 6.62232952700009, 48.245188661000043 ], [ 6.622309967000092, 48.245774723000068 ], [ 6.622715122000045, 48.24643332800008 ], [ 6.622665806000043, 48.246660018000057 ], [ 6.622418563000053, 48.246937812000056 ], [ 6.621571442000061, 48.247292542000082 ], [ 6.621306535000088, 48.247350202000064 ], [ 6.620492396000088, 48.247289587000068 ], [ 6.620350808000069, 48.247203855000073 ], [ 6.620392278000054, 48.246887336000043 ], [ 6.620243677000076, 48.246711748000052 ], [ 6.619847288000074, 48.246818469000061 ], [ 6.619440489000056, 48.246785897000052 ], [ 6.618947920000039, 48.246535278000067 ], [ 6.61825742700006, 48.246335755000082 ], [ 6.617924929000083, 48.246390973000082 ], [ 6.617794285000059, 48.246440009000082 ], [ 6.617126509000059, 48.246509996000043 ], [ 6.616550969000059, 48.246892402000071 ], [ 6.61571389900007, 48.247381887000081 ], [ 6.615512881000086, 48.247388039000043 ], [ 6.614960045000089, 48.247229319000041 ], [ 6.614224969000077, 48.247301348000072 ], [ 6.613750351000078, 48.24727533500004 ], [ 6.613526640000089, 48.247011966000059 ], [ 6.61304163200009, 48.246846659000077 ] ], [ [ 6.591110125000057, 48.220125005000057 ], [ 6.591680739000083, 48.220512970000073 ], [ 6.592190766000044, 48.220988342000055 ], [ 6.592422065000051, 48.221341590000073 ], [ 6.592768056000068, 48.221461666000039 ], [ 6.593037073000062, 48.221453480000037 ], [ 6.593182450000086, 48.221584163000045 ], [ 6.593285909000088, 48.222026867000068 ], [ 6.59445562500008, 48.223157686000043 ], [ 6.594756964000055, 48.223549329000043 ], [ 6.595111091000092, 48.223763726000072 ], [ 6.595801200000039, 48.223963388000072 ], [ 6.596088077000047, 48.224179830000082 ], [ 6.596311298000046, 48.224438742000082 ], [ 6.596669344000077, 48.224698050000086 ], [ 6.596892876000084, 48.224961455000077 ], [ 6.597179456000049, 48.225173400000081 ], [ 6.597339641000076, 48.22548376900005 ], [ 6.597697699000094, 48.225743074000043 ], [ 6.597730036000087, 48.226142905000081 ], [ 6.597539444000063, 48.226288321000077 ], [ 6.597625400000084, 48.226510880000042 ], [ 6.597657738000066, 48.226910710000077 ], [ 6.597336527000039, 48.227105141000038 ], [ 6.597340435000092, 48.227150057000081 ], [ 6.59721288500009, 48.227244013000082 ], [ 6.59688439200005, 48.227344090000088 ], [ 6.596973413000057, 48.227611591000077 ], [ 6.597434456000087, 48.228318115000043 ], [ 6.59780310900004, 48.22870769900004 ], [ 6.598447798000052, 48.229178944000068 ], [ 6.598657406000086, 48.229262628000072 ], [ 6.59899288400004, 48.229252405000068 ], [ 6.599209164000058, 48.229421452000047 ], [ 6.599690899000052, 48.229541876000042 ], [ 6.599980584000093, 48.229798755000047 ], [ 6.600327795000055, 48.229923277000069 ], [ 6.600364372000058, 48.230372517000042 ], [ 6.600573147000091, 48.230456223000033 ], [ 6.600676685000053, 48.230898917000047 ], [ 6.601056578000055, 48.231427759000042 ], [ 6.601067470000089, 48.231562533000051 ], [ 6.60088047000005, 48.231748377000088 ], [ 6.600891361000038, 48.231883151000034 ], [ 6.601100984000084, 48.231966830000033 ], [ 6.60110796500004, 48.232056688000057 ], [ 6.600913143000071, 48.232152699000039 ], [ 6.600995212000044, 48.232330338000047 ], [ 6.601416384000061, 48.232538170000055 ], [ 6.60131145400004, 48.232901652000074 ], [ 6.601355023000053, 48.233440748000078 ], [ 6.602161103000071, 48.233411663000084 ], [ 6.602505272000087, 48.233491237000067 ], [ 6.603563430000065, 48.234080445000082 ], [ 6.603790949000086, 48.23438875100004 ], [ 6.60413820000008, 48.234513262000064 ], [ 6.604290320000075, 48.234729293000044 ], [ 6.604506946000072, 48.234902824000073 ], [ 6.604977001000066, 48.234888478000073 ], [ 6.605469395000057, 48.235139158000038 ], [ 6.605883618000064, 48.235257115000081 ], [ 6.606092421000085, 48.235340811000071 ], [ 6.606379402000073, 48.235557226000083 ], [ 6.606655171000057, 48.235634373000039 ], [ 6.606733349000081, 48.23576709200006 ], [ 6.60669572200004, 48.236128525000083 ], [ 6.606923269000049, 48.236436824000073 ], [ 6.606593896000049, 48.236536953000041 ], [ 6.605929305000075, 48.236651818000041 ], [ 6.605809578000049, 48.236835614000086 ], [ 6.606040197000084, 48.237188857000042 ], [ 6.606812621000074, 48.237566088000051 ], [ 6.607277491000048, 48.238312989000072 ], [ 6.607699043000082, 48.238525292000077 ], [ 6.607870241000057, 48.238970416000086 ], [ 6.60781387500009, 48.239107244000081 ], [ 6.60796294700009, 48.239278329000058 ], [ 6.607783245000064, 48.239558533000043 ], [ 6.60806535200004, 48.239937220000058 ], [ 6.60801310800008, 48.240060411000059 ], [ 6.607997308000051, 48.240691388000073 ], [ 6.608664059000091, 48.241432118000034 ], [ 6.608909549000089, 48.241965042000061 ], [ 6.608796815000062, 48.242238698000051 ], [ 6.608602811000083, 48.242334695000068 ], [ 6.608479471000066, 48.24247807200004 ], [ 6.60877011000008, 48.242734901000063 ], [ 6.608891424000092, 48.24322658300008 ], [ 6.609126010000068, 48.243624734000043 ], [ 6.610582671000088, 48.244958300000064 ], [ 6.611518342000068, 48.245686292000073 ], [ 6.612693796000087, 48.24605116500004 ], [ 6.613256697000054, 48.246344694000072 ], [ 6.613285002000055, 48.246523969000073 ], [ 6.61304163200009, 48.246846659000077 ] ], [ [ 6.61304163200009, 48.246846659000077 ], [ 6.612638226000058, 48.246863499000085 ], [ 6.61128388700007, 48.246778807000055 ], [ 6.610066669000048, 48.246739449000081 ], [ 6.608263470000054, 48.246943152000085 ], [ 6.606466942000054, 48.24723219100008 ], [ 6.605996244000039, 48.247251062000032 ], [ 6.605652821000092, 48.247171474000083 ], [ 6.604983487000084, 48.24656591300004 ], [ 6.604499125000075, 48.246409559000085 ], [ 6.602935435000063, 48.246245593000083 ], [ 6.600915256000064, 48.24627115800007 ], [ 6.600254441000061, 48.246430906000057 ], [ 6.599727353000048, 48.246586576000077 ], [ 6.599062314000093, 48.246696908000047 ], [ 6.598451522000062, 48.246638954000048 ], [ 6.59703606100004, 48.246646031000068 ], [ 6.595826364000061, 48.24669186400007 ], [ 6.595501654000088, 48.246836851000069 ], [ 6.594822125000064, 48.246771964000061 ], [ 6.593265117000044, 48.246693233000087 ], [ 6.59291842500005, 48.246577680000087 ], [ 6.591454354000064, 48.246811342000058 ], [ 6.59074098800005, 48.247152772000049 ], [ 6.590535224000064, 48.247113991000049 ], [ 6.590450412000052, 48.246895899000037 ], [ 6.590237685000091, 48.24676726000007 ], [ 6.589965478000067, 48.246730497000051 ], [ 6.589909057000057, 48.246867316000078 ], [ 6.589651082000046, 48.247014762000049 ], [ 6.588795324000046, 48.247270437000047 ], [ 6.588668552000058, 48.247364357000038 ], [ 6.588608226000076, 48.247456258000057 ], [ 6.588290452000081, 48.247691083000063 ], [ 6.587771117000045, 48.24793653200004 ], [ 6.587410977000047, 48.248316751000061 ], [ 6.587316779000048, 48.248814991000081 ], [ 6.58707660400006, 48.249187063000079 ], [ 6.587031873000058, 48.249458627000081 ], [ 6.586851720000084, 48.249734304000071 ], [ 6.586380993000091, 48.249753097000053 ], [ 6.586258110000074, 48.249891930000047 ], [ 6.585607220000043, 48.250186396000061 ], [ 6.58561807500007, 48.250321169000081 ], [ 6.585025213891744, 48.250361062556188 ] ] ] } },
{ "type": "Feature", "properties": { "fid": 486, "gid": 486, "CdEuMasseDEau": "FRCR287", "NomMasseDEau": "MORTAGNE 1", "Etat masse eau ": "Moyen", "Etat ecologique": "Bon", "Etat chimique": "Non atteint", "_swEcologicalStatusOrPotentialValue": "2", "_swChemicalStatusValue": "3" }, "geometry": { "type": "MultiLineString", "coordinates": [ [ [ 6.748725745000058, 48.202740800000072 ], [ 6.748547783000049, 48.20382741700007 ], [ 6.748695033000047, 48.20557930700005 ], [ 6.74887050600006, 48.206069176000085 ], [ 6.748946156000045, 48.206967576000068 ], [ 6.748897419000059, 48.207194324000056 ], [ 6.748936437000054, 48.208454207000045 ], [ 6.749250102000076, 48.208980222000037 ], [ 6.74942962700004, 48.209515001000057 ], [ 6.749817767000081, 48.210128729000083 ], [ 6.75018773700009, 48.210522336000047 ], [ 6.750900798000089, 48.210990618000039 ], [ 6.751669835000087, 48.211321997000077 ], [ 6.752225903000067, 48.211525020000067 ], [ 6.753046878000077, 48.211674579000032 ], [ 6.753331133000074, 48.211845702000062 ], [ 6.753353685000093, 48.212115226000037 ], [ 6.753495075000046, 48.212196307000056 ], [ 6.756376799000066, 48.21281177700007 ], [ 6.757395154000051, 48.212905482000053 ], [ 6.757891589000053, 48.213204962000077 ], [ 6.75841837300004, 48.213859291000063 ], [ 6.758893267000076, 48.214695430000063 ], [ 6.759345912000072, 48.215266539000083 ], [ 6.759651632000043, 48.215702701000055 ], [ 6.759704893000048, 48.216331567000047 ], [ 6.759832646000064, 48.217048140000088 ], [ 6.760232257000041, 48.217796591000081 ], [ 6.760304913000084, 48.218650038000078 ], [ 6.760188969000069, 48.218878931000063 ], [ 6.760208354000042, 48.219103514000039 ], [ 6.760119044000078, 48.219646839000063 ], [ 6.760619603000066, 48.219991217000086 ], [ 6.761516618000087, 48.221039100000041 ], [ 6.761602096000047, 48.221257073000061 ], [ 6.762360048000062, 48.221453619000044 ], [ 6.762718889000041, 48.221712425000078 ], [ 6.763406972000041, 48.222676872000079 ], [ 6.763627279000048, 48.222895050000034 ], [ 6.763974510000082, 48.223014598000077 ], [ 6.764164952000044, 48.222873407000073 ], [ 6.764365858000076, 48.222867002000051 ], [ 6.764854847000038, 48.223072108000054 ], [ 6.76499339500009, 48.223112731000072 ], [ 6.765233119000072, 48.223555487000056 ], [ 6.765598927000042, 48.223899638000034 ], [ 6.766092302000061, 48.224154143000078 ], [ 6.76612186400007, 48.224509017000059 ], [ 6.765614896000045, 48.224890009000042 ], [ 6.765585624000039, 48.225341343000082 ], [ 6.765403277000075, 48.225572357000033 ], [ 6.765228509000053, 48.225897714000041 ], [ 6.765116621000061, 48.226171521000083 ], [ 6.764736557000049, 48.226453878000086 ], [ 6.764762383000061, 48.226768335000088 ], [ 6.764449568000089, 48.227048547000038 ], [ 6.764468133000094, 48.227273154000045 ], [ 6.764238246000048, 48.227735385000081 ], [ 6.764450158000045, 48.227859246000037 ], [ 6.76446956500007, 48.228083826000045 ], [ 6.764216219000048, 48.228276566000034 ], [ 6.76396660000006, 48.228509722000069 ], [ 6.763042093000081, 48.229534565000051 ], [ 6.76299339600007, 48.229761315000083 ], [ 6.762688130000072, 48.230135864000033 ], [ 6.762054340000077, 48.230606454000053 ], [ 6.76108083400004, 48.231051827000051 ], [ 6.760091647000081, 48.231313028000045 ], [ 6.758648128000061, 48.231773343000043 ], [ 6.758457639000085, 48.231914525000043 ], [ 6.75736456900006, 48.232539324000072 ], [ 6.756364369000039, 48.232670228000082 ], [ 6.755185467000047, 48.233072539000034 ], [ 6.75471495000005, 48.233092002000042 ], [ 6.754267518000063, 48.23337646300007 ], [ 6.753536027000052, 48.23349429600006 ], [ 6.753218551000089, 48.233734087000073 ], [ 6.753177888000039, 48.234050655000033 ], [ 6.753122745000042, 48.234187525000038 ], [ 6.752088751000088, 48.234720315000061 ], [ 6.751619059000063, 48.234739740000073 ], [ 6.751491766000072, 48.234833862000073 ], [ 6.751503042000081, 48.234968622000054 ], [ 6.751186069000084, 48.235203886000079 ], [ 6.750484328000084, 48.235681068000083 ], [ 6.750029937000079, 48.235880158000043 ], [ 6.749179176000041, 48.23618190600007 ], [ 6.748410136000075, 48.236661211000069 ], [ 6.74767135500008, 48.236689159000044 ], [ 6.747548087000041, 48.236828188000061 ], [ 6.747234280000043, 48.237108379000063 ], [ 6.746585288000063, 48.237403705000077 ], [ 6.745603979000066, 48.237754606000067 ], [ 6.745428729000082, 48.238075437000077 ], [ 6.745107996000058, 48.238270267000082 ], [ 6.74411540300008, 48.238486396000042 ], [ 6.743447056000093, 48.238557122000088 ], [ 6.743040244000042, 48.238524976000072 ], [ 6.742006137000089, 48.238251477000063 ], [ 6.741654506000089, 48.238082461000033 ], [ 6.74071366700008, 48.237306065000041 ], [ 6.740395889000069, 48.236735127000088 ], [ 6.740268572000048, 48.236829236000062 ], [ 6.74028787900005, 48.237053820000085 ], [ 6.740467409000075, 48.237588601000077 ], [ 6.740691395000056, 48.237847238000086 ], [ 6.740890242000091, 48.238606601000072 ], [ 6.740636665000068, 48.239605487000063 ], [ 6.740254808000088, 48.239901324000073 ], [ 6.739951616000042, 48.240118103000043 ], [ 6.739839567000047, 48.240391884000083 ], [ 6.739802848000068, 48.240753357000081 ], [ 6.739676680000059, 48.240851933000044 ], [ 6.739699174000066, 48.241121454000051 ], [ 6.739784594000071, 48.241339439000058 ], [ 6.739602398000045, 48.24157490500005 ], [ 6.739564835000067, 48.241936404000057 ], [ 6.739232492000042, 48.241991964000078 ], [ 6.739101972000071, 48.242041134000033 ], [ 6.739113218000057, 48.242175895000059 ], [ 6.738922958000046, 48.242321537000073 ], [ 6.738895658000047, 48.242637672000058 ], [ 6.738518523000039, 48.242964880000045 ], [ 6.738403273000074, 48.243193721000068 ], [ 6.736746333000042, 48.244336082000082 ], [ 6.736377545000039, 48.244757598000042 ], [ 6.736380731000054, 48.244802536000073 ], [ 6.736112459000083, 48.244811021000032 ], [ 6.735630592000064, 48.244695648000061 ], [ 6.734298059000082, 48.244886407000081 ], [ 6.733918014000039, 48.245173155000089 ], [ 6.733906902000058, 48.245849083000053 ], [ 6.733717137000042, 48.245990197000083 ], [ 6.733108753000067, 48.245968889000039 ], [ 6.732716305000054, 48.246116406000056 ] ], [ [ 6.873355945000071, 48.213801525000072 ], [ 6.87411750800004, 48.214042291000055 ], [ 6.874488101000054, 48.214431015000059 ], [ 6.87507613300005, 48.214992773000063 ], [ 6.875301013000069, 48.215255651000064 ], [ 6.87558798200007, 48.216237184000079 ], [ 6.875559656000064, 48.216688547000047 ], [ 6.875392711000075, 48.217099417000043 ], [ 6.874490441000091, 48.218349703000058 ], [ 6.874051554000062, 48.218728955000081 ], [ 6.873331788000087, 48.218977787000085 ], [ 6.871795054000074, 48.219127288000038 ], [ 6.871403523000083, 48.219279761000053 ], [ 6.870893227000067, 48.219616298000062 ], [ 6.870901506000052, 48.219706113000086 ], [ 6.870715500000074, 48.219892384000048 ], [ 6.870896293000044, 48.220426973000087 ], [ 6.870647182000084, 48.220660355000064 ], [ 6.870547430000045, 48.221069013000033 ], [ 6.870529557000054, 48.222420888000045 ], [ 6.870362555000042, 48.222831749000079 ], [ 6.87012500700007, 48.223199879000049 ], [ 6.869574708000073, 48.223853021000082 ], [ 6.868993811000053, 48.224146818000072 ], [ 6.868740536000075, 48.224335288000077 ], [ 6.868558645000064, 48.224566462000041 ], [ 6.868238449000046, 48.224761628000067 ], [ 6.867921218000049, 48.224997234000057 ], [ 6.867497936000063, 48.225556117000053 ], [ 6.866805319000093, 48.226119314000073 ], [ 6.866560629000048, 48.226402087000046 ], [ 6.865994220000061, 48.226871060000072 ], [ 6.865270499000076, 48.227079428000081 ], [ 6.865014232000078, 48.227227448000072 ], [ 6.864510916000086, 48.227649305000057 ], [ 6.86421051800005, 48.228069024000042 ], [ 6.863809966000076, 48.228892897000037 ], [ 6.863567032000049, 48.229981867000049 ], [ 6.863400281000054, 48.230397210000042 ], [ 6.863245600000084, 48.230942781000067 ], [ 6.863323233000074, 48.231841091000042 ], [ 6.863223403000063, 48.232249739000054 ], [ 6.863233779000041, 48.233150248000072 ], [ 6.863122384000064, 48.233424147000051 ], [ 6.862477380000087, 48.233765045000041 ], [ 6.861930680000057, 48.234458559000082 ], [ 6.861215103000063, 48.23475671500006 ], [ 6.860578334000081, 48.235187417000077 ], [ 6.860403791000067, 48.235508419000041 ], [ 6.86030393100009, 48.235917063000045 ], [ 6.860114869000085, 48.236062873000037 ], [ 6.859785981000073, 48.23616370700006 ], [ 6.858385268000063, 48.237119328000063 ], [ 6.857531818000041, 48.237376921000077 ], [ 6.856748913000047, 48.237677246000032 ], [ 6.855146308000087, 48.238639417000059 ], [ 6.854034453000054, 48.239040543000051 ], [ 6.853975440000056, 48.239132553000047 ], [ 6.853848320000054, 48.239226785000085 ], [ 6.853856573000087, 48.239316599000063 ], [ 6.853357507000055, 48.239787806000038 ], [ 6.853149914000085, 48.239934208000079 ], [ 6.85219330800004, 48.240672569000083 ], [ 6.851670820000038, 48.240869776000068 ], [ 6.851417732000073, 48.241062700000043 ], [ 6.851441310000041, 48.241327679000051 ], [ 6.851049555000088, 48.241480082000074 ], [ 6.850121140000056, 48.241658986000061 ], [ 6.849531692000085, 48.241862869000045 ], [ 6.848946363000039, 48.242111657000073 ], [ 6.848234731000048, 48.242454640000062 ], [ 6.847786884000072, 48.242739480000068 ], [ 6.847426397000049, 48.243251185000076 ], [ 6.847008477000088, 48.243715213000087 ], [ 6.84581243100007, 48.244709042000068 ], [ 6.845116708000091, 48.245236156000033 ], [ 6.844721628000059, 48.245343603000038 ], [ 6.843111176000093, 48.246215763000073 ], [ 6.842156643000067, 48.246881898000083 ], [ 6.840597086000059, 48.247401042000043 ], [ 6.839347433000057, 48.247765961000077 ], [ 6.838286929000049, 48.247985092000079 ], [ 6.837985879000087, 48.248400244000038 ], [ 6.837430806000043, 48.249008317000062 ], [ 6.837387365000041, 48.249279975000043 ], [ 6.837002895000069, 48.249522173000059 ], [ 6.836679354000069, 48.249987597000086 ], [ 6.836478689000046, 48.250485062000052 ], [ 6.835920305000059, 48.251048192000042 ], [ 6.83511511100005, 48.251718420000088 ], [ 6.834525494000047, 48.25192222700008 ], [ 6.834118524000076, 48.251890395000032 ], [ 6.833177726000088, 48.25192542700006 ], [ 6.832781730000079, 48.252032861000032 ], [ 6.832338995000043, 48.252367014000072 ], [ 6.832009952000078, 48.252467769000077 ], [ 6.83149992400007, 48.252804102000077 ], [ 6.83111180800006, 48.252996852000081 ], [ 6.830246300000056, 48.253128509000078 ], [ 6.829399826000042, 48.253475738000077 ], [ 6.829359606000082, 48.253792328000088 ], [ 6.828695285000038, 48.253908444000047 ], [ 6.828512275000037, 48.254139578000043 ], [ 6.827158962000056, 48.254868043000045 ], [ 6.82619670400004, 48.255444202000042 ], [ 6.825901092000038, 48.255773564000037 ], [ 6.825162737000085, 48.25581098300006 ], [ 6.824438457000042, 48.256019096000045 ], [ 6.823563107000041, 48.256817621000039 ], [ 6.822842908000041, 48.25707063200008 ], [ 6.822407103000046, 48.257490096000083 ], [ 6.822303647000069, 48.257853767000086 ], [ 6.820791811000049, 48.25831703700004 ], [ 6.820408040000075, 48.258559152000032 ], [ 6.819621162000089, 48.258823306000068 ], [ 6.819173862000071, 48.259108007000073 ], [ 6.818647296000052, 48.25926465100008 ], [ 6.818330477000075, 48.259500091000064 ], [ 6.818002529000069, 48.259605273000034 ], [ 6.817614314000082, 48.259797977000062 ], [ 6.816702366000072, 48.260012103000072 ], [ 6.815847502000054, 48.260269418000064 ], [ 6.815444059000072, 48.260286950000079 ], [ 6.815115775000038, 48.260387630000082 ], [ 6.81436915900008, 48.260335165000072 ], [ 6.813634176000051, 48.260408433000073 ], [ 6.813506932000053, 48.260502620000068 ], [ 6.813347878000059, 48.261007699000061 ], [ 6.813031025000043, 48.261243125000078 ], [ 6.812701889000039, 48.261343826000086 ], [ 6.811891408000065, 48.261329438000082 ], [ 6.811437027000068, 48.261528759000043 ], [ 6.811037340000041, 48.261586691000048 ], [ 6.810230430000047, 48.261621720000051 ], [ 6.808834533000038, 48.261860394000053 ] ], [ [ 6.732716305000054, 48.246116406000056 ], [ 6.73252283000005, 48.246217099000042 ], [ 6.732335402000047, 48.246403175000069 ], [ 6.731943788000081, 48.246550662000061 ], [ 6.731208042000048, 48.246623445000068 ], [ 6.731077503000051, 48.246672606000061 ], [ 6.730323326000075, 48.246520774000032 ], [ 6.73004731900005, 48.246443916000032 ], [ 6.729513731000054, 48.246514809000082 ], [ 6.728844362000075, 48.247216017000085 ], [ 6.728075818000093, 48.247695160000042 ], [ 6.728079870000045, 48.248550759000068 ], [ 6.72816557200008, 48.248773245000052 ], [ 6.728109507000056, 48.24891012900008 ], [ 6.728012617000047, 48.249363569000081 ], [ 6.727397020000069, 48.250063069000078 ], [ 6.727308160000064, 48.250606331000085 ], [ 6.726937157000066, 48.25084322500004 ], [ 6.726881100000071, 48.251790794000051 ], [ 6.726149292000059, 48.251908456000081 ], [ 6.725907746000075, 48.253046529000073 ], [ 6.725089883000066, 48.255202614000041 ], [ 6.725009011000054, 48.256646377000038 ], [ 6.724807130000045, 48.256652742000085 ], [ 6.72486721100006, 48.257371454000072 ], [ 6.72537879500004, 48.25784623800007 ], [ 6.725345142000037, 48.25825264000008 ], [ 6.725112686000045, 48.258530195000048 ], [ 6.724888672000077, 48.259082215000042 ], [ 6.724911098000064, 48.259351735000052 ], [ 6.725307357000077, 48.260055344000079 ], [ 6.725886270000046, 48.260528003000047 ], [ 6.725322468000059, 48.262486906000049 ], [ 6.724870592000059, 48.263537017000033 ], [ 6.72456483700006, 48.264722137000042 ], [ 6.724505547000092, 48.265624757000069 ], [ 6.724620796000068, 48.26602646300006 ], [ 6.72491129000008, 48.266283029000078 ], [ 6.725334380000049, 48.266494881000085 ], [ 6.726234342000055, 48.266772765000042 ], [ 6.726659780000091, 48.267029575000038 ], [ 6.72668623900006, 48.267344004000051 ], [ 6.726211909000085, 48.267313923000081 ], [ 6.725733877000039, 48.267243423000082 ], [ 6.725289495000084, 48.267577198000083 ], [ 6.724926327211728, 48.267673391096288 ] ], [ [ 6.720496473987521, 48.271432614683299 ], [ 6.720367875000079, 48.27146132300004 ], [ 6.719583683000053, 48.271760732000082 ], [ 6.719119677000037, 48.271865408000053 ], [ 6.718802655000047, 48.272105073000034 ], [ 6.718470100000047, 48.272160573000072 ], [ 6.717697084000065, 48.272594729000048 ], [ 6.716905677000057, 48.272804271000041 ], [ 6.716454644000066, 48.273057151000046 ], [ 6.715478052788525, 48.273358653536491 ] ], [ [ 6.714353442244094, 48.273297266498041 ], [ 6.713690175000068, 48.273067479000083 ], [ 6.71321210800005, 48.272996928000055 ], [ 6.712685089000047, 48.273153099000069 ], [ 6.712304406000044, 48.273435278000079 ], [ 6.712184426136227, 48.273619585190175 ] ], [ [ 6.709891156664774, 48.275064821218315 ], [ 6.709621667000079, 48.275073279000082 ], [ 6.709292564000066, 48.275178185000073 ], [ 6.708979167000052, 48.275458240000034 ], [ 6.708966680674823, 48.275647433085105 ] ], [ [ 6.708668082159476, 48.275835612162055 ], [ 6.708093735000091, 48.276166076000038 ], [ 6.707967056179205, 48.276277404117145 ] ], [ [ 6.808834533000038, 48.261860394000053 ], [ 6.808380136000039, 48.26205970400008 ], [ 6.80776744800005, 48.261993873000051 ], [ 6.807024255000044, 48.261977283000078 ], [ 6.806221100000073, 48.262052700000083 ], [ 6.80567947500009, 48.262025105000077 ], [ 6.804704547000085, 48.261660148000033 ], [ 6.804061189000038, 48.261239471000067 ], [ 6.803575779000084, 48.261079441000049 ], [ 6.802832601000091, 48.261062825000067 ], [ 6.801499573000058, 48.261249845000073 ], [ 6.800210696000079, 48.261160687000086 ], [ 6.79862991400006, 48.260963796000055 ], [ 6.796066068000073, 48.260158906000072 ], [ 6.79514682000007, 48.259652462000084 ], [ 6.794076693000079, 48.258970697000052 ], [ 6.793489875000091, 48.258408526000039 ], [ 6.792767643000047, 48.257850699000073 ], [ 6.79256317800008, 48.257821230000047 ], [ 6.791669095000088, 48.257768853000073 ], [ 6.791313100000082, 48.257555078000053 ], [ 6.791040698000074, 48.257518779000073 ], [ 6.790539907000039, 48.257179033000057 ], [ 6.790520379000043, 48.256954461000078 ], [ 6.79044170700007, 48.256821866000053 ], [ 6.789893161000066, 48.256708847000077 ], [ 6.788905901000078, 48.256204538000077 ], [ 6.788222784000084, 48.256095827000081 ], [ 6.787314213000059, 48.255724102000045 ], [ 6.786643121000054, 48.255759123000082 ], [ 6.785668441000041, 48.255394008000053 ], [ 6.785657074000085, 48.255259253000077 ], [ 6.785902331000045, 48.254976653000085 ], [ 6.785753156000055, 48.254801275000034 ], [ 6.785199731000091, 48.254643352000073 ], [ 6.785107619000087, 48.25451118400008 ], [ 6.784681479000085, 48.254259102000049 ], [ 6.784591461000048, 48.253991748000033 ], [ 6.784162101000049, 48.253694727000038 ], [ 6.78373565000004, 48.253438148000043 ], [ 6.781973081000047, 48.253323432000059 ], [ 6.780875905000073, 48.253106327000069 ], [ 6.780591337000089, 48.252935275000077 ], [ 6.78003878800007, 48.252777300000048 ], [ 6.779495931000042, 48.251943421000078 ], [ 6.779125452000073, 48.251549917000034 ], [ 6.778711555000086, 48.251432541000042 ], [ 6.777979868000045, 48.251550524000038 ], [ 6.77668314500005, 48.251371290000073 ], [ 6.776109886000086, 48.251123881000069 ], [ 6.775683817000072, 48.250871766000046 ], [ 6.775739760000079, 48.25073486000008 ], [ 6.775664354000071, 48.250647191000041 ], [ 6.775447942000085, 48.250473949000082 ], [ 6.774492375000079, 48.250337836000085 ], [ 6.773931753000056, 48.250090014000079 ], [ 6.77345381400005, 48.250019705000057 ], [ 6.773016952000091, 48.249628303000073 ], [ 6.772463619000064, 48.249470320000057 ], [ 6.770350573000087, 48.249190973000047 ], [ 6.769181872000047, 48.248926503000064 ], [ 6.768711218000078, 48.248946022000041 ], [ 6.767132725000067, 48.249410728000043 ], [ 6.76639377500004, 48.249438793000081 ], [ 6.76422768000009, 48.249336681000045 ], [ 6.762944170000083, 48.249305508000077 ], [ 6.760334399000044, 48.249541738000062 ], [ 6.758583308000084, 48.249561430000085 ], [ 6.757766414000059, 48.24946581100005 ], [ 6.756869465000079, 48.249228608000067 ], [ 6.756518554000081, 48.249059610000081 ], [ 6.755787429000065, 48.248546892000043 ], [ 6.755414269000084, 48.248112869000067 ], [ 6.754490737000083, 48.247561221000069 ], [ 6.753299265000066, 48.247022583000046 ], [ 6.752731217000076, 48.246680317000077 ], [ 6.751788219000048, 48.246683246000032 ], [ 6.750996495000038, 48.246893047000071 ], [ 6.750608129000057, 48.247085534000064 ], [ 6.750336128000072, 48.247053634000054 ], [ 6.748725721000085, 48.246348095000087 ], [ 6.746900906000064, 48.245649336000042 ], [ 6.746811094000066, 48.245381952000059 ], [ 6.746527839000066, 48.245215284000039 ], [ 6.745852500000069, 48.245200669000042 ], [ 6.745381871000063, 48.245220096000082 ], [ 6.744620447000045, 48.244978506000052 ], [ 6.743906983000045, 48.244510197000068 ], [ 6.743409811000049, 48.244215186000083 ], [ 6.742592389000038, 48.244110474000081 ], [ 6.740666809000061, 48.244459713000083 ], [ 6.738191416000063, 48.244686701000042 ], [ 6.737392453000041, 48.244806562000072 ], [ 6.736474516000044, 48.245114839000053 ], [ 6.735165289000065, 48.245575101000043 ], [ 6.73438877600006, 48.245964463000064 ], [ 6.73373557900004, 48.246214806000069 ], [ 6.733268960000089, 48.246279095000034 ], [ 6.732716305000054, 48.246116406000056 ] ], [ [ 6.866366577000065, 48.286453632000082 ], [ 6.866287670000077, 48.286321091000048 ], [ 6.865986926000062, 48.285970599000052 ], [ 6.865916301000084, 48.285927868000051 ], [ 6.86591216100004, 48.285882963000063 ], [ 6.864907194000068, 48.285339300000032 ], [ 6.863852197000085, 48.284837802000077 ], [ 6.86239426800006, 48.284362971000064 ], [ 6.858829489000072, 48.282925483000042 ], [ 6.858405731000062, 48.282714112000072 ], [ 6.858234834000086, 48.282453949000057 ], [ 6.858208424000054, 48.282139526000037 ], [ 6.857994902000087, 48.282011373000046 ], [ 6.857512100000065, 48.281892007000067 ], [ 6.856267824000042, 48.281545254000036 ], [ 6.855587529000047, 48.281481868000071 ], [ 6.851710464000064, 48.280324605000033 ], [ 6.851074428000061, 48.279989507000039 ], [ 6.850161824000054, 48.278951774000063 ], [ 6.84971622900008, 48.278475344000071 ], [ 6.849143091000087, 48.278088644000043 ], [ 6.848309605000054, 48.277809507000086 ], [ 6.847901586000091, 48.277777750000041 ], [ 6.846837232000041, 48.277952019000047 ], [ 6.846434505000048, 48.27796962900004 ], [ 6.845817462000071, 48.277859090000049 ], [ 6.845040117000053, 48.277447486000085 ], [ 6.843289139000092, 48.276072145000057 ], [ 6.843202907000091, 48.275849746000063 ], [ 6.841986857000052, 48.275042519000067 ], [ 6.841445407000037, 48.275019582000077 ], [ 6.841227837000076, 48.274846491000062 ], [ 6.840374370000063, 48.274338243000045 ], [ 6.839750830000071, 48.274137803000087 ], [ 6.839133846000038, 48.27402722800008 ], [ 6.838395245000072, 48.274064729000088 ], [ 6.838062803000071, 48.274120566000079 ], [ 6.836678944000084, 48.274215040000058 ], [ 6.835208325000053, 48.273870917000067 ], [ 6.83484877300009, 48.273612342000042 ], [ 6.834457210000039, 48.273134106000043 ], [ 6.834178081000061, 48.27224235400007 ], [ 6.833953163000047, 48.271979409000039 ], [ 6.833459340000047, 48.27172968900004 ], [ 6.832836512000085, 48.271538199000076 ], [ 6.832025868000073, 48.271523949000077 ], [ 6.831024787000047, 48.271650988000033 ], [ 6.83041606900008, 48.271630182000081 ], [ 6.829241808000063, 48.271312415000068 ], [ 6.82801290000009, 48.271136032000072 ], [ 6.827243164000038, 48.270814151000081 ], [ 6.826480996000043, 48.270573093000053 ], [ 6.825662159000046, 48.270468985000043 ], [ 6.824736352000059, 48.270053052000037 ], [ 6.823977469000056, 48.26985691200008 ], [ 6.821247091000089, 48.269476808000043 ], [ 6.820065574000068, 48.269069108000053 ], [ 6.819912472000056, 48.268853360000037 ], [ 6.819766403000074, 48.268722961000037 ], [ 6.818786830000079, 48.268308721000039 ], [ 6.818218453000043, 48.267971270000032 ], [ 6.817816471000072, 48.267218575000072 ], [ 6.817290504000084, 48.266744629000073 ], [ 6.816939609000087, 48.266580307000083 ], [ 6.815931885000055, 48.266626362000068 ], [ 6.814043447000074, 48.265840573000048 ], [ 6.812985556000058, 48.265298199000085 ], [ 6.812472787000047, 48.264819303000081 ], [ 6.811414846000048, 48.263646357000077 ], [ 6.810310971000092, 48.262560460000088 ], [ 6.809806568000056, 48.262184875000059 ], [ 6.808834533000038, 48.261860394000053 ] ] ] } },
{ "type": "Feature", "properties": { "fid": 491, "gid": 491, "CdEuMasseDEau": "FRCR292", "NomMasseDEau": "TAINTROUE", "Etat masse eau ": "Bon", "Etat ecologique": "Bon", "Etat chimique": "Bon", "_swEcologicalStatusOrPotentialValue": "2", "_swChemicalStatusValue": "2" }, "geometry": { "type": "MultiLineString", "coordinates": [ [ [ 6.882568655000057, 48.204255913000047 ], [ 6.882995189000042, 48.204512144000034 ], [ 6.88336163200006, 48.204855935000069 ], [ 6.883602266000082, 48.205298456000037 ], [ 6.883671909000043, 48.206106955000052 ], [ 6.883580583000082, 48.206605442000068 ], [ 6.883567247000087, 48.207236494000085 ], [ 6.883729060000064, 48.207546477000051 ], [ 6.883810826000058, 48.208485202000077 ], [ 6.883707380000089, 48.208853460000057 ], [ 6.883862065000073, 48.211411359000067 ], [ 6.883935870000073, 48.212264761000085 ], [ 6.884101011000041, 48.212619677000077 ], [ 6.884543050000048, 48.213051064000069 ], [ 6.885253185000067, 48.213473626000052 ], [ 6.886501193000072, 48.213878478000083 ], [ 6.889048058000071, 48.214497284000061 ], [ 6.890868541000088, 48.215284120000042 ], [ 6.89123128500006, 48.215587471000049 ], [ 6.891235442000038, 48.215632377000077 ], [ 6.891523151000058, 48.215843608000057 ], [ 6.892151196000043, 48.216088662000061 ], [ 6.893031557000086, 48.216145218000072 ], [ 6.894481793000068, 48.215773070000068 ], [ 6.895489141000041, 48.215735330000086 ], [ 6.896101401000067, 48.215800709000064 ], [ 6.896389462000059, 48.216016421000063 ], [ 6.897108055000047, 48.216528724000057 ], [ 6.897546072000068, 48.216915155000038 ], [ 6.897861600000056, 48.217445265000038 ], [ 6.898065953000071, 48.218249308000047 ], [ 6.89836951400008, 48.218640175000083 ], [ 6.899095648000071, 48.219242306000069 ], [ 6.899900690000038, 48.219976958000082 ], [ 6.90019711900004, 48.220282473000047 ], [ 6.900437632000092, 48.220720462000088 ], [ 6.900934951000068, 48.221019339000073 ], [ 6.90181145400004, 48.221796661000042 ], [ 6.90230845800005, 48.222091038000087 ], [ 6.902959948000046, 48.222605526000052 ], [ 6.903219982000053, 48.223272588000043 ], [ 6.903606684000067, 48.22384087000006 ], [ 6.903555269000037, 48.22402274500007 ], [ 6.90363357800004, 48.224921033000051 ], [ 6.903810554000074, 48.225410664000037 ], [ 6.903904702000091, 48.226488603000064 ], [ 6.903445027000089, 48.227404675000059 ], [ 6.903361346000054, 48.227993009000045 ], [ 6.90299400400005, 48.228415049000034 ], [ 6.903021495000075, 48.228729447000042 ], [ 6.903100408000057, 48.228861969000043 ], [ 6.903458816000068, 48.229115880000052 ], [ 6.903407395000045, 48.229297755000061 ], [ 6.903430721000063, 48.229567246000045 ], [ 6.904216819000055, 48.230077278000067 ], [ 6.904315740000072, 48.230434357000043 ], [ 6.904260152000063, 48.230571326000081 ], [ 6.903931382000053, 48.230672282000057 ], [ 6.903816877000054, 48.230901286000062 ], [ 6.903259419000051, 48.231464741000082 ], [ 6.902955140000074, 48.231839651000087 ], [ 6.902732767000089, 48.232387523000057 ], [ 6.902337568000064, 48.232490670000061 ], [ 6.901839001000042, 48.232962084000064 ], [ 6.901546029000087, 48.233467242000081 ], [ 6.90053387100005, 48.234230380000042 ], [ 6.90041517700007, 48.234414474000062 ], [ 6.900316470000064, 48.234823125000048 ], [ 6.900193608000052, 48.23496231300004 ], [ 6.899362865000057, 48.235489726000083 ], [ 6.89854043400004, 48.236106946000064 ], [ 6.898153018000073, 48.236304411000049 ], [ 6.897402342000078, 48.236194056000045 ], [ 6.896864589000074, 48.236216305000085 ], [ 6.896275383000045, 48.236420423000077 ], [ 6.895638880000092, 48.236851313000045 ], [ 6.895650525000065, 48.23698605900006 ], [ 6.895883593000065, 48.237334212000064 ], [ 6.895914367000046, 48.237693543000034 ], [ 6.895807295000054, 48.238012377000082 ], [ 6.895245515000056, 48.238530885000046 ], [ 6.895115149000048, 48.238580228000046 ], [ 6.894815657000038, 48.238234264000077 ], [ 6.893954048000069, 48.238402308000047 ], [ 6.893340780000074, 48.239102676000073 ], [ 6.893308434000062, 48.239509130000044 ], [ 6.893957106000073, 48.239938177000056 ], [ 6.893676386000038, 48.240177151000069 ], [ 6.893452376000084, 48.240544880000073 ], [ 6.89317873300007, 48.24127909300006 ], [ 6.89294126100009, 48.241647264000051 ], [ 6.892841641000075, 48.242055934000064 ], [ 6.892837567000072, 48.242776756000069 ], [ 6.892995384000073, 48.243041812000058 ], [ 6.893283250000081, 48.243253034000077 ], [ 6.894061132000047, 48.243673318000049 ], [ 6.894680865000055, 48.243824049000068 ], [ 6.89491492500008, 48.24403704100007 ], [ 6.895081081000058, 48.244391906000033 ], [ 6.895179125000084, 48.244749017000061 ], [ 6.894697357000041, 48.24540451200005 ], [ 6.89458643200004, 48.245682931000033 ], [ 6.894743934000076, 48.245943492000038 ], [ 6.895170200000052, 48.246190685000045 ], [ 6.896386398000061, 48.246997382000082 ], [ 6.896690445000047, 48.247392739000077 ], [ 6.896806125000069, 48.247794309000085 ], [ 6.896623434000048, 48.248025550000079 ], [ 6.89658029800006, 48.248297230000048 ], [ 6.896741474000066, 48.24860721400006 ], [ 6.896831354000085, 48.249640235000072 ], [ 6.896921601000088, 48.249903011000072 ], [ 6.896269128000085, 48.250154251000083 ], [ 6.895111872000086, 48.25079598700006 ], [ 6.894708196000067, 48.250809296000057 ], [ 6.894353004000038, 48.250600296000073 ], [ 6.894222608000064, 48.250649637000038 ], [ 6.894201905000045, 48.251190832000077 ], [ 6.894092445000069, 48.251329568000081 ], [ 6.893592650000073, 48.251593777000039 ], [ 6.893448263000039, 48.251670604000083 ], [ 6.893333489000042, 48.251908608000072 ], [ 6.893364432000055, 48.252258921000077 ], [ 6.893308704000049, 48.25231480900004 ], [ 6.893055469000046, 48.252584401000043 ], [ 6.89375381900004, 48.253637906000051 ], [ 6.893804556000077, 48.254221788000052 ], [ 6.893491755000071, 48.254506857000081 ], [ 6.892115720000049, 48.254962084000056 ], [ 6.891230553000071, 48.254860617000077 ], [ 6.89070092500009, 48.254972649000081 ], [ 6.890081591000069, 48.255456981000073 ], [ 6.889504618000046, 48.255795778000049 ], [ 6.889435687000059, 48.256563768000042 ], [ 6.889130832000092, 48.25693414300008 ], [ 6.888976340000056, 48.25747973700004 ], [ 6.888533074000065, 48.257814127000081 ], [ 6.888370258000066, 48.258269909000042 ], [ 6.888413466000088, 48.258763952000038 ], [ 6.888319763000084, 48.259082332000048 ], [ 6.888006572000052, 48.25936289200007 ], [ 6.887765158000093, 48.259690636000073 ], [ 6.887725283000066, 48.260007244000064 ], [ 6.887218521000079, 48.260384255000083 ], [ 6.886988725000037, 48.26084674100008 ], [ 6.887016137000046, 48.261161135000073 ], [ 6.887103040000056, 48.261378983000043 ], [ 6.886976256000082, 48.261477742000068 ], [ 6.88686161000004, 48.261706724000078 ], [ 6.886529298000085, 48.261762697000052 ], [ 6.886086644000045, 48.262106063000033 ], [ 6.885789204000048, 48.262566266000078 ], [ 6.885822599000051, 48.26279037900008 ], [ 6.886398823000093, 48.263217345000051 ], [ 6.886426233000066, 48.263531739000086 ], [ 6.886177319000069, 48.263769640000078 ], [ 6.885998682000093, 48.264045767000077 ], [ 6.886369715000058, 48.264434440000059 ], [ 6.886400440000045, 48.264793766000082 ], [ 6.886491834000083, 48.265061012000047 ], [ 6.886850076000087, 48.265310473000056 ], [ 6.886936985000091, 48.265528321000033 ], [ 6.88700859000005, 48.266201596000087 ], [ 6.887372504000041, 48.266504920000045 ], [ 6.887395764000075, 48.266774407000071 ], [ 6.887746880000066, 48.266938520000053 ], [ 6.887785932000043, 48.267387656000039 ], [ 6.888287777000073, 48.267731481000055 ], [ 6.88911001200006, 48.267880089000073 ], [ 6.889861632000077, 48.267985973000073 ], [ 6.890007541000045, 48.26811179200007 ], [ 6.889959354000041, 48.268338588000063 ], [ 6.889982628000041, 48.268608075000088 ], [ 6.89027927300009, 48.268913604000034 ], [ 6.890840641000068, 48.269160871000047 ], [ 6.894023727000047, 48.269929848000061 ], [ 6.89469975500009, 48.26994810900004 ], [ 6.894913317000089, 48.270076197000037 ], [ 6.894939940000086, 48.270390615000053 ], [ 6.897126806000074, 48.270710388000055 ], [ 6.897648245000084, 48.270508519000089 ], [ 6.898012250000079, 48.270811809000072 ], [ 6.898481544000049, 48.270782817000047 ], [ 6.898877879000054, 48.270679658000063 ], [ 6.898838063000085, 48.270996267000051 ], [ 6.899474293000083, 48.271331110000062 ], [ 6.899888614000076, 48.271448061000058 ], [ 6.900268471000061, 48.271930990000051 ], [ 6.900224494000042, 48.272202695000033 ], [ 6.900683954000044, 48.272678492000068 ], [ 6.90066747700007, 48.27326458400006 ], [ 6.901117991000092, 48.27379022100007 ], [ 6.901410227000042, 48.274046324000039 ], [ 6.901706969000088, 48.274351824000064 ], [ 6.901746145000061, 48.274800952000078 ], [ 6.903213516000051, 48.276004675000081 ], [ 6.904438030000051, 48.27690110900005 ], [ 6.904987538000057, 48.277009073000045 ], [ 6.905485080000062, 48.27730342600006 ], [ 6.906453820000081, 48.277582204000055 ], [ 6.906678790000058, 48.277840518000062 ], [ 6.907101862000047, 48.278051745000077 ], [ 6.90719671700009, 48.278363905000049 ], [ 6.907338520000053, 48.278444797000077 ], [ 6.908604099000058, 48.279029041000058 ], [ 6.909190813000066, 48.279410515000052 ], [ 6.910016625000083, 48.27960390800007 ], [ 6.910696293000058, 48.279657995000044 ], [ 6.910957199000052, 48.279559278000079 ], [ 6.911167168000077, 48.279637911000073 ], [ 6.91187874700006, 48.280064786000082 ], [ 6.91272848300008, 48.280523119000073 ], [ 6.913981629000091, 48.280972593000058 ], [ 6.914199129000053, 48.281141056000081 ], [ 6.914289851000092, 48.28140830500007 ], [ 6.914431565000086, 48.282259417000034 ], [ 6.914535754000042, 48.282526220000079 ], [ 6.915195633000053, 48.283130454000059 ], [ 6.91542518600005, 48.283438147000084 ], [ 6.915507949000073, 48.283507473000043 ], [ 6.915591047000078, 48.283581293000047 ], [ 6.915674653000053, 48.283650591000082 ], [ 6.915757417000066, 48.283719917000042 ], [ 6.915841865000061, 48.283789187000082 ], [ 6.915924964000055, 48.283863007000043 ], [ 6.916007729000057, 48.283932332000063 ], [ 6.91609133500009, 48.284001630000034 ], [ 6.916174435000073, 48.284075449000056 ], [ 6.916258042000038, 48.284144747000077 ], [ 6.916340808000086, 48.284214073000051 ], [ 6.916423574000078, 48.28428339900006 ], [ 6.916508358000044, 48.284357162000049 ], [ 6.916589441000042, 48.284426543000052 ], [ 6.916687021000087, 48.284490873000038 ], [ 6.916782584000089, 48.284550766000052 ], [ 6.91688184700007, 48.284615041000052 ], [ 6.916977745000054, 48.284679427000071 ], [ 6.91707499100005, 48.284739264000052 ], [ 6.91717088900009, 48.284803649000082 ], [ 6.917234487000087, 48.284842080000033 ], [ 6.917237669000087, 48.284873504000082 ], [ 6.917245195000078, 48.284963339000058 ], [ 6.917252722000057, 48.285053175000087 ], [ 6.917261090000068, 48.285142982000082 ], [ 6.917268616000058, 48.285232817000072 ], [ 6.917276985000058, 48.285322624000059 ], [ 6.917284511000048, 48.285412459000042 ], [ 6.917292038000085, 48.285502295000072 ], [ 6.917297225000084, 48.285560678000081 ], [ 6.917318586000079, 48.285586995000081 ], [ 6.917385193000087, 48.285665864000073 ], [ 6.91745011800009, 48.285744789000034 ], [ 6.917514201000074, 48.285823741000058 ], [ 6.917580809000071, 48.285902610000051 ], [ 6.917646575000049, 48.285981507000088 ], [ 6.917710659000079, 48.286060459000055 ], [ 6.917777268000066, 48.286139328000047 ], [ 6.917840510000076, 48.286218308000059 ], [ 6.917901228000062, 48.286297372000043 ], [ 6.917961105000074, 48.286376463000067 ], [ 6.918022158000042, 48.28646002000005 ], [ 6.918082035000055, 48.286539112000071 ], [ 6.918143088000079, 48.286622668000064 ], [ 6.918202966000081, 48.286701760000085 ], [ 6.918262843000093, 48.28678085100006 ], [ 6.918299342000068, 48.28682918800007 ], [ 6.918313798000042, 48.286864743000081 ], [ 6.918351289000043, 48.286949081000046 ], [ 6.918389955000066, 48.287037883000039 ], [ 6.918427446000067, 48.287122221000061 ], [ 6.918465271000059, 48.287211052000032 ], [ 6.91850360300009, 48.287295362000073 ], [ 6.918541428000083, 48.287384192000047 ], [ 6.918551516000093, 48.28740637900006 ], [ 6.918557039000064, 48.287469255000083 ], [ 6.918565409000053, 48.287559062000071 ], [ 6.918572939000057, 48.287648897000047 ], [ 6.918580468000073, 48.287738732000037 ], [ 6.918588839000051, 48.287828539000088 ], [ 6.918596368000067, 48.287918374000071 ], [ 6.918604739000045, 48.288008181000073 ], [ 6.918612268000061, 48.288098016000049 ], [ 6.918619798000066, 48.288187851000032 ], [ 6.918628168000055, 48.288277658000077 ], [ 6.91863569800006, 48.288367493000067 ], [ 6.918644069000038, 48.288457300000061 ], [ 6.918651598000054, 48.288547134000055 ], [ 6.91865327000005, 48.288569600000073 ], [ 6.918640613000093, 48.288637583000082 ], [ 6.918621719000043, 48.288723789000073 ], [ 6.918602318000069, 48.288814517000048 ], [ 6.918583423000086, 48.28890072300004 ], [ 6.918566547000069, 48.288991367000051 ], [ 6.918547145000048, 48.289082095000083 ], [ 6.918528251000055, 48.289168301000082 ], [ 6.918508849000091, 48.28925902800006 ], [ 6.91849028900009, 48.289349728000047 ], [ 6.918471729000089, 48.289440427000045 ], [ 6.918451993000076, 48.289526662000071 ], [ 6.918435116000069, 48.289617305000043 ], [ 6.918415379000066, 48.289703540000062 ], [ 6.918397661000085, 48.289794211000071 ], [ 6.918379100000038, 48.289884911000058 ], [ 6.918353472000092, 48.289971340000079 ], [ 6.918328686000052, 48.290057742000045 ], [ 6.918304234000061, 48.290148637000073 ], [ 6.918277765000084, 48.290235094000082 ], [ 6.918254154000067, 48.290325961000072 ], [ 6.918229368000084, 48.290412362000041 ], [ 6.918203232000053, 48.290503313000045 ], [ 6.918180129000064, 48.290589658000052 ], [ 6.918171194000081, 48.290616980000038 ], [ 6.918167459000074, 48.290680163000047 ], [ 6.918158997000091, 48.290770527000063 ], [ 6.918151884000054, 48.290856343000087 ], [ 6.918144264000091, 48.290946680000047 ], [ 6.918139007000093, 48.291023426000038 ], [ 6.918145060000086, 48.291036738000059 ], [ 6.91817952100007, 48.29112568000005 ], [ 6.918213647000073, 48.291210129000042 ], [ 6.918248950000077, 48.291299043000038 ], [ 6.918281728000068, 48.291388041000062 ], [ 6.918315014000086, 48.291472518000042 ], [ 6.91835031700009, 48.291561432000037 ], [ 6.918384444000083, 48.291645881000079 ], [ 6.91840041200004, 48.291690394000057 ], [ 6.918448201000047, 48.29172034000004 ], [ 6.918543272000079, 48.291784752000069 ], [ 6.918638343000055, 48.291849164000041 ], [ 6.918732573000057, 48.291913604000058 ], [ 6.918827644000089, 48.291978016000087 ], [ 6.918902355000057, 48.292029590000077 ], [ 6.918927431000043, 48.292037767000068 ], [ 6.919043889000079, 48.292083453000032 ], [ 6.919162031000042, 48.292129084000067 ], [ 6.919278997000049, 48.292170248000048 ], [ 6.919395456000075, 48.292215934000069 ], [ 6.919513264000045, 48.292257071000051 ], [ 6.919632248000084, 48.292302673000052 ], [ 6.919748708000043, 48.292348358000083 ], [ 6.91986651600007, 48.292389494000084 ], [ 6.919983818000048, 48.292435152000053 ], [ 6.920099944000072, 48.292476344000079 ], [ 6.920218929000043, 48.292521945000033 ], [ 6.920337073000042, 48.292567574000088 ], [ 6.920453199000065, 48.292608765000068 ], [ 6.920571343000063, 48.292654394000067 ], [ 6.920687804000067, 48.292700078000053 ], [ 6.920804773000043, 48.292741242000034 ], [ 6.920923759000061, 48.292786842000055 ], [ 6.921041063000075, 48.292832498000053 ], [ 6.921079099000053, 48.292844750000086 ], [ 6.921140519000062, 48.292887755000038 ], [ 6.92123003800009, 48.292956853000078 ], [ 6.921321241000044, 48.293025896000081 ], [ 6.921367684000074, 48.293060389000061 ], [ 6.921364805000053, 48.293101023000077 ], [ 6.921358873000088, 48.293191304000061 ], [ 6.92135462400006, 48.293281529000069 ], [ 6.921349534000058, 48.293371782000072 ], [ 6.921343603000082, 48.29346206300005 ], [ 6.921339709000051, 48.293511739000053 ], [ 6.921319661000041, 48.293548437000076 ], [ 6.921273502000076, 48.293631044000051 ], [ 6.921227677000047, 48.293718144000081 ], [ 6.921180676000063, 48.293800778000048 ], [ 6.921165344000087, 48.293832816000076 ], [ 6.921181477000061, 48.29389083600006 ], [ 6.92120635200007, 48.293975591000049 ], [ 6.921229879000066, 48.294064895000083 ], [ 6.921254247000093, 48.294154171000059 ], [ 6.921263657000054, 48.294189893000073 ], [ 6.921268515000065, 48.294243782000081 ], [ 6.921276891000048, 48.294333588000086 ], [ 6.921284426000057, 48.294423423000069 ], [ 6.921291291000045, 48.294504271000051 ], [ 6.921282702000042, 48.294513564000056 ], [ 6.921209781000073, 48.294588050000073 ], [ 6.92113854300004, 48.294662480000056 ], [ 6.921064779000062, 48.294736993000072 ], [ 6.920992192000085, 48.294815972000038 ], [ 6.92091842800005, 48.294890485000053 ], [ 6.920847189000085, 48.294964915000037 ], [ 6.920796160000066, 48.295016153000063 ], [ 6.920787226000073, 48.295043475000057 ], [ 6.920757391000052, 48.295130044000082 ], [ 6.92072789100007, 48.295221106000042 ], [ 6.920698898000069, 48.295307648000062 ], [ 6.920689122000056, 48.295334997000047 ], [ 6.920747512000048, 48.295382607000079 ], [ 6.920834510000077, 48.295451790000072 ], [ 6.920921508000049, 48.295520972000077 ], [ 6.921008172000086, 48.295585661000082 ], [ 6.921095170000058, 48.295654843000079 ], [ 6.921124113000076, 48.295680909000055 ], [ 6.92109782700004, 48.295735831000059 ], [ 6.921060417000092, 48.295822652000084 ], [ 6.921021324000037, 48.295909528000038 ], [ 6.920981389000076, 48.295996432000038 ], [ 6.920945662000065, 48.296083197000087 ], [ 6.920905726000058, 48.296170101000087 ], [ 6.920898313000066, 48.296183859000053 ], [ 6.920962425000084, 48.296240288000043 ], [ 6.921043025000074, 48.296314186000082 ], [ 6.921123626000053, 48.296388085000046 ], [ 6.921203385000069, 48.296462011000081 ], [ 6.92128028500008, 48.29653152800006 ], [ 6.921377893000056, 48.296595854000088 ], [ 6.921470451000062, 48.296660348000046 ], [ 6.921564186000069, 48.296729306000088 ], [ 6.921658428000057, 48.29679374400007 ], [ 6.921710766000047, 48.296828041000083 ], [ 6.921725228000071, 48.296863595000048 ], [ 6.921755490000066, 48.296952676000046 ], [ 6.921787436000045, 48.297041700000079 ], [ 6.921818205000079, 48.297126260000077 ], [ 6.921848468000064, 48.297215340000037 ], [ 6.92187873000006, 48.297304420000046 ], [ 6.921911518000059, 48.29739341700008 ], [ 6.921941446000062, 48.297478004000077 ], [ 6.921973393000087, 48.29756702800006 ], [ 6.921979782000051, 48.297584833000087 ], [ 6.921980929000085, 48.297656862000053 ], [ 6.92198004800008, 48.297746976000042 ], [ 6.921979168000064, 48.297837089000041 ], [ 6.921980812000072, 48.297927118000082 ], [ 6.921980773000087, 48.298017204000082 ], [ 6.921982417000038, 48.298107233000053 ], [ 6.921983220000072, 48.298197290000083 ], [ 6.921982339000067, 48.298287404000064 ], [ 6.921983142000045, 48.298377461000086 ], [ 6.921982797000055, 48.298395489000086 ], [ 6.921963408000067, 48.298463695000073 ], [ 6.921938117000082, 48.298554618000082 ], [ 6.921914174000051, 48.29864099200006 ], [ 6.921887706000064, 48.298727450000058 ], [ 6.921879948000083, 48.29875923600008 ], [ 6.921819830000061, 48.298801768000033 ], [ 6.921730241000091, 48.29886779800006 ], [ 6.92168965500008, 48.298900674000038 ], [ 6.921671117000074, 48.298946330000042 ], [ 6.921635389000073, 48.299033095000077 ], [ 6.921599154000091, 48.29912438100007 ], [ 6.921578425000064, 48.299174614000037 ], [ 6.921588679000081, 48.299210308000056 ], [ 6.921613557000057, 48.299295062000056 ], [ 6.921636244000069, 48.299384394000072 ], [ 6.921661457000084, 48.299473641000077 ], [ 6.921677593000084, 48.29953166100006 ], [ 6.921698120000087, 48.299558005000051 ], [ 6.92175835200004, 48.299641587000053 ], [ 6.921817408000038, 48.299720704000038 ], [ 6.921876799000074, 48.299804314000085 ], [ 6.921935856000061, 48.299883431000069 ], [ 6.921995754000079, 48.299962520000072 ], [ 6.922006658000043, 48.300052242000049 ], [ 6.922014194000042, 48.300142076000043 ], [ 6.92201871900005, 48.300191472000051 ], [ 6.921978639000088, 48.300219826000045 ], [ 6.921890224000038, 48.30029032200008 ], [ 6.921800632000043, 48.300356352000051 ], [ 6.921712724000088, 48.300422326000046 ], [ 6.921622290000073, 48.300488384000062 ], [ 6.92153303200007, 48.300558907000038 ], [ 6.921442598000056, 48.300624964000072 ], [ 6.921352163000051, 48.30069102200008 ], [ 6.921321850000084, 48.300714548000087 ], [ 6.921327042000087, 48.300772930000051 ], [ 6.921333574000073, 48.300849285000083 ] ] ] } },
{ "type": "Feature", "properties": { "fid": 506, "gid": 506, "CdEuMasseDEau": "FRCR309", "NomMasseDEau": "ARENTELE", "Etat masse eau ": "Moyen", "Etat ecologique": "Bon", "Etat chimique": "Non atteint", "_swEcologicalStatusOrPotentialValue": "2", "_swChemicalStatusValue": "3" }, "geometry": { "type": "MultiLineString", "coordinates": [ [ [ 6.660026373000051, 48.211847762000048 ], [ 6.659959134000076, 48.211849847000053 ], [ 6.658563368000046, 48.212892943000043 ], [ 6.65832043000006, 48.213215733000077 ], [ 6.658386633000077, 48.214024356000039 ], [ 6.658774588000085, 48.214638355000034 ], [ 6.659102697000037, 48.21534878600005 ], [ 6.659194946000071, 48.216471862000049 ], [ 6.659023200000092, 48.216837484000052 ], [ 6.658432255000093, 48.21785112200007 ], [ 6.65789407300008, 48.218678468000064 ], [ 6.657058052000082, 48.219159242000046 ], [ 6.655688288000079, 48.21970607600008 ], [ 6.654870327000083, 48.220411459000047 ], [ 6.654501053000047, 48.220832727000072 ], [ 6.653858500000069, 48.221212909000087 ], [ 6.653511258000037, 48.221903714000064 ], [ 6.653069603000063, 48.222277675000043 ], [ 6.65325215300004, 48.22285750900005 ], [ 6.653322244000037, 48.223711045000073 ], [ 6.653004902000077, 48.223946047000076 ], [ 6.653015924000044, 48.224080817000072 ], [ 6.653165411000089, 48.224256341000057 ], [ 6.653115967000076, 48.225293721000071 ], [ 6.653138013000046, 48.225563261000048 ], [ 6.65296619500009, 48.225928872000047 ], [ 6.652521701000069, 48.226262383000062 ], [ 6.652091864000056, 48.226771083000081 ], [ 6.651800802000082, 48.227325030000088 ], [ 6.651606090000087, 48.227421125000042 ], [ 6.651423236000085, 48.227651963000085 ], [ 6.651243494000084, 48.227927742000077 ], [ 6.650634194000077, 48.228716708000043 ], [ 6.65065706900009, 48.228986221000071 ], [ 6.650760495000043, 48.229433392000033 ], [ 6.650610683000082, 48.230068538000069 ], [ 6.650718905000076, 48.230560597000078 ], [ 6.651080060000083, 48.230860186000086 ], [ 6.651173315000051, 48.231172560000061 ], [ 6.65104980600006, 48.231311488000081 ], [ 6.650938466000071, 48.231589654000061 ], [ 6.651119562000076, 48.232975690000046 ], [ 6.651466915000071, 48.233100061000073 ], [ 6.651679425000054, 48.233224098000051 ], [ 6.651705420000042, 48.233538551000038 ], [ 6.652062959000091, 48.233797716000083 ], [ 6.652200314000083, 48.234649165000064 ], [ 6.652286514000082, 48.234871683000051 ], [ 6.652174021000064, 48.235145381000052 ], [ 6.652132751000067, 48.235461914000041 ], [ 6.651822400000071, 48.235786766000047 ], [ 6.651695768000081, 48.23588075400005 ], [ 6.651646284000037, 48.236918125000045 ], [ 6.651510596000037, 48.237732978000047 ], [ 6.65097241400008, 48.238564775000043 ], [ 6.650789519000057, 48.238795611000057 ], [ 6.650483405000045, 48.239169867000051 ], [ 6.649930432000076, 48.239934560000052 ], [ 6.649458958000082, 48.24064719100005 ], [ 6.649305146000074, 48.241237416000047 ], [ 6.648990791000074, 48.241517345000034 ], [ 6.648628385000052, 48.242028443000038 ], [ 6.648340843000085, 48.242622796000042 ], [ 6.648254292000047, 48.243210941000086 ], [ 6.648739030000058, 48.244186768000077 ], [ 6.64878553300008, 48.24459065700006 ], [ 6.648889504000067, 48.245033305000049 ], [ 6.648940632000063, 48.245662233000083 ], [ 6.648761968000088, 48.245942472000081 ], [ 6.648447582000074, 48.246222399000033 ], [ 6.648324030000083, 48.246361323000087 ], [ 6.648278776000041, 48.246632938000062 ], [ 6.64861914800008, 48.246667462000062 ], [ 6.648951305000082, 48.246607663000077 ], [ 6.649118924000049, 48.247007812000049 ], [ 6.648741202000053, 48.24733473100008 ], [ 6.64843897500009, 48.247753894000077 ], [ 6.648492541000053, 48.248247637000077 ], [ 6.648842445000071, 48.249223122000046 ], [ 6.64900300700009, 48.249533416000077 ], [ 6.649350464000065, 48.24965779200005 ], [ 6.649431571000093, 48.249830927000062 ], [ 6.649711411000055, 48.250768041000072 ], [ 6.650369128000079, 48.25204926400005 ], [ 6.650391171000081, 48.252318799000079 ], [ 6.650286539000092, 48.252682320000083 ], [ 6.650738334000039, 48.253253829000073 ], [ 6.650908789000084, 48.253694419000055 ], [ 6.650993862000064, 48.254727618000061 ], [ 6.651221748000069, 48.255035828000082 ], [ 6.651476924000065, 48.255518835000032 ], [ 6.651595928000063, 48.256956307000053 ], [ 6.651852950000091, 48.257623903000081 ], [ 6.652094684000076, 48.258107323000047 ], [ 6.652064733000088, 48.258563112000047 ], [ 6.651597595000055, 48.258622584000079 ], [ 6.65147797800006, 48.258806424000056 ], [ 6.651097382000046, 48.259092903000067 ], [ 6.65086369100004, 48.259370338000053 ], [ 6.650874715000043, 48.259505105000073 ], [ 6.651013271000068, 48.25954586000006 ], [ 6.651158897000073, 48.259676468000073 ], [ 6.651180947000057, 48.259946002000049 ], [ 6.651064439000038, 48.260174781000046 ], [ 6.65096686600009, 48.260628153000077 ] ], [ [ 6.722340049000081, 48.211025373000041 ], [ 6.723680079000076, 48.211739772000051 ], [ 6.72418719500007, 48.212169665000033 ], [ 6.72526666300007, 48.213797556000088 ], [ 6.725225848000093, 48.214114119000051 ], [ 6.724975283000049, 48.214347221000082 ], [ 6.725124982000068, 48.214522655000053 ], [ 6.725326418000066, 48.214786534000041 ], [ 6.725427240000045, 48.21491396600004 ], [ 6.725509694000039, 48.215902227000072 ], [ 6.725514979000081, 48.215965115000081 ], [ 6.725540136000063, 48.216261580000037 ], [ 6.725356805000047, 48.216492561000052 ], [ 6.725489601000049, 48.217299076000081 ], [ 6.725495297000066, 48.217343935000088 ], [ 6.725518550000061, 48.217613436000079 ], [ 6.725279492000084, 48.21798579600005 ], [ 6.724145493000037, 48.218926856000053 ], [ 6.723888553000052, 48.219070077000083 ], [ 6.723821453000085, 48.219157768000059 ], [ 6.723523012000044, 48.219536500000061 ], [ 6.722317688000089, 48.220434750000038 ], [ 6.721608698000068, 48.220821914000055 ], [ 6.719209496000076, 48.221946916000043 ], [ 6.718556524000064, 48.222197179000034 ], [ 6.717370392000078, 48.222509264000053 ], [ 6.71685507400008, 48.222800223000043 ], [ 6.716385474000049, 48.222819507000047 ], [ 6.715993151000077, 48.222966971000062 ], [ 6.715743343000042, 48.22320002500004 ], [ 6.714534289000085, 48.223247073000039 ], [ 6.71433654100008, 48.223298333000059 ], [ 6.713948531000085, 48.223495196000052 ], [ 6.713284338000051, 48.223610665000081 ], [ 6.712776681000094, 48.223986937000063 ], [ 6.712451908000048, 48.224136768000051 ], [ 6.71187698600005, 48.224515150000059 ], [ 6.711746800000071, 48.224568785000088 ], [ 6.71092974600009, 48.224463853000088 ], [ 6.71022778300005, 48.22494080000007 ], [ 6.709320883000089, 48.225379141000083 ], [ 6.709131126000045, 48.225520217000053 ], [ 6.709171788000049, 48.226014363000047 ], [ 6.708731334000049, 48.226388504000056 ], [ 6.706959242000039, 48.227763770000081 ], [ 6.705537355000047, 48.228488473000077 ], [ 6.705219692000071, 48.22872813500004 ], [ 6.704980965000061, 48.229095931000082 ], [ 6.704693288000044, 48.229690453000046 ], [ 6.704025502000093, 48.230571628000064 ], [ 6.703342544000066, 48.231273122000061 ], [ 6.702073656000039, 48.23222267400007 ], [ 6.70082670000005, 48.23343724700004 ], [ 6.700110228000085, 48.233734427000059 ], [ 6.699666807000085, 48.234068087000082 ], [ 6.699502433000077, 48.234523615000057 ], [ 6.699143402000061, 48.235075315000081 ], [ 6.69869912300004, 48.235408998000082 ], [ 6.69727008600006, 48.236048240000059 ], [ 6.694361400000048, 48.23673825700007 ], [ 6.69267399000006, 48.236709957000073 ], [ 6.692006437000089, 48.236780366000062 ], [ 6.691390201000047, 48.236669018000043 ], [ 6.690990885000076, 48.236731039000063 ], [ 6.690662511000085, 48.236831375000072 ], [ 6.689915724000059, 48.236769136000078 ], [ 6.689661749000038, 48.236957220000079 ], [ 6.689605598000071, 48.23709408700006 ], [ 6.689277533000052, 48.237198913000043 ], [ 6.68833690200006, 48.237232794000079 ], [ 6.687481782000077, 48.237489185000072 ], [ 6.686339646000079, 48.237533843000051 ], [ 6.685589711000091, 48.237426638000045 ], [ 6.68478675700004, 48.237501231000067 ], [ 6.684517673000073, 48.237509625000087 ], [ 6.684178177000092, 48.237475178000068 ], [ 6.682811359000084, 48.238067259000047 ], [ 6.681755223000039, 48.238329874000051 ], [ 6.679544976000045, 48.238502333000042 ], [ 6.67848912900007, 48.238769413000057 ], [ 6.678220037000074, 48.238777793000047 ], [ 6.677943833000086, 48.238696319000042 ], [ 6.677607783000042, 48.238711286000068 ], [ 6.67728250600004, 48.238856525000081 ], [ 6.677081528000088, 48.238862782000069 ], [ 6.675909236000052, 48.238547980000078 ], [ 6.674416490000056, 48.238423285000067 ], [ 6.673945582000044, 48.238437933000057 ], [ 6.672877791000076, 48.238570222000078 ], [ 6.670414293000079, 48.23893053200004 ], [ 6.670201404000068, 48.238802036000038 ], [ 6.669663531000083, 48.238823251000042 ], [ 6.66877196900009, 48.23863026500004 ], [ 6.668502877000037, 48.238638623000043 ], [ 6.667853426000079, 48.238933517000078 ], [ 6.667517371000088, 48.23894845500007 ], [ 6.667360700000074, 48.238683098000081 ], [ 6.667140725000081, 48.238464743000073 ], [ 6.666659067000069, 48.238349089000053 ], [ 6.665221631000065, 48.23889811500004 ], [ 6.664523029000065, 48.239419699000052 ], [ 6.664261862000046, 48.239517875000047 ], [ 6.663619464000078, 48.239902599000061 ], [ 6.663183785000058, 48.240339456000072 ], [ 6.663019076000069, 48.240794932000085 ], [ 6.662780313000042, 48.241167133000033 ], [ 6.66280553900009, 48.241481608000072 ], [ 6.663037088000067, 48.241830218000082 ], [ 6.663063155000088, 48.242144667000048 ], [ 6.662890512000047, 48.242510314000072 ], [ 6.662875367000083, 48.243141297000079 ], [ 6.662780643000076, 48.243463994000081 ], [ 6.662593819000051, 48.243649933000086 ], [ 6.66257074300006, 48.244191088000044 ], [ 6.662190001000056, 48.244473112000037 ], [ 6.661615434000055, 48.24486472600006 ], [ 6.66155905100004, 48.245812241000067 ], [ 6.661293884000088, 48.245865496000079 ], [ 6.661040076000063, 48.246058012000049 ], [ 6.660889500000053, 48.246693189000041 ], [ 6.660515815000053, 48.247065060000068 ], [ 6.660453896000092, 48.247787562000042 ], [ 6.660144677000062, 48.24811690100006 ], [ 6.660102603000041, 48.248433460000058 ], [ 6.659983038000064, 48.248617310000043 ], [ 6.659941804000084, 48.248933842000042 ], [ 6.659815155000047, 48.249027838000082 ], [ 6.659773920000077, 48.249344370000081 ], [ 6.659859335000078, 48.249566906000041 ], [ 6.659903341000074, 48.250916634000077 ], [ 6.659356526000067, 48.251478511000073 ], [ 6.659370379000052, 48.251653723000061 ], [ 6.659587256000066, 48.251827151000043 ], [ 6.659676637000075, 48.252094600000078 ], [ 6.659982898000067, 48.252535477000038 ], [ 6.659025940000049, 48.25320012800006 ], [ 6.658409383000048, 48.253899267000072 ], [ 6.658435429000065, 48.254213714000059 ], [ 6.658722415000057, 48.254425505000086 ], [ 6.659013677000075, 48.254686703000061 ], [ 6.658898056000055, 48.254915464000078 ], [ 6.658608173000061, 48.255329766000045 ], [ 6.658219720000091, 48.255526441000086 ], [ 6.658111174000055, 48.255845055000073 ], [ 6.657514372000037, 48.255967113000047 ], [ 6.657335406000072, 48.256242869000062 ], [ 6.656554201000063, 48.256586803000062 ], [ 6.656154382000068, 48.256644211000037 ], [ 6.655960723000078, 48.256744779000087 ], [ 6.655919458000085, 48.257061308000061 ], [ 6.654495239000084, 48.257785408000082 ], [ 6.653640773000063, 48.258046018000073 ], [ 6.653065060000074, 48.258424105000081 ], [ 6.652385643000059, 48.259179192000033 ], [ 6.652106712000091, 48.25972824300004 ], [ 6.65096686600009, 48.260628153000077 ] ], [ [ 6.696772446000068, 48.243684191000057 ], [ 6.696518463000075, 48.24387228900008 ], [ 6.695511069000077, 48.243917319000047 ], [ 6.693685196000047, 48.243852824000051 ], [ 6.692722194000055, 48.243617210000082 ], [ 6.692031460000067, 48.243418117000033 ], [ 6.690844393000077, 48.242919267000048 ], [ 6.690370618000088, 48.242893535000064 ], [ 6.688521690000073, 48.243221506000047 ], [ 6.68837777300007, 48.243248519000083 ], [ 6.686476919000086, 48.243906850000087 ], [ 6.685954622000054, 48.244103298000077 ], [ 6.684938620000082, 48.244049424000082 ], [ 6.684113980000063, 48.243863470000072 ], [ 6.682430999000076, 48.243069246000061 ], [ 6.68187800700008, 48.242910839000047 ], [ 6.681404236000049, 48.242885071000046 ], [ 6.680496788000085, 48.243323186000055 ], [ 6.678470383000047, 48.244079875000068 ], [ 6.67733918600004, 48.244259212000088 ], [ 6.676547202000052, 48.244468515000051 ], [ 6.676035107000075, 48.244799710000052 ], [ 6.675789308000049, 48.245082084000046 ], [ 6.675441883000076, 48.245768448000042 ], [ 6.675000497000042, 48.24614697800007 ], [ 6.674880989000087, 48.246330844000056 ], [ 6.674864386000081, 48.246781729000077 ], [ 6.675174406000053, 48.247262986000067 ], [ 6.675121398000044, 48.248255446000087 ], [ 6.675168927000072, 48.249650108000083 ], [ 6.675270309000041, 48.250052286000077 ], [ 6.675529969000081, 48.250584649000082 ], [ 6.676302321000037, 48.251772108000068 ], [ 6.676637696000057, 48.252567829000043 ], [ 6.676771520000045, 48.253374326000085 ], [ 6.677129845000081, 48.253628891000062 ], [ 6.677513035000061, 48.254022295000077 ], [ 6.677684872000043, 48.254467314000067 ], [ 6.678307669000048, 48.255479267000055 ], [ 6.679356983000048, 48.256743654000047 ], [ 6.680010176000053, 48.257308789000042 ], [ 6.680247408000071, 48.257567117000072 ], [ 6.680206289000068, 48.257883654000068 ], [ 6.680419280000081, 48.258012130000047 ], [ 6.680564974000049, 48.258142702000043 ], [ 6.680374181000047, 48.258283755000043 ], [ 6.680467658000055, 48.258596100000034 ], [ 6.680448038000065, 48.259992846000046 ], [ 6.680388699000048, 48.26008476700008 ], [ 6.680300996000085, 48.261303486000088 ], [ 6.680184611000072, 48.261532293000073 ], [ 6.680139644000064, 48.262614570000039 ], [ 6.68022202800006, 48.262792150000053 ], [ 6.680355230000089, 48.26440931500008 ], [ 6.680037763000087, 48.264644384000064 ], [ 6.680059963000076, 48.264913911000072 ], [ 6.680223117000082, 48.265088976000072 ], [ 6.680319745000077, 48.265446258000047 ], [ 6.680334965000043, 48.266436585000072 ], [ 6.680704497000079, 48.266825901000061 ], [ 6.681603860000052, 48.267919293000034 ], [ 6.681622929000071, 48.268143881000071 ], [ 6.68150653500004, 48.268372689000046 ], [ 6.681015978000062, 48.268797799000083 ], [ 6.680698487000086, 48.269032869000057 ], [ 6.68004802300004, 48.270138498000051 ], [ 6.67966634600009, 48.270420599000033 ], [ 6.679203427000061, 48.270529586000073 ], [ 6.678669214000081, 48.270595754000055 ], [ 6.678109355000061, 48.27034296100004 ], [ 6.677836437000053, 48.270310921000032 ], [ 6.677010872000039, 48.270926582000072 ], [ 6.676817514000049, 48.271031676000064 ], [ 6.676215978000073, 48.27109992700008 ], [ 6.674919963000093, 48.270919554000045 ], [ 6.673220699000069, 48.270760706000033 ], [ 6.67247711300007, 48.270738777000084 ], [ 6.67201020300007, 48.270802824000043 ], [ 6.670401980304394, 48.271221353234779 ] ], [ [ 6.666228120589661, 48.271837994083384 ], [ 6.665683442000045, 48.27177382900004 ], [ 6.665145231000054, 48.271795024000085 ], [ 6.664823683000066, 48.271985137000058 ], [ 6.664764303000084, 48.272077050000064 ], [ 6.664672976000077, 48.273430954000048 ], [ 6.664659009979222, 48.274370245623132 ] ], [ [ 6.65096686600009, 48.260628153000077 ], [ 6.650321001000066, 48.260967860000051 ], [ 6.649760208000089, 48.261525610000042 ], [ 6.649800341000059, 48.262019764000058 ], [ 6.649882621000074, 48.262197365000077 ], [ 6.649870428000042, 48.26287327700004 ], [ 6.650183064000089, 48.263223907000047 ], [ 6.650828643000068, 48.26369485400005 ], [ 6.651126676000047, 48.264041428000041 ], [ 6.651622988000042, 48.264341344000059 ], [ 6.652111922000074, 48.264546910000043 ], [ 6.652216271000043, 48.264994042000069 ], [ 6.652682868000056, 48.265740725000057 ], [ 6.653253587000052, 48.266128405000082 ], [ 6.653481224000075, 48.266432114000047 ], [ 6.653766147000056, 48.26726997600008 ], [ 6.654064219000077, 48.267616543000088 ], [ 6.654494112000066, 48.267918500000064 ], [ 6.654762203000075, 48.267905707000068 ], [ 6.65521130500008, 48.267621604000055 ], [ 6.655648212000074, 48.267198266000037 ], [ 6.655843063000077, 48.267102167000083 ], [ 6.656384350000053, 48.267125954000051 ], [ 6.656593359000055, 48.267209559000037 ], [ 6.65723904400005, 48.267680470000073 ], [ 6.657978102000072, 48.268463738000037 ], [ 6.658500548000063, 48.269078067000073 ], [ 6.65899747900005, 48.269373430000087 ], [ 6.659161284000049, 48.269728644000047 ], [ 6.659562279000056, 48.270342225000043 ], [ 6.659726932000069, 48.27069741300005 ], [ 6.660013701000082, 48.270904704000088 ], [ 6.660296820000042, 48.271071576000047 ], [ 6.660181169000055, 48.271300336000081 ], [ 6.66027041600006, 48.272378429000071 ], [ 6.660523659000091, 48.273001085000033 ], [ 6.660538675000055, 48.273180763000077 ], [ 6.660019737000084, 48.273431018000053 ], [ 6.659837074000052, 48.273666356000042 ], [ 6.659855210000046, 48.273890972000061 ], [ 6.659794978000093, 48.27398290800005 ], [ 6.659946730000058, 48.274018741000077 ], [ 6.659909306687334, 48.274307961902863 ] ] ] } },
{ "type": "Feature", "properties": { "fid": 433, "gid": 433, "CdEuMasseDEau": "FRCR241", "NomMasseDEau": "DURBION 2", "Etat masse eau ": "Moyen", "Etat ecologique": "Moyen", "Etat chimique": "Non atteint", "_swEcologicalStatusOrPotentialValue": "3", "_swChemicalStatusValue": "3" }, "geometry": { "type": "MultiLineString", "coordinates": [ [ [ 6.567984333583122, 48.231610353265602 ], [ 6.568000400000074, 48.231809534000043 ], [ 6.567928235650801, 48.231936841327212 ] ] ] } },
{ "type": "Feature", "properties": { "fid": 494, "gid": 494, "CdEuMasseDEau": "FRCR294", "NomMasseDEau": "VALDANGE", "Etat masse eau ": "Moyen", "Etat ecologique": "Bon", "Etat chimique": "Non atteint", "_swEcologicalStatusOrPotentialValue": "2", "_swChemicalStatusValue": "3" }, "geometry": { "type": "MultiLineString", "coordinates": [ [ [ 6.783951486000092, 48.28937237100007 ], [ 6.783866372000091, 48.289960594000043 ], [ 6.783691181000052, 48.290281470000082 ], [ 6.783644245000062, 48.291318855000043 ], [ 6.783307640000089, 48.291964666000069 ], [ 6.783218444000056, 48.292507980000039 ], [ 6.78337960600004, 48.292813588000058 ], [ 6.783265322000091, 48.293853125000055 ], [ 6.783304385000065, 48.295112946000081 ], [ 6.783592172000056, 48.295959464000077 ], [ 6.783574386000055, 48.29654553000006 ], [ 6.78368164300008, 48.297803167000041 ], [ 6.783771731000058, 48.298070513000077 ], [ 6.784272629000043, 48.299040820000073 ], [ 6.784344944000054, 48.299894230000064 ], [ 6.784453716000087, 48.300386168000045 ], [ 6.784925730000055, 48.301177244000087 ], [ 6.785442353000064, 48.301696661000051 ], [ 6.78622431000008, 48.302162544000055 ], [ 6.787561461000053, 48.30265117600004 ], [ 6.788455382000052, 48.302843230000072 ], [ 6.788802873000066, 48.302958204000049 ], [ 6.78878106600007, 48.303499360000046 ], [ 6.79017215600004, 48.303986236000071 ], [ 6.790875446000086, 48.304319496000062 ], [ 6.791713449000042, 48.304648433000068 ], [ 6.793212427000071, 48.304816549000073 ], [ 6.793679490000045, 48.304752025000077 ], [ 6.796591067000065, 48.304861266000046 ], [ 6.798414183000091, 48.305509828000083 ], [ 6.801073058000043, 48.306617919000082 ], [ 6.802749275000053, 48.307275642000043 ], [ 6.803295128000059, 48.30734366300004 ], [ 6.803964268000072, 48.307272601000079 ], [ 6.804924841000059, 48.307462391000058 ], [ 6.805589889000089, 48.307346413000062 ], [ 6.80714425900004, 48.30736845000007 ], [ 6.807761567000057, 48.307479189000048 ], [ 6.808905440000046, 48.307437853000067 ], [ 6.809387199000071, 48.307552949000069 ], [ 6.81067364800009, 48.307592576000047 ], [ 6.810954514000059, 48.307718643000051 ], [ 6.811511827000061, 48.307921373000056 ], [ 6.812029636000091, 48.308301024000059 ], [ 6.812613953000039, 48.308818149000047 ], [ 6.813448065000046, 48.309102025000072 ], [ 6.81453248400004, 48.309148125000043 ], [ 6.814883981000037, 48.309316943000056 ], [ 6.814985701000069, 48.309719010000038 ], [ 6.815270362000092, 48.309885479000059 ], [ 6.816631073000053, 48.310017229000039 ], [ 6.816967538000085, 48.310001868000086 ], [ 6.817327250000062, 48.310260491000072 ], [ 6.817816604000086, 48.310456378000083 ], [ 6.818228118000093, 48.310533172000078 ], [ 6.822348950000048, 48.311994445000039 ], [ 6.823075502000052, 48.312597003000064 ], [ 6.82341967900004, 48.312675956000078 ], [ 6.824024951000069, 48.312642878000077 ], [ 6.824369130000093, 48.312721828000072 ], [ 6.82451500600007, 48.312847724000051 ], [ 6.82542809000006, 48.313264081000057 ], [ 6.82604139700004, 48.313329818000057 ], [ 6.826452945000085, 48.313406583000081 ], [ 6.827384919000053, 48.31404751000008 ], [ 6.827634617000058, 48.314440275000038 ], [ 6.82793853700008, 48.314835790000082 ], [ 6.828365374000043, 48.315087705000053 ], [ 6.828463940000063, 48.315444826000032 ], [ 6.828213350000056, 48.315678130000038 ], [ 6.828334896000058, 48.316304739000088 ], [ 6.828211654000086, 48.316443844000048 ], [ 6.82811961200008, 48.316942249000078 ], [ 6.828407949000052, 48.317158112000072 ], [ 6.828367673000059, 48.317474686000082 ], [ 6.828518010000039, 48.317649976000041 ], [ 6.828846593000037, 48.318175302000043 ], [ 6.829300044000092, 48.318746128000043 ], [ 6.829394511000089, 48.319058341000073 ], [ 6.829415820000065, 48.320093541000062 ], [ 6.829230902000063, 48.321090377000083 ], [ 6.829540637000093, 48.321391118000072 ], [ 6.830260017000057, 48.321903789000032 ], [ 6.83113565900004, 48.322672620000048 ], [ 6.831369006000045, 48.323025373000064 ], [ 6.831534140000088, 48.323380334000042 ], [ 6.83203255300009, 48.323674958000083 ], [ 6.833638208000082, 48.324289512000064 ], [ 6.834651314000041, 48.324927756000079 ], [ 6.835041298000078, 48.325541153000081 ], [ 6.835424226000043, 48.326069204000078 ], [ 6.835261581000054, 48.326524862000042 ], [ 6.835082464000038, 48.32680090000008 ], [ 6.835013489000062, 48.327568792000079 ], [ 6.834857386000067, 48.32811431500005 ], [ 6.83512316100007, 48.328691202000073 ], [ 6.835021332000053, 48.329865504000047 ], [ 6.834439073000056, 48.330159109000078 ], [ 6.834121897000045, 48.330394580000082 ], [ 6.834017537000079, 48.330758269000057 ], [ 6.834040553000079, 48.331027754000047 ], [ 6.834139187000062, 48.331384866000064 ], [ 6.834027433000074, 48.331658717000039 ], [ 6.833152942000083, 48.332322091000037 ], [ 6.832985300000075, 48.332732866000072 ], [ 6.83286647500006, 48.332921373000033 ], [ 6.832972167000094, 48.333363829000064 ], [ 6.833260614000039, 48.333579677000046 ], [ 6.833683511000061, 48.333786665000048 ], [ 6.833856928000046, 48.334231430000045 ], [ 6.833935825000083, 48.334363988000064 ], [ 6.833816672000069, 48.334548002000083 ], [ 6.833704910000051, 48.334821853000051 ], [ 6.833392148000087, 48.335106719000073 ], [ 6.833395772000074, 48.335782176000073 ], [ 6.83369541400009, 48.336128271000064 ], [ 6.833441801000049, 48.336321144000067 ], [ 6.833461542000066, 48.336545696000087 ], [ 6.833824464000088, 48.336844702000064 ], [ 6.833993775000067, 48.337244561000034 ], [ 6.834148304000053, 48.33746474600008 ], [ 6.834238716000073, 48.337732046000042 ], [ 6.834295939000072, 48.338401262000048 ], [ 6.834140967000053, 48.338951245000032 ], [ 6.83409695000006, 48.339853434000077 ], [ 6.833921899000075, 48.340174372000043 ], [ 6.834929744000078, 48.34089836000004 ], [ 6.835245385000064, 48.341428589000088 ], [ 6.835362113000088, 48.342010302000062 ], [ 6.83593224100008, 48.342347626000048 ], [ 6.835947033000082, 48.342527299000039 ], [ 6.835693071000037, 48.342715682000062 ], [ 6.835693448000086, 48.343346203000067 ], [ 6.835855398000092, 48.34365622100006 ], [ 6.836313264000069, 48.344271914000046 ], [ 6.83633597000005, 48.344536903000062 ], [ 6.835693550000087, 48.344922532000055 ], [ 6.835638505000077, 48.345059430000049 ], [ 6.835608925000088, 48.345510769000043 ], [ 6.835709664000092, 48.347309024000083 ], [ 6.835867507000046, 48.347574136000048 ], [ 6.835902055000076, 48.347978358000034 ], [ 6.835989218000066, 48.348200723000048 ], [ 6.83586592100005, 48.348339833000068 ], [ 6.835347406000039, 48.348595336000074 ], [ 6.835363040000061, 48.348774981000084 ], [ 6.835445754000091, 48.348947948000045 ], [ 6.835550985000054, 48.349394918000087 ], [ 6.835388270000067, 48.349850569000068 ], [ 6.835634406000054, 48.350202896000042 ], [ 6.835724848000041, 48.350470192000046 ], [ 6.835597426000049, 48.350564397000085 ], [ 6.835676351000075, 48.350696953000067 ], [ 6.835703504000037, 48.351011338000042 ], [ 6.835588440000038, 48.35124025600004 ], [ 6.835885235000092, 48.351545903000051 ], [ 6.836270654000089, 48.352105393000045 ], [ 6.836301932000083, 48.352464682000061 ], [ 6.836063373000059, 48.35284172300004 ], [ 6.836150544000077, 48.353064087000064 ], [ 6.836675012000057, 48.353375866000079 ], [ 6.837400828000057, 48.353460430000041 ], [ 6.837840663000065, 48.35371189500006 ], [ 6.839068251000072, 48.353843233000077 ], [ 6.839776968000081, 48.354225588000077 ], [ 6.840227238000068, 48.354746932000069 ], [ 6.84087892000008, 48.355261741000049 ], [ 6.840902824000068, 48.355531192000058 ], [ 6.841124009000055, 48.355749205000052 ], [ 6.841142947000037, 48.355973779000067 ], [ 6.840972011000076, 48.356339628000057 ], [ 6.840812602000085, 48.356840215000034 ], [ 6.840693423000062, 48.357024233000061 ], [ 6.840625600000067, 48.357656962000078 ], [ 6.840697142000067, 48.357699679000063 ], [ 6.840970940000091, 48.357735834000039 ], [ 6.84116494500006, 48.357639464000052 ], [ 6.841484546000061, 48.358210081000038 ], [ 6.842192168000054, 48.358587954000086 ], [ 6.842563872000085, 48.35898123000004 ] ], [ [ 6.842563872000085, 48.35898123000004 ], [ 6.842825813000047, 48.358878149000077 ], [ 6.843011752000052, 48.358682954000074 ], [ 6.843983126000069, 48.358196537000083 ], [ 6.845214120000037, 48.358372743000082 ], [ 6.845237205000046, 48.358642220000043 ], [ 6.845934158000091, 48.358885305000058 ], [ 6.846013122000045, 48.359017853000068 ], [ 6.846361767000076, 48.359141640000082 ], [ 6.846444019000046, 48.359319119000077 ], [ 6.84666162700006, 48.359487697000077 ], [ 6.84700201600009, 48.359521675000053 ], [ 6.847021823000091, 48.359746220000034 ], [ 6.84715181100006, 48.359814057000051 ], [ 6.847587245000057, 48.360038608000082 ], [ 6.847718569000051, 48.360205484000062 ], [ 6.847830222000084, 48.360345976000083 ], [ 6.847972484000081, 48.360431428000084 ], [ 6.848271338000075, 48.360417211000083 ], [ 6.84871379100008, 48.360402828000083 ], [ 6.849614837000047, 48.360675288000039 ], [ 6.850549817000058, 48.360545800000068 ], [ 6.85125011000008, 48.360833784000079 ], [ 6.852182126000059, 48.360663845000033 ], [ 6.85279931000008, 48.360774372000037 ], [ 6.853136419000066, 48.360763401000042 ], [ 6.85344212800004, 48.360393148000071 ], [ 6.854286210000055, 48.359991856000079 ], [ 6.854554720000067, 48.359978610000041 ], [ 6.855121029000088, 48.360270934000077 ], [ 6.855794396000079, 48.36024900600006 ], [ 6.856566274000045, 48.360579666000042 ], [ 6.856862914000089, 48.360880766000037 ], [ 6.857633965000048, 48.361211446000077 ], [ 6.857649679000076, 48.361391087000072 ], [ 6.857463126000084, 48.361577317000069 ], [ 6.857474700000068, 48.361712054000073 ], [ 6.857221052000057, 48.361904974000083 ], [ 6.857442844000047, 48.36211843500007 ], [ 6.857719973000087, 48.362199482000051 ], [ 6.857866395000087, 48.362329825000081 ], [ 6.858479472000056, 48.362395419000052 ], [ 6.858764884000038, 48.362566270000059 ], [ 6.858936044000075, 48.362826416000082 ], [ 6.85928888400008, 48.362995068000032 ], [ 6.859554441000057, 48.362941374000059 ], [ 6.859822965000092, 48.362928116000042 ], [ 6.859966096000051, 48.363013526000088 ], [ 6.860776654000063, 48.363018625000052 ], [ 6.861117917000058, 48.363052535000072 ], [ 6.86150970500006, 48.362900139000033 ], [ 6.86171612000004, 48.362938445000047 ], [ 6.861862554000084, 48.363068783000081 ], [ 6.862218376000044, 48.363277864000047 ], [ 6.862907181000082, 48.363431042000059 ], [ 6.863176880000083, 48.36342224200007 ], [ 6.86343829000009, 48.363323636000082 ], [ 6.863584400000093, 48.363449479000053 ], [ 6.863944706000041, 48.363707951000038 ], [ 6.864174311000056, 48.364015725000058 ], [ 6.864466868000079, 48.364271902000041 ], [ 6.86456492800005, 48.364629007000083 ], [ 6.864599709000061, 48.365033215000039 ], [ 6.864298197000039, 48.365448399000059 ], [ 6.864623621000078, 48.36593319800005 ], [ 6.864580223000075, 48.366204843000048 ], [ 6.864405271000066, 48.366525820000049 ], [ 6.864474833000088, 48.367334235000051 ], [ 6.865139346000092, 48.367983613000042 ], [ 6.865099253000039, 48.368300189000081 ], [ 6.864797214000077, 48.368719894000037 ], [ 6.863774143000057, 48.369388316000077 ], [ 6.863537782000037, 48.369621218000077 ], [ 6.863481941000089, 48.369758154000067 ], [ 6.863460875000044, 48.370299297000088 ], [ 6.863211352000064, 48.370537131000049 ], [ 6.863159654000071, 48.370718970000041 ], [ 6.863264834000063, 48.371161414000085 ], [ 6.863675708000073, 48.372003729000085 ], [ 6.864146253000058, 48.372749517000045 ], [ 6.864450784000041, 48.373144920000072 ], [ 6.865552204000039, 48.374000724000041 ], [ 6.865634545000091, 48.374178187000041 ], [ 6.866827071000046, 48.374675206000063 ], [ 6.867043964000061, 48.374843772000077 ], [ 6.867546699000059, 48.375187658000073 ], [ 6.868037506000064, 48.375392314000067 ], [ 6.868793265000079, 48.375534268000081 ], [ 6.868948052000064, 48.375754401000052 ], [ 6.868987024000091, 48.376203507000071 ], [ 6.868725491000077, 48.376932657000047 ], [ 6.868760312000063, 48.377336860000071 ], [ 6.869623183000044, 48.377934697000057 ] ], [ [ 6.781545053000059, 48.36824172200005 ], [ 6.782320657000071, 48.368617769000082 ], [ 6.783290101000091, 48.368893043000071 ], [ 6.78423968900006, 48.368939262000083 ], [ 6.786046706000093, 48.368737387000067 ], [ 6.786574465000058, 48.368580901000087 ], [ 6.788062050000065, 48.367803741000046 ], [ 6.789323396000043, 48.367533700000081 ], [ 6.789917075000062, 48.367366081000057 ], [ 6.79171669200008, 48.367074281000043 ], [ 6.794204616000059, 48.366931538000081 ], [ 6.796010877000072, 48.366720524000073 ], [ 6.796669362000046, 48.366514764000051 ], [ 6.797054353000078, 48.366277238000073 ], [ 6.798756277000052, 48.365628171000083 ], [ 6.802375149000056, 48.364489688000049 ], [ 6.803908979000084, 48.364251268000032 ], [ 6.804963781000083, 48.363942654000077 ], [ 6.80638906300004, 48.364013938000085 ], [ 6.807974743000045, 48.363593652000077 ], [ 6.80855138700008, 48.363390454000069 ], [ 6.808992278000062, 48.363015978000078 ], [ 6.810777902000041, 48.361765047000063 ], [ 6.81125723200006, 48.361839692000046 ], [ 6.812405216000059, 48.361838762000048 ], [ 6.813741079000067, 48.361656126000071 ], [ 6.816126530000076, 48.361106376000073 ], [ 6.817255660000058, 48.36088082200007 ], [ 6.818063571000039, 48.360850267000046 ], [ 6.818875586000047, 48.360864612000057 ], [ 6.820612963000087, 48.361430071000086 ], [ 6.821499975000052, 48.361523045000069 ], [ 6.825159683000038, 48.361652569000057 ], [ 6.825452364000057, 48.361913336000043 ], [ 6.825728531000038, 48.362620503000073 ], [ 6.825950526000042, 48.362838516000068 ], [ 6.826814390000038, 48.362670983000051 ], [ 6.827882814000077, 48.362528356000041 ], [ 6.828851127000064, 48.361997133000045 ], [ 6.830018868000082, 48.36159456200005 ], [ 6.831825972000047, 48.361387467000043 ], [ 6.832357124000055, 48.361280200000067 ], [ 6.832969501000093, 48.361336941000047 ], [ 6.83329922300004, 48.361236191000046 ], [ 6.833770014000038, 48.361216443000046 ], [ 6.834539617000075, 48.361367167000083 ], [ 6.835007132000044, 48.361302483000088 ], [ 6.83518439900007, 48.361161628000048 ], [ 6.83565191200006, 48.361096942000081 ], [ 6.836672573000044, 48.361122420000072 ], [ 6.83706249800008, 48.361001694000038 ], [ 6.838687847000074, 48.360885955000072 ], [ 6.839665266000054, 48.360620065000042 ], [ 6.840700441000081, 48.360717097000077 ], [ 6.841238647000068, 48.360695133000043 ], [ 6.841942565000068, 48.360397563000049 ], [ 6.841856528000051, 48.360179670000043 ], [ 6.841844994000041, 48.360044931000061 ], [ 6.842098690000057, 48.359852044000043 ], [ 6.84223353200008, 48.359847668000043 ], [ 6.842329641000049, 48.359394172000073 ], [ 6.842516241000055, 48.359207965000053 ], [ 6.842563872000085, 48.35898123000004 ] ] ] } },
{ "type": "Feature", "properties": { "fid": 476, "gid": 476, "CdEuMasseDEau": "FRCR279", "NomMasseDEau": "MEURTHE 3", "Etat masse eau ": "Moyen", "Etat ecologique": "Moyen", "Etat chimique": "Non atteint", "_swEcologicalStatusOrPotentialValue": "3", "_swChemicalStatusValue": "3" }, "geometry": { "type": "MultiLineString", "coordinates": [ [ [ 6.921333574000073, 48.300849285000083 ], [ 6.921198890000085, 48.300853751000034 ], [ 6.92088261400005, 48.301093952000087 ], [ 6.920708221000041, 48.301415027000083 ], [ 6.920320052000079, 48.302378279000038 ], [ 6.92026861800008, 48.30256015100008 ], [ 6.919773401000043, 48.303072027000042 ], [ 6.919459154000037, 48.303951748000088 ], [ 6.919280555000057, 48.304227918000038 ], [ 6.918773594000072, 48.304605052000056 ], [ 6.918318403000058, 48.30480480500006 ], [ 6.91712741200007, 48.305073973000049 ], [ 6.916481880000049, 48.305415148000073 ], [ 6.916367266000066, 48.30564415200007 ], [ 6.91647394000006, 48.306091035000073 ], [ 6.916849171000081, 48.306529024000042 ], [ 6.916951665000056, 48.306931003000045 ], [ 6.917126311000061, 48.308767418000059 ], [ 6.91744258600005, 48.309297441000069 ], [ 6.917447776000074, 48.309355823000033 ], [ 6.917489453000087, 48.309836386000086 ], [ 6.917215450000072, 48.310566125000037 ], [ 6.916516397000066, 48.31167477300005 ], [ 6.915657242000066, 48.312662601000056 ], [ 6.915265221000084, 48.313576404000059 ], [ 6.915371059000051, 48.314023314000053 ], [ 6.915533388000085, 48.314333229000056 ], [ 6.915593711000042, 48.314871728000071 ], [ 6.915419240000063, 48.315192792000062 ], [ 6.915174063000052, 48.315471155000068 ], [ 6.914061378000042, 48.315877316000069 ], [ 6.913060494000092, 48.316005018000055 ], [ 6.912886004000086, 48.316326078000088 ], [ 6.912916477000067, 48.317451098000049 ], [ 6.912813528000072, 48.317814832000067 ], [ 6.912931903000072, 48.318396451000069 ], [ 6.913561737000066, 48.319271932000049 ], [ 6.91371988800006, 48.319536946000085 ], [ 6.913759200000072, 48.319986056000062 ], [ 6.913438257000053, 48.320176838000073 ], [ 6.912508333000062, 48.320351729000038 ], [ 6.910969420000072, 48.320510715000069 ], [ 6.909975118000091, 48.320728250000059 ], [ 6.90913226400005, 48.321120937000046 ], [ 6.908688591000043, 48.321455387000071 ], [ 6.908391013000085, 48.321915627000067 ], [ 6.908075463000046, 48.322781827000085 ], [ 6.907049774000086, 48.324180440000077 ], [ 6.906752500000039, 48.324645168000082 ], [ 6.906700997000087, 48.324827032000087 ], [ 6.90601951900004, 48.325529647000053 ], [ 6.904246528000044, 48.326723192000088 ], [ 6.90395305800007, 48.327228322000053 ], [ 6.903314677000083, 48.327659253000043 ], [ 6.902721141000086, 48.327818458000081 ], [ 6.900963996000087, 48.327804342000043 ], [ 6.900137461000043, 48.327610892000052 ], [ 6.898486896000065, 48.327268935000063 ], [ 6.897988078000083, 48.326974592000056 ], [ 6.897749133000048, 48.326712222000083 ], [ 6.897876386000064, 48.326617948000042 ], [ 6.897864716000072, 48.326483212000085 ], [ 6.897722465000072, 48.326397817000043 ], [ 6.897449124000048, 48.326366286000052 ], [ 6.89679637100005, 48.326626501000078 ], [ 6.89598179300009, 48.327198315000032 ], [ 6.895799665000084, 48.327429514000073 ], [ 6.895513606000065, 48.328024457000083 ], [ 6.895196328000054, 48.329030292000077 ], [ 6.89475966100008, 48.329450028000053 ], [ 6.893908219000082, 48.329752798000072 ], [ 6.893370351000044, 48.329775002000083 ], [ 6.892277617000048, 48.329635297000038 ], [ 6.891926734000037, 48.329480191000073 ], [ 6.891424276000066, 48.329136396000081 ], [ 6.891131782000059, 48.328880279000089 ], [ 6.890787398000043, 48.328801524000085 ], [ 6.890189646000067, 48.328915764000051 ], [ 6.890006645000085, 48.329146981000072 ], [ 6.890192174000049, 48.329726402000063 ], [ 6.890567865000037, 48.330159946000038 ], [ 6.890614475000064, 48.330698894000079 ], [ 6.890163117000043, 48.330943438000077 ], [ 6.889758825000058, 48.330956730000082 ], [ 6.889347380000061, 48.330884679000064 ], [ 6.887931372000082, 48.33012950400007 ], [ 6.887417289000041, 48.329650955000034 ], [ 6.887148100000047, 48.329664303000072 ], [ 6.886558474000083, 48.329877345000057 ], [ 6.886395418000063, 48.330333100000082 ], [ 6.886494407000043, 48.330690168000046 ], [ 6.886798530000078, 48.331081033000032 ], [ 6.887246407000077, 48.331417632000068 ], [ 6.887808427000039, 48.331664902000057 ], [ 6.887918231000072, 48.332156733000033 ], [ 6.887822564000089, 48.332610276000082 ], [ 6.887449873000037, 48.332982840000057 ], [ 6.887070692000066, 48.333279048000072 ], [ 6.886408815000038, 48.333440412000073 ], [ 6.88572832400007, 48.333372680000082 ], [ 6.885514860000058, 48.333249074000037 ], [ 6.885202081000045, 48.332763907000071 ], [ 6.88490211900006, 48.332417941000081 ], [ 6.884755713000061, 48.332287628000081 ], [ 6.884557721000078, 48.332339168000033 ], [ 6.884315619000063, 48.332662394000067 ], [ 6.884350530000063, 48.333066606000045 ], [ 6.884674941000071, 48.333686514000078 ], [ 6.885181227000089, 48.334070746000073 ], [ 6.885805650000066, 48.334270937000042 ], [ 6.886165866000056, 48.334529346000068 ], [ 6.88639547300005, 48.334837084000071 ], [ 6.886506773000065, 48.335189243000059 ], [ 6.886454341000047, 48.336136800000077 ], [ 6.886200922000057, 48.336329785000032 ], [ 6.885725880000052, 48.336300345000041 ], [ 6.885096431000079, 48.33605527800006 ], [ 6.884894264000081, 48.336061915000073 ], [ 6.884570133000068, 48.336212179000086 ], [ 6.88444699300004, 48.336351340000078 ], [ 6.884541819000049, 48.336663505000047 ], [ 6.884841803000086, 48.337009471000052 ], [ 6.884931600000073, 48.338042435000034 ], [ 6.884507590000055, 48.338601333000042 ], [ 6.88441372200009, 48.338919692000047 ], [ 6.884530110000071, 48.340267059000041 ], [ 6.884715286000073, 48.340841990000058 ], [ 6.88476268800008, 48.341380909000073 ], [ 6.884584112000084, 48.341661511000041 ], [ 6.884611342000085, 48.342601943000034 ], [ 6.884575546000065, 48.342963434000069 ], [ 6.884345366000048, 48.34342588700008 ], [ 6.883980895000093, 48.343888243000038 ], [ 6.882922563000079, 48.344927347000073 ], [ 6.882066062000092, 48.345955316000072 ], [ 6.88197632400005, 48.346318573000083 ], [ 6.881935506000048, 48.346635187000061 ], [ 6.881824811000058, 48.346909053000047 ], [ 6.881455293000045, 48.347326525000085 ], [ 6.881470163000074, 48.348271861000057 ], [ 6.880756465000047, 48.348615041000073 ], [ 6.880629971000076, 48.348709266000071 ], [ 6.880522580000047, 48.34902806100007 ], [ 6.880553315000043, 48.349387367000077 ], [ 6.880838729000061, 48.349558166000072 ], [ 6.881385121000051, 48.349625824000043 ], [ 6.881594814000039, 48.349709027000081 ], [ 6.881841259000055, 48.350061258000039 ], [ 6.882098006000092, 48.350678882000068 ], [ 6.882612246000065, 48.351157446000059 ], [ 6.882730030000062, 48.351734587000067 ], [ 6.882511432000058, 48.352331770000042 ], [ 6.882388249000087, 48.35247092700007 ], [ 6.88216183600008, 48.352973783000039 ], [ 6.882042810000087, 48.353157842000087 ], [ 6.881595378000043, 48.35344725300007 ], [ 6.880249903000049, 48.35413542100008 ], [ 6.879611845000056, 48.354566188000042 ], [ 6.879067761000044, 48.355309145000042 ], [ 6.87867575000007, 48.355457106000081 ], [ 6.877745086000061, 48.355631720000083 ], [ 6.876840643000037, 48.356116234000069 ], [ 6.876135118000093, 48.356549190000067 ], [ 6.87482732300009, 48.357177506000085 ], [ 6.874189516000058, 48.357486628000061 ], [ 6.873105388000056, 48.358067069000072 ], [ 6.872126313000081, 48.358468413000082 ], [ 6.871583661000045, 48.358441121000055 ], [ 6.871298560000071, 48.358274794000067 ], [ 6.871028889000058, 48.358283612000037 ], [ 6.870906504000061, 48.35842272900004 ], [ 6.870813951000059, 48.358921180000038 ], [ 6.870591880000063, 48.359473406000063 ], [ 6.870682185000078, 48.359736181000073 ], [ 6.870832783000083, 48.359911412000088 ], [ 6.871695392000049, 48.360509241000045 ], [ 6.871900962000041, 48.360547557000082 ], [ 6.87249911300006, 48.360433412000077 ], [ 6.873185643000056, 48.359775911000042 ], [ 6.873455322000041, 48.359767088000069 ], [ 6.873665043000074, 48.359850303000087 ], [ 6.873890204000077, 48.360108664000052 ], [ 6.873973393000085, 48.360286096000038 ], [ 6.874106362000077, 48.361047401000064 ], [ 6.874495960000047, 48.36148503700008 ], [ 6.874879214000089, 48.362008454000033 ], [ 6.87496987500009, 48.362275718000042 ], [ 6.874957239000082, 48.362906671000083 ], [ 6.874737394000078, 48.363832651000052 ], [ 6.874602304000064, 48.364269441000033 ], [ 6.874169666000057, 48.364738487000068 ], [ 6.873742710000045, 48.36511276400006 ], [ 6.873528108000073, 48.365754826000057 ], [ 6.873285784000075, 48.366078022000067 ], [ 6.872841172000051, 48.366407833000039 ], [ 6.872666601000049, 48.366733315000033 ], [ 6.872725186000082, 48.367402470000059 ], [ 6.87289073900007, 48.367757362000077 ], [ 6.873279521000086, 48.371302668000055 ], [ 6.873361552000063, 48.371475634000042 ], [ 6.873290097000051, 48.372203085000081 ], [ 6.873532106000084, 48.37250593300007 ], [ 6.873904143000061, 48.37289910700008 ], [ 6.873998972000038, 48.373211272000049 ], [ 6.87384398100005, 48.373756799000034 ], [ 6.87354164900006, 48.374172032000047 ], [ 6.872721562000038, 48.374842898000047 ], [ 6.872430831000088, 48.37539286100008 ], [ 6.87207464100004, 48.37658 ], [ 6.871498466000048, 48.377729289000058 ], [ 6.87105374500004, 48.378059091000068 ], [ 6.869900414000085, 48.378015714000071 ], [ 6.869623183000044, 48.377934697000057 ], [ 6.868672250000088, 48.37865484200006 ], [ 6.868628020000074, 48.378926514000057 ], [ 6.868634367000084, 48.379782024000072 ], [ 6.868885016000092, 48.380179177000059 ], [ 6.869098632000089, 48.380302808000067 ], [ 6.870060111000043, 48.38048307300005 ], [ 6.870278213000063, 48.380656098000088 ], [ 6.870238141000073, 48.380972672000041 ], [ 6.86999572700006, 48.381295857000055 ], [ 6.86891348000006, 48.38206983200007 ], [ 6.86806518700007, 48.382417306000043 ], [ 6.868069337000065, 48.382462208000049 ], [ 6.867736242000092, 48.382518123000068 ], [ 6.866808038000045, 48.382733084000051 ], [ 6.866109527000049, 48.383255803000047 ], [ 6.865542598000047, 48.383729186000039 ], [ 6.865055427000073, 48.384195459000068 ], [ 6.864861698000084, 48.384296359000082 ], [ 6.86439434600004, 48.384365653000089 ], [ 6.863510358000042, 48.384308918000045 ], [ 6.861171755000044, 48.383997853000039 ], [ 6.86076789100008, 48.384011017000034 ], [ 6.860498086000064, 48.384019811000087 ], [ 6.859911227000055, 48.38426862700004 ], [ 6.859480198000085, 48.384602438000059 ], [ 6.859339907000049, 48.385327606000033 ], [ 6.85959242000007, 48.385900360000051 ], [ 6.860039344000086, 48.386381208000046 ], [ 6.86125080000005, 48.387098352000073 ], [ 6.861492081000051, 48.387540860000058 ], [ 6.86153943000005, 48.387989689000051 ], [ 6.861567671000046, 48.388258992000033 ], [ 6.861527897000087, 48.388350364000082 ], [ 6.861511805000077, 48.388395925000047 ], [ 6.861060810000083, 48.388757413000064 ], [ 6.86062652600009, 48.389104843000041 ], [ 6.860444029000064, 48.389335977000087 ], [ 6.860043180000048, 48.390173220000072 ], [ 6.85973320100004, 48.390498580000042 ], [ 6.858955471000058, 48.390888718000042 ], [ 6.857349081000052, 48.391850784000042 ], [ 6.856544642000074, 48.39255703300006 ], [ 6.856313669000087, 48.393014922000077 ], [ 6.856348405000063, 48.393419124000047 ], [ 6.856304099000056, 48.393690788000072 ], [ 6.856061870000076, 48.394018435000078 ], [ 6.855704896000077, 48.394579504000042 ], [ 6.855743769000071, 48.395028608000082 ], [ 6.855612978000067, 48.395077901000043 ], [ 6.855620415000089, 48.395167733000051 ], [ 6.855374549000089, 48.395445955000071 ], [ 6.854937951000068, 48.396500513000042 ], [ 6.854783011000052, 48.396762264000081 ], [ 6.854289575000053, 48.397606995000046 ], [ 6.853741063000086, 48.398300388000052 ], [ 6.853300525000066, 48.398679514000037 ], [ 6.852463431000047, 48.399161605000081 ], [ 6.850136385000042, 48.400250568000047 ], [ 6.849152728000092, 48.400602287000083 ], [ 6.847752989000071, 48.400836903000076 ], [ 6.846199314000046, 48.400851317000047 ], [ 6.844823314000053, 48.401364354000073 ], [ 6.844652256000074, 48.401730195000077 ], [ 6.844714141000054, 48.402448769000046 ], [ 6.844879285000047, 48.402799197000043 ], [ 6.845697934000043, 48.403668854000045 ], [ 6.845702564000078, 48.404344249000083 ], [ 6.845224965000057, 48.405084832000057 ], [ 6.844907386000045, 48.405320318000072 ], [ 6.841869034000069, 48.406157457000063 ], [ 6.839595444000054, 48.407244457000047 ], [ 6.839408664000075, 48.407430653000063 ], [ 6.836671829000068, 48.409122570000079 ], [ 6.834337824000045, 48.410427587000072 ], [ 6.833176084000058, 48.410289529000067 ], [ 6.832573159000049, 48.410358568000049 ], [ 6.831530607000047, 48.410811111000051 ], [ 6.830475349000039, 48.411124444000052 ], [ 6.830007058000092, 48.411184615000082 ], [ 6.826240433000066, 48.410923479000083 ], [ 6.825924, 48.410897666000039 ], [ 6.825644925000063, 48.410839122000077 ], [ 6.82523468100004, 48.410744278000038 ], [ 6.825028123547053, 48.41067403511132 ] ] ] } },
{ "type": "Feature", "properties": { "fid": 498, "gid": 498, "CdEuMasseDEau": "FRCR297", "NomMasseDEau": "PLAINE 2", "Etat masse eau ": "Bon", "Etat ecologique": "Bon", "Etat chimique": "Bon", "_swEcologicalStatusOrPotentialValue": "2", "_swChemicalStatusValue": "2" }, "geometry": { "type": "MultiLineString", "coordinates": [ [ [ 6.950280465000048, 48.460169902000082 ], [ 6.950264404000052, 48.459990287000039 ], [ 6.950700868000069, 48.459570415000087 ], [ 6.950872221000054, 48.459204409000051 ], [ 6.950786855000047, 48.458396579000073 ], [ 6.950490968000054, 48.457951556000069 ], [ 6.950319045000072, 48.457691561000047 ], [ 6.949156232000064, 48.456793503000085 ], [ 6.948783038000045, 48.456400591000033 ], [ 6.948090744000069, 48.456356080000042 ], [ 6.947489462000078, 48.456317544000058 ], [ 6.947211699000093, 48.456236713000067 ], [ 6.946775544000047, 48.455895431000044 ], [ 6.946687734000079, 48.455673166000047 ], [ 6.946461468000052, 48.455410470000061 ], [ 6.94639255900006, 48.454764224000087 ], [ 6.946381581000082, 48.454651996000052 ], [ 6.946325354000066, 48.454613333000047 ], [ 6.945663472000092, 48.454184979000047 ], [ 6.945670728000039, 48.453910010000072 ], [ 6.945678659000066, 48.453598988000067 ], [ 6.944326407000062, 48.452846803000057 ], [ 6.943626403000053, 48.452563826000073 ], [ 6.94360344100005, 48.452551078000056 ], [ 6.942487941000081, 48.452110767000079 ], [ 6.940988503000085, 48.451989458000071 ], [ 6.939956418000065, 48.451803065000043 ], [ 6.939890747000049, 48.451728683000056 ], [ 6.939892438000072, 48.451706108000053 ], [ 6.940384969000092, 48.451288913000042 ], [ 6.939607859000091, 48.450913896000088 ], [ 6.93944427100007, 48.450797729000051 ], [ 6.939193404000093, 48.450612401000058 ], [ 6.938836015000049, 48.450349543000073 ], [ 6.938160750000065, 48.449854038000069 ], [ 6.935663771000065, 48.447793150000052 ], [ 6.934791110000049, 48.446966398000086 ], [ 6.93416338500009, 48.446370212000033 ], [ 6.933744460000071, 48.445974269000033 ], [ 6.932862026000066, 48.445332480000047 ], [ 6.93270794700004, 48.445116907000056 ], [ 6.931783541000073, 48.444332383000081 ], [ 6.931391642000051, 48.444003092000059 ], [ 6.931032501000061, 48.443659203000038 ], [ 6.930356932000052, 48.443010540000046 ], [ 6.930196936000073, 48.442885234000073 ], [ 6.929688936000048, 48.442496734000088 ], [ 6.929672951000043, 48.442317114000048 ], [ 6.929914944000075, 48.44198932900008 ], [ 6.929835643000047, 48.441856845000082 ], [ 6.928999131000069, 48.441578310000068 ], [ 6.92870969900008, 48.441362713000046 ], [ 6.928688166000086, 48.441120225000077 ], [ 6.928658394000081, 48.440778927000053 ], [ 6.927987969000071, 48.440085043000067 ], [ 6.927492964000066, 48.439835719000087 ], [ 6.926389441000083, 48.439606544000071 ], [ 6.925801658000069, 48.439225174000057 ], [ 6.925270867000052, 48.438576193000081 ], [ 6.924990716000082, 48.438450355000043 ], [ 6.924914284000067, 48.438367314000061 ], [ 6.924569131000055, 48.438288664000083 ], [ 6.924347449000038, 48.438435617000039 ], [ 6.924336304000065, 48.438444993000083 ], [ 6.924057048000066, 48.438625376000061 ], [ 6.923620037000092, 48.43904967800006 ], [ 6.923209966000059, 48.439211870000072 ], [ 6.922116148000043, 48.439644383000086 ], [ 6.921485291000067, 48.439399528000081 ], [ 6.921369632869611, 48.439226960213354 ] ], [ [ 6.919928158116069, 48.436543996650812 ], [ 6.919931040000051, 48.436487470000088 ], [ 6.919903340000076, 48.436173124000049 ], [ 6.91977071000008, 48.436096442000064 ], [ 6.919618508000042, 48.436006895000048 ], [ 6.919285190921125, 48.436026825344499 ] ], [ [ 6.918055788527691, 48.435037954299759 ], [ 6.918040538000071, 48.434996170000034 ], [ 6.917818700000055, 48.434778314000077 ], [ 6.917615265991944, 48.434683619557546 ] ], [ [ 6.917243160938749, 48.434384316485847 ], [ 6.917223395000065, 48.434158454000055 ], [ 6.917212656000061, 48.434037209000053 ], [ 6.916942838000068, 48.433924522000041 ], [ 6.916721111000072, 48.433832765000034 ], [ 6.916300083000067, 48.433382789000063 ], [ 6.916108802000053, 48.433177432000043 ], [ 6.915914258000043, 48.433075768000037 ], [ 6.915470506000077, 48.432842719000064 ], [ 6.915394606000064, 48.432755151000038 ], [ 6.915388066000048, 48.432678803000051 ], [ 6.915382867000062, 48.432620427000082 ], [ 6.915276066000047, 48.432560901000045 ], [ 6.915240635000089, 48.432539553000083 ], [ 6.914661985000066, 48.432108288000052 ], [ 6.91411142590358, 48.431865302278112 ] ], [ [ 6.913456995376864, 48.431338910429425 ], [ 6.913286086000085, 48.431081823000056 ], [ 6.912997111000038, 48.430870679000073 ], [ 6.912764580000044, 48.430815301000052 ], [ 6.912030371000071, 48.430645870000042 ], [ 6.910133472812329, 48.430575409573251 ] ], [ [ 6.909024785577333, 48.430395222836822 ], [ 6.908740954000052, 48.430322010000047 ], [ 6.908308609000073, 48.430025507000039 ], [ 6.908185399592475, 48.42997251311543 ] ], [ [ 6.907044172575081, 48.429133070322962 ], [ 6.906929879000074, 48.42895853300007 ], [ 6.90670007500006, 48.428655350000042 ], [ 6.906208286000037, 48.428446369000085 ], [ 6.905867727471887, 48.428267722458287 ] ], [ [ 6.904633326386576, 48.427359744397585 ], [ 6.904531069000086, 48.427209055000048 ], [ 6.904316846000086, 48.427080999000047 ], [ 6.903923418956956, 48.427118162167872 ] ], [ [ 6.902538188793256, 48.427168309534764 ], [ 6.902351852722402, 48.427096625558917 ] ], [ [ 6.9020046402694, 48.426174914452368 ], [ 6.901914647000069, 48.425146930000039 ], [ 6.901879540000039, 48.424742751000053 ], [ 6.901824805000047, 48.424609441000086 ], [ 6.90162304200004, 48.424125177000064 ], [ 6.90131195500004, 48.423820155000051 ], [ 6.900891914000056, 48.423653830000042 ], [ 6.900584277000064, 48.423668457000083 ], [ 6.89954408400007, 48.42371619100004 ], [ 6.898719382000081, 48.423567674000083 ], [ 6.897157388000039, 48.422727302000055 ], [ 6.896651004000091, 48.422343119000061 ], [ 6.896476765000045, 48.421898476000081 ], [ 6.89608450500009, 48.421285353000087 ], [ 6.89458788747679, 48.419983376468139 ] ], [ [ 6.894414856929674, 48.419770237873266 ], [ 6.893916838000052, 48.419073200000071 ], [ 6.893469992000064, 48.418601478000085 ], [ 6.893463190143663, 48.418597977108135 ] ], [ [ 6.8915444071538, 48.417641743556871 ], [ 6.891407608000065, 48.417601827000055 ], [ 6.891224304000048, 48.417833031000043 ], [ 6.891196440064721, 48.417965110513627 ] ], [ [ 6.890456080076956, 48.418469876023551 ], [ 6.890404923000062, 48.418359840000051 ], [ 6.890190770000061, 48.418231758000047 ], [ 6.88911237700006, 48.418276154000068 ], [ 6.888426103000086, 48.418168063000053 ], [ 6.888177772338583, 48.418279421196921 ] ], [ [ 6.885229766548576, 48.417339758092943 ], [ 6.885154972000066, 48.417266503000064 ], [ 6.884883138862044, 48.417184461359838 ] ], [ [ 6.88436555962051, 48.417028251376642 ], [ 6.883835829000077, 48.416868374000046 ], [ 6.883778308000046, 48.416856748000043 ], [ 6.882872129000077, 48.416679268000053 ], [ 6.88230033900004, 48.416666473000078 ], [ 6.881516972000043, 48.416651597000055 ], [ 6.880017843000076, 48.416529542000042 ], [ 6.879014960000063, 48.416656946000046 ], [ 6.878137892000041, 48.416690150000079 ], [ 6.877793283000074, 48.416615856000078 ], [ 6.877725062000081, 48.41652801400005 ], [ 6.877413431000093, 48.416132878000042 ], [ 6.877370197000062, 48.415638888000046 ], [ 6.877412552000067, 48.415502392000064 ], [ 6.877449291000062, 48.415140895000043 ], [ 6.877298512000039, 48.414965681000069 ], [ 6.876608990000079, 48.414812592000033 ], [ 6.876272535000055, 48.414837108000086 ], [ 6.874837313000057, 48.414663359000087 ], [ 6.874425233000068, 48.414591261000055 ], [ 6.874040238000077, 48.414829029000032 ], [ 6.873703118000037, 48.414844552000034 ], [ 6.873425687000065, 48.414763546000081 ], [ 6.870615782000073, 48.414341927000073 ], [ 6.869914669000082, 48.414054069000088 ], [ 6.868638808000071, 48.413379640000073 ], [ 6.868203519000076, 48.413038058000041 ], [ 6.867869467000048, 48.412463484000057 ], [ 6.867759170000056, 48.411976185000071 ], [ 6.867545098000051, 48.411848061000057 ], [ 6.867208509000079, 48.411859044000039 ], [ 6.867010531000062, 48.411915045000057 ], [ 6.865931917000069, 48.411954738000077 ], [ 6.865792793000082, 48.411914240000051 ], [ 6.865706243000091, 48.411691880000042 ], [ 6.865492508000045, 48.411568245000069 ], [ 6.864410412000041, 48.411572009000047 ], [ 6.864263836000077, 48.411441678000081 ], [ 6.864248084000053, 48.411262046000047 ], [ 6.864375602000052, 48.411167815000056 ], [ 6.864969534000068, 48.410999826000079 ], [ 6.864953780000064, 48.410820193000063 ], [ 6.864740051000069, 48.410696557000051 ], [ 6.864194219000069, 48.410633290000078 ], [ 6.863658816000054, 48.410700286000072 ], [ 6.862846019000074, 48.410686249000037 ], [ 6.862861766000037, 48.410865882000053 ], [ 6.862405442000068, 48.411065405000045 ], [ 6.862000527000077, 48.411078601000042 ], [ 6.861636933000057, 48.410779697000073 ], [ 6.861625337000078, 48.410644965000081 ], [ 6.862252625000053, 48.410079581000048 ], [ 6.862506488000065, 48.409886657000072 ], [ 6.862485027000048, 48.409801787000049 ], [ 6.862410092000061, 48.409714156000064 ], [ 6.861676390000071, 48.409832644000062 ], [ 6.861268181000071, 48.409800908000079 ], [ 6.861054134000085, 48.409672772000079 ], [ 6.860899611000093, 48.409457127000053 ], [ 6.860543151000059, 48.409243557000082 ], [ 6.86000445600007, 48.409265609000045 ], [ 6.85934154000006, 48.409426812000049 ], [ 6.858395299000051, 48.40942609800004 ], [ 6.857760959000075, 48.409135998000068 ], [ 6.85746041200008, 48.408785489000081 ], [ 6.857325446000061, 48.408789882000072 ], [ 6.856809921000092, 48.409081384000046 ], [ 6.856412460000058, 48.409184391000053 ], [ 6.856139557000063, 48.409152739000042 ], [ 6.855446032000089, 48.408954625000042 ], [ 6.854621686000087, 48.408805799000049 ], [ 6.854542625000079, 48.408673261000047 ], [ 6.85485241400005, 48.408343426000044 ], [ 6.854766245000064, 48.408125551000069 ], [ 6.853350287000069, 48.408176104000063 ], [ 6.853223416000048, 48.408279310000069 ], [ 6.852707874000089, 48.408570793000081 ], [ 6.85115726500004, 48.40863020200004 ], [ 6.850463765000086, 48.408432059000063 ], [ 6.850115628000083, 48.408308261000059 ], [ 6.849774407000041, 48.408278814000077 ], [ 6.848502006000047, 48.408419222000077 ], [ 6.848446084000045, 48.40855614700007 ], [ 6.848187713000073, 48.40869964500007 ], [ 6.847981971000081, 48.408661290000055 ], [ 6.84749159100005, 48.408465542000044 ], [ 6.846944631000042, 48.408397730000047 ], [ 6.846778282000059, 48.408042840000064 ], [ 6.846579968000071, 48.408094313000049 ], [ 6.846254954000074, 48.408239971000057 ], [ 6.845712131000084, 48.40821705500008 ], [ 6.845580454000071, 48.408266364000042 ], [ 6.845611828000074, 48.408625636000068 ], [ 6.845425065000086, 48.408811841000045 ], [ 6.845167013000093, 48.408959826000057 ], [ 6.844489215000067, 48.408941284000043 ], [ 6.842360788000065, 48.408568959000043 ], [ 6.841286894000064, 48.408036319000082 ], [ 6.839690131000054, 48.407556641000042 ], [ 6.839408664000075, 48.407430653000063 ] ] ] } },
{ "type": "Feature", "properties": { "fid": 2430, "gid": 2430, "CdEuMasseDEau": "FRDR11725", "NomMasseDEau": "ruisseau de méreille", "Etat masse eau ": "Bon", "Etat ecologique": "Bon", "Etat chimique": "Bon", "_swEcologicalStatusOrPotentialValue": "2", "_swChemicalStatusValue": "2" }, "geometry": { "type": "MultiLineString", "coordinates": [ [ [ 6.525902203442777, 47.916345276416926 ], [ 6.525444591951779, 47.916496851873312 ] ], [ [ 6.541295993259412, 47.918718687283672 ], [ 6.540954411662093, 47.918640707017559 ], [ 6.540532679522645, 47.918385871801043 ], [ 6.539816397476892, 47.918637193122152 ], [ 6.539144913365936, 47.918616000170744 ], [ 6.538047374158551, 47.918295046914189 ], [ 6.534603562368422, 47.917113267312246 ], [ 6.533384058519446, 47.916931974102894 ], [ 6.532693677630993, 47.916687000045748 ], [ 6.531860584196303, 47.916311187428327 ], [ 6.530683021847413, 47.915813304716707 ], [ 6.530277596981198, 47.915782257492417 ], [ 6.529620851568378, 47.915941640320277 ], [ 6.52816623223357, 47.916173650038722 ], [ 6.525902203442777, 47.916345276416926 ] ], [ [ 6.525444591951779, 47.916496851873312 ], [ 6.524981003515535, 47.916558519481214 ], [ 6.524341780830814, 47.916941658430872 ], [ 6.523363987975468, 47.917291715371803 ], [ 6.522595383349279, 47.917724670871188 ], [ 6.521937193703113, 47.917883151623748 ], [ 6.521136363021824, 47.917911680365805 ], [ 6.520745537197103, 47.918060332389139 ], [ 6.520430223535751, 47.918296803597023 ], [ 6.519586126383934, 47.918642817728845 ], [ 6.518694007178943, 47.919214576497353 ], [ 6.517312086385048, 47.91953435302031 ], [ 6.516539082219014, 47.919922355247039 ], [ 6.516072473712054, 47.91993903441827 ], [ 6.515741197397841, 47.919995800320258 ], [ 6.515228262455183, 47.920284117827272 ], [ 6.51457865124284, 47.920532383335377 ], [ 6.514128265243117, 47.920773780631137 ], [ 6.513481620565529, 47.921066993179508 ], [ 6.511365608346694, 47.921413169318797 ], [ 6.509829367866695, 47.921468117620442 ], [ 6.50923797106583, 47.921624527374803 ], [ 6.508395026124934, 47.921969521339811 ], [ 6.507611665416306, 47.922222644341488 ], [ 6.50729493094603, 47.92245911965437 ], [ 6.50706254981258, 47.922917383801689 ], [ 6.506809715999922, 47.923106906503399 ], [ 6.506212348757225, 47.923173394256864 ], [ 6.505689080120807, 47.923326849549859 ], [ 6.504926185093312, 47.923849594477893 ], [ 6.504680558190231, 47.924128080151007 ], [ 6.5046414532068, 47.924489583524227 ], [ 6.504589188043167, 47.924672212519134 ] ], [ [ 6.504589188043167, 47.924672212519134 ], [ 6.50407183976843, 47.924915567104257 ], [ 6.503833480559914, 47.925283917543517 ], [ 6.50384803485564, 47.925463650992931 ], [ 6.503528294769263, 47.925655162370212 ], [ 6.502941139414431, 47.925856453427109 ], [ 6.502557479192216, 47.926094910959073 ], [ 6.50243832178425, 47.9262795341144 ], [ 6.502396231344006, 47.926596082943249 ], [ 6.502336681585791, 47.926688843962005 ], [ 6.502354360575147, 47.927768420488384 ], [ 6.502118945079736, 47.928181720094059 ], [ 6.501749871766188, 47.928600807035934 ], [ 6.50158133484371, 47.929012110484329 ], [ 6.500959247068797, 47.92961890675376 ], [ 6.500597426896715, 47.930127856354005 ], [ 6.500440393885285, 47.930673038734689 ], [ 6.499957986958681, 47.931365747290968 ], [ 6.499533558896525, 47.931921600250348 ], [ 6.498963765359424, 47.932346658071069 ], [ 6.498577133959432, 47.9325410474775 ], [ 6.498260297642297, 47.932777496945512 ] ], [ [ 6.571022331511833, 47.936062611386902 ], [ 6.570756156988119, 47.936071606541489 ], [ 6.570562989924596, 47.936169368776405 ], [ 6.569371085335752, 47.936347040829673 ], [ 6.568787087045941, 47.93659361093173 ], [ 6.567838773905871, 47.937303481956683 ], [ 6.567578701940716, 47.937403271657701 ], [ 6.566909993151294, 47.937427189032213 ], [ 6.566361642581882, 47.937267274447485 ], [ 6.566006474546803, 47.937009602917747 ], [ 6.565646949326744, 47.936707019462581 ], [ 6.565550582680383, 47.936350500638767 ], [ 6.565607070520494, 47.936213655733781 ], [ 6.565571492489135, 47.935764303654587 ], [ 6.564837764841619, 47.93498030671978 ], [ 6.564130559396443, 47.934510803181247 ], [ 6.564056287485976, 47.934422971049095 ], [ 6.563956914510216, 47.934021498870607 ], [ 6.563257108528076, 47.933641852324953 ], [ 6.562489084740521, 47.933264271556425 ], [ 6.561923017987242, 47.932879658931171 ], [ 6.560747824349835, 47.932427034321648 ], [ 6.560254643181726, 47.932129389349321 ], [ 6.559892166230276, 47.931781835676723 ], [ 6.559338401112208, 47.930721190129432 ], [ 6.558745917639126, 47.930022061367978 ], [ 6.558661334203171, 47.929800309763337 ] ], [ [ 6.589410681954583, 47.9416691775941 ], [ 6.589222723851847, 47.941671566825981 ] ], [ [ 6.588843906454029, 47.941676382168289 ], [ 6.58876459725579, 47.9416773903082 ], [ 6.588155321648001, 47.941609523613273 ], [ 6.587458283944327, 47.941274973713554 ], [ 6.586764331558178, 47.941109466985722 ] ], [ [ 6.586057822954872, 47.940778501598501 ], [ 6.585117504773649, 47.940504140724691 ], [ 6.584892808144049, 47.940412455681795 ] ], [ [ 6.572711629567097, 47.936001464050698 ], [ 6.571022331511833, 47.936062611386902 ] ], [ [ 6.554803563128719, 47.925120972514208 ], [ 6.554603043460792, 47.925128845602437 ], [ 6.553113511780127, 47.924101906195602 ], [ 6.551846624432848, 47.923336670810869 ], [ 6.55059755485726, 47.922797000579628 ], [ 6.548856765315149, 47.921958682754472 ], [ 6.547202280993674, 47.921387991582165 ], [ 6.546710615872509, 47.921090247351053 ], [ 6.546199977029555, 47.920568759399231 ], [ 6.545221350236239, 47.920063205365587 ], [ 6.544728431106464, 47.919766392039776 ], [ 6.544187614436203, 47.919695337709513 ], [ 6.541707389865415, 47.918838702450401 ], [ 6.541295993259412, 47.918718687283672 ] ], [ [ 6.558661334203171, 47.929800309763337 ], [ 6.558428300413472, 47.929403785239352 ], [ 6.557854874842374, 47.928928389948695 ], [ 6.556996929593373, 47.927428320208769 ], [ 6.556123712093965, 47.926559312578611 ], [ 6.555595184769562, 47.925813188352159 ], [ 6.554803563128719, 47.925120972514208 ] ] ] } }
]
}
