{
"type": "FeatureCollection",
"name": "SudMeuse_Etats general - ecologique - chimique - masses eaux Sl-alleger",
"crs": { "type": "name", "properties": { "name": "urn:ogc:def:crs:OGC:1.3:CRS84" } },
"xy_coordinate_resolution": 1e-15,
"features": [
{ "type": "Feature", "properties": { "fid": 7988, "gid": 7988, "CdEuMasseDEau": "FRHR122A", "NomMasseDEau": "L'Ornain de sa source au confluent de la Barboure (inclus)", "Etat masse eau ": "Moyen", "Etat ecologique": "Bon", "Etat chimique": "Non atteint", "_swEcologicalStatusOrPotentialValue": "2", "_swChemicalStatusValue": "3" }, "geometry": { "type": "MultiLineString", "coordinates": [ [ [ 5.495259958284361, 48.494706660760414 ], [ 5.49534082662805, 48.494929972835962 ], [ 5.495087319239269, 48.495205312318859 ], [ 5.494905726558865, 48.495569144856574 ], [ 5.494986594724271, 48.495792457021793 ], [ 5.495200609804915, 48.4959679696682 ], [ 5.495538820504057, 48.495960863610961 ], [ 5.495800222431521, 48.495815863865197 ], [ 5.495920136911638, 48.495543330580858 ], [ 5.496049451225456, 48.495450608451087 ], [ 5.496252375586522, 48.49544634348068 ], [ 5.49667935335379, 48.495792885948482 ], [ 5.497290056131763, 48.495820548287362 ], [ 5.497825219318473, 48.495719289721357 ], [ 5.498163213987473, 48.495707680468577 ], [ 5.499749739621263, 48.496196324652011 ], [ 5.50105226779421, 48.496479418237257 ], [ 5.501249003532568, 48.496380770336003 ], [ 5.501243871229224, 48.496290873847443 ], [ 5.501024917038283, 48.496029971331801 ], [ 5.501074174420757, 48.495713917934665 ], [ 5.501332570876962, 48.495523966615487 ], [ 5.501738419273713, 48.495515418280917 ], [ 5.502436001091591, 48.495856240381599 ], [ 5.502987191432682, 48.49602013444224 ], [ 5.503071930683737, 48.496288362503641 ], [ 5.503682642594719, 48.496315991971528 ], [ 5.504030282995331, 48.496488672324801 ], [ 5.504441907122891, 48.496565497580413 ], [ 5.504737128440219, 48.496739281261192 ], [ 5.504972580499232, 48.497274343474864 ], [ 5.505183427986165, 48.497400403019668 ], [ 5.505807427280423, 48.497652753205962 ], [ 5.506089130386115, 48.497826818808143 ], [ 5.506806036541631, 48.498482224350496 ], [ 5.507725052714178, 48.499133358526549 ], [ 5.507808130052925, 48.499401618258183 ], [ 5.508027977616933, 48.499662489724159 ], [ 5.508579010418632, 48.499821861660607 ], [ 5.508778109512583, 48.499772654135725 ], [ 5.509251421175164, 48.499758155615403 ], [ 5.50932505988632, 48.499846604515042 ], [ 5.509484782201579, 48.500248250750509 ], [ 5.509852382694388, 48.500731008594819 ], [ 5.5098686708044, 48.501000678112483 ], [ 5.50975888986135, 48.501183006912242 ], [ 5.509835987713461, 48.50136138689858 ], [ 5.510461747706763, 48.501613676116449 ], [ 5.510848027351739, 48.502415551947912 ], [ 5.510886610118363, 48.503044767658665 ], [ 5.510830103662833, 48.5032259709876 ], [ 5.510788584276352, 48.503631868495255 ], [ 5.511022222453436, 48.504162455892363 ], [ 5.51111516375875, 48.504565510787572 ], [ 5.510987160016602, 48.504703223200437 ], [ 5.510652953358231, 48.504759789786505 ], [ 5.510589603764549, 48.504851133028019 ], [ 5.511036891719434, 48.505512210696814 ], [ 5.511066485369697, 48.506006608563538 ], [ 5.511053946923638, 48.506681905262532 ], [ 5.510751686260748, 48.507282321662743 ], [ 5.510765829025611, 48.50750703308411 ], [ 5.510711469307252, 48.507733192290779 ], [ 5.511767733707548, 48.508417395740864 ], [ 5.511723218864741, 48.508778353277059 ], [ 5.511468469609661, 48.509062751766223 ], [ 5.511558424526151, 48.509420866135841 ], [ 5.511634233513463, 48.509554269423205 ], [ 5.511585872495007, 48.509870305865576 ], [ 5.510904864491623, 48.510924246810923 ], [ 5.510451375036224, 48.51124884411778 ], [ 5.50934336807792, 48.511731272016839 ], [ 5.509153673081004, 48.511960287976869 ], [ 5.50818135071956, 48.512660347472767 ], [ 5.507394024219096, 48.513086483133357 ], [ 5.506196616274148, 48.513435761022286 ], [ 5.505249529455575, 48.51346023587822 ], [ 5.503682528394924, 48.513286260405508 ], [ 5.50230015626271, 48.512829365323462 ], [ 5.500245577791607, 48.512656613134553 ], [ 5.500110250726421, 48.512659460995032 ], [ 5.499975137942936, 48.512666804360528 ], [ 5.499839810836784, 48.512669651913043 ], [ 5.499704483715942, 48.512672499311442 ], [ 5.499636820150012, 48.512673922952843 ], [ 5.49957402833984, 48.512688744561082 ], [ 5.499446753022302, 48.512718423265348 ], [ 5.499317785968962, 48.51274813741864 ], [ 5.49919072459203, 48.51278231150723 ], [ 5.499065140424702, 48.512811954216403 ], [ 5.498936172925308, 48.512841667953367 ], [ 5.49880720527983, 48.512871381549701 ], [ 5.498681620682597, 48.512901023851519 ], [ 5.498569354551999, 48.512925885757127 ], [ 5.498552438571463, 48.512926241509447 ], [ 5.498417324882899, 48.512933583102367 ], [ 5.498281997004079, 48.512936428880408 ], [ 5.498146669110577, 48.512939274504362 ], [ 5.498028257191721, 48.512941764298894 ], [ 5.49801303280134, 48.512942084406767 ], [ 5.497881494967191, 48.512917849056059 ], [ 5.497749325562396, 48.51289812700346 ], [ 5.497618847854126, 48.51287836924174 ], [ 5.497550541697567, 48.512866304707202 ], [ 5.497486475101036, 48.512872151665128 ], [ 5.497353695217926, 48.512892943477659 ], [ 5.497220701168185, 48.512909239478297 ], [ 5.497086861236307, 48.51292555310701 ], [ 5.497012644920097, 48.512931613134313 ], [ 5.49696825597764, 48.512959547043117 ], [ 5.496865313364553, 48.5130202126578 ], [ 5.496763848094734, 48.513076346967303 ], [ 5.496684791255811, 48.513123009957908 ], [ 5.496681418305737, 48.513141081482765 ], [ 5.496658632888348, 48.513231563520428 ], [ 5.496637539004489, 48.513322009999399 ], [ 5.496617076843727, 48.513407943031837 ], [ 5.496595137008389, 48.513498407264443 ], [ 5.496587331176729, 48.513530072409388 ], [ 5.496528358937254, 48.513571813049978 ], [ 5.496436624155994, 48.513636742874453 ], [ 5.496345103137236, 48.513706168286738 ], [ 5.496327769053874, 48.513715532817933 ], [ 5.496219301171704, 48.513731312305147 ], [ 5.496088842083655, 48.513747553715497 ], [ 5.49595690524456, 48.513768326183047 ], [ 5.495823062728054, 48.513784638377416 ], [ 5.495690279876285, 48.513805428316488 ], [ 5.495557282996709, 48.513821722443893 ], [ 5.495523664336548, 48.513826928751207 ], [ 5.495433599830481, 48.513855821421579 ], [ 5.495312667852339, 48.513894362639377 ], [ 5.495192795404683, 48.513937381632552 ], [ 5.49507017142736, 48.513975958128341 ], [ 5.494948606958678, 48.514019012397917 ], [ 5.494925983745204, 48.514023987630253 ], [ 5.494851580663444, 48.514079551884038 ], [ 5.494760688739075, 48.514144462627563 ], [ 5.494666413305644, 48.514209444337823 ], [ 5.494576366749241, 48.514274337173823 ], [ 5.49448462832369, 48.514339265455455 ], [ 5.494406209033019, 48.514399413872262 ], [ 5.49440515886317, 48.514412936377191 ], [ 5.494397593833103, 48.514503098244859 ], [ 5.494389182949715, 48.514593277863511 ], [ 5.494381404040887, 48.514678944055255 ], [ 5.494372993101476, 48.51476912366018 ], [ 5.494366691978488, 48.514850258662015 ], [ 5.494374732112507, 48.514859090164961 ], [ 5.494439267113373, 48.514934237827752 ], [ 5.494504016136258, 48.515013881111649 ], [ 5.494570457026384, 48.515093488836889 ], [ 5.494584845769083, 48.515111187329779 ], [ 5.494589113122141, 48.515183100130471 ], [ 5.494595081708574, 48.515272977805843 ], [ 5.494599358636144, 48.515362890993302 ], [ 5.494605327260583, 48.515452768655344 ], [ 5.494610450062924, 48.515542664070168 ], [ 5.494616418726819, 48.51563254171883 ], [ 5.494621541565722, 48.515722437120353 ], [ 5.494627510269073, 48.515812314755671 ], [ 5.494633478992877, 48.515902192384289 ], [ 5.494636472922612, 48.515965131583833 ], [ 5.494647692381527, 48.515987396752351 ], [ 5.494690032759029, 48.516076510692017 ], [ 5.494733851123943, 48.516161093433517 ], [ 5.494775132068664, 48.516245729435113 ], [ 5.494790162796753, 48.516276914853961 ], [ 5.494841361058945, 48.5163208412757 ], [ 5.494921123938145, 48.516395668889054 ], [ 5.49500004118751, 48.516470514206681 ], [ 5.495077898910927, 48.516540881576098 ], [ 5.495194442729467, 48.516587935738727 ], [ 5.495306125510007, 48.516639592025243 ], [ 5.49541928630966, 48.516686717021273 ], [ 5.495533507106454, 48.516738319794442 ], [ 5.495563754064193, 48.516751184937775 ], [ 5.495651529554043, 48.516780842316997 ], [ 5.495770398055773, 48.516823346953217 ], [ 5.495889898650111, 48.516861338049054 ], [ 5.496011305119445, 48.516903789135966 ], [ 5.496129328326599, 48.516946311178494 ], [ 5.496250735186337, 48.516988762017981 ], [ 5.496370450510652, 48.517031248275963 ], [ 5.496489320162278, 48.517073752184743 ], [ 5.496610727608266, 48.517116202652218 ], [ 5.496730229478285, 48.517154192894317 ], [ 5.496849099699999, 48.51719669643915 ], [ 5.49696966185255, 48.517239164311206 ], [ 5.497090224200303, 48.517281632059536 ], [ 5.497208249132069, 48.517324153017952 ], [ 5.49732965773933, 48.517366602742619 ], [ 5.49736244311352, 48.517379414085411 ], [ 5.497451484215743, 48.517400043268587 ], [ 5.49757669433561, 48.517433412546659 ], [ 5.497704656353796, 48.517471223993716 ], [ 5.497828175058412, 48.517504628567885 ], [ 5.497952539793929, 48.517538015229583 ], [ 5.498080288184094, 48.517571330623802 ], [ 5.49812068673806, 48.517583981697939 ], [ 5.498209931864342, 48.517591105590462 ], [ 5.498345068410943, 48.517601764624494 ], [ 5.49847788157692, 48.517616972509899 ], [ 5.49861154069479, 48.517632162458803 ], [ 5.498746677428755, 48.517642821035857 ], [ 5.498879276592217, 48.517653532828682 ], [ 5.499012721685099, 48.517664226682712 ], [ 5.499148072829166, 48.517679380446161 ], [ 5.499280886424434, 48.517694587433319 ], [ 5.499414331703617, 48.517705280836111 ], [ 5.499550314664966, 48.517715920705221 ], [ 5.499683974345468, 48.517731109446942 ], [ 5.499818265675968, 48.517741784600361 ], [ 5.499951925499949, 48.517756973040441 ], [ 5.500085371074614, 48.517767665689298 ], [ 5.500219876918644, 48.51778283602934 ], [ 5.500353322613716, 48.517793528377133 ], [ 5.500486982724449, 48.517808716214901 ], [ 5.500621274417022, 48.517819390460367 ], [ 5.5006390378386, 48.51781901661262 ], [ 5.500748179309475, 48.517852720781868 ], [ 5.500871915244919, 48.517890617821912 ], [ 5.500995436953799, 48.517924019093442 ], [ 5.501119173236043, 48.517961915873926 ], [ 5.50120504770912, 48.517987109096637 ], [ 5.501238680297447, 48.517999901557538 ], [ 5.501349526154832, 48.518051569913922 ], [ 5.501461218112087, 48.518103220356608 ], [ 5.501572064406975, 48.518154888501208 ], [ 5.501684602686432, 48.518206520920771 ], [ 5.501795234944385, 48.518253693216877 ], [ 5.501907773655465, 48.518305325421103 ], [ 5.502018620817244, 48.518356993140962 ], [ 5.502040411442471, 48.518370034740713 ], [ 5.502332271452744, 48.518719400506896 ], [ 5.502286837046107, 48.519080369374642 ], [ 5.502100075624268, 48.519354311238914 ], [ 5.50183857381552, 48.519499322148121 ], [ 5.501153940366063, 48.519383231161662 ], [ 5.498569767737863, 48.519190091219563 ], [ 5.497851758372835, 48.519475195801967 ], [ 5.497841821655825, 48.519479904829936 ], [ 5.497116854244783, 48.519814652527032 ], [ 5.496451438295842, 48.52001314030165 ], [ 5.495960209849542, 48.519708450419103 ], [ 5.495483729198435, 48.519677957108186 ], [ 5.494616135733339, 48.519880680440885 ], [ 5.49342125744303, 48.520270270746877 ], [ 5.492831598865192, 48.520602151870712 ], [ 5.492583074095325, 48.520967375528407 ], [ 5.49240670814392, 48.521425587561922 ], [ 5.49237954465378, 48.522101175664787 ], [ 5.492604530661504, 48.522451965996488 ], [ 5.492629685958811, 48.522856449088167 ], [ 5.492114183723149, 48.524410800865788 ], [ 5.491968173906684, 48.525133880544232 ], [ 5.492078501016402, 48.525851584289697 ], [ 5.492346998926973, 48.526921478699883 ], [ 5.492201517432796, 48.527869551087427 ], [ 5.492035996602238, 48.528503035886679 ], [ 5.491734024878459, 48.529098880146734 ], [ 5.491473946337057, 48.530184354939827 ], [ 5.491278141934829, 48.530323462254536 ], [ 5.491157679845005, 48.530550991767392 ], [ 5.491115140482993, 48.530956891325992 ], [ 5.491333558726044, 48.531222318228878 ], [ 5.491357862324544, 48.531626816500747 ], [ 5.491032639730482, 48.531858637607108 ], [ 5.490987962279153, 48.53221958064406 ], [ 5.490578213728892, 48.532187667011243 ], [ 5.489892150568608, 48.532026538533842 ], [ 5.48948388293671, 48.531990090065079 ], [ 5.489215475832401, 48.532045212738971 ], [ 5.489220591016674, 48.532135107199679 ], [ 5.48944261807791, 48.532440962356162 ], [ 5.489800240700776, 48.532748476708051 ], [ 5.489881144457237, 48.532971785770052 ], [ 5.489348566603301, 48.533117943893323 ], [ 5.489223630195003, 48.533305063664699 ], [ 5.489000152783239, 48.534074756328202 ], [ 5.488834573694871, 48.534708233534182 ], [ 5.488596609882331, 48.535262224462485 ], [ 5.488470164412601, 48.535399873824801 ], [ 5.488392614057858, 48.536121507802122 ], [ 5.488131432151583, 48.536311478001146 ], [ 5.48746150644304, 48.536420000933298 ], [ 5.487415108149831, 48.536780976729027 ], [ 5.486890575330146, 48.537061955822125 ], [ 5.487110690011514, 48.537327353780263 ], [ 5.487052372060305, 48.537508576271925 ], [ 5.486514842396488, 48.537569322607673 ], [ 5.486528043265029, 48.537794049194787 ], [ 5.487152433440807, 48.538046489262818 ], [ 5.487234180307081, 48.538269781474561 ], [ 5.486839068282761, 48.538458050493439 ], [ 5.48685013798978, 48.538637820987539 ], [ 5.487002561325912, 48.538904635104672 ], [ 5.486741147251305, 48.53909010623908 ], [ 5.486275123862707, 48.539194355617148 ], [ 5.486227868714636, 48.539555347848442 ], [ 5.485895332026247, 48.539652303521088 ], [ 5.485560875566586, 48.53970879796249 ], [ 5.485218557458458, 48.53967095486415 ], [ 5.48479129815017, 48.539324383274142 ], [ 5.484245450024061, 48.539245791317647 ], [ 5.484116219882186, 48.539342992969601 ], [ 5.484063842646412, 48.539614090161372 ], [ 5.484085963595163, 48.539973631306658 ], [ 5.483565641044253, 48.540344506789971 ], [ 5.482965483741724, 48.540496545469722 ], [ 5.482764513305962, 48.540545743497127 ], [ 5.482375957340763, 48.540837360548963 ], [ 5.482122159929459, 48.541112662334825 ], [ 5.482135342863495, 48.541337388772071 ], [ 5.482682689197294, 48.541411459347614 ], [ 5.483457751040518, 48.541696772020309 ], [ 5.483474762401889, 48.541966418684346 ], [ 5.483076425695349, 48.54212324091997 ], [ 5.482815391058293, 48.542263694080205 ], [ 5.482743075437032, 48.542400205359073 ], [ 5.482693172251048, 48.542491248194153 ], [ 5.482683732145766, 48.542756947116686 ], [ 5.482668608134774, 48.543117265279498 ], [ 5.482666718982755, 48.543166805041942 ], [ 5.482747608432891, 48.5433901170965 ], [ 5.482958800887924, 48.543520707039136 ], [ 5.483775294180994, 48.54358915113658 ], [ 5.483913252623284, 48.543622268880817 ], [ 5.484342671990749, 48.544013798183087 ], [ 5.484341341233294, 48.54509383223521 ], [ 5.484295339953982, 48.545463795445791 ], [ 5.484042814547228, 48.545784073683102 ], [ 5.483923061223838, 48.545795575864972 ], [ 5.48323436927084, 48.545850463303672 ], [ 5.482568570340097, 48.546048869234163 ], [ 5.482179546684439, 48.546331493218553 ], [ 5.482101047219841, 48.547053134443672 ], [ 5.481923006470935, 48.547461852472559 ], [ 5.482206814138802, 48.547676427894125 ], [ 5.482086709137203, 48.547948936043611 ], [ 5.48145701390204, 48.548731581906416 ], [ 5.481129725963805, 48.548922912687175 ], [ 5.47885983376677, 48.549474260838856 ], [ 5.477923762300901, 48.549691773578843 ], [ 5.477801504944463, 48.549919321308721 ], [ 5.477626392689814, 48.550372969962488 ], [ 5.47737677444899, 48.550738170771162 ], [ 5.476273187446802, 48.55153515838213 ], [ 5.475954561873992, 48.551856792882283 ], [ 5.474625465858299, 48.553423455513219 ], [ 5.474007231855017, 48.554201316294836 ], [ 5.473290536899516, 48.55467072318686 ], [ 5.473245717843022, 48.555031652948429 ], [ 5.473464145912449, 48.555297107552128 ], [ 5.473561979732842, 48.555790068775032 ], [ 5.474059141879763, 48.556180222632889 ], [ 5.47414298384798, 48.55644847607644 ], [ 5.473883976321689, 48.556633863490873 ], [ 5.473680813280873, 48.556638090048722 ], [ 5.473539646238919, 48.556555527351911 ], [ 5.472982609602223, 48.556297115626137 ], [ 5.472642097394296, 48.55626369716861 ], [ 5.47244444869348, 48.556366806144574 ], [ 5.472390719492815, 48.556592921378119 ], [ 5.473033925402707, 48.557151041125003 ], [ 5.473257451515356, 48.557506388981217 ], [ 5.473250379460262, 48.558505526636289 ], [ 5.473155621419789, 48.558957492894713 ], [ 5.472449878551276, 48.55960666166024 ], [ 5.472392331688269, 48.559787856115143 ], [ 5.472143478712205, 48.560153025570379 ], [ 5.471845974626878, 48.560834201761736 ], [ 5.471417461026147, 48.561612598134211 ], [ 5.470597395515282, 48.562624124005659 ], [ 5.470167363941453, 48.563353046338186 ], [ 5.469649888376339, 48.563773287186095 ], [ 5.469146384194739, 48.564418231764762 ], [ 5.468891556459225, 48.564693517664523 ], [ 5.468359656187401, 48.564844055994548 ], [ 5.466730706241583, 48.564805854535656 ], [ 5.466071587160434, 48.565134517892112 ], [ 5.465193184588796, 48.56516172848896 ], [ 5.464995911310115, 48.565255815733622 ], [ 5.464423977670532, 48.565672660731423 ], [ 5.463703232637066, 48.566097085291936 ], [ 5.463451540034248, 48.566421792464553 ], [ 5.463536190768969, 48.566690033627417 ], [ 5.464196769669579, 48.56752683161978 ], [ 5.464225109766754, 48.568021234098843 ], [ 5.463765762135902, 48.56825574546302 ], [ 5.463513848155642, 48.568575956677691 ], [ 5.463429546039952, 48.569432683752531 ], [ 5.463263757526869, 48.57007060282136 ], [ 5.463079570830734, 48.570389409778272 ], [ 5.463024940103011, 48.570615535752772 ], [ 5.463474740879303, 48.571096709032602 ], [ 5.463685996961647, 48.57122733028249 ], [ 5.463705030426614, 48.571541928472698 ], [ 5.46386081366049, 48.571898692930006 ], [ 5.464123895252191, 48.572878718842283 ], [ 5.464510837889205, 48.573680681930384 ], [ 5.464538762798202, 48.574130091770272 ], [ 5.464497250121974, 48.574580940094627 ], [ 5.464753585983483, 48.575471105192754 ], [ 5.464640097437689, 48.575833446857807 ], [ 5.463638657040518, 48.57699715922665 ], [ 5.46353319421226, 48.577494329031033 ], [ 5.463640069303473, 48.578162596074691 ], [ 5.4638056031309, 48.578654153128049 ], [ 5.463817449177402, 48.578833902393292 ], [ 5.464201469207771, 48.57959092532591 ], [ 5.464288048641737, 48.579899622416072 ], [ 5.464263454277997, 48.580620109532951 ], [ 5.463892266394463, 48.581217278967941 ], [ 5.463838474800676, 48.581443385788603 ], [ 5.463131058852474, 48.581867520821554 ], [ 5.462957826842616, 48.582366090887632 ], [ 5.462852346745845, 48.582863257918525 ], [ 5.46266219101841, 48.583092186558581 ], [ 5.461813713158569, 48.583654227623406 ], [ 5.461428105034837, 48.58398169477892 ], [ 5.460258982914968, 48.584865345527042 ], [ 5.460004856000512, 48.585140590309379 ], [ 5.459766147124662, 48.585690005495472 ], [ 5.459572167328162, 48.585838010271317 ], [ 5.459233371565334, 48.585845013434977 ], [ 5.458754200242597, 48.585769419842087 ], [ 5.458614461157172, 48.585682310907153 ], [ 5.458597563555794, 48.585412670222972 ], [ 5.45838647398328, 48.58528653691554 ], [ 5.458121354108433, 48.585382011259632 ], [ 5.457535805172865, 48.585803591783943 ], [ 5.457197009360537, 48.585810589151123 ], [ 5.456851039614731, 48.585682738875057 ], [ 5.456650929191556, 48.58573636895435 ], [ 5.456057981785618, 48.586018599960688 ], [ 5.45578419963969, 48.585983752788117 ], [ 5.455640663022439, 48.585851720603898 ], [ 5.45575508249935, 48.585489372994189 ], [ 5.455738199677382, 48.585219731861841 ], [ 5.455597620093952, 48.585132636827723 ], [ 5.45519212773421, 48.585145504936023 ], [ 5.454996868582056, 48.585284528844426 ], [ 5.454799501218847, 48.585378597644713 ], [ 5.454746926257885, 48.585649671827433 ], [ 5.454899322863244, 48.585916516945566 ], [ 5.455120741214825, 48.586226935850398 ], [ 5.455126650184503, 48.586316810364309 ], [ 5.454146318673939, 48.586926511365029 ], [ 5.453399055364782, 48.586901423791979 ], [ 5.452856969778485, 48.586912600265492 ], [ 5.452589089779496, 48.586967620347139 ], [ 5.452329008084686, 48.587152973695019 ], [ 5.452406883910563, 48.587331361143761 ], [ 5.452967738189257, 48.587630287041399 ], [ 5.452905034845468, 48.587721575972083 ], [ 5.452839378670923, 48.587767927604958 ], [ 5.45168996310359, 48.587809616215921 ], [ 5.451289294179316, 48.587907867545958 ], [ 5.451093377755593, 48.588051397660962 ], [ 5.451177789742885, 48.588315147428297 ], [ 5.451253559120969, 48.588448580738927 ], [ 5.451188747609024, 48.588494913983901 ], [ 5.45085014393498, 48.588506388741088 ], [ 5.450362745486405, 48.588291436748541 ], [ 5.450284238505853, 48.588117561020304 ], [ 5.450246320952887, 48.587488368749561 ], [ 5.450108694659034, 48.587446204729019 ], [ 5.449572712591017, 48.587551736389322 ], [ 5.449329467882757, 48.588006724547171 ], [ 5.448954897870663, 48.588554410997659 ], [ 5.448758762420645, 48.588693441718618 ], [ 5.448348190239181, 48.588616394385461 ], [ 5.447793248388452, 48.588407321685033 ], [ 5.447454434437962, 48.588414291304304 ], [ 5.447189278811861, 48.588509741052093 ], [ 5.447128875137478, 48.588650477141272 ], [ 5.447090995917319, 48.589146233986682 ], [ 5.446451230905255, 48.589789360887231 ], [ 5.446140905642183, 48.590025230273682 ], [ 5.445939710628686, 48.590074364091457 ], [ 5.445374156323012, 48.589910496305393 ], [ 5.445301346063234, 48.589821996782703 ], [ 5.445339242709139, 48.589326240780338 ], [ 5.445197822347041, 48.589239151162403 ], [ 5.444660133136884, 48.589308696707612 ], [ 5.444181588397132, 48.589228531775845 ], [ 5.444162665754469, 48.588913934996313 ], [ 5.444221593441068, 48.588777730725987 ], [ 5.444078078312525, 48.588645684899454 ], [ 5.443458334860661, 48.58848292133117 ], [ 5.442126299992484, 48.58775430285413 ], [ 5.441850212276981, 48.587669973275695 ], [ 5.441232582906598, 48.587552152911449 ], [ 5.441094963701023, 48.587509978470727 ], [ 5.441016279110763, 48.587331601025468 ], [ 5.441068926808508, 48.587060533283818 ], [ 5.441187640803716, 48.586788109972403 ], [ 5.44117252655665, 48.586518432307273 ], [ 5.440950552157172, 48.586212500407626 ], [ 5.441020003098338, 48.585356113759012 ], [ 5.44078859747066, 48.584865883014963 ], [ 5.440425870246835, 48.584468341481802 ], [ 5.440468845760545, 48.584062477647343 ], [ 5.440534508235375, 48.584016132699013 ], [ 5.440364348906625, 48.583439148128193 ], [ 5.440140088319206, 48.583083763327785 ], [ 5.440180970390519, 48.582632944008438 ], [ 5.440292548220031, 48.582225672546791 ], [ 5.440146119539884, 48.582048683496453 ], [ 5.438895902684538, 48.581543341741082 ], [ 5.437319943065464, 48.581269651546172 ], [ 5.43655892404683, 48.581019751347192 ], [ 5.435885173230829, 48.581078546329202 ], [ 5.435687996463818, 48.581177079281929 ], [ 5.435297403205388, 48.581455063654978 ], [ 5.434782405994829, 48.581920084539647 ], [ 5.433276125596552, 48.583948810778679 ], [ 5.432782664889135, 48.584768864062447 ], [ 5.432495402392933, 48.585629696829884 ], [ 5.432551110237201, 48.586573512315972 ], [ 5.432655452225981, 48.586976359297282 ], [ 5.432630419484093, 48.587696835667565 ], [ 5.432519617467333, 48.588104080811902 ], [ 5.432261547075822, 48.588334345189374 ], [ 5.431184469616142, 48.588455352347744 ], [ 5.430320508204607, 48.588747487945824 ], [ 5.429467420633207, 48.589219385645343 ], [ 5.428538174087788, 48.589566837771727 ], [ 5.428013005502883, 48.58985204059146 ], [ 5.427757837913903, 48.590127232661942 ], [ 5.42672816872347, 48.591052687413558 ], [ 5.425102557489575, 48.592219765625856 ], [ 5.424846515967548, 48.592494968186713 ], [ 5.424895000671686, 48.593303934205828 ], [ 5.424724260970767, 48.593626895028429 ], [ 5.424747870975872, 48.594026890890213 ], [ 5.425188339328661, 48.594602881284892 ], [ 5.425234749061799, 48.595366890845128 ], [ 5.425456670458794, 48.595672849762302 ], [ 5.425810571991171, 48.595935620401221 ], [ 5.426157380832132, 48.59606354255579 ], [ 5.42735385650734, 48.596795099610411 ], [ 5.427570141851268, 48.597015674617282 ], [ 5.427528292819982, 48.597466501587711 ], [ 5.427347570780023, 48.597830166322538 ], [ 5.426818534788622, 48.598070441715748 ], [ 5.426073000341983, 48.598085642129753 ], [ 5.424933790500227, 48.598297848458976 ], [ 5.424675636530171, 48.598528094469472 ], [ 5.424694445593182, 48.598842691865187 ], [ 5.425085743442842, 48.59950967735525 ], [ 5.425036777166081, 48.599825655504205 ], [ 5.42483763557532, 48.599883709684228 ], [ 5.423941697000141, 48.599636477142802 ], [ 5.423738363159308, 48.599640618254483 ], [ 5.422936098778559, 48.599841442186843 ], [ 5.422350603085852, 48.599925355924093 ], [ 5.421936554214507, 48.600140769322046 ], [ 5.421884641582883, 48.600411808454162 ], [ 5.422030004681906, 48.60058433907701 ], [ 5.42204879859111, 48.600898936360601 ], [ 5.421718888303323, 48.601045140729866 ], [ 5.4213799891427, 48.601052036054313 ], [ 5.420088431101616, 48.600997310834693 ], [ 5.419809384059934, 48.600867993461399 ], [ 5.41881833377942, 48.600177185529127 ], [ 5.418185616288453, 48.600010054709749 ], [ 5.417449040908842, 48.599926024925239 ], [ 5.417362483698628, 48.59985128806666 ], [ 5.417252650152888, 48.599529540055791 ], [ 5.416804970514863, 48.599678122791239 ], [ 5.416350769960801, 48.599777339421593 ], [ 5.415554149402472, 48.599807009685954 ], [ 5.415248458785622, 48.599651224401001 ], [ 5.415147963630111, 48.599108799644938 ], [ 5.415072270823686, 48.598975344526721 ], [ 5.414786386953905, 48.598715662920853 ], [ 5.414090078707273, 48.598419309569572 ], [ 5.413662603739365, 48.598068003533918 ], [ 5.41322159300687, 48.597496484815572 ], [ 5.41290388141858, 48.596692979366047 ], [ 5.41267412029999, 48.596252166325286 ], [ 5.411994310666991, 48.596220949444572 ], [ 5.411100772484388, 48.596023070175761 ], [ 5.410672672552513, 48.595896751636367 ], [ 5.409721981874228, 48.595875508491567 ], [ 5.409048216710262, 48.595938646342006 ], [ 5.40835000243915, 48.595894282221629 ], [ 5.408026197338495, 48.595878336215705 ], [ 5.407273847758777, 48.595763065960597 ], [ 5.406418785449008, 48.596198831575457 ], [ 5.406217529483839, 48.596247897996669 ], [ 5.405947280542842, 48.596253361926671 ], [ 5.405462266143225, 48.596087678225786 ], [ 5.405132133370186, 48.596229341680299 ], [ 5.404936700063276, 48.596368282174886 ], [ 5.404949565740174, 48.596593007009837 ], [ 5.405125249786906, 48.597039426143283 ], [ 5.405138116437666, 48.597264150834427 ], [ 5.404943526479726, 48.597403074100988 ], [ 5.404062650439252, 48.597425371355946 ], [ 5.404031578455379, 48.59772747832362 ], [ 5.403978176658868, 48.598282018830325 ], [ 5.40361490934786, 48.599013805634989 ], [ 5.403583649314867, 48.599644392693172 ], [ 5.403394596405535, 48.599922691196959 ], [ 5.403271322635653, 48.600100668078127 ], [ 5.4034854564656, 48.600276331108013 ], [ 5.403504138867346, 48.600590931389803 ], [ 5.402362882353073, 48.600798459996042 ], [ 5.402102760525306, 48.600988196971308 ], [ 5.401916030427532, 48.60126194600965 ], [ 5.40215090177301, 48.601797166597599 ], [ 5.402376841242297, 48.602193077074112 ], [ 5.402614631829741, 48.602773234289408 ], [ 5.403468221792838, 48.604371381141391 ], [ 5.404187366141807, 48.605072304087088 ], [ 5.404341419802766, 48.605379669079682 ], [ 5.404464428339654, 48.606322113121927 ], [ 5.404697283401791, 48.60681237159794 ], [ 5.404728842788749, 48.607351692878886 ], [ 5.404502804108266, 48.60789621772949 ], [ 5.404451640920891, 48.608167230411553 ], [ 5.404563855837867, 48.608929904400526 ], [ 5.404508932229149, 48.60915599633401 ], [ 5.404122984508746, 48.609487766381122 ], [ 5.40366151572786, 48.609726567405936 ], [ 5.403267628199764, 48.609959502490895 ], [ 5.402822769660421, 48.610467943174612 ], [ 5.402112550477382, 48.611071729534558 ], [ 5.401729438813208, 48.611484426925642 ], [ 5.399699825519733, 48.612708760516433 ], [ 5.398791118887994, 48.613406517953415 ], [ 5.396978885790946, 48.614675915830162 ], [ 5.396591883072817, 48.615412644583778 ], [ 5.396245053282384, 48.616045071833561 ], [ 5.396329439903503, 48.616313349846266 ], [ 5.396628391458796, 48.616469318057668 ], [ 5.398100713844324, 48.616444169908682 ], [ 5.398991849432722, 48.616601701370968 ], [ 5.399823503618815, 48.616886414401733 ], [ 5.400115436664479, 48.61724049845683 ], [ 5.400196088421658, 48.617463853088921 ], [ 5.399941487586881, 48.617738962191638 ], [ 5.399961368794977, 48.618098530124442 ], [ 5.400248338669543, 48.618362721553069 ], [ 5.400519343677721, 48.618352758120409 ], [ 5.400914521271321, 48.618164805337003 ], [ 5.400969469853346, 48.617938716739197 ], [ 5.401165635491236, 48.617795272675082 ], [ 5.40157451048846, 48.617832021843149 ], [ 5.401926172531082, 48.618045408741651 ], [ 5.402375324965479, 48.618756284278831 ], [ 5.402550213888012, 48.619202716182734 ], [ 5.402589438538766, 48.619872366135858 ], [ 5.402873519852531, 48.620091613548425 ], [ 5.402970810042907, 48.620584606584544 ], [ 5.402859707706683, 48.62099181309808 ], [ 5.402372666225142, 48.621951056661722 ], [ 5.402209519808091, 48.622629287746769 ], [ 5.401964852897823, 48.623084183025526 ], [ 5.401384663638281, 48.623604339394085 ], [ 5.401054346299171, 48.623745988334321 ], [ 5.400514136432428, 48.623806375804413 ], [ 5.400050257080467, 48.623995710287289 ], [ 5.399535375941036, 48.624460545293338 ], [ 5.399204200558723, 48.624602206083637 ], [ 5.399073870629711, 48.624609331601967 ], [ 5.396618569128512, 48.624906251985806 ], [ 5.39441328921046, 48.625049607959895 ], [ 5.393466032697423, 48.62507765121866 ], [ 5.392591699776712, 48.62523470918206 ], [ 5.391730666005079, 48.625571476132968 ], [ 5.390942748211923, 48.626041755367041 ], [ 5.390623992706309, 48.626363124529703 ], [ 5.390262096937738, 48.626910336581751 ], [ 5.390103090097766, 48.627682952408001 ], [ 5.389853340426132, 48.628047929262642 ], [ 5.389126179514507, 48.628381988573693 ], [ 5.388941336183562, 48.628700665400594 ], [ 5.388959941316019, 48.629015260591437 ], [ 5.389184898881508, 48.629370711341402 ], [ 5.390161604827441, 48.629837063075684 ], [ 5.390722764306123, 48.630140767159638 ], [ 5.390946685530905, 48.630491735846853 ], [ 5.390976063315394, 48.630986096022419 ], [ 5.390923112025526, 48.631257131762531 ], [ 5.39060078062827, 48.631538074750097 ], [ 5.390259626356759, 48.63149992712669 ], [ 5.389761525951325, 48.631109464284286 ], [ 5.38941252103638, 48.630936485574601 ], [ 5.389209062889588, 48.630940567606174 ], [ 5.38907942997299, 48.631037658648651 ], [ 5.389094288677057, 48.631307332999839 ], [ 5.389846634169612, 48.63232263215771 ], [ 5.390154092861846, 48.632941897568713 ], [ 5.390157387854348, 48.634165704566257 ], [ 5.390316605456982, 48.634567466882082 ], [ 5.390905732042703, 48.635352058247598 ], [ 5.390867697325029, 48.635856768821213 ], [ 5.39007345604806, 48.636192176270711 ], [ 5.389418963980901, 48.636614764991911 ], [ 5.389291165072023, 48.636752314421443 ], [ 5.389159259763288, 48.636799955666802 ], [ 5.389312676014106, 48.63711184445156 ], [ 5.389341194229219, 48.637606219321952 ], [ 5.389165779494741, 48.637834713972389 ], [ 5.388609792371581, 48.637850364885011 ], [ 5.387989433711284, 48.637682823747255 ], [ 5.386706905542691, 48.637807520078823 ], [ 5.386248005852409, 48.638091185045511 ], [ 5.385885983224608, 48.638638378477459 ] ] ] } },
{ "type": "Feature", "properties": { "fid": 8366, "gid": 8366, "CdEuMasseDEau": "FRHR113A-F5270600", "NomMasseDEau": "ruisseau la cousance", "Etat masse eau ": "Médiocre", "Etat ecologique": "Médiocre", "Etat chimique": "Non atteint", "_swEcologicalStatusOrPotentialValue": "4", "_swChemicalStatusValue": "3" }, "geometry": { "type": "MultiLineString", "coordinates": [ [ [ 5.088539523457539, 48.593612369684372 ], [ 5.088619401145729, 48.593768667479992 ], [ 5.088690991310725, 48.595117168409963 ], [ 5.088639152953162, 48.595433021335445 ], [ 5.088011881450534, 48.596393356045994 ], [ 5.08770917936482, 48.597073543465569 ], [ 5.087526753921423, 48.598516479968019 ], [ 5.087417857943493, 48.599017798110083 ], [ 5.087103630405617, 48.599473225764577 ], [ 5.086308945469684, 48.599851590794522 ], [ 5.085923588886697, 48.601523035582431 ], [ 5.085604303776835, 48.603193318754613 ], [ 5.085593053649462, 48.604273312424922 ], [ 5.085760762544989, 48.604630305881948 ], [ 5.087067323327602, 48.606263091403562 ], [ 5.087513889529465, 48.607020115642165 ], [ 5.087623000630415, 48.607778557174079 ], [ 5.087571990761088, 48.608094391494539 ], [ 5.087268547102217, 48.608779082120471 ], [ 5.086751222208898, 48.609247063205203 ], [ 5.085765514526528, 48.609858222822453 ], [ 5.084904557335986, 48.610237733413896 ], [ 5.083969665058564, 48.610528549214571 ], [ 5.083461069456893, 48.610897381013046 ], [ 5.082232325798365, 48.612052656436127 ], [ 5.081706838380749, 48.612381283210937 ], [ 5.081049041544182, 48.612752712289335 ], [ 5.080446893385003, 48.612902708629498 ], [ 5.079701233003371, 48.612920235579637 ], [ 5.079293161433764, 48.612895869478898 ], [ 5.078753365910057, 48.612950286857242 ], [ 5.078073723133984, 48.612921659810809 ], [ 5.077674128392085, 48.613068106249543 ], [ 5.077480396848508, 48.613251451173682 ], [ 5.077422272520714, 48.613432429587263 ], [ 5.077637997863231, 48.613653620386373 ], [ 5.077721505966205, 48.613962601194295 ], [ 5.077179244572205, 48.61397656228656 ], [ 5.076766394179956, 48.613853290569018 ], [ 5.076551519253927, 48.613632083444521 ], [ 5.076466992685473, 48.613318620521703 ], [ 5.076711808623021, 48.612819448922977 ], [ 5.077098246605266, 48.612448279894032 ], [ 5.077143124391822, 48.61199758609424 ], [ 5.076919288535271, 48.611871017040841 ], [ 5.076714098091322, 48.611829605403152 ], [ 5.076383915300671, 48.612015328877483 ], [ 5.076363115052109, 48.612645566580731 ], [ 5.076230139233892, 48.61269287671702 ], [ 5.075753911157393, 48.612660688917572 ], [ 5.075540828027196, 48.612484439720689 ], [ 5.075578354206517, 48.612168848113988 ], [ 5.076160400255249, 48.611618806325922 ], [ 5.076208851712131, 48.611258032587862 ], [ 5.075866278472256, 48.611174024248001 ], [ 5.075533466706926, 48.61131480023387 ], [ 5.075231542028532, 48.611999428812148 ], [ 5.074968308097756, 48.612183981213647 ], [ 5.074630989518238, 48.612189859824873 ], [ 5.074492085425575, 48.612151788354453 ], [ 5.074345029498414, 48.611929395463918 ], [ 5.074470964962994, 48.611747236904151 ], [ 5.074586295629603, 48.611340307605232 ], [ 5.074379414070887, 48.611298921464247 ], [ 5.07404566373024, 48.611394718482181 ], [ 5.073731423716032, 48.611854602209085 ], [ 5.073409115124969, 48.612175153178192 ], [ 5.073079765970054, 48.612360852677391 ], [ 5.072808731998832, 48.612370070973952 ], [ 5.072603542850513, 48.612328652270321 ], [ 5.072530484741307, 48.612239942092756 ], [ 5.072504124348894, 48.611745499748203 ], [ 5.072106218066684, 48.61189189813652 ], [ 5.071916030377246, 48.612165154256793 ], [ 5.071647446093725, 48.612214819194079 ], [ 5.071091985794214, 48.611959036569132 ], [ 5.07034811387511, 48.61202146502152 ], [ 5.069939875885658, 48.611992570844393 ], [ 5.069589610567876, 48.611778204478313 ], [ 5.069465235073966, 48.610691584243327 ], [ 5.069322961985924, 48.610568082447386 ], [ 5.068914558206537, 48.61053468870702 ], [ 5.068101126931523, 48.610553321316161 ], [ 5.066754181111601, 48.610720683645859 ], [ 5.063732304472277, 48.61082933140996 ] ], [ [ 5.060130222804852, 48.612252208720392 ], [ 5.059924113109255, 48.612413739670814 ], [ 5.059658132708679, 48.612508323094957 ], [ 5.05959907134404, 48.612509836300916 ] ] ] } },
{ "type": "Feature", "properties": { "fid": 8526, "gid": 8526, "CdEuMasseDEau": "FRHR122A-F56-0400", "NomMasseDEau": "ruisseau la maldite", "Etat masse eau ": "Moyen", "Etat ecologique": "Moyen", "Etat chimique": "Bon", "_swEcologicalStatusOrPotentialValue": "3", "_swChemicalStatusValue": "2" }, "geometry": { "type": "MultiLineString", "coordinates": [ [ [ 5.510825875738484, 48.414591631482132 ], [ 5.5099021060094, 48.414867220045927 ], [ 5.509447965357109, 48.415196369443571 ], [ 5.50934026927423, 48.415648701108616 ], [ 5.509435476459029, 48.415744037332139 ] ], [ [ 5.513631367487395, 48.425882068322302 ], [ 5.512989634469926, 48.426345644354761 ], [ 5.511744651214143, 48.426966081830791 ], [ 5.511357755943985, 48.427289308935848 ], [ 5.51111279469171, 48.427699539378509 ], [ 5.509850125711084, 48.428959397884142 ], [ 5.509604300454273, 48.429369642557091 ], [ 5.509603491843043, 48.430449773885108 ], [ 5.509494921362987, 48.430902118289829 ], [ 5.509471861134191, 48.431622681534868 ], [ 5.509720343207152, 48.432382503974317 ], [ 5.509758016537162, 48.433011772186376 ], [ 5.509956082471256, 48.433813164413763 ], [ 5.510272144608267, 48.434571554818007 ], [ 5.510706856161564, 48.435052904889496 ], [ 5.511271774935141, 48.435445988201259 ], [ 5.511690225510326, 48.435657651372594 ], [ 5.512325502613143, 48.436089744170459 ], [ 5.513116507509132, 48.436878571329572 ], [ 5.513421494318565, 48.437457169285921 ], [ 5.513597975475227, 48.438123997917067 ], [ 5.513839468640119, 48.438523921678559 ], [ 5.514001191001298, 48.438970539933614 ], [ 5.514044913600133, 48.439689685602602 ], [ 5.513948348605739, 48.440321794790606 ], [ 5.51370465396463, 48.440777003243689 ], [ 5.513318728832836, 48.441104711308498 ], [ 5.511720891753662, 48.442628195807757 ], [ 5.511352063129301, 48.443225560525782 ], [ 5.510833736033313, 48.443596565607287 ], [ 5.510596436666441, 48.443921117852781 ], [ 5.510369814186587, 48.444645981579328 ], [ 5.510367331653516, 48.445726135983698 ], [ 5.510554303457798, 48.446577259938202 ], [ 5.511199992304809, 48.447189154198213 ], [ 5.511506492338641, 48.44776322086107 ], [ 5.511604406264549, 48.449156277051095 ], [ 5.511426082148714, 48.449565088604182 ], [ 5.510985779323435, 48.450118956550043 ], [ 5.510935319318532, 48.450390048826073 ], [ 5.511011041528149, 48.450523458665053 ], [ 5.511031619823942, 48.450883055717242 ], [ 5.510970025460852, 48.450974367249707 ], [ 5.510767274103969, 48.450978657507349 ], [ 5.510765124421447, 48.450933698941405 ], [ 5.510560223699319, 48.450893030278131 ], [ 5.510614197044962, 48.45179196903068 ], [ 5.510496148321358, 48.452064490690283 ], [ 5.509672988381557, 48.452995483823813 ], [ 5.509692254459849, 48.453310104050601 ], [ 5.510108906683641, 48.453481307238491 ], [ 5.509544184396573, 48.455113392189922 ], [ 5.509506990688541, 48.455609221363055 ], [ 5.509672567530314, 48.456100762309866 ], [ 5.509162451742581, 48.456611091683712 ], [ 5.509172735719573, 48.456790889536656 ], [ 5.509459158442747, 48.457050355766476 ], [ 5.509667921119237, 48.45713594877369 ], [ 5.510701315600191, 48.45746962082999 ], [ 5.511687455045736, 48.458105809835189 ], [ 5.511974957381056, 48.458369747678141 ], [ 5.511990398332031, 48.458639443714894 ], [ 5.511731592059531, 48.458833937392221 ], [ 5.511267635975252, 48.458983267461193 ], [ 5.510794477338677, 48.458993278647597 ], [ 5.509487053590818, 48.458624898517833 ], [ 5.509079342980015, 48.458588515239562 ], [ 5.508218166539545, 48.458885742181323 ], [ 5.507080404279892, 48.459094297976762 ], [ 5.505591611553108, 48.45908973620228 ], [ 5.505048925870103, 48.459060689001419 ], [ 5.504782383204525, 48.459111318473227 ], [ 5.504326313856506, 48.459390965028057 ], [ 5.504073668419697, 48.459679818837323 ], [ 5.503719236934034, 48.460317347075112 ], [ 5.503740614095493, 48.460676924839539 ], [ 5.503548935167744, 48.460860982665388 ], [ 5.503566023506767, 48.46113064362784 ], [ 5.503851811649146, 48.461394636170581 ], [ 5.504475376722338, 48.461647000451208 ], [ 5.504616551750546, 48.461734028450927 ], [ 5.504951731461259, 48.462802539595742 ], [ 5.504982088750602, 48.463296937673363 ], [ 5.504305386917231, 48.464395801799313 ], [ 5.504115635930817, 48.465524891327192 ], [ 5.503867664754722, 48.465894650196539 ], [ 5.503017234455557, 48.466367121059761 ], [ 5.501879289445816, 48.466575625799308 ], [ 5.500795695667721, 48.466557957697056 ], [ 5.500191304001193, 48.466620193573227 ], [ 5.499731528075585, 48.4668593940645 ], [ 5.499547924857007, 48.467178283561282 ], [ 5.499538369505443, 48.467439503792072 ], [ 5.499513614017853, 48.467719045349739 ], [ 5.4995974447784, 48.46798729962125 ], [ 5.499648262031689, 48.468841291091891 ], [ 5.499301265113086, 48.469388636214127 ], [ 5.499093570551234, 48.469717032013669 ], [ 5.498791171892074, 48.470312939576992 ], [ 5.498536956332335, 48.470588309513225 ], [ 5.498074784531659, 48.4707780489464 ], [ 5.496106193616481, 48.470652948246148 ], [ 5.495715897451102, 48.470931173079897 ], [ 5.495670672668437, 48.471296648792361 ], [ 5.495986837692201, 48.471825537937228 ], [ 5.49607364010035, 48.472138734163934 ], [ 5.496297805365415, 48.472494044875049 ], [ 5.496387380325845, 48.472847685195184 ], [ 5.496617518017158, 48.473292875657037 ], [ 5.496649748056754, 48.473863736017371 ], [ 5.496665308203633, 48.474101924636742 ], [ 5.496819732760118, 48.474413697770117 ], [ 5.496789666487667, 48.475044371682237 ], [ 5.496276889319234, 48.475505184412128 ], [ 5.496230605473291, 48.475866181010971 ], [ 5.495851124869175, 48.476283685935954 ], [ 5.495743186341883, 48.476735983952906 ], [ 5.496417963630075, 48.477617354170775 ], [ 5.496508607235731, 48.477975471001642 ], [ 5.496382768489734, 48.478158128428582 ], [ 5.496343295689509, 48.478608986729199 ], [ 5.496507976564707, 48.47910055501319 ], [ 5.496377858078077, 48.479193296602858 ], [ 5.496383825635173, 48.479283176733773 ], [ 5.496932684072752, 48.479402143181026 ], [ 5.496965114491128, 48.479941494719071 ], [ 5.49710334182336, 48.47998359038872 ], [ 5.497303221702119, 48.479934383549526 ], [ 5.497387060673961, 48.480202636826967 ], [ 5.497757394583961, 48.480730379668806 ], [ 5.498470132258672, 48.481340922122499 ], [ 5.498655183431755, 48.481922063832329 ], [ 5.498890507039902, 48.482457144317387 ], [ 5.499664718979332, 48.482971880026561 ], [ 5.499952297048802, 48.483235841872236 ], [ 5.499967683546858, 48.483505534247954 ], [ 5.499836263921443, 48.483553303888129 ], [ 5.499812202650133, 48.484273853668078 ], [ 5.49989521603296, 48.484542122061299 ], [ 5.500237185201381, 48.484579924557664 ], [ 5.500436020082058, 48.484526234664813 ], [ 5.500441995193897, 48.484616114216834 ], [ 5.500188778574077, 48.484895962569546 ], [ 5.499777038013682, 48.484814626116851 ], [ 5.499574155039023, 48.484818897143207 ], [ 5.499312818299397, 48.484963906443852 ], [ 5.499139404441538, 48.485462585495277 ], [ 5.499132406535548, 48.486452790334511 ], [ 5.49921327863772, 48.486676101220425 ], [ 5.499529571990401, 48.487204974578049 ], [ 5.49991557858329, 48.488006895025791 ], [ 5.499916711649735, 48.489131934626762 ], [ 5.499628086658779, 48.489948055356216 ], [ 5.499375921924554, 48.49026838025484 ], [ 5.498336449451905, 48.490974290382994 ], [ 5.496910547168096, 48.49200783276256 ], [ 5.496483262665541, 48.492561344181922 ], [ 5.496467259701311, 48.493416724665138 ], [ 5.496503524210913, 48.494000992177554 ], [ 5.496108778719874, 48.49418929860628 ], [ 5.495259958284361, 48.494706660760414 ] ] ] } },
{ "type": "Feature", "properties": { "fid": 8527, "gid": 8527, "CdEuMasseDEau": "FRHR120-F5510600", "NomMasseDEau": "L'Orge", "Etat masse eau ": "Médiocre", "Etat ecologique": "Médiocre", "Etat chimique": "Non atteint", "_swEcologicalStatusOrPotentialValue": "4", "_swChemicalStatusValue": "3" }, "geometry": { "type": "MultiLineString", "coordinates": [ [ [ 5.328767408168062, 48.509641144640888 ], [ 5.328930800348991, 48.509838376700351 ], [ 5.330707747232048, 48.510163520348897 ], [ 5.332178639516385, 48.510287651425017 ], [ 5.333630907308334, 48.510088138400079 ], [ 5.335556798680648, 48.509631803358666 ], [ 5.337141425118872, 48.509591640832163 ], [ 5.33908401502477, 48.509377913563725 ], [ 5.340798694876533, 48.509501637757992 ], [ 5.342359555254833, 48.510028861580388 ], [ 5.34270273864627, 48.510112092892761 ], [ 5.342986620244188, 48.510326989931023 ], [ 5.343328559042599, 48.510401244214222 ], [ 5.343981001941803, 48.509978882229234 ], [ 5.344314458077684, 48.509882304616262 ], [ 5.344652577314817, 48.509871132239418 ], [ 5.344999783425083, 48.510044275728497 ], [ 5.345275951536914, 48.51012432253718 ], [ 5.346223050831445, 48.510101122490283 ], [ 5.34642805495618, 48.510142072850201 ], [ 5.346854161962454, 48.510489149131182 ], [ 5.347834196181413, 48.511050273946495 ], [ 5.348312726064086, 48.511130814526489 ], [ 5.349140942804762, 48.51142043508294 ], [ 5.349357393053959, 48.511641150524341 ], [ 5.349484913667056, 48.512673607384365 ], [ 5.349557455161588, 48.512762170946431 ], [ 5.349794900618504, 48.513337962706501 ], [ 5.349716643835574, 48.514104493683504 ], [ 5.350634828032906, 48.514756816879022 ], [ 5.350852467716725, 48.515022504869634 ], [ 5.350959673298947, 48.515695368375731 ], [ 5.351874192799182, 48.516302755580249 ], [ 5.352095351737359, 48.516608870620686 ], [ 5.352696453536096, 48.51762744583548 ], [ 5.352859064668708, 48.518119214132923 ], [ 5.353151822833117, 48.51847340805265 ], [ 5.35449803022357, 48.519283720333362 ], [ 5.354596697401648, 48.51982175192795 ], [ 5.354947511185524, 48.520035294448 ], [ 5.354976487803411, 48.520529707770194 ], [ 5.354859495002146, 48.520847018293033 ], [ 5.354890894003532, 48.521395381903353 ], [ 5.355249267417239, 48.521739270285451 ], [ 5.355455170060655, 48.521780187927646 ], [ 5.355662044720775, 48.521861584894431 ], [ 5.355672661333926, 48.522041369731539 ], [ 5.355491701033501, 48.522404947353621 ], [ 5.35536385126207, 48.522555977543966 ], [ 5.355248875621058, 48.522918246697706 ], [ 5.355000228294114, 48.523283164701397 ], [ 5.35445705432032, 48.524198402396237 ], [ 5.354072183899302, 48.524566016671592 ], [ 5.354014266595024, 48.524747158740539 ], [ 5.354306223511699, 48.52510136471026 ], [ 5.354328621426149, 48.525505909118188 ], [ 5.354066479016685, 48.525646098091613 ], [ 5.353733786674032, 48.525742685102514 ], [ 5.353744397463219, 48.525922469556868 ], [ 5.354435691153581, 48.526174268019723 ], [ 5.35458082845101, 48.526351387150783 ], [ 5.354698719339519, 48.527204025423281 ], [ 5.355130750684401, 48.52764095100293 ], [ 5.355145405522546, 48.527910652229878 ], [ 5.355013944886845, 48.527962755741086 ], [ 5.355104784406043, 48.529306413057483 ], [ 5.356076659216655, 48.529732636266431 ], [ 5.356189695014165, 48.530495370590756 ], [ 5.356226442857023, 48.531124621301181 ], [ 5.355443337899341, 48.531639626617441 ], [ 5.355254918887943, 48.531913351309761 ], [ 5.354985040683675, 48.533088658230646 ], [ 5.354546096843793, 48.533686833354587 ], [ 5.354577096416249, 48.534226199766778 ], [ 5.354454340042966, 48.534453623241923 ], [ 5.353847945212799, 48.53451063173614 ], [ 5.35365853716936, 48.534743873990493 ], [ 5.353715698676067, 48.535507713502462 ], [ 5.354222390765291, 48.536078157143031 ], [ 5.3545896586224, 48.536561363911026 ], [ 5.354813140303572, 48.536916923054122 ], [ 5.355299467195851, 48.537127779270733 ], [ 5.355310085656689, 48.537307561952481 ], [ 5.355180621462628, 48.537404623497522 ], [ 5.355187527233798, 48.537539481448107 ], [ 5.355328456577217, 48.537622185773074 ], [ 5.355346827718195, 48.53793680951167 ], [ 5.355066504525589, 48.538936824360668 ], [ 5.35498940355503, 48.539973310080377 ], [ 5.354814165762726, 48.540201772328892 ], [ 5.354828822483084, 48.540471470889763 ], [ 5.354905123767139, 48.54060495383218 ], [ 5.354933265051844, 48.541099375820224 ], [ 5.354028496135566, 48.543020714181246 ], [ 5.354190996592737, 48.543507974894695 ], [ 5.354756351837485, 48.543892760686397 ], [ 5.354781829341993, 48.544346735973228 ], [ 5.354662964512167, 48.544623578082479 ], [ 5.353694878501976, 48.545457211263347 ], [ 5.352276937937911, 48.546479728350896 ], [ 5.352078887879077, 48.546578142217335 ], [ 5.351637579050891, 48.547126846407089 ], [ 5.351384199706057, 48.548616785940503 ], [ 5.351360931817786, 48.549382208338002 ], [ 5.351248733065987, 48.54978940697724 ], [ 5.351116325388655, 48.551011463620327 ], [ 5.350935261524063, 48.552319976362163 ], [ 5.350759367262171, 48.552818427995071 ], [ 5.350138257764192, 48.553780155140331 ], [ 5.350082390830036, 48.553970249143589 ], [ 5.349776764752288, 48.554561257406931 ], [ 5.349527082713993, 48.554926171451783 ], [ 5.349402240391241, 48.555108628237463 ], [ 5.349513540710418, 48.555871386848942 ], [ 5.348670014186517, 48.556522514920331 ], [ 5.348483163476726, 48.556796189978961 ], [ 5.348278156891916, 48.557704686835336 ], [ 5.348323532990388, 48.558509244180399 ], [ 5.348883686307441, 48.558813163034849 ], [ 5.348889410017642, 48.558903044739218 ], [ 5.348360206041237, 48.559138483183432 ], [ 5.348368790320689, 48.55927330573985 ], [ 5.348870978301033, 48.559758358676341 ], [ 5.34889419568634, 48.560162876152425 ], [ 5.349245256241103, 48.560376428606411 ], [ 5.349250980742051, 48.560466310180047 ], [ 5.349185267098433, 48.560512605618143 ], [ 5.349000420292096, 48.560831238107006 ], [ 5.349063184686112, 48.561909933348872 ], [ 5.349005208805199, 48.562091067555762 ], [ 5.348750809830358, 48.562370575336658 ], [ 5.348219555381941, 48.562561055055326 ], [ 5.347895403039046, 48.562796940796709 ], [ 5.347772550756727, 48.563024352154287 ], [ 5.347402909123835, 48.563436623401856 ], [ 5.34690076488436, 48.564125990703012 ], [ 5.346184809894338, 48.564639584765281 ], [ 5.345857977241025, 48.564835019599535 ], [ 5.345196289454481, 48.565122551227205 ], [ 5.344211371521862, 48.565686432618897 ], [ 5.343755731246399, 48.566014891346633 ], [ 5.342790780390372, 48.566893345396522 ], [ 5.342284637965386, 48.567533271545258 ], [ 5.342042765633051, 48.568037500508019 ], [ 5.3420954616084, 48.5689319014704 ], [ 5.3415711923063, 48.569261701486873 ], [ 5.341381403101141, 48.569490421931917 ], [ 5.341062041826661, 48.569816185671897 ], [ 5.34109388698741, 48.570130536800363 ], [ 5.340281184483131, 48.570151029269567 ], [ 5.339963619595011, 48.570517251453843 ], [ 5.340187146844784, 48.570872828364855 ], [ 5.340000602289523, 48.571155478379353 ], [ 5.340027772558448, 48.571649908377907 ], [ 5.339910575115023, 48.571967191167445 ], [ 5.339395671852816, 48.572431785860047 ], [ 5.339091511216013, 48.573022724541012 ], [ 5.338765358704748, 48.573254120988814 ], [ 5.338164405374867, 48.573405424575107 ], [ 5.337827680508398, 48.573457039431467 ], [ 5.337138695435659, 48.573250094574831 ], [ 5.336440313115691, 48.572908340413214 ], [ 5.335332507490796, 48.572489127316373 ], [ 5.33479054642506, 48.572499766163332 ], [ 5.33267403853085, 48.573409724338397 ], [ 5.332005719509992, 48.573571316739617 ], [ 5.331324451856416, 48.573499177020423 ], [ 5.330359966368782, 48.573252595954123 ], [ 5.329752143733556, 48.573269001562366 ], [ 5.328338406025392, 48.573440670463874 ], [ 5.327806965162321, 48.573631057314323 ], [ 5.327152752544618, 48.574053325527608 ], [ 5.325918377451542, 48.574981895445639 ], [ 5.325725855925334, 48.575170144780607 ], [ 5.325543657508329, 48.575533677829839 ], [ 5.325494113390546, 48.57584962096238 ], [ 5.325434044809493, 48.575985784285471 ], [ 5.325459084288045, 48.576435258336261 ], [ 5.325282963942445, 48.576897663594963 ], [ 5.325032158000826, 48.577262536168256 ], [ 5.324517070783745, 48.577727064471098 ], [ 5.323987766658353, 48.577966886620771 ], [ 5.323388511328316, 48.57815857656319 ], [ 5.323119393501161, 48.57816833172383 ], [ 5.321705501873344, 48.578339921135949 ], [ 5.32055758458953, 48.578411813766721 ], [ 5.319332750296794, 48.578354705940903 ], [ 5.318783907847782, 48.578230416249056 ], [ 5.31759987037923, 48.577677537777362 ], [ 5.317244197230663, 48.577378492320321 ], [ 5.317087702482231, 48.577021571095429 ], [ 5.31651893818528, 48.576542189368929 ], [ 5.316308226711665, 48.576415803362821 ], [ 5.314735897064399, 48.576185430030819 ], [ 5.313788436328072, 48.576208361444607 ], [ 5.31209981979903, 48.577510083012498 ], [ 5.311765873934598, 48.577606564993779 ], [ 5.310891799167973, 48.577718038820095 ], [ 5.310632307765944, 48.577907562932388 ], [ 5.310511241416934, 48.578179890517141 ], [ 5.310193419809744, 48.578546030833593 ], [ 5.309867303568963, 48.578781842767988 ], [ 5.309821338233197, 48.579142703139816 ], [ 5.310184821690497, 48.57958110562582 ], [ 5.310276351564206, 48.579984291946985 ], [ 5.310424318648072, 48.580206398290557 ], [ 5.310514157551038, 48.580609617119343 ], [ 5.311183187418873, 48.581402049529729 ], [ 5.311135534904695, 48.58176294254659 ], [ 5.311305112342405, 48.582340095443968 ], [ 5.310901987123994, 48.582406420778298 ], [ 5.310770436924859, 48.582498967591413 ], [ 5.310586972916174, 48.582817501776802 ], [ 5.3105393150075, 48.583178394139225 ], [ 5.310143428641783, 48.583370564479267 ], [ 5.309685240182857, 48.583649434928709 ], [ 5.308882784322976, 48.583849492681203 ], [ 5.30854418005534, 48.58386056262696 ], [ 5.307727290085174, 48.583790917825937 ], [ 5.307511564162924, 48.583570122954526 ], [ 5.305909662897951, 48.582845250934312 ], [ 5.3050182504614, 48.58264204484054 ], [ 5.304934385720103, 48.582373694903673 ], [ 5.303924022848426, 48.581547343722512 ], [ 5.300476946501015, 48.580516149429656 ], [ 5.299250958391987, 48.580413861031566 ], [ 5.298851187117216, 48.580556573598685 ], [ 5.29819834861994, 48.580978647486731 ], [ 5.298138203222994, 48.58111479645536 ], [ 5.296341273622088, 48.58169844029436 ], [ 5.296002680611021, 48.581709474577615 ], [ 5.295244300590076, 48.581503628833843 ], [ 5.294274776833149, 48.581121867585296 ], [ 5.2933067823432, 48.580794063893926 ], [ 5.292898469530881, 48.580761437700616 ], [ 5.291765650171875, 48.581102733394317 ], [ 5.29068192533141, 48.58113260313992 ], [ 5.290416521467201, 48.581227704015333 ], [ 5.28931403190522, 48.582108338380799 ], [ 5.288780593243476, 48.582258087620147 ], [ 5.28824068230348, 48.582317967855651 ], [ 5.287967682334595, 48.582278222559196 ], [ 5.287408674991642, 48.581978502216266 ], [ 5.286759168466462, 48.58127555912921 ], [ 5.28660567940343, 48.580963540503525 ], [ 5.2862385311768, 48.580475645444579 ], [ 5.286144107891992, 48.579982508835805 ], [ 5.285932608920651, 48.579856085679957 ], [ 5.2853115004573, 48.579647539951537 ], [ 5.284542841174146, 48.579495819167789 ], [ 5.28393388889285, 48.579507511114464 ], [ 5.283665023033413, 48.57956216746242 ], [ 5.28321831843316, 48.579795718846611 ], [ 5.282908064581089, 48.580301122747592 ], [ 5.282519474087076, 48.580623547001842 ], [ 5.281849669813704, 48.580775881389897 ], [ 5.280292492280402, 48.580814736201013 ], [ 5.279676155294981, 48.580696060841497 ], [ 5.27883823976901, 48.580491635876221 ], [ 5.278082747124194, 48.580330622310228 ], [ 5.277608450183574, 48.580339703209702 ], [ 5.276945084878977, 48.580581877333273 ], [ 5.275281111393846, 48.582903972990792 ], [ 5.274452714110328, 48.583504750181298 ], [ 5.274297147222241, 48.584295140318112 ], [ 5.274090520868616, 48.585725436860734 ], [ 5.273779363095665, 48.586212831390611 ], [ 5.273360577118204, 48.586427811020741 ], [ 5.271884938946646, 48.586415499799443 ], [ 5.271198270183882, 48.586689580207072 ], [ 5.270738519737352, 48.58715280492693 ], [ 5.2703821948685, 48.587420575568302 ], [ 5.270376549125188, 48.588757034903907 ], [ 5.270871432227032, 48.589436014617917 ], [ 5.271214425072678, 48.590189883205753 ], [ 5.271411733803793, 48.590829544633451 ], [ 5.271352136405637, 48.591762076680183 ], [ 5.271609704099264, 48.592657057643088 ], [ 5.271329370116223, 48.593152852360646 ], [ 5.270795310317464, 48.593311527323998 ], [ 5.269998639388067, 48.593358222931975 ], [ 5.269171291778505, 48.593284012193877 ], [ 5.268312201889968, 48.593259895047183 ], [ 5.267846315884299, 48.593309269654263 ], [ 5.267047410219138, 48.593441478081473 ], [ 5.26618452868263, 48.593466911995861 ], [ 5.265491176551208, 48.593354128221627 ], [ 5.264962679102988, 48.593328192373988 ], [ 5.263978469155206, 48.593567394563451 ], [ 5.263316311652412, 48.594038935576783 ], [ 5.263015125105034, 48.594211143601854 ], [ 5.262971206894353, 48.595156866189889 ], [ 5.263221240693566, 48.595723543085732 ], [ 5.263723328050191, 48.596667879185283 ], [ 5.263958739522478, 48.597131344753642 ], [ 5.263949859779431, 48.597455474505097 ], [ 5.263857102648419, 48.597781199693962 ], [ 5.263282367642321, 48.598197081494021 ], [ 5.262599978646953, 48.598300045383922 ], [ 5.261920674953856, 48.598317457138926 ], [ 5.261079793014916, 48.598166955800174 ], [ 5.260434664300669, 48.598111718676471 ], [ 5.260138604299514, 48.598049849634961 ], [ 5.259422055679924, 48.59816694227537 ], [ 5.258899515221137, 48.598496321732391 ], [ 5.258364250490272, 48.598668459674265 ], [ 5.257758544200724, 48.59897691462178 ], [ 5.257249181513262, 48.599396025032803 ], [ 5.256978833744145, 48.599576630061442 ], [ 5.255930149050493, 48.599798986458467 ], [ 5.254919295239874, 48.599777647367453 ], [ 5.254222710147538, 48.599768345588267 ], [ 5.253818259679246, 48.600005476129411 ], [ 5.253526755869843, 48.600384448395808 ], [ 5.253481277573318, 48.600785758457832 ], [ 5.253369128430719, 48.601174832336163 ], [ 5.253074171883946, 48.601670853295936 ], [ 5.252367007173879, 48.602066688297342 ], [ 5.251717591783331, 48.602168964140382 ], [ 5.250723714598337, 48.602129269801353 ], [ 5.250011356018145, 48.602187732323877 ], [ 5.249353991370993, 48.602519615502224 ], [ 5.248212619751707, 48.603054112485722 ], [ 5.24779447427669, 48.60321049026323 ], [ 5.24719367805097, 48.603280326885205 ], [ 5.246686730999513, 48.603699342629959 ], [ 5.246194139582388, 48.604077590397907 ], [ 5.245521626666005, 48.604373741657241 ], [ 5.245183981003605, 48.604924538113458 ] ] ] } },
{ "type": "Feature", "properties": { "fid": 8528, "gid": 8528, "CdEuMasseDEau": "FRHR122A-F5624000", "NomMasseDEau": "Ruisseau des macheres", "Etat masse eau ": "Moyen", "Etat ecologique": "Bon", "Etat chimique": "Non atteint", "_swEcologicalStatusOrPotentialValue": "2", "_swChemicalStatusValue": "3" }, "geometry": { "type": "MultiLineString", "coordinates": [ [ [ 5.520800779364112, 48.561948561796363 ], [ 5.520215925513839, 48.561470454499258 ], [ 5.519225774567557, 48.560775929524162 ], [ 5.518618782341496, 48.559713279336989 ], [ 5.518396253458548, 48.55940298991964 ], [ 5.518439451182625, 48.558997071955112 ], [ 5.518400952632851, 48.558372382235852 ], [ 5.518176270301913, 48.558017137443258 ], [ 5.517393693225657, 48.557408202038332 ], [ 5.51708390493891, 48.557009756452182 ], [ 5.516157963452036, 48.556273346515269 ], [ 5.515094237582055, 48.555490343503308 ], [ 5.514157814873554, 48.554569638181007 ], [ 5.513164241268846, 48.553834635316313 ], [ 5.512562393985801, 48.55285734472789 ], [ 5.511601578017889, 48.551761632838307 ], [ 5.510738149697258, 48.550929359560328 ], [ 5.510080036703396, 48.550137746124904 ], [ 5.509533622248671, 48.55006827982124 ], [ 5.509160527663696, 48.549495647598185 ], [ 5.508808674075173, 48.549278070134207 ], [ 5.508187502483922, 48.549115674198354 ], [ 5.50763274027805, 48.548906873877719 ], [ 5.50681398274839, 48.548793638707878 ], [ 5.506300108813471, 48.548358967592272 ], [ 5.506093138064293, 48.548318330023939 ], [ 5.505628374044063, 48.548467627515443 ], [ 5.504560208447479, 48.548719636938266 ], [ 5.503471922182492, 48.548657057024563 ], [ 5.503413193548108, 48.548793295014967 ], [ 5.503656420019157, 48.549238177758163 ], [ 5.503685968752403, 48.549732560242667 ], [ 5.503420264831568, 48.549828156050509 ], [ 5.503083615195347, 48.549839744120135 ], [ 5.502801642586565, 48.549665678591744 ], [ 5.502317599845175, 48.5495003655709 ], [ 5.50096786030903, 48.549587266209457 ], [ 5.499849980798004, 48.549259773263529 ], [ 5.499027398162468, 48.549101564827019 ], [ 5.497468339566429, 48.549098324744769 ], [ 5.49555534460959, 48.548832492117583 ], [ 5.494332706501615, 48.548777148791473 ], [ 5.493099191527337, 48.548546519979006 ], [ 5.492828565156269, 48.548556694651488 ], [ 5.492566678236831, 48.548697186237483 ], [ 5.492365685376236, 48.548746400167758 ], [ 5.49112599966093, 48.548421379935874 ], [ 5.490845767128332, 48.548247250397011 ], [ 5.490547853912172, 48.547807989125651 ], [ 5.489790049083788, 48.547603360412666 ], [ 5.488888735472798, 48.547266730643003 ], [ 5.488036817229176, 48.546614058744922 ], [ 5.487554982920738, 48.546493640833958 ], [ 5.486396076650307, 48.54638738334242 ], [ 5.484042814547228, 48.545784073683102 ] ] ] } },
{ "type": "Feature", "properties": { "fid": 8529, "gid": 8529, "CdEuMasseDEau": "FRHR122A-F5610600", "NomMasseDEau": "ru l'ognon", "Etat masse eau ": "Mauvais", "Etat ecologique": "Mauvais", "Etat chimique": "Bon", "_swEcologicalStatusOrPotentialValue": "5", "_swChemicalStatusValue": "2" }, "geometry": { "type": "MultiLineString", "coordinates": [ [ [ 5.433895960168178, 48.432569648610816 ], [ 5.434153876378556, 48.432805166786942 ], [ 5.434415893989744, 48.432797846759698 ] ], [ [ 5.43494665695907, 48.433030797804754 ], [ 5.434912737280324, 48.433055111636477 ], [ 5.434577851675455, 48.433106988653513 ], [ 5.434585792059207, 48.43324183560663 ], [ 5.435004124397754, 48.433458265511298 ], [ 5.435552365037647, 48.433577519808765 ], [ 5.435426420756436, 48.433760118867418 ], [ 5.43516223217163, 48.433860049548521 ], [ 5.435240667056117, 48.434038452523581 ], [ 5.436131541380163, 48.434236175980629 ], [ 5.436137400773158, 48.434326062240871 ], [ 5.435874451064488, 48.434470972277389 ], [ 5.435610051287156, 48.434566407854142 ], [ 5.43562092382107, 48.434746197714816 ], [ 5.43597170720392, 48.434964011198133 ], [ 5.436313495262305, 48.435042498273006 ], [ 5.436330230134515, 48.435312174186251 ], [ 5.435808730611134, 48.4356424066603 ], [ 5.435703288167814, 48.436139607278207 ], [ 5.435513545179393, 48.436368519085747 ], [ 5.434791016845513, 48.436702873556769 ], [ 5.434535783961987, 48.436978130873833 ], [ 5.434784611497741, 48.437513062176414 ], [ 5.434868063550902, 48.437781368320657 ], [ 5.43576422299192, 48.438073493403877 ], [ 5.437194878434164, 48.438260125684685 ], [ 5.437483775648356, 48.438564712129818 ], [ 5.437830816223411, 48.438737593890323 ], [ 5.438243978078374, 48.438859612217513 ], [ 5.438735805005818, 48.439164525084017 ], [ 5.439148127686336, 48.439286557586158 ], [ 5.439432229696572, 48.439505731957837 ], [ 5.439799605977856, 48.439988711810649 ], [ 5.440015298019979, 48.440209291651378 ], [ 5.440362148887731, 48.440377669771102 ], [ 5.441113399388619, 48.440497223728762 ], [ 5.441119268003061, 48.440587109310563 ], [ 5.440524941587459, 48.440824352578566 ], [ 5.440538766074366, 48.441049083912745 ], [ 5.44091264082996, 48.441671436193545 ], [ 5.440917664559482, 48.441761339082426 ], [ 5.440542495044341, 48.442039075911424 ], [ 5.440550452087382, 48.44217392153984 ], [ 5.440977682994585, 48.442525157114957 ], [ 5.441131475238119, 48.442832514204717 ], [ 5.441222082388232, 48.44323567764085 ], [ 5.441649326420113, 48.443586910511108 ], [ 5.442018842190387, 48.44411484201553 ], [ 5.442782931052348, 48.444454637015482 ], [ 5.443604952696011, 48.444658224870579 ], [ 5.443676311603436, 48.444701758243461 ], [ 5.443813558760231, 48.444743934474936 ], [ 5.444138241122957, 48.444507730753777 ], [ 5.444343065448699, 48.444548514261761 ], [ 5.444489124996598, 48.444725517422768 ], [ 5.444639371214352, 48.444992440292253 ], [ 5.444779774429414, 48.445066052554139 ], [ 5.444982508285403, 48.445061874992106 ], [ 5.445241912412333, 48.444876516818994 ], [ 5.445512223188902, 48.444870945605963 ], [ 5.446148316594171, 48.445348366808709 ], [ 5.446831863449191, 48.445464781340611 ], [ 5.44774711290507, 48.446071446287569 ], [ 5.447910685858384, 48.446333589922489 ], [ 5.44794259253116, 48.446872968586298 ], [ 5.448366970193818, 48.447179233896762 ], [ 5.448515146871994, 48.447401191550149 ], [ 5.448658077617625, 48.447528750846359 ], [ 5.44961408020296, 48.447684529963958 ], [ 5.449758068888932, 48.447816566444402 ], [ 5.449697624155073, 48.447952823574262 ], [ 5.449709392446538, 48.448132592848957 ], [ 5.450180565443952, 48.448118363954201 ], [ 5.450516376101769, 48.448066426055732 ], [ 5.451126499609085, 48.448094326722661 ], [ 5.451742511408008, 48.44821210878051 ], [ 5.452635998004172, 48.448459161849193 ], [ 5.452853878748109, 48.448724676598587 ], [ 5.452861148025247, 48.449984612284254 ], [ 5.452740703778746, 48.450212117186375 ], [ 5.452753738189931, 48.450436862931497 ], [ 5.453634229088705, 48.450459162359493 ], [ 5.453744353764958, 48.450951918602215 ], [ 5.45450314971374, 48.451192742752852 ], [ 5.454522084678357, 48.451507372295325 ], [ 5.454665041184212, 48.451634923953243 ], [ 5.455499010214954, 48.452018196542681 ], [ 5.456447115406049, 48.452039076499943 ], [ 5.457195410182784, 48.452109089618709 ], [ 5.457332687547177, 48.452151249975181 ], [ 5.457756952164836, 48.45245298451502 ], [ 5.457832542265459, 48.452586428035517 ], [ 5.457780960727262, 48.452857514635561 ], [ 5.457599256054505, 48.453221302120646 ], [ 5.457618210296205, 48.453535930675791 ], [ 5.457914678954841, 48.453979820478537 ], [ 5.457885002104552, 48.454610476973251 ], [ 5.458244014867683, 48.454963064407522 ], [ 5.458300295105945, 48.455677445607023 ], [ 5.458587515801515, 48.455941513176448 ], [ 5.45920279146757, 48.45605927330562 ], [ 5.461229274997251, 48.456008261755365 ], [ 5.461433946671545, 48.456044519477679 ], [ 5.462068422708066, 48.456481387897576 ], [ 5.46227098840691, 48.456472684916669 ], [ 5.462528279262295, 48.456242331348747 ], [ 5.462735272410314, 48.456328041990659 ], [ 5.463027371057781, 48.456677503688177 ], [ 5.463848397589733, 48.456835972656847 ], [ 5.463801907305484, 48.457196961824422 ], [ 5.463812881027541, 48.457376745954576 ], [ 5.464098448891106, 48.457640834924568 ], [ 5.464126308570466, 48.458090286206442 ], [ 5.464417581341549, 48.458439761549698 ], [ 5.465686862994684, 48.459299956055922 ], [ 5.466615034441682, 48.459901709781001 ], [ 5.467298182382112, 48.460022518596411 ], [ 5.467508789854718, 48.46014864865667 ], [ 5.467514705839999, 48.460238531564322 ], [ 5.46719087634027, 48.460474778787912 ], [ 5.467341916666847, 48.460737156192337 ], [ 5.467845105708688, 48.461221726516847 ], [ 5.467932991219604, 48.461579922412611 ], [ 5.468219236272852, 48.461839487143557 ], [ 5.468160513276199, 48.461975717049043 ], [ 5.467704435421141, 48.462259718161668 ], [ 5.467033722204851, 48.462368167451359 ], [ 5.466838950925152, 48.462507224363272 ], [ 5.466720650970653, 48.462779700185898 ], [ 5.46613442619451, 48.463156405196507 ], [ 5.466206250928188, 48.463244918454237 ], [ 5.466549958230101, 48.463323281605241 ], [ 5.466555027919579, 48.463413181899824 ], [ 5.465904572574591, 48.463845223547651 ], [ 5.465920623555554, 48.464114906829295 ], [ 5.466233274919058, 48.464828455345668 ], [ 5.465977648326216, 48.465058780296907 ], [ 5.466004263755082, 48.465283241096763 ], [ 5.466486993344172, 48.465439721132668 ], [ 5.466489950757853, 48.465484662428231 ], [ 5.466098057686058, 48.465731319820833 ], [ 5.466171575982691, 48.465819797808059 ], [ 5.466592199222077, 48.466076573848603 ], [ 5.466798392686266, 48.466108291034381 ], [ 5.467476338920081, 48.466134702272669 ], [ 5.467829366275004, 48.466392879211192 ], [ 5.468302599707259, 48.46638303932172 ], [ 5.468644640556018, 48.466461431363683 ], [ 5.468721123551285, 48.46659484892507 ], [ 5.469202392972774, 48.466719846621658 ], [ 5.469760364449361, 48.467018757243572 ], [ 5.469766285062611, 48.467108639559598 ], [ 5.469636149068835, 48.467201352712628 ], [ 5.469647144856392, 48.467381134907448 ], [ 5.470206816050983, 48.467680008112801 ], [ 5.470485279347816, 48.467809221078483 ], [ 5.470757821600919, 48.467848551169837 ], [ 5.470778764499767, 48.468203636866797 ], [ 5.470654761462995, 48.468390729100889 ], [ 5.471508789804918, 48.469083993442389 ], [ 5.471787263751118, 48.469213203213599 ], [ 5.471663050227811, 48.469395800491341 ], [ 5.471894635828101, 48.469660994424842 ], [ 5.472105504735635, 48.469791611247125 ], [ 5.472796626256836, 48.470042732228734 ], [ 5.472766273943146, 48.47067340217729 ], [ 5.472845736702165, 48.470851757595966 ], [ 5.472937269025458, 48.471250374582127 ], [ 5.473371308649375, 48.471736361182742 ], [ 5.473266149421301, 48.472233581244005 ], [ 5.473482959650847, 48.472454077125768 ], [ 5.473904516951206, 48.472710808326198 ], [ 5.475965748066577, 48.473239369132038 ], [ 5.476316955936605, 48.473457056840751 ], [ 5.477059400559938, 48.474328119565783 ], [ 5.477134226023838, 48.474461566160443 ], [ 5.477148440140545, 48.475820348139727 ], [ 5.477435653603952, 48.476079870137369 ], [ 5.477777559013616, 48.476153739449593 ], [ 5.477524474635927, 48.476438037152398 ], [ 5.477611174530697, 48.476751245739656 ], [ 5.477832266755637, 48.477061649408952 ], [ 5.477578753828811, 48.477336955378505 ], [ 5.477661642629539, 48.477605240754798 ], [ 5.477876370884941, 48.47778076946696 ], [ 5.478364342088782, 48.478027098476936 ], [ 5.478375370032641, 48.478206878345908 ], [ 5.478113374698181, 48.478356355211993 ], [ 5.478189899084633, 48.478489765436841 ], [ 5.478544973107712, 48.478788370391371 ], [ 5.478958544723624, 48.478910243170809 ], [ 5.479231996210575, 48.478949535822608 ], [ 5.479598691740756, 48.479207392779102 ], [ 5.48029081832215, 48.479458450645488 ], [ 5.481126261654616, 48.479841517226902 ], [ 5.481684653076238, 48.480144864562845 ], [ 5.482196017736716, 48.480759709746415 ], [ 5.482338488497037, 48.480891738644686 ], [ 5.482289977518296, 48.481207770266046 ], [ 5.481907163290942, 48.481575792750114 ], [ 5.481855677588645, 48.481846883689101 ], [ 5.481969592406071, 48.482609543965701 ], [ 5.48242058384965, 48.483360656771005 ], [ 5.483012508274826, 48.483978313708313 ], [ 5.48350693281129, 48.484323492422227 ], [ 5.485496829645069, 48.48476338170186 ], [ 5.486590160859618, 48.484961002728191 ], [ 5.487281551382877, 48.485212036427811 ], [ 5.487847466737427, 48.485600702463685 ], [ 5.488873664890146, 48.48691576936767 ], [ 5.488958317320548, 48.487184009408743 ], [ 5.488888186273989, 48.488274536695108 ], [ 5.488545287749363, 48.489091765048535 ], [ 5.488120584864958, 48.489915205900246 ], [ 5.488134626058648, 48.490139923078637 ], [ 5.488496849460503, 48.490532853352846 ], [ 5.4888482250145, 48.490750501054407 ], [ 5.489323593752853, 48.490781039384593 ], [ 5.489961487399618, 48.491258190942006 ], [ 5.490115077153821, 48.491569986334611 ], [ 5.49151339284375, 48.492287695451054 ], [ 5.492135130189674, 48.492495160998082 ], [ 5.492652825184233, 48.493024323187107 ], [ 5.493216728162051, 48.493368003853071 ], [ 5.493494325236346, 48.493492682270741 ], [ 5.494316019604808, 48.493650935970891 ], [ 5.495259958284361, 48.494706660760414 ] ] ] } },
{ "type": "Feature", "properties": { "fid": 8530, "gid": 8530, "CdEuMasseDEau": "FRHR122A-F5623000", "NomMasseDEau": "ruisseau de richecourt", "Etat masse eau ": "Moyen", "Etat ecologique": "Moyen", "Etat chimique": "Non atteint", "_swEcologicalStatusOrPotentialValue": "3", "_swChemicalStatusValue": "3" }, "geometry": { "type": "MultiLineString", "coordinates": [ [ [ 5.427683441554302, 48.506785898158228 ], [ 5.428762179850973, 48.507614359653971 ], [ 5.429453592026107, 48.507865725408969 ], [ 5.430548676445887, 48.50805932823792 ], [ 5.431905408604797, 48.508108063235902 ], [ 5.432249358528957, 48.508186522919182 ], [ 5.432678310754632, 48.508582745541197 ], [ 5.433659018045935, 48.509138667318688 ], [ 5.433948493624305, 48.509447741329843 ], [ 5.434186212968307, 48.510027878778452 ], [ 5.434441719107122, 48.510918155155281 ], [ 5.434602988684929, 48.511364856165208 ], [ 5.434959937396484, 48.511668044773828 ], [ 5.43655026116352, 48.511986444382885 ], [ 5.437719600117739, 48.512317961751016 ], [ 5.438901336372371, 48.512824715650751 ], [ 5.442017475537831, 48.515127738117336 ], [ 5.442355398146805, 48.515111792059542 ], [ 5.442682616524353, 48.514920562847351 ], [ 5.445725157550072, 48.516909999355022 ], [ 5.446766901115353, 48.517334057328867 ], [ 5.447037585079331, 48.517328482957993 ], [ 5.447249625980752, 48.517499618068577 ], [ 5.448150160811491, 48.51783657136837 ], [ 5.448581003839903, 48.518232698694611 ], [ 5.449020887485586, 48.518804140311815 ], [ 5.449512470653803, 48.519104511183812 ], [ 5.44979704823716, 48.519323647075517 ], [ 5.450069842611194, 48.519363023056897 ], [ 5.450816142195195, 48.5193881328995 ], [ 5.451294695692372, 48.519463762490282 ], [ 5.451435938060501, 48.519550849755163 ], [ 5.451456980979969, 48.519910420142367 ], [ 5.452039478132167, 48.520379907246351 ], [ 5.452445316536651, 48.520367031750858 ], [ 5.453221534327739, 48.520886515507634 ], [ 5.453297211504093, 48.521019954760249 ], [ 5.453037669610475, 48.52120981520666 ], [ 5.453110397682711, 48.52129831488633 ], [ 5.453454465800721, 48.521376712372373 ], [ 5.453456569251548, 48.521421669483296 ], [ 5.453261542714108, 48.521560697672591 ], [ 5.453334271650554, 48.521649197190577 ], [ 5.453685709710752, 48.521866943525993 ], [ 5.453954102043447, 48.52181190062322 ], [ 5.454165135919168, 48.52194254394292 ], [ 5.454435842877276, 48.521936952743744 ], [ 5.45506199465465, 48.522234521560321 ], [ 5.456028232761343, 48.522525058610903 ], [ 5.456511880598093, 48.52269056356478 ], [ 5.457293232651208, 48.523299916265259 ], [ 5.457998909360082, 48.523775827630125 ], [ 5.45814523559766, 48.523952803006416 ], [ 5.458479621098778, 48.523896384971493 ], [ 5.458767216247104, 48.52416043797291 ], [ 5.458788768529485, 48.524294993641568 ], [ 5.459334212033381, 48.524369207702108 ], [ 5.45941286446558, 48.524547582078007 ], [ 5.459017966807212, 48.524740256387084 ], [ 5.459096618720333, 48.524918630919579 ], [ 5.459655151709178, 48.525217575342737 ], [ 5.459999255318032, 48.525295953639819 ], [ 5.460469220014552, 48.525241223595565 ], [ 5.460999477257496, 48.525045741398593 ], [ 5.461396272984054, 48.524857521192608 ], [ 5.464117850134588, 48.525089122851533 ], [ 5.465642763006377, 48.525678501808471 ], [ 5.466067881610767, 48.525984684917532 ], [ 5.466857431251976, 48.526728808134557 ], [ 5.46734622921005, 48.526984164239487 ], [ 5.46831473927576, 48.527319556970554 ], [ 5.469178364343599, 48.527927124770486 ], [ 5.469253034496103, 48.528056075033504 ], [ 5.470092135364195, 48.528484143538513 ], [ 5.470381932385932, 48.528793124024489 ], [ 5.470949041676148, 48.529217839989613 ], [ 5.471246050956621, 48.529661670118557 ], [ 5.471562765094546, 48.530415593437127 ], [ 5.471982025056484, 48.530631876515926 ], [ 5.473040577958995, 48.531365863734734 ], [ 5.473330408275521, 48.531674836323269 ], [ 5.474163664827051, 48.532012997318112 ], [ 5.474445025707146, 48.532196142079016 ], [ 5.475023620305109, 48.5325755992654 ], [ 5.475300105151623, 48.532655342378042 ], [ 5.475979128236258, 48.532686199320388 ], [ 5.476193017917748, 48.532857245440525 ], [ 5.476218904244078, 48.533297711297031 ], [ 5.476227391552461, 48.533441536128542 ], [ 5.476582819728458, 48.533704133723063 ], [ 5.476781865068816, 48.533650485513341 ], [ 5.476904088922058, 48.533422935866689 ], [ 5.477039470821382, 48.533420114477337 ], [ 5.47733443102458, 48.533818971660672 ], [ 5.478100055594155, 48.5341585153691 ], [ 5.478677905251819, 48.534771973389773 ], [ 5.478900094567212, 48.535082343204657 ], [ 5.479114003549169, 48.535253383742571 ], [ 5.479733441176696, 48.535420464242826 ], [ 5.480095914395462, 48.535813406041768 ], [ 5.481071898393615, 48.536283543137799 ], [ 5.481602865517069, 48.536978966573528 ], [ 5.481542400756371, 48.53711523036673 ], [ 5.481350790126606, 48.537308232478523 ], [ 5.481358866556202, 48.537443065274701 ], [ 5.48192424262909, 48.537827265526623 ], [ 5.482357421017588, 48.538263724477005 ], [ 5.482854482432701, 48.538653847058725 ], [ 5.482931106875195, 48.538787247869912 ], [ 5.482987672794575, 48.539731075258111 ], [ 5.483136257528587, 48.539952973531136 ], [ 5.483017021293026, 48.540225466629856 ], [ 5.482965483741724, 48.540496545469722 ] ] ] } },
{ "type": "Feature", "properties": { "fid": 8531, "gid": 8531, "CdEuMasseDEau": "FRHR122A-F5630600", "NomMasseDEau": "l'Ormançon", "Etat masse eau ": "Moyen", "Etat ecologique": "Bon", "Etat chimique": "Non atteint", "_swEcologicalStatusOrPotentialValue": "2", "_swChemicalStatusValue": "3" }, "geometry": { "type": "MultiLineString", "coordinates": [ [ [ 5.409238500890189, 48.478621912659015 ], [ 5.408530139256677, 48.479225801133815 ], [ 5.406491469821501, 48.480230165266477 ], [ 5.404839415700193, 48.480902654130603 ], [ 5.404667114967931, 48.482571184216248 ], [ 5.404557532591095, 48.483023413953482 ], [ 5.403861891102593, 48.483852017662628 ], [ 5.403420860443357, 48.484180452378801 ], [ 5.403025855164276, 48.484368450835845 ], [ 5.40242404662039, 48.484475130350525 ], [ 5.401002174313178, 48.484467888777445 ], [ 5.400600142705587, 48.484521018215197 ], [ 5.400134364423824, 48.484678936895797 ], [ 5.398907306823599, 48.486823273001647 ], [ 5.3984065720969, 48.487512899598912 ], [ 5.397371534565443, 48.489473331297027 ], [ 5.396454180754469, 48.489991354416723 ], [ 5.396254168195541, 48.490040391106589 ], [ 5.394578340373177, 48.49031269747983 ], [ 5.393923012179576, 48.49069491448352 ], [ 5.393123990052428, 48.490895520942871 ], [ 5.392742630095649, 48.49108770753454 ], [ 5.392099858827962, 48.491690163374336 ], [ 5.391850770196792, 48.492055184456667 ], [ 5.391937852756617, 48.493538446479192 ], [ 5.391833927988985, 48.49408054484087 ], [ 5.391650419669802, 48.49439924338958 ], [ 5.391003497519616, 48.494911773469134 ], [ 5.390088033921359, 48.495474704337418 ], [ 5.389311579385334, 48.49607983144287 ], [ 5.389254660725409, 48.49626097773546 ], [ 5.388507377448466, 48.497135513605926 ], [ 5.387340217483903, 48.498027483880001 ], [ 5.387219378983257, 48.498254913700137 ], [ 5.387237845433431, 48.499739548539246 ], [ 5.387194527262726, 48.500145420474531 ], [ 5.386775972710949, 48.501103334154742 ], [ 5.386591563464365, 48.501422040119323 ], [ 5.386555220610207, 48.501962771208341 ], [ 5.386644310763487, 48.502320981692428 ], [ 5.386797959985191, 48.502628394795032 ], [ 5.387600336208918, 48.504542770740493 ], [ 5.388039645516005, 48.505118939948211 ], [ 5.388562929178436, 48.505958918797646 ], [ 5.388816795612386, 48.506849312986979 ], [ 5.388972234391964, 48.508106184711053 ], [ 5.389079914692147, 48.508779017437412 ], [ 5.389319182860497, 48.509404203512176 ], [ 5.389487694862665, 48.509981312242147 ], [ 5.390008360610745, 48.510780835764649 ], [ 5.390115836861717, 48.512619164600743 ], [ 5.389901837531329, 48.513347965158161 ], [ 5.389720298603637, 48.513711614376696 ], [ 5.389678190751476, 48.514162458233571 ], [ 5.389493753231789, 48.514481165413237 ], [ 5.389438863556937, 48.514707267630094 ], [ 5.389510272781217, 48.514750831175299 ], [ 5.389523052355866, 48.514975572444747 ], [ 5.389330774530347, 48.515159437845824 ], [ 5.389276729318321, 48.515385522856043 ], [ 5.389289508047084, 48.515610264037548 ], [ 5.38976998688225, 48.51573109997485 ], [ 5.389775775944963, 48.51582098279588 ], [ 5.389648477107574, 48.515963041939777 ], [ 5.389858276482148, 48.516089321162923 ], [ 5.390331972602627, 48.516079792409386 ], [ 5.390356336262622, 48.516484298851381 ], [ 5.390166104849946, 48.516713123765108 ], [ 5.389844268360648, 48.516989594971712 ], [ 5.389246155298107, 48.517186121725693 ], [ 5.388918523273633, 48.51737270759201 ], [ 5.388664553869862, 48.517652310698416 ], [ 5.388679378323324, 48.517922009908737 ], [ 5.388759828680024, 48.518145390233627 ], [ 5.388697942593314, 48.518236633403703 ], [ 5.388667309359706, 48.518642244854497 ], [ 5.388839583725002, 48.519264274587911 ], [ 5.389287712951853, 48.519975256324642 ], [ 5.38937805489163, 48.520378434931935 ], [ 5.388536440061964, 48.521029847114939 ], [ 5.388097775040786, 48.521623655975112 ], [ 5.388131159978379, 48.52220797699696 ], [ 5.387893035463169, 48.522761754441127 ], [ 5.387529220771606, 48.523493553741588 ], [ 5.387209375545764, 48.523814974501008 ], [ 5.387092570420856, 48.524132315894256 ], [ 5.387063968000171, 48.52458288318816 ], [ 5.38694716028543, 48.524900224244668 ], [ 5.386976441225203, 48.525394627813313 ], [ 5.386784116277569, 48.525578487572979 ], [ 5.386947917696888, 48.5260701890885 ], [ 5.387235164527118, 48.526334414586252 ], [ 5.387399818595783, 48.526826098188081 ], [ 5.387437934634694, 48.527495820280407 ], [ 5.387378082274213, 48.527632020126347 ], [ 5.387344622501987, 48.528217681251256 ], [ 5.38749855641435, 48.528529582938894 ], [ 5.387777138869467, 48.528658983599243 ], [ 5.388042099958638, 48.528563661633903 ], [ 5.388120311408525, 48.528737586712872 ], [ 5.388395156336595, 48.528822061920962 ], [ 5.388593275991614, 48.528728081986337 ], [ 5.388807069239489, 48.528903781547832 ], [ 5.389441616584213, 48.529336517129522 ], [ 5.389741380511503, 48.52959598492771 ], [ 5.391089588085308, 48.530635347943566 ], [ 5.391793916358262, 48.531111666405131 ], [ 5.392827452595519, 48.531396857038096 ], [ 5.393526855745565, 48.531783266384153 ], [ 5.393605295443257, 48.531961683185806 ], [ 5.393542555340672, 48.532052944915449 ], [ 5.393425770190743, 48.532370290448128 ], [ 5.393537662553674, 48.533133021650919 ], [ 5.393775888364252, 48.53371321189892 ], [ 5.394315141426671, 48.534597831361431 ], [ 5.394408446774246, 48.535045942060677 ], [ 5.394280908491059, 48.535183508227512 ], [ 5.393783396435186, 48.535918012480927 ], [ 5.393675661527026, 48.536415170714882 ], [ 5.393707065182753, 48.536954525682944 ], [ 5.394134549134653, 48.537301407938138 ], [ 5.395140000887939, 48.538266629231686 ], [ 5.395368514262178, 48.538707513838922 ], [ 5.395489033374507, 48.539380068588571 ], [ 5.395387955141384, 48.539967090757159 ], [ 5.395214217477702, 48.540465578888309 ], [ 5.395251440624547, 48.541094812446495 ], [ 5.395041620161682, 48.542138512087625 ], [ 5.395007801255976, 48.542733177103479 ], [ 5.395159563600259, 48.542995612159565 ], [ 5.395250836680594, 48.543398761846717 ], [ 5.394733804152784, 48.543818666327581 ], [ 5.394738758492645, 48.543908563942459 ], [ 5.39509195120059, 48.544166941171973 ], [ 5.395112617593091, 48.544526514380351 ], [ 5.395272330966651, 48.544703291344497 ], [ 5.395559721829824, 48.544967492792779 ], [ 5.395653697140903, 48.545411086015314 ], [ 5.396007109995927, 48.545673955940543 ], [ 5.396587173846698, 48.546539737929884 ], [ 5.397108392320593, 48.547118712144012 ], [ 5.397397862100614, 48.547427865800977 ], [ 5.397623737023647, 48.54782829847683 ], [ 5.397658091222479, 48.548412587518726 ], [ 5.397398853054907, 48.548597809499803 ], [ 5.396532022882851, 48.548853777677706 ], [ 5.395278159791911, 48.549428026972606 ], [ 5.394826522606483, 48.549797112824322 ], [ 5.394660488756228, 48.550205443333375 ], [ 5.394699766417963, 48.550879629228561 ], [ 5.394864567587631, 48.551371292834347 ], [ 5.395173870932974, 48.552040038976081 ], [ 5.395263746070188, 48.552393715958033 ], [ 5.395164694950156, 48.553025688800084 ], [ 5.395449229427765, 48.553244948815845 ], [ 5.395394324850835, 48.553471046784168 ], [ 5.395531817902644, 48.553513275223416 ], [ 5.395471110375718, 48.553649493360091 ], [ 5.394884204193313, 48.554025802336525 ], [ 5.394767378213408, 48.554343143598928 ], [ 5.393980197557963, 48.55476847923152 ], [ 5.393206169456015, 48.555463534135647 ], [ 5.393249070953889, 48.555957651465043 ], [ 5.393629645149358, 48.556665463261538 ], [ 5.393994725426773, 48.557108096128914 ], [ 5.394091609800703, 48.557596626062278 ], [ 5.393965428534988, 48.557783658969697 ], [ 5.394084671917655, 48.558631723883643 ], [ 5.394026008680258, 48.558812897524447 ], [ 5.393603849777779, 48.559680859867711 ], [ 5.393172335866999, 48.560418513655904 ], [ 5.393197948798611, 48.560867978950483 ], [ 5.393536180859656, 48.561761132990135 ], [ 5.394113344748306, 48.562374988042869 ], [ 5.394673188399364, 48.562665203278662 ], [ 5.395148834394566, 48.562930112855028 ], [ 5.396630192642334, 48.563728233568398 ], [ 5.397254711832414, 48.563949636545296 ], [ 5.398686607713286, 48.564091757954387 ], [ 5.398955110928123, 48.56416283892684 ], [ 5.399306770256186, 48.564254740764198 ], [ 5.40102245290113, 48.564616099202702 ], [ 5.402967756416066, 48.565197784516926 ], [ 5.403739979149961, 48.5656636591617 ], [ 5.404099182014408, 48.566011883640527 ], [ 5.404610474074257, 48.566627020572433 ], [ 5.404628304531967, 48.566941646414762 ], [ 5.404449592106054, 48.567350241716845 ], [ 5.404458190182607, 48.568664009504936 ], [ 5.405472753860022, 48.569754945151317 ], [ 5.406770385637455, 48.570844644525167 ], [ 5.40738810819559, 48.572132583846269 ], [ 5.407828201678859, 48.572708648730078 ], [ 5.408529113616385, 48.573094939839855 ], [ 5.409332281568753, 48.574064128166789 ], [ 5.409360107534973, 48.574558540976732 ], [ 5.408308645885207, 48.57602426250417 ], [ 5.407910052366898, 48.576167324657781 ], [ 5.407652552538416, 48.576411024679402 ], [ 5.407408995566946, 48.576865931225285 ], [ 5.407240228879097, 48.577454316743363 ], [ 5.406873185427227, 48.578136708736523 ], [ 5.40690850953372, 48.578720963664423 ], [ 5.407131679124415, 48.579076429450801 ], [ 5.407172832716479, 48.579750561214233 ], [ 5.407046438196928, 48.579933109060207 ], [ 5.406713705454405, 48.580034335678043 ], [ 5.406118488498604, 48.580271363337708 ], [ 5.406105246651368, 48.580370625826262 ], [ 5.406070644058258, 48.580632311567591 ], [ 5.406041083085141, 48.58074540332661 ], [ 5.405971136308573, 48.580994304474935 ], [ 5.405906437753922, 48.581099107241812 ], [ 5.405289144506892, 48.582092534907645 ], [ 5.404717762524282, 48.582738549702142 ], [ 5.403466162059075, 48.584523239386215 ], [ 5.403157040625652, 48.585028954251989 ], [ 5.402657691886604, 48.585767995875038 ], [ 5.402216788974612, 48.586321365809148 ], [ 5.402011545514132, 48.587225454857993 ], [ 5.402097977273775, 48.58753869074053 ], [ 5.402246354902285, 48.587760681399828 ], [ 5.402278518404034, 48.5882954990809 ], [ 5.402224659836075, 48.588526072237549 ], [ 5.402248095738089, 48.588926074211777 ], [ 5.402330775291408, 48.589194388140342 ], [ 5.402375152702029, 48.589958444159592 ], [ 5.402267020064666, 48.590410598765217 ], [ 5.401526633493971, 48.591644965283592 ], [ 5.401422613317528, 48.592187029414944 ], [ 5.401269345482991, 48.592820081032087 ], [ 5.401093633226538, 48.593278096565591 ], [ 5.400965970715254, 48.593415663429717 ], [ 5.400984635537337, 48.593730265873091 ], [ 5.401207622722628, 48.594081242880016 ], [ 5.401479791078115, 48.595245672047689 ], [ 5.401690989892924, 48.59537640075991 ], [ 5.402119003522843, 48.595723237921433 ], [ 5.402273223799581, 48.596035103475231 ], [ 5.402853777983809, 48.596693837198501 ], [ 5.403348738013622, 48.597039318225619 ], [ 5.404062650439252, 48.597425371355946 ] ] ] } },
{ "type": "Feature", "properties": { "fid": 8542, "gid": 8542, "CdEuMasseDEau": "FRHR125", "NomMasseDEau": "la Chée du confluent du ruisseau de Nausonce (exclu) au confluent de la Saulx (exclu)", "Etat masse eau ": "Moyen", "Etat ecologique": "Moyen", "Etat chimique": "Non atteint", "_swEcologicalStatusOrPotentialValue": "3", "_swChemicalStatusValue": "3" }, "geometry": { "type": "MultiLineString", "coordinates": [ [ [ 4.945447887967681, 48.851115645553662 ], [ 4.945108984118892, 48.851166136443091 ], [ 4.94462477350951, 48.850998586965616 ], [ 4.944274927498162, 48.85082435382585 ], [ 4.943867250247044, 48.850835477053231 ], [ 4.943590580522569, 48.85075001266047 ], [ 4.943563645771825, 48.85021069126438 ], [ 4.943216504303706, 48.850085889031128 ], [ 4.94267325940114, 48.850139692335951 ], [ 4.942399290260495, 48.850103659278972 ], [ 4.942137477213955, 48.849959476444205 ], [ 4.941685348215964, 48.849714928501939 ], [ 4.941162652192228, 48.849588471796707 ], [ 4.939960968913126, 48.849302102408359 ], [ 4.937436494463654, 48.848234436032996 ] ] ] } },
{ "type": "Feature", "properties": { "fid": 7977, "gid": 7977, "CdEuMasseDEau": "FRHR121", "NomMasseDEau": "la Saulx du confluent du ruisseau Saint Sébastien (exclu) au confluent de la Chée (exclu)", "Etat masse eau ": "Moyen", "Etat ecologique": "Bon", "Etat chimique": "Non atteint", "_swEcologicalStatusOrPotentialValue": "2", "_swChemicalStatusValue": "3" }, "geometry": { "type": "MultiLineString", "coordinates": [ [ [ 5.046596484372355, 48.745767892721588 ], [ 5.046598246631727, 48.745812848062492 ], [ 5.045748638527974, 48.746394228963489 ], [ 5.045298190368866, 48.746703350491273 ], [ 5.044165554864781, 48.74713661745951 ], [ 5.04363392343081, 48.747370647111936 ], [ 5.043572073344543, 48.747506662262495 ], [ 5.043525879449524, 48.747912321942408 ], [ 5.043336072549949, 48.748189981995992 ], [ 5.04280879460151, 48.748513903785735 ], [ 5.041139223262588, 48.749091283137162 ], [ 5.040870081220262, 48.749145368446079 ], [ 5.040588577824186, 48.748970239211161 ], [ 5.040298349043304, 48.748615317051566 ], [ 5.039942926048401, 48.748310992100478 ], [ 5.03939229161144, 48.748189942575962 ], [ 5.038921641753568, 48.748287952673387 ], [ 5.038257699827804, 48.748618686443841 ], [ 5.03785725077409, 48.748728989186425 ], [ 5.036756136104622, 48.748752279128823 ], [ 5.036484212488062, 48.748756918159437 ], [ 5.035025631520159, 48.748160994184673 ], [ 5.034133358315637, 48.748000758732815 ], [ 5.033133048836693, 48.747882843461802 ], [ 5.032558867578815, 48.747811647550563 ], [ 5.032223493356747, 48.747911826323438 ], [ 5.031064511522242, 48.747846078645352 ], [ 5.030046687819867, 48.747867889874847 ], [ 5.026924951325969, 48.747992911254983 ], [ 5.02657914011013, 48.747868325290845 ], [ 5.026360481984733, 48.747602125989083 ], [ 5.026347463425266, 48.747332435823218 ], [ 5.026740619050304, 48.747055850329197 ], [ 5.026731089044212, 48.746876071261639 ], [ 5.026450495034866, 48.74670089392778 ], [ 5.026178581187375, 48.746705509497509 ], [ 5.025848390157491, 48.746895552813541 ], [ 5.025268234278599, 48.748839758757377 ], [ 5.024945806931413, 48.749164622553344 ], [ 5.024666100331232, 48.749034411320672 ], [ 5.024296907581701, 48.748460364238539 ], [ 5.024086886516823, 48.748328969988627 ], [ 5.023814963982677, 48.74833358016916 ], [ 5.023481312083034, 48.748478689913192 ], [ 5.023031406925321, 48.748981151002447 ], [ 5.023108906310134, 48.749159777991736 ], [ 5.024300809516439, 48.749854836037215 ], [ 5.024453052628652, 48.750162651385679 ], [ 5.024509340383122, 48.75124133778926 ], [ 5.024317502666774, 48.751469515814343 ], [ 5.023977753370577, 48.751479774629153 ], [ 5.023494932870053, 48.751353004006894 ], [ 5.022785817372647, 48.750784714337911 ], [ 5.022514056104191, 48.750793817095641 ], [ 5.022321361510612, 48.751022006398912 ], [ 5.022205273257181, 48.751383852695518 ], [ 5.022007392943932, 48.751522159216407 ], [ 5.02160917118656, 48.751713341431902 ], [ 5.021353664953797, 48.752032562335359 ], [ 5.021377369398051, 48.752491007297969 ], [ 5.021453127491288, 48.752624679374527 ], [ 5.02158490961994, 48.753612115847652 ], [ 5.02173370685145, 48.753875007047661 ], [ 5.022221729196273, 48.754091666478509 ], [ 5.023320104601218, 48.754279988075453 ], [ 5.023392427979373, 48.75436873217123 ], [ 5.023333109255712, 48.754549676946603 ], [ 5.023210093149785, 48.754776685928434 ], [ 5.023421880556642, 48.754953036310575 ], [ 5.024254029847506, 48.755249326245732 ], [ 5.024272226047063, 48.75560889654561 ], [ 5.023958248585386, 48.75610905250123 ], [ 5.02378251381309, 48.756665344440961 ], [ 5.023803300169665, 48.757069855201323 ], [ 5.024102812327908, 48.757600096953887 ], [ 5.024062537944314, 48.758140596707683 ], [ 5.024100369010172, 48.758589802735187 ], [ 5.024412185028314, 48.75934925662817 ], [ 5.024361538363368, 48.759709992819616 ], [ 5.024234177663653, 48.759847106013325 ], [ 5.023432260756066, 48.760135104226123 ], [ 5.022963215651105, 48.760278005520448 ], [ 5.022768920000563, 48.760465734063253 ], [ 5.022660632428621, 48.761007383837281 ], [ 5.022405087137199, 48.761326604412751 ], [ 5.022295052130186, 48.761823298380122 ], [ 5.022313237128065, 48.762182866922963 ], [ 5.022683355106228, 48.762756898898637 ], [ 5.023041542641535, 48.763110707510961 ], [ 5.02353037544166, 48.763367833755495 ], [ 5.023802376314305, 48.763363224283161 ], [ 5.02427212248116, 48.763215810169243 ], [ 5.024613866408408, 48.763255001102671 ], [ 5.025178491931045, 48.763645789312129 ], [ 5.025329254870959, 48.763958124180043 ], [ 5.025289571304538, 48.764228704374723 ], [ 5.025118831862263, 48.764519500847605 ], [ 5.025102028046804, 48.764546776514536 ], [ 5.025121083355865, 48.764906329361921 ], [ 5.025128016657037, 48.765041165253592 ], [ 5.025345041478514, 48.765307391612005 ], [ 5.02533708679289, 48.765343514105652 ], [ 5.025290011777888, 48.765533247270838 ], [ 5.025097274909134, 48.765761438129388 ], [ 5.02485124825028, 48.766260438814761 ], [ 5.024777633504192, 48.767476266033782 ], [ 5.024183064044935, 48.767805734182133 ], [ 5.023916227143842, 48.767900225314754 ], [ 5.023572927493113, 48.767865556833307 ], [ 5.02322507546369, 48.767691513003335 ], [ 5.021727552474708, 48.767680886228526 ], [ 5.021314508651037, 48.767602407636609 ], [ 5.020908522178954, 48.767618275292087 ], [ 5.020776842124794, 48.767710472148401 ], [ 5.020652257795396, 48.767942000148494 ], [ 5.020678031879562, 48.768431892907607 ], [ 5.021492741769708, 48.76840461012123 ], [ 5.021837109367342, 48.768488749256413 ], [ 5.021913783539385, 48.768667388382823 ], [ 5.021943186012954, 48.769206702042581 ], [ 5.021813593828274, 48.769352845653529 ], [ 5.022030619671812, 48.769619077032537 ], [ 5.022107254405176, 48.769752732308689 ], [ 5.022115072442109, 48.769932536956233 ], [ 5.02185599656503, 48.770161844381462 ], [ 5.021318847730159, 48.770305889280387 ], [ 5.021196850947955, 48.770582357679793 ], [ 5.021140947611289, 48.770808224774278 ], [ 5.020622816811258, 48.771311817931647 ], [ 5.020686618491141, 48.772300389936333 ], [ 5.019962864495807, 48.772766972185529 ], [ 5.018246740038192, 48.773794629675336 ], [ 5.018123656448653, 48.774021629610758 ], [ 5.018073802264241, 48.774382344153757 ], [ 5.018462297072097, 48.775320443622277 ], [ 5.01842368960508, 48.775905887696723 ], [ 5.018109533985041, 48.776406019423945 ], [ 5.017716111516691, 48.776682569430307 ], [ 5.017448541117565, 48.776781555199257 ], [ 5.016490749990106, 48.776676271821088 ], [ 5.015195287516209, 48.776617163684172 ], [ 5.014782009201945, 48.776534167657424 ], [ 5.014375777708742, 48.776545517525683 ], [ 5.013297158370381, 48.776748136571193 ], [ 5.013374665671005, 48.77692676555742 ], [ 5.013793826748378, 48.777140120421372 ], [ 5.014205407827596, 48.77722314849661 ], [ 5.014217485895738, 48.777447864051759 ], [ 5.014085769219328, 48.777540052739738 ], [ 5.014095261264238, 48.777719828014568 ], [ 5.015501080113281, 48.778586795382111 ], [ 5.01564835486252, 48.778809229386219 ], [ 5.015332203134185, 48.778994498952201 ], [ 5.015064616359527, 48.779093479181739 ], [ 5.013820753255469, 48.778984002681113 ], [ 5.013420557146776, 48.779130198497874 ], [ 5.012983895203159, 48.779632379004951 ], [ 5.013059705168253, 48.779811036401057 ], [ 5.01400343930003, 48.779925581598754 ], [ 5.014449161510074, 48.780363404896967 ], [ 5.014796182984273, 48.780492503564894 ], [ 5.015075009654005, 48.780618253245422 ], [ 5.015150792436796, 48.78075192604107 ], [ 5.014951219501405, 48.780849758342427 ], [ 5.013528075767439, 48.780968220647857 ], [ 5.013059840041747, 48.781115561561201 ], [ 5.012719722096472, 48.781121292635952 ], [ 5.012023272191977, 48.780822637652932 ], [ 5.01154728288607, 48.780835152205789 ], [ 5.010880138337907, 48.781075801092669 ], [ 5.010753572352917, 48.78125786613986 ], [ 5.010723819470665, 48.781987101670417 ], [ 5.010598983205973, 48.782214120848458 ], [ 5.008818649499093, 48.783332673776549 ], [ 5.007686473188676, 48.783806039808816 ], [ 5.006000933783348, 48.784117750521993 ], [ 5.004229019289842, 48.785371039239209 ], [ 5.003773456477003, 48.785783531338232 ], [ 5.003302918571181, 48.785894884140063 ], [ 5.002337766438877, 48.785645662556185 ], [ 5.002054470260622, 48.785425493642848 ], [ 5.001420902962656, 48.785035757529883 ], [ 5.001213539585764, 48.784953762913176 ], [ 5.000595257651415, 48.784829168218103 ], [ 5.00011750552726, 48.784796682710748 ], [ 4.99958289179596, 48.784990063718681 ], [ 4.998794188385611, 48.785547560077696 ], [ 4.99860468474037, 48.785820630196149 ], [ 4.998317746934215, 48.786860045008055 ], [ 4.997935300597503, 48.787361256760562 ], [ 4.997875005684823, 48.787542197888392 ], [ 4.997689084495472, 48.78786468747797 ], [ 4.997228305059348, 48.788187273377858 ], [ 4.996626462883866, 48.788381763639066 ], [ 4.996284575425912, 48.788342493493552 ], [ 4.995232185950303, 48.787748302189939 ], [ 4.994261900126732, 48.787409135276178 ], [ 4.993646345944103, 48.787333940623441 ], [ 4.993306185342347, 48.787339616405085 ], [ 4.991906955866489, 48.787911747195018 ], [ 4.990084951394994, 48.788221005267161 ], [ 4.989624293262161, 48.788548057193061 ], [ 4.98889062888392, 48.788834669088843 ], [ 4.988037132347341, 48.789438151241953 ], [ 4.987714051040068, 48.789758407511997 ], [ 4.987589096067872, 48.789985401091073 ], [ 4.987390115318671, 48.790078676964491 ], [ 4.98698412640794, 48.790143907209597 ], [ 4.985331954642113, 48.789775522103163 ], [ 4.985121865422143, 48.789644064074402 ], [ 4.984979133028063, 48.789515984944615 ], [ 4.984710403712274, 48.789565432171806 ], [ 4.98427258262711, 48.790337413759062 ], [ 4.984318691037904, 48.791236305649832 ], [ 4.983832613965101, 48.792373446395949 ], [ 4.983258676492961, 48.793147681604388 ], [ 4.981758890952042, 48.794171182413251 ], [ 4.980887313647783, 48.794415046258855 ], [ 4.980625039024693, 48.79461281944554 ], [ 4.980115658926762, 48.795296001476054 ], [ 4.979870769225888, 48.795839850860929 ], [ 4.979485693762381, 48.796300554792602 ], [ 4.978702567244772, 48.796947779322871 ], [ 4.978643895675701, 48.797128681046964 ], [ 4.978253517977315, 48.797495004633852 ], [ 4.97785478500017, 48.797686033226597 ], [ 4.977245947103635, 48.797745589520908 ], [ 4.976830857937778, 48.797617509455883 ], [ 4.976551862265072, 48.797487176990437 ], [ 4.976261119097164, 48.797136623858812 ], [ 4.975909825592993, 48.796917520527003 ], [ 4.973636781039064, 48.796383806702728 ], [ 4.972460807027048, 48.796277272869091 ], [ 4.970261306301971, 48.795841243057602 ], [ 4.969308863766559, 48.79586144174835 ], [ 4.968636237653262, 48.796011970615659 ], [ 4.96760811324142, 48.795853472742721 ], [ 4.967060535892316, 48.795822003797731 ], [ 4.966593561202528, 48.79600961973977 ], [ 4.966119123611645, 48.796021925155685 ], [ 4.965225393256006, 48.795861195555247 ], [ 4.964409886739612, 48.795879103010577 ], [ 4.963876719805546, 48.796117276919432 ], [ 4.963056974326519, 48.796045279993798 ], [ 4.962361291045323, 48.795741830086605 ], [ 4.961467244202996, 48.795549590153179 ], [ 4.961323534144669, 48.795417001940628 ], [ 4.96130744834888, 48.795102389323965 ], [ 4.961094857446851, 48.794925948994745 ], [ 4.958899398249491, 48.794570614009743 ], [ 4.958083059209573, 48.794588492259017 ], [ 4.957686643704521, 48.794819899341292 ], [ 4.957416328854594, 48.794873808297602 ], [ 4.957070204334153, 48.794744530713615 ], [ 4.956859484459954, 48.794617532984773 ], [ 4.956624005065576, 48.794261530351712 ], [ 4.956263517641657, 48.793862591511129 ], [ 4.95578063818513, 48.793740047328285 ], [ 4.955184483389957, 48.794069178256002 ], [ 4.954983744193867, 48.794117445066291 ], [ 4.95225920976231, 48.794085520316663 ], [ 4.951439848628871, 48.794022434545987 ], [ 4.951023339087081, 48.793853805097733 ], [ 4.9508031925073, 48.793542523405648 ], [ 4.950757659518445, 48.792643620489322 ], [ 4.95033863179841, 48.792430047444107 ], [ 4.948355718476349, 48.79224648240951 ], [ 4.947324518477831, 48.792047377821838 ], [ 4.945829690539973, 48.792080727028903 ], [ 4.94548614044963, 48.791996356709411 ], [ 4.944585813925057, 48.791700634924382 ], [ 4.943167213138144, 48.790833064778163 ], [ 4.94295804993684, 48.790746501663683 ], [ 4.941667369650006, 48.790776479495918 ], [ 4.940924168248033, 48.790883017446603 ], [ 4.939451521354063, 48.791374745841523 ], [ 4.939196168846255, 48.79169376592278 ], [ 4.938732639769884, 48.791975679334847 ], [ 4.938526851024124, 48.791934036033673 ], [ 4.938694879995571, 48.791211594529074 ], [ 4.938549569073051, 48.791034023315923 ], [ 4.938200995925849, 48.790859749326017 ], [ 4.937650999419473, 48.790738221440606 ], [ 4.936948142360652, 48.790304293626818 ], [ 4.936467860550606, 48.790226612419517 ], [ 4.935994119628463, 48.79027927175791 ], [ 4.935192098885024, 48.79056665588552 ], [ 4.934077585360033, 48.79081263600817 ] ], [ [ 4.933682400142239, 48.791012634280641 ], [ 4.933556734299746, 48.791079094117585 ] ], [ [ 4.932519391946713, 48.79126300363982 ], [ 4.932503764682963, 48.791253411886792 ], [ 4.93242334873654, 48.790989317888283 ], [ 4.932350278895959, 48.790900535354538 ], [ 4.931945416330302, 48.790952064485047 ], [ 4.931276074634822, 48.791192294143343 ], [ 4.930876831425329, 48.791388067399637 ] ], [ [ 4.930874372492664, 48.79138927316405 ], [ 4.930678463255656, 48.791485339392239 ], [ 4.930137516594061, 48.791539061094397 ], [ 4.929384227590676, 48.791465761299342 ], [ 4.929368940204855, 48.791459513593402 ] ], [ [ 4.927740374278978, 48.790464972228698 ], [ 4.927378421501808, 48.790464368089175 ] ], [ [ 4.926441288884829, 48.791531321811824 ], [ 4.926468450693382, 48.791665747353626 ], [ 4.926474917321473, 48.791794974220004 ] ], [ [ 4.924924576474114, 48.792374012227612 ], [ 4.924870080138406, 48.792375233666334 ], [ 4.924852343880456, 48.792373301743083 ] ], [ [ 4.92166461431143, 48.790317641001522 ], [ 4.921554236538436, 48.790287462155618 ], [ 4.921099075168812, 48.790052078850238 ] ] ] } },
{ "type": "Feature", "properties": { "fid": 8310, "gid": 8310, "CdEuMasseDEau": "FRHR113A", "NomMasseDEau": "la Marne du confluent du Ruisseau de Chevillon (exclu) au confluent de la Blaise (exclu)", "Etat masse eau ": "Moyen", "Etat ecologique": "Bon", "Etat chimique": "Non atteint", "_swEcologicalStatusOrPotentialValue": "2", "_swChemicalStatusValue": "3" }, "geometry": { "type": "MultiLineString", "coordinates": [ [ [ 5.03275036464815, 48.613506350824693 ], [ 5.029074848441925, 48.612831028468285 ], [ 5.028955295337324, 48.612788075607263 ], [ 5.028853042057198, 48.612753825889278 ], [ 5.02883658998485, 48.61274510818145 ], [ 5.028715342161258, 48.612702183962938 ], [ 5.02859578964577, 48.612659230736426 ], [ 5.028477084880424, 48.612616262947682 ], [ 5.028357706967904, 48.61257780554552 ], [ 5.028297507197796, 48.612556335985438 ], [ 5.028244935451692, 48.612534736443521 ], [ 5.028125209513342, 48.612487286671573 ], [ 5.028007852264939, 48.612435297397802 ], [ 5.027893386242385, 48.612392256832493 ], [ 5.02777789869736, 48.61234473452307 ], [ 5.027739909876143, 48.612327385414872 ], [ 5.027661563812919, 48.612297226534672 ], [ 5.027546924236216, 48.612249689562645 ], [ 5.027431437320097, 48.612202166911644 ], [ 5.02731679816045, 48.612154629714347 ], [ 5.027205549393361, 48.612107034678345 ], [ 5.027066029530344, 48.612095913174947 ], [ 5.02693159500148, 48.612084704929963 ], [ 5.02679716053017, 48.612073496533121 ], [ 5.026661878570892, 48.612062302412163 ], [ 5.026528291760218, 48.612051079283802 ], [ 5.026393683420669, 48.612035374359891 ], [ 5.026260270765584, 48.612028647002091 ], [ 5.026125662564096, 48.612012941774928 ], [ 5.025990554911002, 48.612006242962721 ], [ 5.025855946848012, 48.611990537430373 ], [ 5.025721512848747, 48.611979327818311 ], [ 5.025652771353285, 48.611973552026676 ] ], [ [ 5.020242273619314, 48.612057462154183 ], [ 5.020220419077126, 48.612059305312627 ], [ 5.020087027104503, 48.612075065822438 ], [ 5.019951939955912, 48.612090854942672 ], [ 5.019817526797531, 48.612102133449604 ], [ 5.019684134594529, 48.612117893507559 ], [ 5.019551416406177, 48.612129142957642 ], [ 5.019416328956561, 48.612144931469558 ], [ 5.019282763093066, 48.61215619499616 ], [ 5.019205135424396, 48.61216650965622 ], [ 5.019148002784501, 48.612158480584043 ], [ 5.019013569790624, 48.612147263400743 ], [ 5.018879984403203, 48.612136031693183 ], [ 5.018745551524381, 48.612124814207121 ], [ 5.018610271154591, 48.612113610939623 ], [ 5.018475665029909, 48.612097897066072 ], [ 5.018388194193565, 48.612094881009916 ], [ 5.018350208665098, 48.612077528902802 ], [ 5.018236252230756, 48.61202547250727 ], [ 5.018125859539479, 48.611977854616185 ], [ 5.018011903545115, 48.611925798001671 ], [ 5.017901337956864, 48.611873683814288 ], [ 5.017787382412436, 48.611821626980444 ], [ 5.017676143015818, 48.611774023029056 ], [ 5.01756388299721, 48.611721937249449 ], [ 5.01745077566024, 48.611669865723982 ], [ 5.017338689351102, 48.611622275813637 ], [ 5.017227277533672, 48.611570175348767 ], [ 5.017115191641072, 48.61152258522413 ], [ 5.017002085180948, 48.611470513263939 ], [ 5.016889999706365, 48.611422922923445 ], [ 5.016776893685475, 48.611370850745082 ], [ 5.016665482962025, 48.611318749743809 ], [ 5.016574773786298, 48.611279620084055 ] ], [ [ 5.013641915312358, 48.610280341701028 ], [ 5.013586733473169, 48.610277599839513 ], [ 5.013534187218175, 48.610278488581002 ], [ 5.013456059528991, 48.610297806036797 ], [ 5.013328273873452, 48.610326961285388 ], [ 5.01320048807561, 48.610356116396161 ], [ 5.013071007091242, 48.610385300031197 ], [ 5.012942373485164, 48.610414469194616 ], [ 5.012815434782023, 48.610443609559923 ], [ 5.012686800890329, 48.610472778445853 ], [ 5.012559014379461, 48.610501932864722 ], [ 5.012432075250939, 48.610531072819249 ], [ 5.012303440930825, 48.610560241288944 ], [ 5.012174131756848, 48.610593920041168 ], [ 5.012047866912994, 48.610618549161856 ], [ 5.01191855743064, 48.610652227634922 ], [ 5.011790770054088, 48.610681381225042 ], [ 5.011662982535242, 48.610710534677338 ], [ 5.011535194874096, 48.610739687991789 ], [ 5.01140655954188, 48.61076885548762 ], [ 5.011279619124919, 48.610797994207211 ], [ 5.011150983507097, 48.610827161425547 ], [ 5.01102150021567, 48.610856342820689 ], [ 5.010895406903134, 48.610885466812128 ], [ 5.01076761838771, 48.610914619298654 ], [ 5.010718806953428, 48.610924441735285 ], [ 5.010635419386751, 48.610939347117572 ], [ 5.010501007178518, 48.610950615119002 ], [ 5.010369310170352, 48.610966336131924 ], [ 5.010235243135384, 48.610986596030472 ], [ 5.010101850891106, 48.611002345368846 ], [ 5.009967611033381, 48.61101810886656 ], [ 5.009834218628324, 48.611033857904708 ], [ 5.009701673676811, 48.611049592486182 ], [ 5.009568281111561, 48.611065341226023 ], [ 5.00943573600044, 48.611081075511066 ], [ 5.009302343275, 48.611096823952607 ], [ 5.00916725539942, 48.611112600851037 ], [ 5.009034710048163, 48.611128334689091 ], [ 5.00890216461725, 48.61114406837941 ], [ 5.008768771570857, 48.611159816222418 ], [ 5.008634703421236, 48.611180074315726 ], [ 5.008501310202676, 48.611195821858651 ], [ 5.008426899485968, 48.611201576205829 ], [ 5.008294181202998, 48.611212813117824 ], [ 5.008158920251971, 48.611224092770073 ], [ 5.008023659242669, 48.611235372268574 ], [ 5.007888398175092, 48.611246651613314 ], [ 5.00775483212462, 48.611257902217908 ], [ 5.007619398514684, 48.611264685155483 ], [ 5.007491607249931, 48.611293834117248 ], [ 5.007363815842897, 48.611322982941154 ], [ 5.00723432921487, 48.611352160206252 ], [ 5.007106709904861, 48.611385804854585 ], [ 5.006978918059096, 48.611414953263242 ], [ 5.006850953710211, 48.61143960543199 ], [ 5.006721466508, 48.611468782136598 ], [ 5.006595541668133, 48.611502397662157 ], [ 5.006466054168315, 48.611531574087522 ], [ 5.006337241750056, 48.611556239985866 ], [ 5.006210468909703, 48.611589869384922 ], [ 5.006081828522992, 48.611619031108141 ], [ 5.005952340448493, 48.611648206972092 ], [ 5.005874035641032, 48.611663023328823 ], [ 5.005828957318572, 48.611681778840889 ], [ 5.005705746293835, 48.611719846683627 ], [ 5.005585077729062, 48.611757871564457 ], [ 5.00546186634796, 48.611795939152472 ], [ 5.005337807240026, 48.611834020887812 ], [ 5.005217138144929, 48.611872045392211 ], [ 5.005093926227658, 48.611910112595943 ], [ 5.004972581431681, 48.611952647227127 ], [ 5.004850216697284, 48.611990699902769 ], [ 5.00472700423404, 48.612028766723135 ], [ 5.004604811313301, 48.612071315247057 ], [ 5.004483293586668, 48.612109353271165 ], [ 5.004366185598326, 48.612151815927803 ], [ 5.004250097113824, 48.612198760302611 ], [ 5.004135703530487, 48.612245676027548 ], [ 5.004018767075785, 48.612292634440642 ], [ 5.003959620503132, 48.612316891753785 ] ], [ [ 5.000099849874365, 48.614294278913455 ], [ 5.000070141115436, 48.614316095674141 ], [ 4.999974901482284, 48.614376182375317 ], [ 4.999879833402598, 48.614440765098408 ], [ 4.999785612680808, 48.614505333505718 ], [ 4.999713096838502, 48.6145830342411 ], [ 4.999642275970928, 48.614660706456483 ], [ 4.999572130742854, 48.61473386828947 ], [ 4.999500461864669, 48.614811554645797 ], [ 4.999428792773801, 48.614889240954021 ], [ 4.999357799341293, 48.614962416880871 ], [ 4.999286129832239, 48.615040103093584 ], [ 4.999216155315496, 48.615117760793417 ], [ 4.999144485383628, 48.615195446910938 ], [ 4.999074510449177, 48.615273104517605 ], [ 4.999003516001007, 48.615346280210119 ], [ 4.998933540655876, 48.615423937724287 ], [ 4.99886017466793, 48.615501652111831 ], [ 4.998790198902531, 48.615579309531839 ], [ 4.998718356030499, 48.615652499265231 ], [ 4.99864753224057, 48.615730170820591 ], [ 4.99857586062666, 48.615807856556678 ], [ 4.998505712371482, 48.615881017692352 ], [ 4.99843573557329, 48.615958674879785 ], [ 4.998364910949912, 48.616036346247462 ], [ 4.998292390878641, 48.616114046019653 ], [ 4.998221565832427, 48.616191717292153 ], [ 4.998151416567854, 48.616264878195963 ], [ 4.998080591108461, 48.616342549374927 ], [ 4.998008917815013, 48.616420234730604 ], [ 4.997938939559242, 48.616497891591607 ], [ 4.997867265842952, 48.616575576852064 ], [ 4.997797115568963, 48.616648737524045 ], [ 4.997723746177834, 48.61672645113299 ], [ 4.997653767089788, 48.616804107806821 ], [ 4.997582768579824, 48.616877282559983 ], [ 4.997512789081065, 48.616954939141309 ], [ 4.99744111410675, 48.617032624116021 ], [ 4.997370286554986, 48.617110294823391 ], [ 4.997298439597129, 48.617183483607789 ], [ 4.997228459267351, 48.617261140002434 ], [ 4.997156783451945, 48.617338824786401 ], [ 4.997085107423828, 48.617416509522258 ], [ 4.997015126466143, 48.61749416577662 ], [ 4.99694412612777, 48.617567340107392 ], [ 4.996872449471258, 48.617645024700607 ], [ 4.996802467892688, 48.617722680815376 ], [ 4.996730619300656, 48.617795869220238 ], [ 4.996659789662271, 48.617873539456177 ], [ 4.996588112164641, 48.61795122385864 ], [ 4.996518129755019, 48.618028879786714 ], [ 4.996495018452334, 48.618053873187556 ] ] ] } },
{ "type": "Feature", "properties": { "fid": 8467, "gid": 8467, "CdEuMasseDEau": "FRHR123", "NomMasseDEau": "L'Ornain du confluent du Naveton (exclu) au confluent de la Saulx (exclu)", "Etat masse eau ": "Moyen", "Etat ecologique": "Bon", "Etat chimique": "Non atteint", "_swEcologicalStatusOrPotentialValue": "2", "_swChemicalStatusValue": "3" }, "geometry": { "type": "MultiLineString", "coordinates": [ [ [ 5.163436894191862, 48.773308786127267 ], [ 5.161198252395216, 48.775027300404041 ], [ 5.160806610655084, 48.775349289315578 ], [ 5.157346002579839, 48.776779421467701 ], [ 5.155355004543645, 48.777683594865948 ], [ 5.153117562257785, 48.779091518886062 ], [ 5.152666122420528, 48.779554012488987 ], [ 5.15211045252847, 48.779923911768023 ], [ 5.151945303011642, 48.780066343112615 ], [ 5.151604631841587, 48.780801249661913 ], [ 5.151529899048197, 48.780928555890199 ], [ 5.151345104529704, 48.781296268796872 ], [ 5.150861725346472, 48.78242961636159 ], [ 5.149923117235849, 48.783935537721199 ], [ 5.149481937337479, 48.784586770916007 ], [ 5.149022976433175, 48.784909927152889 ], [ 5.148360967662269, 48.785241231645053 ], [ 5.147572000843954, 48.7857547566433 ], [ 5.147250922182168, 48.78612041212812 ], [ 5.147011554017597, 48.786714024022821 ], [ 5.146975230877604, 48.787299487733101 ], [ 5.146747574312695, 48.787888389321331 ], [ 5.145320626714702, 48.790437699325217 ], [ 5.14506047485601, 48.790671795297598 ], [ 5.144467066912775, 48.790997344594217 ], [ 5.142730593688792, 48.791631301313942 ], [ 5.140724304192919, 48.792265567749347 ], [ 5.139984185156462, 48.792418280008313 ], [ 5.138470620074489, 48.792139480534011 ], [ 5.136900655048331, 48.792041611259407 ], [ 5.13415936562434, 48.791708234545347 ], [ 5.133822916055194, 48.791763727344559 ], [ 5.132307143257386, 48.792699485783629 ], [ 5.13150970708813, 48.793033107762135 ], [ 5.130522704208654, 48.793684999078771 ], [ 5.130332024722165, 48.79391332357752 ], [ 5.130282927400894, 48.794274078283941 ], [ 5.129889965202303, 48.79455099305418 ], [ 5.128954039472942, 48.7948915636699 ], [ 5.128481669270269, 48.794953960968293 ], [ 5.126847265504928, 48.794947076219763 ], [ 5.124253357648398, 48.794786288835091 ], [ 5.123777085298594, 48.794794755086933 ], [ 5.123361843583128, 48.794671679021498 ], [ 5.123555904501712, 48.79448379261261 ], [ 5.12355139359431, 48.794393903179163 ], [ 5.122739625013296, 48.794502795492861 ], [ 5.12167195548343, 48.794890633442094 ], [ 5.120682966759341, 48.795497490165587 ], [ 5.119953819281913, 48.79583881707925 ], [ 5.119919013282032, 48.796469220080049 ], [ 5.120217900909467, 48.796954249884877 ], [ 5.120357639632409, 48.79704173965014 ], [ 5.120493723482103, 48.797039324812779 ], [ 5.120759556929638, 48.796899653117976 ], [ 5.121033003527138, 48.796926288922926 ], [ 5.121175422319952, 48.797058714847047 ], [ 5.121266238592365, 48.797470961508687 ], [ 5.121549737271645, 48.797681854777572 ], [ 5.121488396420992, 48.797826894674287 ], [ 5.120752596490373, 48.798654177071832 ], [ 5.120014490968166, 48.799153107582903 ], [ 5.119337423703873, 48.799583473760002 ], [ 5.119022533627667, 48.800317807098693 ], [ 5.118002059750498, 48.800907200871897 ], [ 5.11620866866637, 48.801370823111483 ], [ 5.114609122146028, 48.801304670536496 ], [ 5.113909378164954, 48.801933336309816 ], [ 5.115023493959207, 48.80247592814294 ], [ 5.114802339494194, 48.803613446956241 ], [ 5.114429515487773, 48.805104524636064 ], [ 5.112992191139236, 48.80568325105699 ], [ 5.110366282050313, 48.805963565583376 ], [ 5.109903434907324, 48.806201156628099 ], [ 5.1091986267995, 48.807023310913117 ], [ 5.108819461884375, 48.80758330569634 ], [ 5.108724462571463, 48.80834971049461 ], [ 5.107855060278975, 48.808639448823691 ], [ 5.107514773504606, 48.808645449589811 ], [ 5.106548884841352, 48.808401570113958 ], [ 5.106273139312999, 48.808361445830585 ], [ 5.105946185367484, 48.808592127075279 ], [ 5.105403723207485, 48.808651166329582 ], [ 5.104670413070029, 48.808938483635302 ], [ 5.104411506535671, 48.809167962109008 ], [ 5.104368508917045, 48.809663542204163 ], [ 5.104245715586625, 48.809890623566126 ], [ 5.103978989944044, 48.809989785191043 ], [ 5.103230519898091, 48.81000745650627 ], [ 5.102627789742098, 48.810197996467039 ], [ 5.10130204415545, 48.81086907807429 ], [ 5.100427235378688, 48.811068887749123 ], [ 5.099557741664926, 48.81135856503824 ], [ 5.099496812319452, 48.811494586552989 ], [ 5.099428751052961, 48.811495782022455 ], [ 5.098762578889152, 48.811781881839842 ], [ 5.096739879479686, 48.812145761547512 ], [ 5.094714314473091, 48.812460174630935 ], [ 5.092679496973403, 48.812608275526351 ], [ 5.091329034619261, 48.812816343723043 ], [ 5.089898265741239, 48.812805381126019 ], [ 5.089008220805159, 48.812690487146448 ], [ 5.08617131902692, 48.811858356011221 ], [ 5.085344063058517, 48.811652372123937 ], [ 5.084494452789603, 48.811653696665097 ], [ 5.083415103288313, 48.810997762040174 ], [ 5.082980715918732, 48.810524008978412 ], [ 5.082191387631602, 48.80996647095975 ], [ 5.080873243171232, 48.80891431949923 ], [ 5.080584846325107, 48.808172612534378 ], [ 5.080301276961532, 48.807957128844798 ], [ 5.080138631113528, 48.807465139887313 ], [ 5.079551310885639, 48.806976042070843 ], [ 5.078738303101202, 48.806612322750851 ], [ 5.078822648872992, 48.806336455472177 ], [ 5.079524420298166, 48.806301755213568 ], [ 5.079514381323749, 48.806050021348845 ], [ 5.078196351802349, 48.805488159552667 ], [ 5.077211586326911, 48.805149908316068 ], [ 5.07376978847835, 48.804417967138001 ], [ 5.072020723535394, 48.804659727143211 ], [ 5.070474828555413, 48.806481362636951 ], [ 5.069865101662933, 48.807441075488072 ], [ 5.070161224218725, 48.808488559664987 ], [ 5.069327090945535, 48.809200247100122 ], [ 5.068255733150999, 48.809533674489558 ], [ 5.066820569696714, 48.809580991722022 ], [ 5.064969060200828, 48.808767307163528 ], [ 5.063971951699101, 48.807772404475102 ], [ 5.062292254953695, 48.807275093803121 ], [ 5.061856743830402, 48.807111670951457 ], [ 5.061643420540515, 48.80703438082125 ], [ 5.060626619798875, 48.80631418870955 ], [ 5.059027347583692, 48.806256283212718 ], [ 5.057452955834285, 48.806008998036511 ], [ 5.056520500955077, 48.806497371361019 ], [ 5.054318979030032, 48.807358426112621 ], [ 5.052333984994451, 48.808445134754486 ], [ 5.05128288045352, 48.809187407414839 ], [ 5.051090095995786, 48.809415631448623 ], [ 5.051093726773196, 48.810027339339776 ], [ 5.051099106298921, 48.810899918646143 ], [ 5.050851524169137, 48.811358495634231 ], [ 5.050401340283451, 48.811861032127695 ], [ 5.050213778897197, 48.812179130363667 ], [ 5.049691309385855, 48.812597435776198 ], [ 5.049707082958815, 48.812912046024657 ], [ 5.049807152416435, 48.81327019362039 ], [ 5.050026028790231, 48.813531839392802 ], [ 5.050513876086244, 48.813748386447024 ], [ 5.050726846114827, 48.813924664675099 ], [ 5.050541898089155, 48.814287700829667 ], [ 5.050144892554945, 48.814519424982073 ], [ 5.049740140194102, 48.814575847291643 ], [ 5.049116686104971, 48.814375116707048 ], [ 5.048776355239421, 48.814380950248143 ], [ 5.048511941657533, 48.814520430464725 ], [ 5.048418660434895, 48.815331720398767 ], [ 5.048226017329329, 48.815564433827227 ], [ 5.047168564552486, 48.816171822585382 ], [ 5.047042040093612, 48.816353920414613 ], [ 5.04691904460589, 48.816625923173291 ], [ 5.047011570773547, 48.817074166387158 ], [ 5.047162618942177, 48.817386459007714 ], [ 5.047454802414948, 48.817736818674042 ], [ 5.04740425844331, 48.81809754610682 ], [ 5.046556191521519, 48.818791306182213 ], [ 5.04624836804991, 48.819430830952363 ], [ 5.045853006106148, 48.819662510666021 ], [ 5.045580889907996, 48.819671665366833 ], [ 5.04537144119073, 48.819585283774543 ], [ 5.044873954872639, 48.819188950649909 ], [ 5.044600077955578, 48.819153150649605 ], [ 5.044195107361052, 48.819205058708135 ], [ 5.042677281706959, 48.820148647568345 ], [ 5.041680762461159, 48.820619993913411 ], [ 5.040905024520089, 48.821402440098133 ], [ 5.040527539975723, 48.822200574943416 ], [ 5.037891455499796, 48.823361100783352 ], [ 5.036997738298266, 48.824199507717857 ], [ 5.036221430374339, 48.825602683838 ], [ 5.035901153816085, 48.827214002824341 ], [ 5.03544903112142, 48.828328261264538 ], [ 5.035202590007962, 48.828930718288433 ], [ 5.034643736055762, 48.829340569665163 ], [ 5.032438434184978, 48.830138270924927 ], [ 5.030817925209694, 48.830755068004407 ], [ 5.029410435780675, 48.830675505318297 ], [ 5.028922700082835, 48.831273045277932 ], [ 5.028330705912166, 48.831642943628843 ], [ 5.028118775830531, 48.832784579456948 ], [ 5.027185903793369, 48.833434641111815 ], [ 5.025817899955071, 48.833583772914423 ], [ 5.025144267857743, 48.833388266665942 ], [ 5.024848832484939, 48.83330330599162 ], [ 5.023901225096295, 48.833553252885608 ], [ 5.023372831374977, 48.833917550304129 ], [ 5.022703888313262, 48.83399633960228 ], [ 5.02212124459618, 48.834433519425438 ], [ 5.021927479029194, 48.834576238957467 ], [ 5.021535957450148, 48.835154125194272 ], [ 5.021063196542251, 48.835328548035257 ], [ 5.020512805657974, 48.835126434877132 ], [ 5.019713320745356, 48.834298783432182 ], [ 5.018772592425885, 48.833891840509928 ], [ 5.018161560959549, 48.833816689021965 ], [ 5.016388903308635, 48.83420644519623 ], [ 5.01603493980665, 48.834149438808261 ], [ 5.016277975036736, 48.833452624236877 ], [ 5.016198634742236, 48.833229053733128 ], [ 5.015919808517913, 48.832824421459051 ], [ 5.014485198475671, 48.832065916882691 ], [ 5.012238843819976, 48.831788867227417 ], [ 5.010773086519132, 48.831876497827537 ], [ 5.010028463282667, 48.83204645228458 ], [ 5.009072958958736, 48.832269424955669 ], [ 5.008904970180464, 48.832308232490199 ], [ 5.007762310589642, 48.831652699618473 ], [ 5.007869702224419, 48.831102120869645 ], [ 5.008616608586605, 48.830792698180922 ], [ 5.00904834376738, 48.830614514969731 ], [ 5.009065728015688, 48.829894516232997 ], [ 5.009044175883666, 48.829490043151353 ], [ 5.009154479943231, 48.828993391012645 ], [ 5.009069127794514, 48.828634971349672 ], [ 5.008705418030994, 48.828191264589272 ], [ 5.008210884566654, 48.82784421563322 ], [ 5.00772325429973, 48.827631993984873 ], [ 5.006409143675541, 48.827253714918754 ], [ 5.005371841466097, 48.826920259245504 ], [ 5.004611047349641, 48.826712606249998 ], [ 5.003589970937605, 48.826734219002937 ], [ 5.003190057906495, 48.826875864847757 ], [ 5.002666212868943, 48.827293973484039 ], [ 5.002220582659697, 48.827886198323228 ], [ 5.00213293376072, 48.828841276787912 ], [ 5.002013275981822, 48.829162649754522 ], [ 5.001750388777324, 48.829346977393428 ], [ 4.999767615410757, 48.829209224114528 ], [ 4.99901281153818, 48.829091398700207 ], [ 4.99832094837786, 48.828882553578026 ], [ 4.99796522325145, 48.828578125198881 ], [ 4.997861930072187, 48.827905127345581 ], [ 4.998056739036206, 48.827721945759819 ], [ 4.998805498385997, 48.827704933177074 ], [ 4.999140599006475, 48.827604869521487 ], [ 4.999270744374827, 48.827467748582869 ], [ 4.999188059885372, 48.827199241251009 ], [ 4.998749789787083, 48.826896194991662 ], [ 4.998542091763229, 48.826809703491222 ], [ 4.998135486140298, 48.826865978929682 ], [ 4.997462371035523, 48.827012170590329 ], [ 4.996641414632509, 48.826944915486003 ], [ 4.995757348985626, 48.826964173233051 ], [ 4.994608661043048, 48.827122783860325 ], [ 4.993865918364161, 48.827274614667999 ], [ 4.993113725786285, 48.827201690524376 ], [ 4.991660301166625, 48.82674010844498 ], [ 4.99069479193542, 48.826499792425601 ], [ 4.988558186556409, 48.826009062226262 ], [ 4.987106549180257, 48.825592377350823 ], [ 4.985734811842125, 48.825394757611882 ], [ 4.983035930971294, 48.824827802016337 ], [ 4.980422386155315, 48.824308852364624 ], [ 4.979402197850124, 48.824330244552179 ], [ 4.978862837892015, 48.824433633763647 ], [ 4.978535394715046, 48.824713439668287 ], [ 4.978556537561131, 48.825113424619751 ], [ 4.979217031115748, 48.826047102774602 ], [ 4.979184739464828, 48.826497451261879 ], [ 4.979126887362337, 48.826678334397727 ], [ 4.978795847764741, 48.826863738909459 ], [ 4.978319430188032, 48.826876120586718 ], [ 4.977699854791792, 48.826751426137101 ], [ 4.976913625145679, 48.826274131355305 ], [ 4.976414210547686, 48.825837072114965 ], [ 4.975994810980064, 48.825623595312067 ], [ 4.975650140049454, 48.825539328278253 ], [ 4.974774604694462, 48.825738215684098 ], [ 4.974316923778902, 48.826110122842174 ], [ 4.973647326045508, 48.826350582296413 ], [ 4.972091273411816, 48.826524695597406 ], [ 4.97155187625602, 48.826628051632717 ], [ 4.971154595869598, 48.826864006168371 ], [ 4.970834578315889, 48.827274112624991 ], [ 4.970447321525039, 48.827685326074722 ], [ 4.970118113667873, 48.827920154920243 ], [ 4.969649163784693, 48.828062824264293 ], [ 4.968894444634452, 48.827944808656241 ], [ 4.968409522210254, 48.827777365972644 ], [ 4.967354448788609, 48.827124510708771 ], [ 4.966868687885293, 48.826957075658186 ], [ 4.966252706322863, 48.826881742538646 ], [ 4.965572032585283, 48.826897432114805 ], [ 4.965223980411039, 48.82672322849622 ], [ 4.965270853314716, 48.826317627392449 ], [ 4.965390900529294, 48.826000785741286 ], [ 4.965429289525624, 48.825415398816041 ], [ 4.965610628305384, 48.824962605338797 ], [ 4.965582628081782, 48.824423290470087 ], [ 4.965202312271682, 48.823889766800463 ], [ 4.964925920019014, 48.823808845030008 ], [ 4.963865038893796, 48.823021110243104 ], [ 4.963648930178985, 48.822799753277245 ], [ 4.963429606311947, 48.822492984197481 ], [ 4.963818404006399, 48.822122249746783 ], [ 4.963530153266634, 48.821816612862143 ], [ 4.962295610698811, 48.821616473408135 ], [ 4.961335918376951, 48.821501775327803 ], [ 4.960715776742836, 48.821336520100793 ], [ 4.959070748489404, 48.821156573345121 ], [ 4.957763252388914, 48.820872118463541 ], [ 4.957275892751098, 48.820659689848242 ], [ 4.956709302947298, 48.820219151343167 ], [ 4.95640580230562, 48.81986876589022 ], [ 4.956296300250997, 48.819060893609205 ], [ 4.956083628627746, 48.818884448107241 ], [ 4.955807277059151, 48.818803504901517 ], [ 4.955330759082649, 48.818811299710113 ], [ 4.954795630612648, 48.819004474504688 ], [ 4.95439816396968, 48.819235879594586 ], [ 4.954143785914263, 48.819559405212857 ], [ 4.954156449078465, 48.819829086047406 ], [ 4.954511024253844, 48.820088679404897 ], [ 4.954654768598901, 48.820266254469765 ], [ 4.954893739624997, 48.820667178672657 ], [ 4.954840866797772, 48.82098291209352 ], [ 4.954575317683898, 48.821122197568776 ], [ 4.953970400438478, 48.821271527538514 ], [ 4.953565323435302, 48.821323128524568 ], [ 4.952873745501685, 48.821114019082053 ], [ 4.952508090796817, 48.82089958330544 ], [ 4.952470108221434, 48.820135522411967 ], [ 4.952113691249882, 48.819826473852508 ], [ 4.95108868060724, 48.81976224018053 ], [ 4.950413843578548, 48.819863214135637 ], [ 4.95008206238423, 48.820053049540441 ], [ 4.950043505036613, 48.820638434321559 ], [ 4.949914098241696, 48.820775488617727 ], [ 4.9494454935577, 48.820927070397232 ], [ 4.94842637776956, 48.820952679895811 ], [ 4.947941395965637, 48.820825639336483 ], [ 4.947724703318422, 48.820563780868852 ], [ 4.947570860312626, 48.820206437655457 ], [ 4.947210262787652, 48.819807480669688 ], [ 4.947195933675572, 48.819537826814802 ], [ 4.947462345368222, 48.819398543669763 ], [ 4.947439596184293, 48.818949101946522 ], [ 4.947015311064604, 48.818645642151729 ], [ 4.946606867206111, 48.818652293501522 ], [ 4.946407703785892, 48.818745498762986 ], [ 4.946159163923656, 48.819203855354914 ], [ 4.944816358323434, 48.81959005489491 ], [ 4.944429121102712, 48.820005682273482 ], [ 4.943966902914058, 48.820283085859451 ], [ 4.943759463979237, 48.820245975672812 ], [ 4.943395543761821, 48.819757099393534 ], [ 4.942692247753044, 48.819323216498425 ], [ 4.942682994304712, 48.819143442222007 ], [ 4.94246279074514, 48.818832152132757 ], [ 4.941986437973426, 48.818844389157931 ], [ 4.941397484051905, 48.819308264381718 ], [ 4.939502663108845, 48.81952794018374 ], [ 4.938679544039729, 48.819419841989571 ], [ 4.937759304008405, 48.818989448527049 ], [ 4.937134224420733, 48.818734190175029 ], [ 4.936792349864182, 48.818699246297534 ], [ 4.936524243411609, 48.818793551712581 ], [ 4.936204853988908, 48.819203554626228 ], [ 4.936169674594499, 48.819608953941341 ], [ 4.935977365866004, 48.819841471616563 ], [ 4.935512584216911, 48.820073902342472 ], [ 4.934828653327164, 48.819999509017308 ], [ 4.933226995956349, 48.819584605487243 ], [ 4.932596896614631, 48.819239442931952 ], [ 4.931258866628218, 48.816976028196329 ], [ 4.931047953285175, 48.816844492044197 ], [ 4.928973408429011, 48.816738543442632 ], [ 4.928590357313343, 48.81671773508846 ], [ 4.927835044493196, 48.816599472920323 ], [ 4.926811144272754, 48.816539512661841 ], [ 4.924975408531505, 48.816582581123811 ], [ 4.924628369478, 48.816453225783199 ], [ 4.924589859784503, 48.815963552551011 ], [ 4.92477803488472, 48.815641157429226 ], [ 4.924621853314989, 48.815238842494985 ], [ 4.924406960255474, 48.815021894844627 ], [ 4.924039897268292, 48.81448803041598 ], [ 4.923615784628567, 48.814184486403022 ], [ 4.92313096981052, 48.814012362663327 ], [ 4.92258493042758, 48.813980663089197 ], [ 4.922185701850602, 48.814167007695907 ], [ 4.921926938996231, 48.814445552836389 ], [ 4.921739435756295, 48.81476343469329 ], [ 4.921606610571525, 48.814855532013148 ], [ 4.921126976379434, 48.814777777162483 ], [ 4.921106963443978, 48.814373269371096 ], [ 4.921281126463602, 48.813785716397462 ], [ 4.921066087655937, 48.813564267016638 ], [ 4.920171390951749, 48.813358234890771 ], [ 4.918677589168266, 48.813436198345123 ], [ 4.918414486826604, 48.813620345278729 ], [ 4.918015411478265, 48.813811171469247 ], [ 4.917130689037172, 48.813829861846976 ], [ 4.91305694243369, 48.814061555822143 ], [ 4.910629899368938, 48.81343915292998 ], [ 4.906888765711454, 48.812126972733424 ], [ 4.90632784751672, 48.811780570057053 ], [ 4.905603433236633, 48.810896999724932 ], [ 4.904812622131943, 48.810059463818718 ], [ 4.904323773353887, 48.809797367071042 ], [ 4.903847494210573, 48.809809452255323 ], [ 4.903579373909343, 48.809903684536749 ], [ 4.902921592639553, 48.81037746232532 ], [ 4.902384716558726, 48.81052544912955 ], [ 4.901147335630077, 48.810279748657202 ], [ 4.900537412607515, 48.810338927052697 ], [ 4.899998041272419, 48.810441961798205 ], [ 4.898416003888593, 48.810386132969199 ], [ 4.897803425911264, 48.810395860528857 ], [ 4.896999249959708, 48.810638028304417 ], [ 4.895994304585082, 48.810977835019109 ], [ 4.895645740392212, 48.810803440001877 ], [ 4.895154988268164, 48.810487723608098 ] ], [ [ 4.891202721114687, 48.80144027563253 ], [ 4.891348367911462, 48.801227593126185 ], [ 4.891337664308185, 48.801002856657824 ], [ 4.890703105882515, 48.800567583848441 ], [ 4.89042695290347, 48.800486488251707 ], [ 4.890078477429729, 48.800312075384994 ], [ 4.889767938685683, 48.799822193244765 ], [ 4.889478616507246, 48.799471416493006 ], [ 4.889213132282412, 48.799338868739845 ] ] ] } },
{ "type": "Feature", "properties": { "fid": 8543, "gid": 8543, "CdEuMasseDEau": "FRHR125-F5853000", "NomMasseDEau": "fosse payen et voie achetee", "Etat masse eau ": "Moyen", "Etat ecologique": "Bon", "Etat chimique": "Non atteint", "_swEcologicalStatusOrPotentialValue": "2", "_swChemicalStatusValue": "3" }, "geometry": { "type": "MultiLineString", "coordinates": [ [ [ 5.01603493980665, 48.834149438808261 ], [ 5.014112517027642, 48.833970419347438 ], [ 5.011287140281067, 48.834427304718453 ], [ 5.005955791166312, 48.83536700193698 ], [ 5.004005489250439, 48.835858510274832 ], [ 5.002719761059283, 48.836023989176823 ], [ 5.001832965777864, 48.835998353521958 ], [ 5.001003083277144, 48.835746852418339 ], [ 4.999746757216098, 48.835147124869891 ], [ 4.999051384115735, 48.834893361068971 ], [ 4.998073323334081, 48.834419410148392 ], [ 4.996686024253709, 48.833911801812832 ], [ 4.99645696368669, 48.833690719480046 ], [ 4.996297601925212, 48.833243566397712 ], [ 4.996199638949627, 48.832664942041681 ], [ 4.995752466075612, 48.83190772229436 ], [ 4.995808544923831, 48.831681879277575 ], [ 4.996003375216516, 48.83149870165375 ], [ 4.995925846303884, 48.831320070019295 ], [ 4.995499457262333, 48.830971832947732 ], [ 4.994658530289565, 48.830495565633406 ], [ 4.993070036109883, 48.830090231059359 ], [ 4.990755545415465, 48.830097299330689 ], [ 4.989817037411107, 48.830387306887474 ], [ 4.98880529737407, 48.830588562132647 ], [ 4.988139125907779, 48.830874026272006 ], [ 4.987198875439318, 48.831119060264193 ], [ 4.986465460796024, 48.831450613430817 ], [ 4.985971915683977, 48.831908624029452 ], [ 4.985815510406352, 48.832050663401041 ], [ 4.985011752162518, 48.832302408925372 ], [ 4.98467129719891, 48.832308059902495 ], [ 4.983584573890193, 48.832375570517449 ], [ 4.983183032004999, 48.832521672262793 ], [ 4.982777896525789, 48.832573371684859 ], [ 4.982294596197416, 48.832450938838896 ], [ 4.982149021836924, 48.83227342715481 ], [ 4.98179763774261, 48.832058843245953 ], [ 4.981652917300618, 48.831881316790131 ], [ 4.981357548094027, 48.831706286396354 ], [ 4.980736370493994, 48.831541150606199 ], [ 4.978129846310423, 48.831192960982655 ], [ 4.977642307212249, 48.830980617333495 ], [ 4.975429886129739, 48.830310982710976 ], [ 4.974125816955327, 48.830125605761282 ], [ 4.973237434276665, 48.830054804909757 ], [ 4.971738130426258, 48.830043552065668 ], [ 4.970862504501961, 48.830242410032092 ], [ 4.969780906364187, 48.830399673490227 ], [ 4.96898185515208, 48.830732199195907 ], [ 4.967164159273833, 48.831175941348064 ], [ 4.965742588565568, 48.831352254268829 ], [ 4.965063558558092, 48.831367912905513 ], [ 4.963893477795469, 48.831121747523298 ], [ 4.963001866048852, 48.831010440811419 ], [ 4.959498578185347, 48.830681063495135 ], [ 4.95880685231337, 48.830471990110162 ], [ 4.957778915617882, 48.830358379745483 ], [ 4.957022502240271, 48.830195336173773 ], [ 4.953387109757187, 48.829701513830905 ], [ 4.951131435149334, 48.829526931215327 ], [ 4.950583365747907, 48.829445911195187 ], [ 4.949197491664199, 48.828982717221258 ], [ 4.948647067349208, 48.828861244046301 ], [ 4.948306630952627, 48.828866791529002 ], [ 4.947746803255872, 48.828835429167341 ], [ 4.945654963269363, 48.829238327703308 ], [ 4.944032654945508, 48.829467127525952 ], [ 4.942755982370175, 48.829807239919987 ], [ 4.941470209395803, 48.829972061297937 ], [ 4.940948196139761, 48.830430342655937 ], [ 4.939667450168209, 48.830685023946408 ], [ 4.939201737168927, 48.830917480572637 ], [ 4.937054767217974, 48.831559516674417 ], [ 4.936150465444849, 48.831173834639422 ], [ 4.933816618461855, 48.830820269016918 ], [ 4.932716621099464, 48.830622146330334 ], [ 4.927498543500142, 48.82974378813428 ], [ 4.92322972989286, 48.829083838843438 ], [ 4.919941345968795, 48.828704871281147 ], [ 4.916369843770637, 48.828105449573535 ], [ 4.913279508672018, 48.827597180857772 ], [ 4.911826780596766, 48.827134628951647 ], [ 4.910936885732666, 48.827018411113109 ], [ 4.90982758370411, 48.826910189423103 ], [ 4.907589592532169, 48.827094349929126 ], [ 4.906853919627919, 48.827375966425606 ], [ 4.905227361837377, 48.827514345588085 ], [ 4.904891066421045, 48.827609664185069 ] ], [ [ 4.904891066421045, 48.827609664185069 ], [ 4.904478410970496, 48.827526276875247 ], [ 4.903920627090778, 48.827269775947371 ], [ 4.903848406018892, 48.827180965293707 ], [ 4.903743046958598, 48.826417977412369 ], [ 4.903527343649069, 48.826201007950083 ], [ 4.903181144856629, 48.826071577923322 ], [ 4.903034216559137, 48.825849014803822 ], [ 4.902610133813082, 48.825545399356919 ], [ 4.902261450101305, 48.825371025885381 ], [ 4.901905459043761, 48.825066324601458 ], [ 4.901276351893806, 48.824720985176633 ], [ 4.901051391107003, 48.82431973886144 ], [ 4.900695414299117, 48.824015033690237 ], [ 4.899351197678106, 48.823276226662067 ], [ 4.898664788107173, 48.823156685851039 ], [ 4.898305559164483, 48.822762064437107 ], [ 4.898218426297864, 48.822403604562624 ], [ 4.898274131377694, 48.822132837586388 ], [ 4.898469268494727, 48.821949817423878 ], [ 4.898383837830849, 48.821591330385047 ], [ 4.897876714615014, 48.82096965521724 ], [ 4.89738711106058, 48.820712041603699 ], [ 4.896213631639625, 48.820379811772845 ], [ 4.895721392710577, 48.820072754697527 ], [ 4.895433552559313, 48.819766953221858 ], [ 4.894869979998761, 48.819371062587848 ], [ 4.894173694971261, 48.819071731114427 ], [ 4.893448970249003, 48.818457982535911 ], [ 4.892395187558741, 48.81780895631195 ], [ 4.892025169872811, 48.817185085531605 ], [ 4.891386296173479, 48.816659926570743 ], [ 4.890958081085286, 48.816261875780022 ], [ 4.890038886522599, 48.815565719121402 ], [ 4.889299281996179, 48.814936471753974 ] ], [ [ 4.985807462593653, 48.836958241608443 ], [ 4.985296815433379, 48.83656638828154 ], [ 4.984938379377685, 48.836212489459221 ], [ 4.984836261651433, 48.835543966092828 ], [ 4.984289788207354, 48.835508053667752 ], [ 4.982572545273026, 48.835235161672472 ], [ 4.982230361114921, 48.835195852951855 ], [ 4.982096732303128, 48.835243048920077 ], [ 4.981774188809688, 48.835608242961243 ], [ 4.981514780023662, 48.835841944837469 ], [ 4.979730125681405, 48.835565631018227 ], [ 4.978981247216124, 48.835582524054736 ], [ 4.978111867052196, 48.835925268859178 ], [ 4.976899264009397, 48.836179221182711 ], [ 4.974806502565745, 48.836537660089846 ], [ 4.972381903958758, 48.837085956654612 ], [ 4.968683609830141, 48.838033015084001 ], [ 4.968219663090604, 48.838265555133731 ], [ 4.968028274905766, 48.83854308728187 ], [ 4.967702217695161, 48.838818336702843 ], [ 4.967165232770914, 48.838966610610271 ], [ 4.965880837319506, 48.839172150574974 ], [ 4.964680821606395, 48.839695653103576 ], [ 4.963268681425888, 48.840038204699752 ], [ 4.962672044379185, 48.840367359443178 ], [ 4.962679677450959, 48.840502175958797 ], [ 4.962368321939853, 48.841101028519937 ], [ 4.961908725149482, 48.841427930312257 ], [ 4.96137508085184, 48.841666083423327 ], [ 4.960231888729356, 48.841959206114893 ], [ 4.958626515265273, 48.842534267820511 ], [ 4.957542936409875, 48.842646466102977 ], [ 4.957197500278389, 48.842566656384079 ], [ 4.956777876006544, 48.842348620105362 ], [ 4.956299624029664, 48.84231596107815 ], [ 4.95514201261958, 48.842339387682472 ], [ 4.953861380490336, 48.842603208816129 ], [ 4.952312196350837, 48.842952364386633 ], [ 4.950953806030068, 48.843028505624069 ], [ 4.949681913025052, 48.8434585657591 ], [ 4.949417917358248, 48.843642789849433 ], [ 4.947360228529094, 48.844724348073463 ], [ 4.946817234904922, 48.844737685166074 ], [ 4.944624149190003, 48.844476490890628 ], [ 4.943124436742621, 48.844464879500919 ], [ 4.942644497975929, 48.844387213023097 ], [ 4.942293851621538, 48.844212986883718 ], [ 4.941959191600606, 48.84323335511619 ], [ 4.94150783126585, 48.842390556809058 ], [ 4.940475497941351, 48.842186906694373 ], [ 4.93846552117886, 48.841508812445895 ], [ 4.938044479119021, 48.841250252452326 ], [ 4.935936895869385, 48.841214868966773 ] ], [ [ 4.935824150063462, 48.840779452328746 ], [ 4.935838843535087, 48.84071472355491 ], [ 4.935352890301492, 48.840542667224128 ], [ 4.935080645952046, 48.840551570287211 ], [ 4.93479776668197, 48.840522431733952 ] ], [ [ 4.932627228230023, 48.839891428102668 ], [ 4.932592921479753, 48.839849621182758 ], [ 4.932090199988773, 48.839592360352952 ], [ 4.931269814750888, 48.839520148205757 ], [ 4.930650201725761, 48.839395211439054 ], [ 4.930227512983032, 48.839136650928118 ], [ 4.929903057602979, 48.839109859260603 ] ], [ [ 4.929130202439769, 48.838783791294574 ], [ 4.928940661491039, 48.838698979236547 ] ], [ [ 4.928595779846598, 48.838544658377472 ], [ 4.928493554168058, 48.838498916440237 ], [ 4.927599211624097, 48.838337911575422 ], [ 4.926949320119122, 48.838322007769492 ] ], [ [ 4.926508725943496, 48.838271020785008 ], [ 4.925955982767884, 48.838148480183918 ], [ 4.925064331942628, 48.838036891370827 ], [ 4.924607204180178, 48.837846986137507 ] ], [ [ 4.924260277218916, 48.837660148836051 ], [ 4.923312093188859, 48.837039535641523 ], [ 4.922608731192863, 48.836605541324445 ], [ 4.92229578688101, 48.836512788992295 ] ], [ [ 4.914607511168204, 48.835152453246678 ], [ 4.914558444987328, 48.835141599550681 ] ], [ [ 4.913827572654523, 48.834223300852663 ], [ 4.913821656114326, 48.834106149272102 ], [ 4.914464153104482, 48.833326704071553 ], [ 4.914585376403888, 48.833009901839368 ], [ 4.914440831174249, 48.832877275313137 ], [ 4.913752609949444, 48.832712868338803 ], [ 4.913173602521485, 48.832321809116792 ], [ 4.913029966253339, 48.8321441861195 ], [ 4.912546833903242, 48.832021471440768 ], [ 4.909606251075322, 48.830422189681165 ], [ 4.907867046894608, 48.829649302907171 ], [ 4.906257378127189, 48.828784365608662 ], [ 4.905330937272768, 48.828227881909122 ], [ 4.905041352754326, 48.827877151671942 ], [ 4.904891066421045, 48.827609664185069 ] ] ] } },
{ "type": "Feature", "properties": { "fid": 8498, "gid": 8498, "CdEuMasseDEau": "FRHR123-F5697000", "NomMasseDEau": "ruisseau des fontaines", "Etat masse eau ": "Moyen", "Etat ecologique": "Bon", "Etat chimique": "Non atteint", "_swEcologicalStatusOrPotentialValue": "2", "_swChemicalStatusValue": "3" }, "geometry": { "type": "MultiLineString", "coordinates": [ [ [ 4.990424317741149, 48.811120500850947 ], [ 4.988974009955146, 48.810973710557938 ], [ 4.98835288375894, 48.810804115918891 ], [ 4.987512347246307, 48.810327789818523 ], [ 4.985990530013544, 48.809867277776142 ], [ 4.984199227665997, 48.809460700883371 ], [ 4.982890007349338, 48.809127068676176 ], [ 4.981289283846937, 48.808447394121814 ], [ 4.98051350026161, 48.807924963968837 ], [ 4.980003824303139, 48.807258676015692 ], [ 4.979633891258898, 48.806954426857622 ], [ 4.97934375468728, 48.806599374673503 ], [ 4.979047828368628, 48.80615895143778 ], [ 4.977991353957382, 48.80546122351479 ], [ 4.977280635121192, 48.804856727440303 ], [ 4.976714218437109, 48.804420772970929 ], [ 4.976498982941393, 48.804199421508898 ], [ 4.976466623062271, 48.803570205159211 ], [ 4.976304970426551, 48.803078073449697 ], [ 4.97568670349593, 48.802957847280673 ], [ 4.973374264873101, 48.803009547526848 ], [ 4.971851076930928, 48.802773791910298 ], [ 4.97062629993304, 48.802753509729968 ], [ 4.970145002725564, 48.802675978753285 ], [ 4.969931500408877, 48.8024995693455 ], [ 4.969102304767301, 48.802247839439694 ], [ 4.9686065838883, 48.8018556645088 ], [ 4.965852971906158, 48.801244251766079 ], [ 4.965373559264736, 48.801216151239373 ], [ 4.96497051245725, 48.801317241545618 ], [ 4.964691526633431, 48.801186881822282 ], [ 4.964417630078176, 48.801146402179405 ], [ 4.96422466470996, 48.801378983054967 ], [ 4.963542461338451, 48.801345211650784 ], [ 4.961642631913128, 48.801434888130039 ], [ 4.96108822695648, 48.801268556746159 ], [ 4.960747971971893, 48.801274139779622 ], [ 4.960080331798797, 48.801514500650313 ], [ 4.959127781740597, 48.801534618107752 ], [ 4.958592844575312, 48.801727812852114 ], [ 4.957426847813804, 48.80152650426475 ], [ 4.952291507915769, 48.801201169655421 ], [ 4.951475913486153, 48.801218988775112 ], [ 4.950534324156954, 48.801463768727757 ], [ 4.949789307884908, 48.801525406271608 ], [ 4.941402543205013, 48.801221120754377 ], [ 4.941364599010219, 48.801230733524967 ], [ 4.941123574732226, 48.801158179492852 ], [ 4.940909422870854, 48.801098683108201 ], [ 4.940792062885818, 48.801055607229408 ], [ 4.940717388113382, 48.801038827179234 ], [ 4.940539996193346, 48.800960740434391 ], [ 4.939979418246491, 48.800717943331598 ], [ 4.939369538527655, 48.800430961861579 ], [ 4.938701670977754, 48.800117928933638 ], [ 4.938230577619325, 48.799900661126642 ], [ 4.936293949271146, 48.800075997295323 ], [ 4.935712393550624, 48.800413785900361 ], [ 4.935086329617839, 48.800423925029911 ], [ 4.934206876129033, 48.800532624025521 ], [ 4.933596288541133, 48.800547003013769 ], [ 4.93241714897797, 48.80012525420905 ], [ 4.931186568508248, 48.80001469944748 ], [ 4.930504570833433, 48.799985234935065 ], [ 4.929491528738757, 48.800141038919918 ], [ 4.929146417031651, 48.800061145187357 ], [ 4.928793639225923, 48.799796949075812 ], [ 4.92796468517957, 48.799544933235069 ], [ 4.926101970050193, 48.799048683883811 ], [ 4.925217832777687, 48.799076425342662 ], [ 4.924667779894006, 48.798954838587449 ], [ 4.923648064836526, 48.798975755602974 ], [ 4.921966382968697, 48.799371663713885 ], [ 4.920279663878738, 48.799677665305254 ], [ 4.917979835669148, 48.799953000848198 ], [ 4.916692548009493, 48.800081609815209 ], [ 4.915932498834869, 48.799873387861041 ], [ 4.915696474411194, 48.799472337551322 ], [ 4.915485671086536, 48.799340771912128 ], [ 4.914028709523495, 48.798788352166312 ], [ 4.913688465740695, 48.798793801252643 ], [ 4.912881192355568, 48.798991150432073 ], [ 4.912467266908308, 48.798867328924089 ], [ 4.91185499162105, 48.798881624098577 ], [ 4.91158279593227, 48.798885978494582 ], [ 4.910548943060826, 48.798637120670605 ], [ 4.908566949189812, 48.798457378414959 ], [ 4.906573185404302, 48.798048385622693 ], [ 4.906307788522725, 48.798192062239252 ], [ 4.905971684114659, 48.798287386353032 ], [ 4.904869523192186, 48.798008082309416 ], [ 4.904538401754953, 48.798193285898037 ], [ 4.903446513386733, 48.798125218012473 ], [ 4.898885057054888, 48.798089831729982 ], [ 4.898142449691047, 48.798241071824442 ], [ 4.897528542269338, 48.798210338226248 ], [ 4.896958347026864, 48.79795400075551 ], [ 4.896684520106528, 48.797913365806622 ], [ 4.896273747165155, 48.79787490341829 ], [ 4.895790971631127, 48.797752117324549 ], [ 4.894012517667425, 48.797573403855615 ], [ 4.893412665513035, 48.79781231451738 ], [ 4.892481284193475, 48.797776791794753 ] ] ] } },
{ "type": "Feature", "properties": { "fid": 7987, "gid": 7987, "CdEuMasseDEau": "FRHR121-F5544000", "NomMasseDEau": "ruisseau la laume", "Etat masse eau ": "Médiocre", "Etat ecologique": "Médiocre", "Etat chimique": "Bon", "_swEcologicalStatusOrPotentialValue": "4", "_swChemicalStatusValue": "2" }, "geometry": { "type": "MultiLineString", "coordinates": [ [ [ 4.972763819941307, 48.773551383082015 ], [ 4.97272045181551, 48.774046916628812 ], [ 4.97280376538024, 48.774360424182291 ], [ 4.973253512658081, 48.775162695377212 ], [ 4.973217798674021, 48.775793051967867 ], [ 4.972511248947872, 48.776614421124208 ], [ 4.972139846403341, 48.777344784114064 ], [ 4.97077107240168, 48.778271537384896 ], [ 4.969988447837369, 48.778927706094692 ], [ 4.969605957276739, 48.77943332614926 ], [ 4.969055954637389, 48.779919214397971 ], [ 4.968962839000143, 48.782862639689696 ], [ 4.967884932840383, 48.783069329080163 ], [ 4.96654067306472, 48.78341084389178 ], [ 4.965878376827248, 48.783741122958737 ], [ 4.965073227193606, 48.783983782228148 ], [ 4.963114809552699, 48.784263385541188 ], [ 4.96271510277742, 48.784449884316999 ], [ 4.961465217995109, 48.785289098869647 ], [ 4.960867336893979, 48.78556881007669 ], [ 4.960056218215114, 48.785676584066337 ], [ 4.957540437634703, 48.785731326998217 ], [ 4.956159049304076, 48.785313122983439 ], [ 4.955464054749066, 48.785023116597841 ], [ 4.954970284653761, 48.784675834304977 ], [ 4.954484790251425, 48.78450384715223 ], [ 4.953182454104128, 48.784309229378678 ], [ 4.951798606119097, 48.7838460331402 ], [ 4.950979070094156, 48.783773952598217 ], [ 4.948995505580841, 48.783860308710167 ], [ 4.948188596843536, 48.784057898929653 ], [ 4.947318709682222, 48.784346475364906 ], [ 4.94687059641856, 48.784628172660717 ], [ 4.945686123892032, 48.785425667532586 ], [ 4.945088324267815, 48.78570979527413 ], [ 4.943401332087783, 48.786016140660209 ], [ 4.942112442665112, 48.786091078670303 ], [ 4.941433994621279, 48.78610660377403 ], [ 4.939978625521689, 48.785869346791166 ], [ 4.939355435936179, 48.78565455236285 ], [ 4.937751642869997, 48.784879888444834 ], [ 4.937634932597339, 48.784812157036143 ] ] ] } },
{ "type": "Feature", "properties": { "fid": 8499, "gid": 8499, "CdEuMasseDEau": "FRHR124", "NomMasseDEau": "la Chée de sa source au confluent du ruisseau de Nausonce (inclus)", "Etat masse eau ": "Moyen", "Etat ecologique": "Bon", "Etat chimique": "Non atteint", "_swEcologicalStatusOrPotentialValue": "2", "_swChemicalStatusValue": "3" }, "geometry": { "type": "MultiLineString", "coordinates": [ [ [ 5.160928910283284, 48.865153826783683 ], [ 5.160860780344673, 48.865155057165921 ], [ 5.160726385228898, 48.865202466677424 ], [ 5.16059489262144, 48.865299304406093 ], [ 5.160534059568976, 48.865435350420007 ], [ 5.1604023795657, 48.865527693031602 ], [ 5.159656698058841, 48.865590634810523 ], [ 5.159059147670026, 48.865875811586257 ], [ 5.158050940307827, 48.866123409717332 ], [ 5.156776632719748, 48.86651074301254 ], [ 5.156428873112096, 48.866386561658317 ], [ 5.156214479505313, 48.866210495487223 ], [ 5.156117204947512, 48.865672459104623 ], [ 5.156042640337973, 48.865538855335856 ], [ 5.155495921543777, 48.865508221015077 ], [ 5.153414769264662, 48.866107972894326 ], [ 5.152805148132305, 48.866163924735496 ], [ 5.152389269010507, 48.866040957362102 ], [ 5.152176747898631, 48.865909832867807 ], [ 5.151739049112906, 48.865382414292483 ], [ 5.151384701602503, 48.865118891561735 ], [ 5.149592919427184, 48.864759747441305 ], [ 5.148686471209333, 48.864375685201928 ], [ 5.148051699628771, 48.863986739270423 ], [ 5.147491190756501, 48.863951818044328 ], [ 5.147153437237217, 48.864007360080677 ], [ 5.14578278758106, 48.863856517154609 ], [ 5.145563219050492, 48.863595058647597 ], [ 5.145012787344062, 48.863514962846253 ], [ 5.144409147203206, 48.863674224611877 ], [ 5.144068690244303, 48.863684824042743 ], [ 5.143794326458817, 48.863644757767567 ], [ 5.14288978970471, 48.863305600443077 ], [ 5.142526732623645, 48.862911759235047 ], [ 5.142318652678005, 48.86282552036149 ], [ 5.141985264727789, 48.862966436178418 ], [ 5.141938883117604, 48.863372107439432 ], [ 5.141808026975233, 48.863464414517807 ], [ 5.141740083629301, 48.863470128940186 ], [ 5.141251391898025, 48.863253963877874 ], [ 5.140697460328423, 48.863088444632766 ], [ 5.140490378344851, 48.863047167091821 ], [ 5.140488531110152, 48.863002217827166 ], [ 5.139861080682162, 48.862748045340403 ], [ 5.139381676367989, 48.862716134133493 ], [ 5.138376133671112, 48.863008501285108 ], [ 5.13776316907826, 48.863023952738423 ], [ 5.137206370607719, 48.862808988270082 ], [ 5.136571703828817, 48.862419980904789 ], [ 5.135056974977908, 48.862141140400468 ], [ 5.134850752811086, 48.862099837870112 ], [ 5.134374419422996, 48.862121830659412 ], [ 5.133772236039004, 48.862316998484815 ], [ 5.133383312941568, 48.86268379152181 ], [ 5.133190690271073, 48.862912136903432 ], [ 5.131847344065917, 48.863259950863537 ], [ 5.131114398714153, 48.863592380873882 ], [ 5.130442218661928, 48.863743795716438 ], [ 5.129714636719402, 48.864166085432629 ], [ 5.129379368407871, 48.864262016582025 ], [ 5.128689205225742, 48.864098866719203 ], [ 5.127827525538462, 48.863533924398837 ], [ 5.127619600377173, 48.863492639749282 ], [ 5.126866698741737, 48.863420559300309 ], [ 5.126722564405251, 48.863292673217849 ], [ 5.126701788251305, 48.862888203635102 ], [ 5.126562845881151, 48.86284569104869 ], [ 5.126358462695604, 48.862849323398336 ], [ 5.125829256568524, 48.863142114101365 ], [ 5.125624872168953, 48.863145745197251 ], [ 5.125537811309244, 48.86278743515188 ], [ 5.125467849370319, 48.862743695884262 ], [ 5.125197172912664, 48.862793485956843 ], [ 5.124673946483468, 48.863212115025497 ], [ 5.124270729973558, 48.863313736642382 ], [ 5.12379016549811, 48.863232303422542 ], [ 5.123580412088647, 48.863146062228822 ], [ 5.12317536165281, 48.863202730644872 ], [ 5.12270499417451, 48.863350520511112 ], [ 5.122443213384475, 48.8635350924554 ], [ 5.122391312562956, 48.863850887119099 ], [ 5.122601066841741, 48.863937130341952 ], [ 5.122559900293355, 48.864432662478897 ], [ 5.122360877136988, 48.864526156744574 ], [ 5.122016692402387, 48.864487279215723 ], [ 5.121943196605925, 48.864398618669199 ], [ 5.121859024907657, 48.864089735708923 ], [ 5.121363214354519, 48.86373867121106 ], [ 5.12095730528594, 48.863795347188415 ], [ 5.120828241210876, 48.863932580818322 ], [ 5.120839947624992, 48.864157283160331 ], [ 5.120986083409492, 48.864334620690578 ], [ 5.120802297712691, 48.864697733904073 ], [ 5.120182115470628, 48.864578276973518 ], [ 5.118937067655993, 48.864244974471269 ], [ 5.118255953002176, 48.864261532476398 ], [ 5.117921028541791, 48.864366421428556 ], [ 5.117403085865654, 48.864874887041474 ], [ 5.116826864339813, 48.865564308405112 ], [ 5.116768595195802, 48.865745266572858 ], [ 5.116782963041397, 48.866014903385967 ], [ 5.117143168235597, 48.866363887146548 ], [ 5.117175670923616, 48.866723166546372 ], [ 5.116977604771436, 48.866861616202826 ], [ 5.116337447684095, 48.866607547293214 ], [ 5.115792567144134, 48.866621681133559 ], [ 5.115169574124579, 48.866412284369311 ], [ 5.114624512806413, 48.866421917943072 ], [ 5.114220400191718, 48.866523520454571 ], [ 5.113957721733804, 48.866708088356042 ], [ 5.113855513607681, 48.867339638307151 ], [ 5.112561333684562, 48.867371489663107 ], [ 5.112349759095127, 48.867240279588962 ], [ 5.11225646200353, 48.866747127619668 ], [ 5.112180487324091, 48.866618021697569 ], [ 5.111839822333244, 48.866624034463229 ], [ 5.111711578897214, 48.866761242879569 ], [ 5.111509001679228, 48.866809799410277 ], [ 5.111018764359661, 48.866553056958963 ], [ 5.109908536259352, 48.866181297406683 ], [ 5.109566235263842, 48.86614684905831 ], [ 5.108597385608276, 48.865898533746481 ], [ 5.107978920364994, 48.8657789836967 ], [ 5.107770034529268, 48.865692699990362 ], [ 5.10715168889498, 48.865618125308707 ], [ 5.10462408958699, 48.865496177008872 ], [ 5.104552438280886, 48.865452455581838 ], [ 5.103997635810369, 48.865241802118213 ], [ 5.102701687276831, 48.86522859719139 ], [ 5.102425643930223, 48.865188466073469 ], [ 5.102752857186418, 48.864912826435003 ], [ 5.102386949018697, 48.864694347808751 ], [ 5.101692385424482, 48.864441157725899 ], [ 5.101280086344107, 48.864403417223954 ], [ 5.10127294274434, 48.864268597701653 ], [ 5.101339259412073, 48.864222451424901 ], [ 5.101329450575043, 48.864042697018739 ], [ 5.101055299139405, 48.86400702776772 ], [ 5.100317669979165, 48.864249384246726 ], [ 5.099443175084874, 48.8644581521989 ], [ 5.099180454692327, 48.864642688010107 ], [ 5.09892487001984, 48.864962042808664 ], [ 5.098321669418985, 48.86515704667719 ], [ 5.097979382819078, 48.865122565159368 ], [ 5.09776966453817, 48.865036278881234 ], [ 5.097684602468966, 48.864722899057412 ], [ 5.097476589553627, 48.864636582374558 ], [ 5.096931724527239, 48.86465063037577 ], [ 5.096661010906635, 48.864700355819842 ], [ 5.096528261856617, 48.864747663401282 ], [ 5.096601714888826, 48.864836339522213 ], [ 5.096955783276414, 48.865100024451003 ], [ 5.097050635874456, 48.865593159220879 ], [ 5.096918842985641, 48.865685431944101 ], [ 5.096573711812196, 48.865601516539982 ], [ 5.096027027487265, 48.865570610579006 ], [ 5.095606818394145, 48.865357561092026 ], [ 5.095336951482818, 48.865407268594247 ], [ 5.095003419986355, 48.86554805318233 ], [ 5.094946883091299, 48.865773950570549 ], [ 5.094815937673979, 48.865866206052523 ], [ 5.094473648735391, 48.865831714530806 ], [ 5.094052411511823, 48.865614179557625 ], [ 5.09355961301537, 48.865312430347643 ], [ 5.093221793254428, 48.865367820103359 ], [ 5.093092652228584, 48.865505023620173 ], [ 5.093107749117779, 48.865774648424463 ], [ 5.093255420951208, 48.865992474425838 ], [ 5.093263498974548, 48.866172258973251 ], [ 5.092996464274304, 48.866271391103197 ], [ 5.09258936967615, 48.866278510996935 ], [ 5.092309897581945, 48.86615295183902 ], [ 5.092158539733605, 48.86588570961046 ], [ 5.091954142241867, 48.865889283195855 ], [ 5.091471489382369, 48.865776270364414 ], [ 5.091133483918715, 48.865827159212685 ], [ 5.090663853540919, 48.865974807905822 ], [ 5.09040460185489, 48.866204244335549 ], [ 5.090286174836892, 48.866566164410841 ], [ 5.090077315154533, 48.866479849889387 ], [ 5.089932310617887, 48.866306955091588 ], [ 5.089523511995552, 48.866314094306802 ], [ 5.089122005980411, 48.866460547112958 ], [ 5.089061836611302, 48.866596541731973 ], [ 5.089012385014761, 48.866957256040713 ], [ 5.088885883491407, 48.867139389836368 ], [ 5.088161422965432, 48.867606345718521 ], [ 5.088102200276063, 48.867787304446438 ], [ 5.088116420303944, 48.868056944185369 ], [ 5.088741879299141, 48.868266436842148 ], [ 5.088611867589853, 48.868403650030857 ], [ 5.088695078344513, 48.868672085434135 ], [ 5.088703992749922, 48.868851854987497 ], [ 5.088254885848497, 48.869129580680095 ], [ 5.08772504142642, 48.869413211237791 ], [ 5.087314596705389, 48.869379888059299 ], [ 5.086955829114345, 48.869296182899419 ], [ 5.086549839343733, 48.869352741892108 ], [ 5.086218911189562, 48.869538436469639 ], [ 5.085396990517374, 48.86946729824075 ], [ 5.085132395404207, 48.869606852540713 ], [ 5.084449760670222, 48.86958725820184 ], [ 5.084116352871479, 48.869732506902089 ], [ 5.084054463207571, 48.869868528267943 ], [ 5.083106863379714, 48.869979487589973 ], [ 5.082688289406637, 48.869806848476507 ], [ 5.08214866403444, 48.869910699199032 ], [ 5.081424104573792, 48.870377613129925 ], [ 5.080951757793298, 48.870480288060406 ], [ 5.079802370312859, 48.870639710647993 ], [ 5.078930915850645, 48.870929237274041 ], [ 5.078313401125738, 48.87085449916502 ], [ 5.077761382274375, 48.870733639714381 ], [ 5.076121382395433, 48.870645151980014 ], [ 5.072168331027828, 48.870646195150293 ], [ 5.071355266936955, 48.870754731043576 ], [ 5.06954581395722, 48.871334803748027 ], [ 5.068658384960788, 48.871309664329857 ], [ 5.067848791556473, 48.871463096905842 ], [ 5.067521628339345, 48.871702650013454 ], [ 5.067328862104779, 48.871935382452229 ], [ 5.067131495446341, 48.87207373422757 ], [ 5.066391810660446, 48.872270929825689 ], [ 5.065799696258773, 48.872685979362167 ], [ 5.064480001956329, 48.874786861466667 ], [ 5.064356959550976, 48.875058867897167 ], [ 5.064305546902477, 48.875374619301546 ], [ 5.064178938545624, 48.875556725587657 ], [ 5.063455920685766, 48.876068478245571 ], [ 5.063346421808517, 48.876295269075726 ], [ 5.063238315388837, 48.876836899821733 ], [ 5.063109066949814, 48.876974069552325 ], [ 5.062191784169513, 48.877682578155394 ], [ 5.062129827801882, 48.877818587200082 ], [ 5.062086294837012, 48.878269142333913 ], [ 5.061764045913443, 48.878634537723002 ], [ 5.060980704251199, 48.879282253297589 ], [ 5.060527400276993, 48.879739862175207 ], [ 5.060131821886354, 48.879976071520666 ], [ 5.059870662217336, 48.880205468210839 ], [ 5.059267138909214, 48.880400272535695 ], [ 5.059276805648121, 48.880580027700937 ], [ 5.058958004038734, 48.880990335221135 ], [ 5.058365908960018, 48.881409839677602 ], [ 5.057986899677278, 48.882001100593442 ], [ 5.057456759492891, 48.882284593836388 ], [ 5.056987737206897, 48.882432093534007 ], [ 5.056063920321296, 48.883001222203497 ], [ 5.055456871918644, 48.883151086371171 ], [ 5.054931780972683, 48.883519943343288 ], [ 5.054729085675118, 48.883568403023652 ], [ 5.054322949672108, 48.883624851971959 ], [ 5.053521918132375, 48.883957955566608 ], [ 5.051487133901145, 48.884136781507777 ], [ 5.050953461940757, 48.884375324865893 ], [ 5.050288713439215, 48.884706070970353 ], [ 5.049681562873948, 48.88481092669906 ], [ 5.04888083719115, 48.885152988830811 ], [ 5.04802560547298, 48.885756861811437 ], [ 5.047641143397065, 48.886213238493539 ], [ 5.046652177162465, 48.886864367907954 ], [ 5.046048527236568, 48.887059104415663 ], [ 5.045511268192674, 48.887207723475846 ], [ 5.044778287072996, 48.887539602790163 ], [ 5.044437477552996, 48.887545423598738 ], [ 5.043742891114157, 48.8872919025372 ], [ 5.043728043588516, 48.887022276820211 ], [ 5.043168025358619, 48.886721475146189 ], [ 5.042948699431843, 48.88645533904765 ], [ 5.042914573766744, 48.885781222978345 ], [ 5.042640171615827, 48.885740925652399 ], [ 5.042442011393946, 48.885883744498329 ], [ 5.042317064344563, 48.886110775721683 ], [ 5.042185974578298, 48.88620297190235 ], [ 5.041239750822215, 48.886358547919329 ], [ 5.04077798832631, 48.886649793875272 ], [ 5.040575267677465, 48.886698229455341 ], [ 5.040028395246867, 48.886667068316527 ], [ 5.039403587261021, 48.886452815147294 ], [ 5.039378430620268, 48.885962963454269 ], [ 5.039171338154672, 48.885921511494693 ], [ 5.038314221352744, 48.886480364847877 ], [ 5.037564629895387, 48.886497623867768 ], [ 5.036879681406271, 48.8864238187086 ], [ 5.036875312146058, 48.886333933458133 ], [ 5.037415197906835, 48.886230288401812 ], [ 5.037425053249757, 48.886068193334211 ], [ 5.037302172575191, 48.885912855313158 ], [ 5.037064179362876, 48.88582244782701 ], [ 5.036805535935191, 48.885705403341177 ], [ 5.036683564402585, 48.885595029038313 ], [ 5.03660419300514, 48.885483929852832 ], [ 5.03652164411709, 48.885422362481648 ], [ 5.036402784373029, 48.885347918812762 ], [ 5.035984849881595, 48.885256072170598 ], [ 5.035655726083555, 48.885189701759131 ], [ 5.03543623800043, 48.88517994008221 ], [ 5.035180492529316, 48.885202280310224 ], [ 5.034644978295615, 48.885395800803281 ], [ 5.034444734035698, 48.885376714252999 ], [ 5.034298964957223, 48.885311721831677 ], [ 5.03429284388832, 48.885176886436227 ], [ 5.032602252408921, 48.885439499180762 ], [ 5.031638923902986, 48.88555030986177 ], [ 5.030831104180463, 48.885757430045096 ], [ 5.028523706307974, 48.885944985403121 ], [ 5.028389137244712, 48.885992245355183 ], [ 5.028464255538757, 48.886125911561429 ], [ 5.028756022041216, 48.886480804691509 ], [ 5.028729328592338, 48.8870210130166 ], [ 5.028494077075245, 48.887744673681553 ], [ 5.028447641331159, 48.888150276991482 ], [ 5.028099191664949, 48.888025739815326 ], [ 5.027812626734282, 48.88776071662268 ], [ 5.027458754523885, 48.887496832668731 ], [ 5.027113765879088, 48.887417213661017 ], [ 5.026707394957922, 48.887469073736312 ], [ 5.026237386880204, 48.887616466689785 ], [ 5.025692262407587, 48.887630190079719 ], [ 5.025492124787285, 48.887723535645222 ], [ 5.025300640629343, 48.887951673155179 ], [ 5.023906901354051, 48.888703912465232 ], [ 5.022836739813051, 48.889095329540375 ], [ 5.021761017558386, 48.889387875757059 ], [ 5.016141879613784, 48.889113807752693 ], [ 5.015116104508016, 48.889045617567859 ], [ 5.014632030096485, 48.888918826621008 ], [ 5.014285660281885, 48.888803210678418 ], [ 5.01401474232168, 48.888852748072388 ], [ 5.013613702388498, 48.888998930187967 ], [ 5.013134812608114, 48.888962004739248 ], [ 5.012857148471548, 48.888881212828323 ], [ 5.012584491004593, 48.888885796861842 ], [ 5.012252289684393, 48.889026319126828 ], [ 5.011580321269216, 48.889222027185845 ], [ 5.011381888952223, 48.889360299152003 ], [ 5.011177567531836, 48.889368229727069 ], [ 5.010624450831418, 48.889197603279385 ], [ 5.010353700919108, 48.889251627386287 ], [ 5.009891219415994, 48.889529268399478 ], [ 5.009145896350705, 48.889636235426892 ], [ 5.008597277593737, 48.889559980672296 ], [ 5.008193457561201, 48.889656713669517 ], [ 5.00798396276496, 48.889574767059898 ], [ 5.007700077300447, 48.889354631998565 ], [ 5.007154929760839, 48.889368270973542 ], [ 5.006971142959356, 48.889776165224951 ], [ 5.00684515117606, 48.88995819415851 ], [ 5.006635484025043, 48.889871750195361 ], [ 5.00648810691113, 48.889653822173671 ], [ 5.004860575705811, 48.889834017906473 ], [ 5.004600827310359, 48.890063263380867 ], [ 5.004204770224544, 48.89033976935719 ], [ 5.003808855902947, 48.890575790265949 ], [ 5.003462857961501, 48.890491622585742 ], [ 5.002242217082004, 48.890610997260332 ], [ 5.001786569892949, 48.891023428696947 ], [ 5.001508912374849, 48.890942610623831 ], [ 5.001294941909265, 48.890766271218077 ], [ 5.000283777242665, 48.890967584113362 ], [ 4.999527224869105, 48.890849782745804 ], [ 4.999188287546102, 48.890904920001169 ], [ 4.998153041722447, 48.89065682632792 ], [ 4.997060817259182, 48.890634569529553 ], [ 4.996775420470057, 48.890373953523302 ], [ 4.996697801248801, 48.89019533187458 ], [ 4.996583345127768, 48.889567533788046 ], [ 4.996159902433009, 48.889264239284152 ], [ 4.995786430068907, 48.888640758631603 ], [ 4.995565615232294, 48.888329585862188 ], [ 4.995355274853751, 48.888202652458467 ], [ 4.994121972058206, 48.888101758642073 ], [ 4.993219707920959, 48.887806428717489 ], [ 4.992875621650954, 48.88772669690713 ], [ 4.992398650596639, 48.887739133990166 ], [ 4.992061258060219, 48.887789727821563 ], [ 4.991522985473956, 48.887938118683785 ], [ 4.991110565517082, 48.887855020686509 ], [ 4.990757917399977, 48.887640488027223 ], [ 4.989788369516487, 48.887346251442523 ], [ 4.988952588257759, 48.887004805656488 ], [ 4.988347004325009, 48.887154300652362 ], [ 4.987679935088941, 48.887435252628656 ], [ 4.986637619192527, 48.888406109227901 ], [ 4.98638636228111, 48.888815089230697 ], [ 4.985860387478798, 48.889197140524267 ], [ 4.985534107352542, 48.889472425952597 ], [ 4.98487487209756, 48.889937644530178 ], [ 4.983143075506013, 48.890739980403353 ], [ 4.981203298460812, 48.891455774074579 ], [ 4.980267903307926, 48.891835577473358 ], [ 4.978924500708582, 48.892226615687541 ], [ 4.978322585466743, 48.892474950295565 ], [ 4.977030088376592, 48.89254577679511 ], [ 4.976357087749701, 48.892696321992162 ], [ 4.976016407585121, 48.892706443076335 ], [ 4.975611650524421, 48.892803079974541 ], [ 4.975158501497659, 48.89326484070785 ], [ 4.974756295873594, 48.893406411087589 ], [ 4.972724450219148, 48.893678292868259 ], [ 4.972384444748259, 48.893683894520201 ], [ 4.971505196446007, 48.893837809315563 ], [ 4.970826202978259, 48.89389846432924 ], [ 4.97020550922071, 48.893742259199605 ], [ 4.969596388022637, 48.893846735956309 ], [ 4.969314342143983, 48.893671461322334 ], [ 4.969290523522922, 48.893177089245242 ], [ 4.969353589059181, 48.893086094833073 ], [ 4.969356739092638, 48.892087518837045 ], [ 4.969062115619127, 48.891647076672029 ], [ 4.968636942146115, 48.891339218397015 ], [ 4.967943014347608, 48.891094248758392 ], [ 4.966061181922153, 48.890279568955769 ], [ 4.965638756418472, 48.890021131481362 ], [ 4.965487134465126, 48.889708770442581 ], [ 4.965338908274938, 48.88948631068434 ], [ 4.965327015142172, 48.8892616127183 ], [ 4.965391787006737, 48.889170592092157 ], [ 4.966207902144506, 48.889152693423775 ], [ 4.966605849975585, 48.888921263639617 ], [ 4.966578317510574, 48.888372975910208 ], [ 4.966155222616173, 48.888119048887383 ], [ 4.965950899211849, 48.888126902298538 ], [ 4.965690988062664, 48.888356063699042 ], [ 4.965077675322036, 48.888370630339139 ], [ 4.964661893698451, 48.888242518421642 ], [ 4.964448228749254, 48.888070607845954 ], [ 4.964426155013972, 48.887621183147452 ], [ 4.964727694785728, 48.887116970984692 ], [ 4.96451658245589, 48.886989997261757 ], [ 4.964310397628047, 48.886948401898927 ], [ 4.964044537457236, 48.887087700133726 ], [ 4.96384004822117, 48.887091054860797 ], [ 4.963286428396071, 48.886924718493454 ], [ 4.962795029297552, 48.886667402020585 ], [ 4.962763635769858, 48.886038214541671 ], [ 4.96289656971161, 48.885946077406253 ], [ 4.96344338815547, 48.885977590833889 ], [ 4.963916950285961, 48.885920346084362 ], [ 4.964241626518859, 48.885600167726778 ], [ 4.964090869570142, 48.885332768608258 ], [ 4.963807362375686, 48.88511702376784 ], [ 4.962777493515299, 48.884958496998216 ], [ 4.962360219967346, 48.884789920784819 ], [ 4.962329675037813, 48.884205697122283 ], [ 4.962185728037924, 48.884028141492529 ], [ 4.961835601393718, 48.883853964903857 ], [ 4.961154181675298, 48.883869628534242 ], [ 4.960675545644578, 48.883836988225042 ], [ 4.960394435989765, 48.883661677030823 ], [ 4.960385110003126, 48.883481914525824 ], [ 4.960779643586764, 48.883205579711223 ], [ 4.960693683557451, 48.882847157043336 ], [ 4.960473102995503, 48.882535917949802 ], [ 4.96003713666378, 48.882277682147439 ], [ 4.958791002130598, 48.881897768559568 ], [ 4.958575691708611, 48.88168089532337 ], [ 4.958626060653617, 48.881320240210599 ], [ 4.958611655512129, 48.881050602631582 ], [ 4.957899792057678, 48.880437042061182 ], [ 4.957885390920655, 48.880167404178501 ], [ 4.957542930196977, 48.880128026429517 ], [ 4.956866640508711, 48.880233540384232 ], [ 4.956456025905945, 48.880195273730529 ], [ 4.956308886181231, 48.879977282075231 ], [ 4.956360958080536, 48.879661578666607 ], [ 4.956555937666002, 48.879473978101757 ], [ 4.9566710782831, 48.87906728554875 ], [ 4.956654994754574, 48.878752695843552 ], [ 4.956225939368233, 48.878359396247042 ], [ 4.955924566555366, 48.877779594822961 ], [ 4.955195757832277, 48.87712131551514 ], [ 4.954904713882218, 48.876770735417139 ], [ 4.954755734163384, 48.876503294574157 ], [ 4.954183649353791, 48.875977386210771 ], [ 4.953809088233377, 48.875308815674977 ], [ 4.952590920731611, 48.874123256739885 ], [ 4.952449553658624, 48.874035604861923 ], [ 4.952103748658175, 48.87395128753348 ], [ 4.951766574813168, 48.874006263611037 ], [ 4.950694984973344, 48.874388064570162 ], [ 4.949885848975438, 48.874540684822769 ], [ 4.94814220974937, 48.875117823260773 ], [ 4.947602598114951, 48.875230057085894 ], [ 4.946900198629486, 48.874841172174243 ], [ 4.945462453160983, 48.87361413568609 ], [ 4.945098971259822, 48.873170253578323 ], [ 4.944818991290624, 48.872999385450541 ], [ 4.944867743477345, 48.87263876097559 ], [ 4.945124993761046, 48.872315228965483 ], [ 4.945018254934547, 48.871556817507226 ], [ 4.944793271036239, 48.871146666201241 ], [ 4.944639298750433, 48.870789335432043 ], [ 4.944667832844073, 48.87002422665001 ], [ 4.944850359122145, 48.869571468957794 ], [ 4.945022760109551, 48.868938958576528 ], [ 4.944986531011534, 48.868219880157824 ], [ 4.944730583294044, 48.867459392936382 ], [ 4.944712045292715, 48.867099860182371 ], [ 4.944775122189361, 48.86700887656405 ], [ 4.94504767101877, 48.867004446848867 ], [ 4.94540420094524, 48.867309008200607 ], [ 4.945749099286666, 48.86739335923815 ], [ 4.946087256363461, 48.867342881125303 ], [ 4.946350364209194, 48.867154186972321 ], [ 4.946323392405759, 48.866614874171127 ], [ 4.946178864835769, 48.866441805520509 ], [ 4.946239238955396, 48.866301387735312 ], [ 4.946716192680907, 48.866293629487039 ], [ 4.947438540131809, 48.865737625938692 ], [ 4.947737887304871, 48.86492312511416 ], [ 4.947843785317343, 48.864336669088175 ], [ 4.947966390824605, 48.86406029873266 ], [ 4.948000957771265, 48.863389542297377 ], [ 4.948130307319921, 48.863248000095027 ], [ 4.948667764847236, 48.863104310082392 ], [ 4.948776697421594, 48.862553786218697 ], [ 4.948637901484067, 48.862511067164888 ], [ 4.948026076118894, 48.862534523358121 ], [ 4.948016796591291, 48.862354756451793 ], [ 4.948143610641816, 48.862168275832133 ], [ 4.947928426081826, 48.861951379575451 ], [ 4.947579347103829, 48.861777143951713 ], [ 4.947557430027995, 48.861327705443536 ], [ 4.946670231415667, 48.861301661425877 ], [ 4.946529077076777, 48.861218496759648 ], [ 4.946455884708461, 48.861129728405999 ], [ 4.94663720475678, 48.860942362512802 ], [ 4.946635524848888, 48.860897410306151 ], [ 4.946011578352818, 48.860687160155983 ], [ 4.945719008912412, 48.860291600276902 ], [ 4.945560001263679, 48.859844390362483 ], [ 4.945828302598311, 48.859750068153787 ], [ 4.94705222540632, 48.859712165442666 ], [ 4.947118672742008, 48.859666104518659 ], [ 4.947073145532486, 48.858767253152962 ], [ 4.946930149318427, 48.858634641248358 ], [ 4.946299486971657, 48.858289562965588 ], [ 4.946290214157218, 48.858109795237283 ], [ 4.946966238093228, 48.858004338918761 ], [ 4.947096596669327, 48.857867278521191 ], [ 4.947130151129151, 48.857192037214553 ], [ 4.946977884124991, 48.856879657315638 ], [ 4.947175512046715, 48.856741501916559 ], [ 4.947992828567826, 48.85672369915261 ], [ 4.948241699380607, 48.85626984937111 ], [ 4.947895189792947, 48.856140552288224 ], [ 4.947674966808369, 48.855833777339342 ], [ 4.947622688619385, 48.854800093493303 ], [ 4.946976763953669, 48.854410286928548 ], [ 4.946888414968787, 48.854006906396656 ], [ 4.946672249867611, 48.853785524894242 ], [ 4.946594856920544, 48.853606864885762 ], [ 4.946795004743003, 48.853513648361087 ], [ 4.946789942151696, 48.853423771061571 ], [ 4.946425761796577, 48.852934918508971 ], [ 4.946137442630757, 48.85262924813145 ], [ 4.946123110044841, 48.852359602060872 ], [ 4.94659134689693, 48.852167566401121 ], [ 4.946368617526752, 48.851815849231528 ], [ 4.945447887967681, 48.851115645553662 ] ] ] } },
{ "type": "Feature", "properties": { "fid": 8541, "gid": 8541, "CdEuMasseDEau": "FRHR124-F5840600", "NomMasseDEau": "ruisseau de nausonce", "Etat masse eau ": "Moyen", "Etat ecologique": "Moyen", "Etat chimique": "Non atteint", "_swEcologicalStatusOrPotentialValue": "3", "_swChemicalStatusValue": "3" }, "geometry": { "type": "MultiLineString", "coordinates": [ [ [ 5.154458147096871, 48.847178427915189 ], [ 5.153600195419377, 48.847693191194139 ], [ 5.153339609161418, 48.847922798308879 ], [ 5.152734952278224, 48.848073129694654 ], [ 5.15204715840521, 48.84796405178119 ], [ 5.151284469292694, 48.847712371083134 ], [ 5.150392841789401, 48.847597952987442 ], [ 5.147838821696206, 48.846982590550716 ], [ 5.146102172363262, 48.846622409912037 ], [ 5.144594919865462, 48.846474010179193 ], [ 5.143626307357705, 48.846185488629558 ], [ 5.142785631323755, 48.845755220028401 ], [ 5.140454876737193, 48.844245037705839 ], [ 5.139480750060893, 48.84386211740572 ], [ 5.136934274857444, 48.843381339903317 ], [ 5.135197820900047, 48.843020999820531 ], [ 5.134367184206699, 48.8427704259284 ], [ 5.13252159439503, 48.842677394833686 ], [ 5.131560154341406, 48.842519099894332 ], [ 5.130671715917039, 48.842458459408611 ], [ 5.129359212554201, 48.842130966906751 ], [ 5.128240945199761, 48.841615573760429 ], [ 5.12685670938443, 48.841199364687043 ], [ 5.124082864757471, 48.840546926512481 ], [ 5.118509929043382, 48.83951670285068 ], [ 5.118094160781008, 48.839389118317165 ], [ 5.118087828331417, 48.839254281693954 ], [ 5.117808439726793, 48.839128779031711 ], [ 5.114700782292021, 48.838347088206376 ], [ 5.110185769590338, 48.836969395154377 ], [ 5.1088888852628, 48.836915801180268 ], [ 5.105616045204089, 48.836950979848162 ], [ 5.105484112369664, 48.836953302731807 ], [ 5.104597251482146, 48.836928428987548 ], [ 5.104124108215505, 48.836981737516467 ], [ 5.102895142824728, 48.836922385356445 ], [ 5.100214117132215, 48.836488183890467 ], [ 5.098643250461731, 48.836398806120286 ], [ 5.097695438990615, 48.836509899212274 ], [ 5.096692157553556, 48.836851369044588 ], [ 5.095264056765071, 48.836880896942041 ], [ 5.093896880206472, 48.837048787268117 ], [ 5.093420397384652, 48.837061627338002 ], [ 5.092254895957347, 48.836906591568052 ], [ 5.090619542403015, 48.836908201896463 ], [ 5.089742453126109, 48.837062977685456 ], [ 5.087995544604797, 48.837511828587338 ], [ 5.087396041834954, 48.837792189262771 ], [ 5.087012458349954, 48.838253207170311 ], [ 5.086222084988936, 48.838766302839637 ], [ 5.085641110375305, 48.839361207840781 ], [ 5.085061524097799, 48.839735671493322 ], [ 5.083991976338384, 48.840127667175601 ], [ 5.083452660841634, 48.840231526550603 ], [ 5.083059103437154, 48.840508275998637 ], [ 5.082743655887197, 48.841013073658914 ], [ 5.081961140422338, 48.841660948465012 ], [ 5.079458753559132, 48.843292354820207 ], [ 5.07799265708547, 48.843911599795462 ], [ 5.07595101893253, 48.845224543872853 ], [ 5.075497470381466, 48.845686733360814 ], [ 5.075190515520945, 48.846321807368483 ], [ 5.074456508820759, 48.846608929683782 ], [ 5.073675595360258, 48.847301697944012 ], [ 5.073030701360063, 48.847987604896453 ], [ 5.072173720291505, 48.848546734501447 ], [ 5.071787284125344, 48.848962763012729 ], [ 5.071396594804947, 48.849293398214549 ], [ 5.070392043592236, 48.849634658271455 ], [ 5.068905338607343, 48.84984930434765 ], [ 5.066041599263933, 48.849822330968863 ], [ 5.065366774607708, 48.849928445925222 ], [ 5.064680564647066, 48.84985482676862 ], [ 5.064340003822945, 48.849860704424962 ], [ 5.064004885394814, 48.849960948736069 ], [ 5.063231182087975, 48.850797460302914 ], [ 5.062449878683519, 48.851485657589002 ], [ 5.061591125656082, 48.852004253828831 ], [ 5.060728621612161, 48.852428446773452 ], [ 5.060220204605822, 48.852887018946006 ], [ 5.057902490354968, 48.854154905169828 ], [ 5.056438812936839, 48.854827806316237 ], [ 5.055098532724694, 48.855260167797532 ], [ 5.051838398825545, 48.855473560958472 ], [ 5.05123842793847, 48.855708755767722 ], [ 5.046800706980254, 48.856855313164125 ], [ 5.045515271785288, 48.857016739261667 ], [ 5.044343926613848, 48.857045756736397 ], [ 5.04317204373513, 48.856800387264414 ], [ 5.041114035614708, 48.856534142865847 ], [ 5.038989982325713, 48.856277985213261 ], [ 5.036621214906452, 48.856016960065816 ], [ 5.035898189307518, 48.855808859220843 ], [ 5.034785768180026, 48.855382472496217 ], [ 5.034152808531338, 48.854992905230603 ], [ 5.033666397882881, 48.854821250610136 ], [ 5.032380833001001, 48.853952472690501 ], [ 5.032172971330326, 48.853866041699 ], [ 5.031541802549377, 48.853521411370728 ], [ 5.030825150071053, 48.85286336148107 ], [ 5.030260366982816, 48.852472616371379 ], [ 5.029356764055122, 48.852132597900784 ], [ 5.027472953214416, 48.851278412910737 ], [ 5.026431411906586, 48.850895729342341 ], [ 5.025056785054508, 48.850667113521993 ], [ 5.023687100508557, 48.850784752609108 ], [ 5.022469181111134, 48.850949289265223 ], [ 5.019848741877052, 48.851681772609673 ], [ 5.018840149252663, 48.851928200842082 ], [ 5.018236800143543, 48.852122803276231 ], [ 5.017445887661614, 48.852644428253967 ], [ 5.015268371280621, 48.852694624726759 ], [ 5.013945077385998, 48.853441100718683 ], [ 5.01287627690489, 48.853872911973696 ], [ 5.012266648975838, 48.853928148511187 ], [ 5.011177948762859, 48.853955452123898 ], [ 5.009668458500511, 48.853764911663788 ], [ 5.007861834916299, 48.853093547930008 ], [ 5.00585158581046, 48.852421073647271 ], [ 5.005149032064726, 48.851987542342727 ], [ 5.004789503676508, 48.851633722181127 ], [ 5.00414734270417, 48.851064230625141 ], [ 5.002794248754451, 48.850196273110207 ], [ 5.001746026254815, 48.849678547238042 ], [ 5.001401327281882, 48.849598851426308 ], [ 4.999517042464836, 48.84873974345512 ], [ 4.99826987059509, 48.848319772552799 ], [ 4.997169086880907, 48.848117750607486 ], [ 4.996416588840161, 48.848044848597723 ], [ 4.995452384562766, 48.847849527597269 ], [ 4.995178391029556, 48.847813615326757 ], [ 4.994705907028418, 48.847911456733016 ], [ 4.99443346232874, 48.847915999603899 ], [ 4.994159469148227, 48.84788008500211 ], [ 4.994096501637169, 48.84797109619673 ], [ 4.994379932124604, 48.848186776542683 ], [ 4.994383373491424, 48.848276680625702 ], [ 4.994263623297902, 48.848598040247921 ], [ 4.994129101942054, 48.848600282869285 ], [ 4.993431856819228, 48.848301537417463 ], [ 4.992881821493901, 48.848220740978896 ], [ 4.992868951039092, 48.847951071117855 ], [ 4.991953938834511, 48.847660443088877 ], [ 4.991039526388477, 48.847095415766503 ], [ 4.99054047344567, 48.846653914274725 ], [ 4.989690955248547, 48.846047314061536 ], [ 4.98800531857131, 48.845049780526637 ], [ 4.987004917626808, 48.844126305416012 ], [ 4.985949451665595, 48.843478118992323 ], [ 4.985466722801162, 48.843351190787651 ], [ 4.983541528888585, 48.843261685137392 ], [ 4.982786048990484, 48.843152763396738 ], [ 4.982176514609387, 48.84320784715851 ], [ 4.981758661282884, 48.843039346310015 ], [ 4.980942422279292, 48.843057365817522 ], [ 4.980459709506884, 48.842930417361472 ], [ 4.979222218654752, 48.842734993968321 ], [ 4.977933684573617, 48.842855267036207 ], [ 4.977138757027388, 48.843277734410769 ], [ 4.976331035140065, 48.843475504241439 ], [ 4.9756533843074, 48.843531680071102 ], [ 4.975241512838909, 48.843497999956412 ], [ 4.974494221588321, 48.843514836663182 ], [ 4.97380686266779, 48.843404733931237 ], [ 4.973265421669977, 48.84345864835602 ], [ 4.972396553709768, 48.84379683990673 ], [ 4.971392142258273, 48.84413276088987 ], [ 4.969522042730978, 48.844892253496283 ], [ 4.968847085894385, 48.844997824463583 ], [ 4.96823598231422, 48.845057360386001 ], [ 4.967961852451953, 48.845016890444818 ], [ 4.967540635744959, 48.844758435096843 ], [ 4.967265656650105, 48.844717977553742 ], [ 4.966787376362755, 48.844685360523606 ], [ 4.965775269875099, 48.844886418373619 ], [ 4.963563339943199, 48.845574966143992 ], [ 4.962762986297892, 48.845947945031845 ], [ 4.962173911029548, 48.846411911343111 ], [ 4.961119916751392, 48.847108399192628 ], [ 4.960516408069514, 48.847302711363312 ], [ 4.958964587311293, 48.847607013012663 ], [ 4.958013735039915, 48.847672059397098 ], [ 4.95725909599543, 48.847562962954285 ], [ 4.956374666145771, 48.847581929223168 ], [ 4.955772821653369, 48.847821169983312 ], [ 4.95321551197987, 48.848416210515019 ], [ 4.952275613858705, 48.848705932606016 ], [ 4.951813351281458, 48.848987854667271 ], [ 4.951012197578636, 48.849320282564591 ], [ 4.949664604389937, 48.849621130103927 ], [ 4.949202487745794, 48.849907537106986 ], [ 4.948945205240431, 48.850226589158815 ], [ 4.948749477741154, 48.850369215809948 ], [ 4.947673288020445, 48.85066112042054 ], [ 4.945447887967681, 48.851115645553662 ] ] ] } },
{ "type": "Feature", "properties": { "fid": 8743, "gid": 8743, "CdEuMasseDEau": "FRHR195B", "NomMasseDEau": "L'Aire du confluent de l'Ezrule (exclu) au confluent de la Cousances (exclu)", "Etat masse eau ": "Moyen", "Etat ecologique": "Moyen", "Etat chimique": "Non atteint", "_swEcologicalStatusOrPotentialValue": "3", "_swChemicalStatusValue": "3" }, "geometry": { "type": "MultiLineString", "coordinates": [ [ [ 5.248317848895471, 48.928251235811821 ], [ 5.248323439562355, 48.928341093569891 ], [ 5.247934830861617, 48.928708236350808 ], [ 5.24789006938029, 48.929113907955369 ], [ 5.248048238253639, 48.9295157718078 ], [ 5.247942796939117, 48.930057525475569 ], [ 5.248086755602918, 48.930189768109372 ], [ 5.248634208204686, 48.930219977672365 ], [ 5.248707160103716, 48.93030857098303 ], [ 5.248644538407934, 48.930399708827672 ], [ 5.248245781935231, 48.930591615302419 ], [ 5.24785071305995, 48.930868915503197 ], [ 5.247649913155607, 48.930922162008493 ], [ 5.247384588584285, 48.931062082816268 ], [ 5.247351106512665, 48.931116688304094 ], [ 5.247321110986246, 48.931153235900126 ], [ 5.247258485845768, 48.931244372949351 ], [ 5.247354883439095, 48.93173735790787 ], [ 5.247094290160081, 48.931967151463496 ], [ 5.246467229489208, 48.932208314142443 ], [ 5.246225535086467, 48.932302807842362 ], [ 5.246109747175488, 48.932664827544137 ], [ 5.245923141447316, 48.932987691470728 ], [ 5.245597964513356, 48.933263672939205 ], [ 5.244595535431026, 48.933646802783187 ], [ 5.24360658447771, 48.934263572747412 ], [ 5.243139561094069, 48.934456738910463 ], [ 5.242261282612265, 48.934612618916574 ], [ 5.242028136241959, 48.934648468363889 ], [ 5.240632781483914, 48.93478702188321 ], [ 5.240365482252003, 48.934881981920825 ], [ 5.24003875208218, 48.93516247418242 ], [ 5.239787327115202, 48.935527021501819 ], [ 5.239526681426042, 48.935756797795847 ], [ 5.239194135920508, 48.935902453417611 ], [ 5.238171018385939, 48.93592606657915 ], [ 5.23702596820076, 48.936190345858371 ], [ 5.23606720038855, 48.936122777930642 ], [ 5.235463496453462, 48.936313965477424 ], [ 5.235118945759822, 48.936279910254001 ], [ 5.234839413707008, 48.936150181744381 ], [ 5.234569506123897, 48.936204694348966 ], [ 5.234370409884752, 48.936298368634219 ], [ 5.234379839244305, 48.936478115907214 ], [ 5.234120017679028, 48.936707864339049 ], [ 5.23356147103884, 48.937712351099165 ], [ 5.233230633349683, 48.937898440158826 ], [ 5.232415779321567, 48.937963102482549 ], [ 5.232147788884106, 48.93806255427387 ], [ 5.231355210584215, 48.93852712210662 ], [ 5.230626327436483, 48.938905035426721 ], [ 5.230323818725022, 48.939373966310363 ], [ 5.229991031600196, 48.939515101438317 ], [ 5.228975323704435, 48.939673438400447 ], [ 5.228511829098368, 48.939911459577239 ], [ 5.227732924310841, 48.939660557025888 ], [ 5.227460020627245, 48.93966563008501 ], [ 5.227266646362572, 48.939853644514216 ], [ 5.227178462809682, 48.940485010523744 ], [ 5.226987888631106, 48.940758435149377 ], [ 5.226942953418994, 48.941164094391659 ], [ 5.227021438985347, 48.941342557672897 ], [ 5.226972873054778, 48.941703303739949 ], [ 5.226746284526304, 48.94183345946999 ], [ 5.226641986411645, 48.94188937392466 ], [ 5.225827061675484, 48.941953991216891 ], [ 5.225508537825069, 48.942369228483663 ], [ 5.224822396597658, 48.942292007923911 ], [ 5.224555222209363, 48.94239142650639 ], [ 5.224094867123642, 48.942723829631326 ], [ 5.223909818608804, 48.94308710645246 ], [ 5.223864857378829, 48.943492763664153 ], [ 5.223402374208223, 48.943775724697865 ], [ 5.223483626288116, 48.943999118668593 ], [ 5.223703265083732, 48.944264925144182 ], [ 5.223535926151923, 48.944942733873681 ], [ 5.223574137282212, 48.945616728389624 ], [ 5.223866522700799, 48.945966646987912 ], [ 5.224706712776014, 48.94635137762387 ], [ 5.22548847975973, 48.946647226928519 ], [ 5.225916694475218, 48.94699911628696 ], [ 5.226424068339394, 48.947524956360311 ], [ 5.226578278043943, 48.947836952843126 ], [ 5.226583833256364, 48.947926809981439 ], [ 5.226594090776028, 48.948106540080872 ], [ 5.226151901162827, 48.948744476083192 ], [ 5.225759545964137, 48.949071121751487 ], [ 5.225554831026766, 48.949074923201145 ], [ 5.225207015906562, 48.948946440840473 ], [ 5.224795856073036, 48.948913591544311 ], [ 5.2245958406017, 48.949007264320898 ], [ 5.22440415178204, 48.949235722453452 ], [ 5.224295648463948, 48.949732516847199 ], [ 5.224165983174305, 48.949874361247126 ], [ 5.223756546713199, 48.949881958348968 ], [ 5.223557378639978, 48.949975613482827 ], [ 5.223503014385377, 48.950201522158942 ], [ 5.223305105727961, 48.950344631468759 ], [ 5.222820807911332, 48.950218673878886 ], [ 5.222343320743938, 48.95023202610448 ], [ 5.221944123106836, 48.950419347089571 ], [ 5.222022605486884, 48.950597812109102 ], [ 5.222241411674283, 48.950863635446353 ], [ 5.222122641556039, 48.951180697193273 ], [ 5.222076806367061, 48.951586366496912 ], [ 5.222220758845183, 48.951718637554073 ], [ 5.2222435505579, 48.952132030369889 ], [ 5.222387504970571, 48.952264301159651 ], [ 5.222541512378578, 48.952571807030417 ], [ 5.222130325565851, 48.952538948703577 ], [ 5.221998534422003, 48.952631351673233 ], [ 5.221905570583544, 48.953172833588511 ], [ 5.221387760530452, 48.953681707310594 ], [ 5.221155742088673, 48.95440568408582 ], [ 5.220895772530691, 48.954635400022376 ], [ 5.220768666707076, 48.954817674090286 ], [ 5.220718316950287, 48.955137963319217 ], [ 5.220597608026977, 48.955410078099987 ], [ 5.21979184630925, 48.955654398702833 ], [ 5.21946361708239, 48.955885375050805 ], [ 5.2192074698095, 48.95620497537562 ], [ 5.219156917238367, 48.956520769117496 ], [ 5.219032764111647, 48.95675246381218 ], [ 5.218639046948314, 48.957029629380791 ], [ 5.218450073466572, 48.957303004645766 ], [ 5.218421914364764, 48.957483444326925 ], [ 5.218350874281334, 48.957979534855205 ], [ 5.21823675296006, 48.958386463081268 ], [ 5.218044723787831, 48.958628408065394 ], [ 5.217739696722775, 48.959263765311277 ], [ 5.21768082064127, 48.959444772668419 ], [ 5.21679470629968, 48.959928948634889 ], [ 5.216026869363519, 48.96038394356021 ], [ 5.214593930376744, 48.960419418567966 ], [ 5.213846953836121, 48.960482692443229 ], [ 5.213311139228761, 48.960672503643274 ], [ 5.213247565755465, 48.960763636164167 ], [ 5.21333156761009, 48.961031961808807 ], [ 5.213548459394358, 48.961252854357411 ], [ 5.213489566469838, 48.961433859320323 ], [ 5.212702861741235, 48.961767735452433 ], [ 5.212300966071902, 48.961914588416789 ], [ 5.212172752801861, 48.96205189234005 ], [ 5.212066401043214, 48.962602602561518 ], [ 5.211538001092534, 48.962927206037762 ], [ 5.210466682981393, 48.963315793314045 ], [ 5.210141128200924, 48.963591670773937 ], [ 5.210006523606801, 48.963639131319901 ], [ 5.209388573482268, 48.963565060108628 ], [ 5.209049385883065, 48.963620787428802 ], [ 5.208392728488455, 48.964082676923297 ], [ 5.208342102570669, 48.964398463780292 ], [ 5.208562603369139, 48.964664277224017 ], [ 5.208984077449576, 48.964876910500543 ], [ 5.209541412237154, 48.965091536535233 ], [ 5.209682606285416, 48.965178892740717 ], [ 5.209705775316674, 48.965583278228905 ], [ 5.209650797977377, 48.965615776868269 ], [ 5.209308324659016, 48.965815498391215 ], [ 5.20810574222253, 48.966291941108985 ], [ 5.207829069516265, 48.966211575861351 ], [ 5.207403783201984, 48.965949531849802 ], [ 5.205017309327606, 48.966015934583751 ], [ 5.202706130191753, 48.966206847716883 ], [ 5.20024909393093, 48.966220476764917 ], [ 5.199235718933904, 48.966427980586367 ], [ 5.199314147526441, 48.966606457798122 ], [ 5.199323271003634, 48.966781708334999 ], [ 5.198990414461807, 48.966927248188398 ], [ 5.198508112291321, 48.966850632811038 ], [ 5.197896505254187, 48.966906824757487 ], [ 5.196280132780475, 48.967314266399711 ], [ 5.195750922966676, 48.967643308915243 ], [ 5.195282187143693, 48.967786828460248 ], [ 5.195087738630467, 48.967974801660318 ], [ 5.194836884478912, 48.968384203175113 ], [ 5.194655144636101, 48.968792338928843 ], [ 5.194462397989516, 48.969020760572718 ], [ 5.194338104959185, 48.969252426980951 ], [ 5.194566809368215, 48.969693531000338 ], [ 5.194766150239728, 48.970814350533281 ], [ 5.194760692494695, 48.971938917344552 ], [ 5.194870616637015, 48.972701542195509 ], [ 5.195052979339711, 48.97327842824533 ], [ 5.195006060028378, 48.973684094422886 ], [ 5.194612276330846, 48.973965671081359 ], [ 5.194279170829319, 48.974106702497188 ], [ 5.194156952173041, 48.974387805813869 ], [ 5.194106229737243, 48.9747035836088 ], [ 5.193841580781889, 48.974847858910998 ], [ 5.192815779831306, 48.974826140260369 ], [ 5.192194971905476, 48.974707053009936 ], [ 5.191841569749343, 48.974488620452881 ], [ 5.191568669281089, 48.974498106018565 ], [ 5.191111041766571, 48.974866296370806 ], [ 5.190295555960653, 48.974930670120607 ], [ 5.190041029585846, 48.975295146268436 ], [ 5.189512552451542, 48.975624143209622 ], [ 5.188709077713596, 48.975913178548169 ], [ 5.188580767603139, 48.976050455442255 ], [ 5.188366438686073, 48.976315241324286 ], [ 5.188278206374526, 48.976816111111361 ], [ 5.188349307018787, 48.977044203238719 ], [ 5.188824755600616, 48.977260418125454 ], [ 5.189096232138687, 48.977480354598384 ], [ 5.1891107205731, 48.977763453567874 ], [ 5.188950633445177, 48.977977773724959 ], [ 5.188526919712603, 48.978178913445568 ], [ 5.188104230675601, 48.978546452483457 ], [ 5.18799171983625, 48.978998287782005 ], [ 5.187597668669181, 48.97927534563518 ], [ 5.187652827112913, 48.979611676174649 ], [ 5.188337674180479, 48.979972501153682 ], [ 5.188834359616482, 48.980611123494228 ], [ 5.189180942737297, 48.981113051209228 ], [ 5.189457556756051, 48.981413853395246 ], [ 5.189535855257698, 48.981974650980014 ], [ 5.189265472868889, 48.98202456487094 ], [ 5.188444379525734, 48.981999069615753 ], [ 5.187837410942937, 48.982149575418553 ], [ 5.187443335060632, 48.982426631944087 ], [ 5.187460847430755, 48.982741159164142 ], [ 5.187750641851246, 48.983050720029738 ], [ 5.187699872036887, 48.983366492544704 ], [ 5.187570687304222, 48.983503782965656 ], [ 5.186829874462165, 48.983701702208741 ], [ 5.1857411054062, 48.983771024187526 ], [ 5.185540885420206, 48.983864628742573 ], [ 5.184490033134406, 48.984612415687472 ], [ 5.18367665288947, 48.984730676093093 ], [ 5.183478314228586, 48.984869220664478 ], [ 5.183374829836279, 48.985455817360112 ], [ 5.183248370645225, 48.985638030833918 ], [ 5.182852725477096, 48.985919596794737 ], [ 5.181917960356495, 48.986300925185162 ], [ 5.181526562161952, 48.986622889160806 ], [ 5.181343800391262, 48.987031013272713 ], [ 5.181232254716685, 48.987487317446657 ], [ 5.181203544661104, 48.988207483784976 ], [ 5.180898926598784, 48.988887688560602 ], [ 5.18070689860377, 48.989116068262533 ], [ 5.18013557893741, 48.989670683214307 ], [ 5.180223228762605, 48.990028911511736 ], [ 5.18087262877529, 48.990642296201273 ], [ 5.181026692923386, 48.990954338627333 ], [ 5.18104501382688, 48.991309328758291 ], [ 5.180378217225258, 48.991604809194882 ], [ 5.180318141799872, 48.991740833875696 ], [ 5.180212900642874, 48.992327455076591 ], [ 5.180244072259551, 48.992866619149993 ], [ 5.180396431794909, 48.993178692761589 ], [ 5.180419385396445, 48.99358307324087 ], [ 5.180092627751345, 48.993858876783669 ], [ 5.179985682296085, 48.994405047738148 ], [ 5.179858157215588, 48.994542297397537 ], [ 5.17960894057352, 48.994996600001812 ], [ 5.178955583953835, 48.995552695291842 ], [ 5.177487232054324, 48.996173056616819 ], [ 5.176777124555525, 48.996680693703951 ], [ 5.17639504440668, 48.997186873646186 ], [ 5.176270415147703, 48.997414020873386 ], [ 5.176295221506876, 48.997863343631536 ], [ 5.176585887545103, 48.998172911560445 ], [ 5.176618242863825, 48.998761526459283 ], [ 5.176253596065291, 48.999582228755855 ], [ 5.176202740220509, 48.999897991477091 ], [ 5.17623622209971, 49.000513571316311 ], [ 5.176244143850958, 49.000661852216773 ], [ 5.176124979212159, 49.00097885352708 ], [ 5.176059408285211, 49.001025019895629 ], [ 5.175747292004467, 49.001570405475576 ], [ 5.17497822612924, 49.002488387986787 ], [ 5.174517687134128, 49.002816072166162 ], [ 5.172908866923161, 49.003393937133325 ], [ 5.172451706531684, 49.003762030796487 ], [ 5.172183261966278, 49.003861342365447 ], [ 5.171550909959453, 49.004556437384963 ], [ 5.171350772196792, 49.004654510709216 ], [ 5.170196816423537, 49.004769838396193 ], [ 5.170064800435324, 49.004862179728846 ], [ 5.170084093043784, 49.005221645707714 ], [ 5.17023813562497, 49.005533697681351 ], [ 5.170189969326165, 49.005894383491068 ], [ 5.169531765960163, 49.006360551498318 ], [ 5.169543715109136, 49.006585219414148 ], [ 5.169905249288642, 49.006933998907648 ], [ 5.170034175901948, 49.008056086355289 ], [ 5.170107956996064, 49.008144705565037 ], [ 5.17011990904751, 49.008369373043294 ], [ 5.169935103255279, 49.00873252864141 ], [ 5.16997539779335, 49.009451426991532 ], [ 5.169787001351526, 49.009769670174911 ], [ 5.168477815484549, 49.010836791702552 ], [ 5.167585879432862, 49.011765929394798 ], [ 5.167259793294908, 49.012041677815191 ], [ 5.166930307744616, 49.012277007743691 ], [ 5.166540496013099, 49.012643857540347 ], [ 5.16600415802607, 49.012837942274174 ], [ 5.16571892983141, 49.012618207490007 ], [ 5.165568475704156, 49.012351063651991 ], [ 5.165496570559576, 49.012307384667913 ], [ 5.165086820890462, 49.012319275236322 ], [ 5.16469239478196, 49.012596249117941 ], [ 5.164497667837016, 49.012784164766792 ], [ 5.163829939603529, 49.013066064437886 ], [ 5.163767069252989, 49.013157150813711 ], [ 5.16385924549104, 49.013605252962897 ], [ 5.16387662556054, 49.013919774338632 ], [ 5.163755482279938, 49.014191816771792 ], [ 5.163644555083458, 49.014688556580438 ], [ 5.163602554808898, 49.014788261711637 ], [ 5.163584596397889, 49.014829064164509 ], [ 5.163416245655924, 49.015506743834152 ], [ 5.163480680117129, 49.016683961024611 ], [ 5.16362993016295, 49.016901654239597 ], [ 5.164013666137673, 49.01765933215367 ], [ 5.163873632486149, 49.018606357164707 ], [ 5.163617688007494, 49.018925804378931 ], [ 5.16329172309738, 49.019206034381646 ], [ 5.162690529787292, 49.019486725193403 ], [ 5.162300821160468, 49.019858052944294 ], [ 5.162257183944085, 49.020308600012761 ], [ 5.16199202699246, 49.020448304579133 ], [ 5.161176805971859, 49.020557435345331 ], [ 5.160572886330688, 49.020752709317648 ], [ 5.160097271823311, 49.020806245525023 ], [ 5.159680991319535, 49.020683305764393 ], [ 5.159180039833494, 49.020292031523162 ], [ 5.15881279972676, 49.02007375693605 ], [ 5.158607800088282, 49.020077443822132 ], [ 5.158476765589158, 49.020174249946862 ], [ 5.158297335877307, 49.020402356598325 ], [ 5.157942855011235, 49.020408730094218 ], [ 5.157116955075138, 49.02030214033541 ], [ 5.156833777151413, 49.020131822705302 ], [ 5.156616026583998, 49.019910855253883 ], [ 5.156057654816846, 49.01970050401372 ], [ 5.155916402771581, 49.01961308919158 ], [ 5.155835323045395, 49.019389665391977 ], [ 5.155694926373119, 49.019302234941811 ], [ 5.155077402813925, 49.019272845650889 ], [ 5.154287666323306, 49.019831232180813 ], [ 5.153545198568062, 49.019983981240891 ], [ 5.152673513040191, 49.020318946896317 ], [ 5.151718735862469, 49.0203405640749 ], [ 5.151519167761744, 49.020434093291307 ], [ 5.151326225982731, 49.020666928692151 ], [ 5.151194136033824, 49.020759247871233 ], [ 5.150990995082618, 49.020807864270303 ], [ 5.150500970549898, 49.020596262779925 ], [ 5.150157438844573, 49.020557441192722 ], [ 5.149959728135238, 49.020695910339512 ], [ 5.149836635206488, 49.020922994434621 ], [ 5.14980204104248, 49.021553275967428 ], [ 5.149210303864355, 49.021982147682081 ], [ 5.148892350900016, 49.02243759816475 ], [ 5.148227313628862, 49.02276882988054 ], [ 5.148086066419212, 49.022681406101839 ], [ 5.14717349181621, 49.022256971027339 ], [ 5.147412881481277, 49.022877851658421 ], [ 5.147434737149556, 49.023282242298691 ], [ 5.147100518895277, 49.023427645627379 ], [ 5.146899072122746, 49.023476224420541 ], [ 5.146550099239335, 49.023347538222247 ], [ 5.145634628156057, 49.022873670243733 ], [ 5.14500878628974, 49.022664474442202 ], [ 5.144462276280954, 49.022678736736843 ], [ 5.144008642058682, 49.023141094596539 ], [ 5.143335250198214, 49.023333022952073 ], [ 5.142790441141484, 49.023347247122658 ], [ 5.142437916244583, 49.023173636906272 ], [ 5.142419848007623, 49.022818651651129 ], [ 5.142207564727425, 49.022687513298941 ], [ 5.141930653959196, 49.022647479154308 ], [ 5.14186773360011, 49.022738553226567 ], [ 5.141817016818585, 49.023063282915757 ], [ 5.141692174225685, 49.02329038863072 ], [ 5.141302286917496, 49.023661646861846 ], [ 5.140766595070986, 49.023855601553763 ], [ 5.140144281016084, 49.023731771452411 ], [ 5.140154254351762, 49.023911496009873 ], [ 5.140446703646175, 49.024266086322449 ], [ 5.14046394547904, 49.02458060788102 ], [ 5.140337240463127, 49.024762769342814 ], [ 5.139595659142866, 49.02496038915875 ], [ 5.139049123485752, 49.024974626782878 ], [ 5.138420392265918, 49.024715975488142 ], [ 5.138213706945337, 49.024679179239541 ], [ 5.137752554142796, 49.025002221143097 ], [ 5.137549384011907, 49.025050814601961 ], [ 5.13722323999373, 49.025330972175759 ], [ 5.137161303998396, 49.025467001294771 ], [ 5.13677659113125, 49.025923604428321 ], [ 5.13678655323199, 49.026103328889512 ], [ 5.13728586849775, 49.026499219051281 ], [ 5.137313056020496, 49.026993464657984 ], [ 5.137183629562502, 49.027130695119283 ], [ 5.137195443531292, 49.02735536179636 ], [ 5.137064165739924, 49.027447649630588 ], [ 5.137019454199096, 49.027628347104951 ], [ 5.137314607676245, 49.028027871011048 ], [ 5.137331646748079, 49.028337897648605 ], [ 5.13727074679311, 49.028478405464298 ], [ 5.13721914134116, 49.028803146641245 ], [ 5.137034887055203, 49.029166229279831 ], [ 5.136985613869934, 49.029526908827975 ], [ 5.137132270177141, 49.02970419939232 ], [ 5.137338974733899, 49.029740997325881 ], [ 5.137733676963255, 49.029464117860748 ], [ 5.137938344946887, 49.029451478178913 ], [ 5.138473203920844, 49.03048088154187 ], [ 5.1385466904148, 49.031828830131793 ], [ 5.138632272817642, 49.032142132190259 ], [ 5.138743669034056, 49.032189620555883 ], [ 5.138856105009391, 49.032241587817452 ], [ 5.13891189589568, 49.032267579018296 ], [ 5.138962745799454, 49.032298155742417 ], [ 5.13906359141365, 49.032359324345478 ], [ 5.139163582891456, 49.032420508083042 ], [ 5.139265283354894, 49.032481661286774 ], [ 5.139365275305983, 49.032542844849246 ], [ 5.139467645385241, 49.032599488430542 ], [ 5.139566783423875, 49.032660687043247 ], [ 5.139668484832677, 49.032721839891487 ], [ 5.139703586280784, 49.032743701925 ], [ 5.139739984595674, 49.032797023476256 ], [ 5.139794767475787, 49.032881499995192 ], [ 5.139850219644236, 49.032961467037239 ], [ 5.139905857261304, 49.033045928264549 ], [ 5.13996130977647, 49.03312589524274 ], [ 5.140016947750459, 49.033210356405291 ], [ 5.140070691836234, 49.03329035377805 ], [ 5.140126330164402, 49.033374814876638 ], [ 5.140180928979683, 49.033454796957862 ], [ 5.140236382355216, 49.033534763777752 ], [ 5.140292021214844, 49.033619224779827 ], [ 5.140347660255498, 49.033703685749281 ], [ 5.140403114153666, 49.03378365247314 ], [ 5.140457899153804, 49.033868128609811 ], [ 5.140513353397404, 49.033948095270183 ], [ 5.140567284350309, 49.034032586576018 ], [ 5.140622738938045, 49.034112553173287 ], [ 5.140680087850988, 49.034196983482573 ], [ 5.140734688383966, 49.034276965249113 ], [ 5.140789474444159, 49.03436144119464 ], [ 5.140844075318606, 49.034441422898851 ], [ 5.140894218952277, 49.034516986538414 ], [ 5.141396169592675, 49.034953289054577 ], [ 5.14231096056912, 49.035427199124207 ], [ 5.142459321300502, 49.035644930001041 ], [ 5.142486562863572, 49.036139170113273 ], [ 5.142356458345834, 49.036280914395142 ], [ 5.142166794836605, 49.03655414884318 ], [ 5.141180713473299, 49.037295835687672 ], [ 5.141057542786201, 49.037522907179152 ], [ 5.14106666747249, 49.037702644527542 ], [ 5.141445792480382, 49.038145633653535 ], [ 5.141410085161655, 49.038730945251693 ], [ 5.141348144150188, 49.038866974786842 ], [ 5.140955243612437, 49.039188805530152 ], [ 5.140960660403346, 49.039278658833247 ], [ 5.139379656019787, 49.039135932981367 ], [ 5.13882470834098, 49.038970416939982 ], [ 5.138335232793889, 49.039024109529691 ], [ 5.13801641083757, 49.039214183842695 ], [ 5.137826713768943, 49.0394874106684 ], [ 5.137848501756102, 49.039891796628254 ], [ 5.138139173820396, 49.040201445249409 ], [ 5.138099596488283, 49.040548456297543 ], [ 5.13809260381827, 49.040607048098451 ], [ 5.138240961660341, 49.040824783105229 ], [ 5.138248225547769, 49.040959578245108 ], [ 5.138185276532881, 49.04105064879262 ], [ 5.137922355621797, 49.041248721822271 ], [ 5.13761415361239, 49.041883855694742 ], [ 5.137638646631589, 49.042333167357398 ], [ 5.13812341169104, 49.042454963793247 ], [ 5.13847605309883, 49.042628583474311 ], [ 5.138629162120207, 49.042940680073201 ], [ 5.138802032573047, 49.043607724805405 ], [ 5.138753612522367, 49.043968384869792 ], [ 5.13872785611932, 49.044629971515597 ], [ 5.138725136488943, 49.044688487026242 ], [ 5.138755193392528, 49.04500277438887 ], [ 5.138840798774536, 49.045316072342757 ], [ 5.139133359692151, 49.045670658588797 ], [ 5.139511350432581, 49.046334047009303 ], [ 5.139745529304788, 49.046869570067045 ], [ 5.139774604093889, 49.047408747025678 ], [ 5.139645987860663, 49.047545962229997 ], [ 5.139329647191501, 49.048046317768346 ], [ 5.139128282863574, 49.048099376531781 ], [ 5.138986127417942, 49.048011959391197 ], [ 5.138515654364905, 49.048155261334387 ], [ 5.13847819783149, 49.048740596871852 ], [ 5.138350614715479, 49.048882289446745 ], [ 5.138005195598011, 49.048843464574389 ], [ 5.137447442660533, 49.048633017400704 ], [ 5.137171251784286, 49.04859295806407 ], [ 5.136571471205277, 49.048877973915232 ], [ 5.135453254027661, 49.049720893647191 ], [ 5.135181472160796, 49.049725725709258 ], [ 5.135087954976781, 49.049282141587852 ], [ 5.134875581987057, 49.049150993596633 ], [ 5.134390762009716, 49.049029184836506 ], [ 5.13398053052806, 49.049036474655225 ], [ 5.133709745442904, 49.049086260146822 ], [ 5.133515624096063, 49.049274103785997 ], [ 5.133390682135907, 49.049501195167288 ], [ 5.133066024738284, 49.049821782279032 ], [ 5.133009452772141, 49.050047658793353 ], [ 5.134120451923796, 49.050338245579617 ], [ 5.134470384613983, 49.050507427114638 ], [ 5.134473942658237, 49.050552338235718 ], [ 5.134273557497165, 49.050650345417637 ], [ 5.13360247536167, 49.050887140430667 ], [ 5.133140391068064, 49.051214665839211 ], [ 5.132950624468647, 49.051487881813422 ], [ 5.133000393953417, 49.052386483366242 ], [ 5.132871885443778, 49.052568662452153 ], [ 5.132275591611522, 49.052898566831132 ], [ 5.131980926893784, 49.053533436358713 ], [ 5.132003529958413, 49.053937802747569 ], [ 5.131880416736418, 49.054209832917557 ], [ 5.131829237399383, 49.054525560316868 ], [ 5.132192429046404, 49.055005976679887 ] ], [ [ 5.132205182500415, 49.055146399722048 ], [ 5.132214634183273, 49.055328253841289 ], [ 5.132026694428247, 49.055646408587087 ], [ 5.132036078563828, 49.05582510204637 ] ], [ [ 5.132053784467633, 49.055893878416462 ], [ 5.132336470143367, 49.056315521054607 ], [ 5.132370206939392, 49.056949056364282 ], [ 5.132110370362456, 49.057183036289821 ], [ 5.130562829864315, 49.057790542726472 ] ] ] } },
{ "type": "Feature", "properties": { "fid": 8735, "gid": 8735, "CdEuMasseDEau": "FRHR190", "NomMasseDEau": "L'Aisne du confluent du Coubreuil (exclu) au confluent de la Biesme (exclu)", "Etat masse eau ": "Moyen", "Etat ecologique": "Moyen", "Etat chimique": "Non atteint", "_swEcologicalStatusOrPotentialValue": "3", "_swChemicalStatusValue": "3" }, "geometry": { "type": "MultiLineString", "coordinates": [ [ [ 4.966959807554137, 49.020994917499017 ], [ 4.966915617809833, 49.021001501685859 ], [ 4.966837147475496, 49.021029723244652 ] ] ] } },
{ "type": "Feature", "properties": { "fid": 8736, "gid": 8736, "CdEuMasseDEau": "FRHR190-H1017000", "NomMasseDEau": "l'hardillon", "Etat masse eau ": "Moyen", "Etat ecologique": "Moyen", "Etat chimique": "Bon", "_swEcologicalStatusOrPotentialValue": "3", "_swChemicalStatusValue": "2" }, "geometry": { "type": "MultiLineString", "coordinates": [ [ [ 5.144908744092512, 48.993157281391682 ], [ 5.143574093773951, 48.992470500767162 ], [ 5.14245430381604, 48.992000255620681 ], [ 5.14182884659943, 48.991791037116265 ], [ 5.14153571694613, 48.991436454486212 ], [ 5.141391859889726, 48.991304091548884 ], [ 5.140838415031152, 48.99118353645617 ], [ 5.140697266109804, 48.991096101366416 ], [ 5.140844057865723, 48.990283895457871 ], [ 5.140542014098737, 48.989754058768938 ], [ 5.140106763905203, 48.989267077119443 ], [ 5.139750962124663, 48.989008059719239 ], [ 5.139046442802044, 48.988620328955655 ], [ 5.137304940341148, 48.98798571069959 ], [ 5.137135786766645, 48.987404022430837 ], [ 5.136776315679697, 48.987055107409489 ], [ 5.134773876357389, 48.985660489941779 ], [ 5.134425372073602, 48.985536258319129 ], [ 5.133461283503474, 48.985377999444218 ], [ 5.131587070837612, 48.984835614101243 ], [ 5.130351396605958, 48.984740626921322 ], [ 5.129653250376023, 48.984442682746803 ], [ 5.129709765514434, 48.984216793710871 ], [ 5.128858033359823, 48.983651709189054 ], [ 5.128300833021218, 48.98343671204767 ], [ 5.127635792721882, 48.982778351705022 ], [ 5.125731186833941, 48.98165621015918 ], [ 5.125313279084311, 48.98148370764499 ], [ 5.122464086128303, 48.981866992879908 ], [ 5.121774218315488, 48.98174876545923 ], [ 5.119317165714734, 48.980501364647537 ], [ 5.118186882474883, 48.980076058727327 ], [ 5.116498522601019, 48.979138857609982 ], [ 5.116466189910954, 48.978554725332778 ], [ 5.114691159478366, 48.977290694994963 ], [ 5.113994177997371, 48.977037617607948 ], [ 5.113502035375216, 48.976780926445237 ], [ 5.112460027234752, 48.976443965962936 ], [ 5.111744906386003, 48.976101240848152 ], [ 5.111053313687288, 48.97593800610457 ], [ 5.110439009368257, 48.975953316022597 ], [ 5.109902658143715, 48.976142662261253 ], [ 5.107250332294352, 48.976342219079001 ], [ 5.105474038698225, 48.976346431656687 ], [ 5.100997708360163, 48.978201527578499 ], [ 5.100729259389219, 48.978300681678768 ], [ 5.099701613861972, 48.978233221708358 ], [ 5.098158698566726, 48.978772961207689 ], [ 5.096944983306726, 48.979068547403124 ], [ 5.095587728524798, 48.979236196414718 ], [ 5.093344696667299, 48.979423791485118 ], [ 5.092114004376961, 48.979404786992284 ], [ 5.089767977159754, 48.978964437332607 ], [ 5.088740874727987, 48.978910367079806 ], [ 5.087018166927738, 48.978634515988929 ], [ 5.085136340365282, 48.978181500213537 ], [ 5.084786201781289, 48.978012178201617 ], [ 5.084348062670675, 48.977480073321267 ], [ 5.084122062112516, 48.97708370818512 ], [ 5.083769098289487, 48.976864957909669 ], [ 5.08225842782733, 48.9767202852982 ], [ 5.081219277010388, 48.976427984082932 ], [ 5.080658171284532, 48.97617235774247 ], [ 5.0789878737958, 48.975580646671098 ], [ 5.07571920552752, 48.974719743083313 ], [ 5.075176682425867, 48.974778606714999 ], [ 5.074976298172486, 48.974872027446963 ], [ 5.07418108148101, 48.975340048479289 ], [ 5.073649224244259, 48.975623603736238 ], [ 5.071961181120806, 48.97597661190742 ], [ 5.071214746502609, 48.976083956658812 ], [ 5.070050628492239, 48.97601860088529 ], [ 5.069430088337892, 48.975898878533357 ], [ 5.06909067074236, 48.975954209269638 ], [ 5.067948133495864, 48.976302244892125 ], [ 5.0671306857982, 48.976320835459603 ], [ 5.066717524465541, 48.976282979797837 ], [ 5.066243252715189, 48.976340626267152 ], [ 5.065568572508753, 48.976491675731239 ], [ 5.065103902871228, 48.976769536905913 ], [ 5.064648177900292, 48.97718666908218 ], [ 5.063924604535332, 48.977698361887647 ], [ 5.063583206037248, 48.977704236701001 ], [ 5.062754330873872, 48.977543088101882 ], [ 5.062401632248206, 48.97732876962673 ], [ 5.061961944690738, 48.976751636920447 ], [ 5.061543612965371, 48.976583420771107 ], [ 5.060587894945943, 48.976604343420888 ], [ 5.059831169523723, 48.976495906880743 ], [ 5.05887189103513, 48.976426924277021 ], [ 5.058066825067329, 48.976715098576697 ], [ 5.05794080150874, 48.97689716659184 ], [ 5.057982228731197, 48.97770602960518 ], [ 5.0579254089725, 48.977931886141882 ], [ 5.05788353562431, 48.97842734384021 ], [ 5.05775861154333, 48.978658866318582 ], [ 5.057164290515233, 48.979028872053291 ], [ 5.056834516072937, 48.979263906893927 ], [ 5.056028470055844, 48.979507106400845 ], [ 5.054670894315551, 48.979669797808867 ], [ 5.053880681485777, 48.980227544314268 ], [ 5.053417302349213, 48.980518828336443 ], [ 5.053048742442937, 48.980637578130477 ], [ 5.052812590083469, 48.980713582072397 ], [ 5.052086616631181, 48.980649546100679 ], [ 5.051989810733104, 48.980642207165268 ], [ 5.051859420934147, 48.980779366203997 ], [ 5.05187099915293, 48.980986058122049 ], [ 5.051907720552602, 48.981678061336297 ], [ 5.051581209785366, 48.981953503054847 ], [ 5.051528760216869, 48.98226923240076 ], [ 5.051512317460588, 48.983258985673352 ], [ 5.051453688996511, 48.983439892345359 ], [ 5.051474781373131, 48.983844315262495 ], [ 5.05185342564969, 48.984283100430403 ], [ 5.051117341693292, 48.984570043157113 ], [ 5.050855794067164, 48.984803892555256 ], [ 5.050667611354831, 48.985121941231661 ], [ 5.049928882078396, 48.985363945483243 ], [ 5.049328499494619, 48.985648557285138 ], [ 5.048989673218246, 48.985699321495282 ], [ 5.048884669284957, 48.98628580087771 ], [ 5.048698595833352, 48.986657780650987 ], [ 5.047818854633824, 48.986812227788327 ], [ 5.047488988536789, 48.987047235215456 ], [ 5.047371694641501, 48.987409043276777 ], [ 5.046659222471802, 48.988145310732378 ], [ 5.046263495397202, 48.988421916066251 ], [ 5.045940629190351, 48.988791726178 ], [ 5.04546174555002, 48.990059210527441 ], [ 5.045273510792547, 48.990377249167508 ], [ 5.044891965635395, 48.99092795812205 ], [ 5.044550478078751, 48.99093377869545 ], [ 5.043809015802075, 48.991130813092589 ], [ 5.043617231023514, 48.991358958018722 ], [ 5.043620767047379, 48.991448848818337 ], [ 5.042974217814783, 48.992147986331112 ], [ 5.042852162559362, 48.993454352832885 ], [ 5.042663899530171, 48.993772386359993 ], [ 5.042340120686582, 48.994142199452845 ], [ 5.04217019651331, 48.994774747232462 ], [ 5.041773541264841, 48.995051350560381 ], [ 5.041242159248547, 48.995334742313183 ], [ 5.0399009237136, 48.99581630282033 ], [ 5.039442034550857, 48.99618390647435 ], [ 5.039246739924698, 48.996367127103973 ], [ 5.038432493729125, 48.996475412255293 ], [ 5.037949653872177, 48.996407157054797 ], [ 5.037392015751386, 48.996196249454677 ], [ 5.036618466001617, 48.99620938324933 ], [ 5.035893989109873, 48.996275649566243 ], [ 5.034981614754485, 48.996259366341128 ] ], [ [ 5.126847915092835, 49.008667355749068 ], [ 5.125007400885654, 49.008758430487362 ], [ 5.123705845098725, 49.008696016953273 ], [ 5.122791615410733, 49.008491810427643 ], [ 5.122093193333336, 49.008193828950581 ], [ 5.121388545621183, 49.007806001550009 ], [ 5.120577689025615, 49.006700430836602 ], [ 5.120213798990973, 49.00630657422726 ], [ 5.11709165921884, 49.004409738697603 ], [ 5.117088973281922, 49.004364810017698 ], [ 5.116096760212724, 49.003712168613141 ], [ 5.115178252352798, 49.003148171975305 ], [ 5.114829677626691, 49.003023885487842 ], [ 5.114123324875532, 49.002591069680506 ], [ 5.113704433383495, 49.002418545182017 ], [ 5.112863305529499, 49.002033072267757 ], [ 5.111891969235575, 49.001744335245803 ], [ 5.110440584419781, 49.00145953745244 ], [ 5.109151098355756, 49.001626134851001 ], [ 5.107018429845529, 49.001587145307283 ], [ 5.106197432635755, 49.001570076427285 ], [ 5.105641102053952, 49.001399936718911 ], [ 5.103685957823911, 49.000638156479482 ], [ 5.102593084821764, 49.000616834520031 ], [ 5.101346890065099, 49.000332829555788 ], [ 5.100092586439001, 48.999869049748781 ], [ 5.099680921562408, 48.999831278575208 ], [ 5.098564221647548, 48.999410050885373 ], [ 5.097741083499305, 48.999338991032175 ], [ 5.096223026905136, 48.999325044701941 ], [ 5.095943684244426, 48.999199494558809 ], [ 5.095448935259604, 48.998902299744238 ], [ 5.094830729697634, 48.998827640780767 ], [ 5.09447775430018, 48.99861342093191 ], [ 5.093508214404363, 48.998364984106246 ], [ 5.092890121240717, 48.998335289267366 ], [ 5.092690531817588, 48.998428722622329 ], [ 5.092217043220932, 48.998531429838273 ], [ 5.091469370620836, 48.998593939084401 ], [ 5.087697070776281, 48.998317821547694 ], [ 5.087150801277919, 48.99833182329364 ], [ 5.086949395813479, 48.998380302645856 ], [ 5.086416518577981, 48.998663923205001 ], [ 5.085895304564938, 48.999131739330721 ], [ 5.08551763798756, 48.999727487569999 ], [ 5.0852176843891, 48.999854135570892 ], [ 5.084848975895455, 49.000013460540153 ], [ 5.084998028907544, 49.00023574928975 ], [ 5.084668065409083, 49.000466361489927 ], [ 5.084112851368159, 49.000300601420442 ], [ 5.083640002327289, 49.000398765340158 ], [ 5.083293324158671, 49.000319331372765 ], [ 5.082738789719775, 49.000149055653779 ], [ 5.081287789470495, 48.999868399337238 ], [ 5.080949081772221, 48.99992374756571 ], [ 5.07974633393891, 49.000443831755781 ], [ 5.079203546782095, 49.000502712174047 ], [ 5.078666828327748, 49.000691914354576 ], [ 5.078389678834864, 49.00062025690319 ], [ 5.078316064924231, 49.00053158074298 ], [ 5.078114642689529, 49.000580045166792 ], [ 5.077914164204532, 49.000673468535332 ], [ 5.077286211374775, 49.000418985668283 ], [ 5.077083080883008, 49.000467477931934 ], [ 5.076878332627102, 49.000475519781858 ], [ 5.07616661997855, 49.000177505337128 ], [ 5.075813532761186, 48.99995873641582 ], [ 5.075716840370024, 48.999420701521267 ], [ 5.074903563914906, 48.999574193162751 ], [ 5.074642047828926, 48.999808091093456 ], [ 5.0743838525368, 49.000082408995738 ], [ 5.07278988913014, 49.00092851161363 ], [ 5.072805859730253, 49.001243064498532 ], [ 5.071758577547917, 49.001850331236589 ], [ 5.071498649090444, 49.002124671888431 ], [ 5.07076592054419, 49.002456645357775 ], [ 5.06976122780421, 49.002847276136002 ], [ 5.069425133045656, 49.002947521476891 ], [ 5.069431359162787, 49.003082340321285 ], [ 5.068914878278428, 49.003630951376159 ], [ 5.068805270588634, 49.004118575102588 ], [ 5.068803245872019, 49.004132102616133 ], [ 5.068471395787815, 49.004317724952571 ], [ 5.06799337263803, 49.004330461776973 ], [ 5.067505370820474, 49.004113994456958 ], [ 5.066322314099312, 49.003738590070448 ], [ 5.066113796711512, 49.003652229994323 ], [ 5.065883692462214, 49.00343131521737 ], [ 5.065534379919898, 49.003306900318336 ], [ 5.065339150549815, 49.003490162166486 ], [ 5.064932763847815, 49.003542131664169 ], [ 5.064869056430876, 49.003637676146482 ], [ 5.064601082361564, 49.003732237858998 ], [ 5.063166846992898, 49.003765901938472 ], [ 5.061995414849849, 49.003574654213054 ], [ 5.061175828051064, 49.003593233072536 ], [ 5.060762557077306, 49.003514878375533 ], [ 5.060284361143093, 49.003523090042769 ], [ 5.058790575303596, 49.003692650030757 ], [ 5.057990355962077, 49.004070676384202 ], [ 5.057449286684293, 49.004174402854325 ], [ 5.056629688799359, 49.004192950658656 ], [ 5.056081569962292, 49.004161866235208 ], [ 5.054137396916426, 49.003574506744933 ], [ 5.053522749194436, 49.003589524787046 ], [ 5.052650981382494, 49.003887784167432 ], [ 5.052178040279807, 49.003985823785449 ], [ 5.051442600230844, 49.00431772249955 ], [ 5.051117897148694, 49.004642596265747 ], [ 5.051009396171494, 49.005184151502704 ], [ 5.050814108509446, 49.0053673893946 ], [ 5.050009403311407, 49.005655487157121 ], [ 5.048999737729395, 49.005947079221038 ], [ 5.048752980524886, 49.006450514522463 ], [ 5.048026039423854, 49.006912672741592 ], [ 5.047966518139617, 49.007093588241858 ], [ 5.048272294725323, 49.007718018083303 ], [ 5.048368718296633, 49.008256070828018 ], [ 5.048661983416793, 49.008606366128376 ], [ 5.048683064277564, 49.009010779918277 ], [ 5.048423155408153, 49.009289563176523 ], [ 5.048158103331776, 49.00943800656546 ], [ 5.046712281213337, 49.009246794712517 ], [ 5.045894307508923, 49.009265239987634 ], [ 5.0450229624969, 49.009599412589772 ], [ 5.043831891353242, 49.010343796706834 ], [ 5.04363935856382, 49.010576446522741 ], [ 5.043592077219945, 49.010982023906948 ], [ 5.043396741594757, 49.011165248721532 ], [ 5.042925484854631, 49.011308195759867 ], [ 5.041637305213072, 49.011519010709172 ], [ 5.040787792122607, 49.01095328683099 ], [ 5.039737330890485, 49.010449439585571 ], [ 5.039167118125882, 49.010009383332687 ], [ 5.037863193586659, 49.009905603384119 ], [ 5.037652990708643, 49.009819223377001 ], [ 5.037431586357506, 49.009512657385081 ], [ 5.037026750809001, 49.009420898866537 ] ] ] } },
{ "type": "Feature", "properties": { "fid": 8755, "gid": 8755, "CdEuMasseDEau": "FRHR195B-H1124500", "NomMasseDEau": "ruisseau de Flabusieux", "Etat masse eau ": "Moyen", "Etat ecologique": "Moyen", "Etat chimique": "Non atteint", "_swEcologicalStatusOrPotentialValue": "3", "_swChemicalStatusValue": "3" }, "geometry": { "type": "MultiLineString", "coordinates": [ [ [ 5.207538954226522, 49.013099409250671 ], [ 5.207396308629616, 49.013064239116446 ], [ 5.206630927436341, 49.01281294964415 ], [ 5.205528614294113, 49.012657802133752 ], [ 5.205250653718671, 49.012572955944762 ], [ 5.204570765688829, 49.012643917551713 ], [ 5.202613977399125, 49.013098133995534 ], [ 5.201731488088386, 49.013208779146723 ], [ 5.19852000873296, 49.01324066772338 ], [ 5.197840576371678, 49.013302587101641 ], [ 5.195848000904834, 49.013357052374808 ], [ 5.193668576528101, 49.013500356053477 ], [ 5.190891767944987, 49.013969364634725 ], [ 5.190355507289929, 49.014163557914763 ], [ 5.189870029847507, 49.014041984606969 ], [ 5.189375077474585, 49.013736177375989 ], [ 5.189016967883481, 49.013432369879332 ], [ 5.188933860935293, 49.013164024884183 ], [ 5.188860040593447, 49.013075417671281 ], [ 5.188772292313071, 49.012717203500131 ], [ 5.18865877076699, 49.011909690699241 ], [ 5.18849086166429, 49.011332551203807 ], [ 5.188332050442581, 49.010930655235533 ], [ 5.188103028048444, 49.010485062243752 ], [ 5.187513444133436, 49.009960585626793 ], [ 5.186811030760333, 49.00961806994345 ], [ 5.184796859863416, 49.00903407576633 ], [ 5.181903590381253, 49.008618957118941 ], [ 5.181339754190671, 49.008318867125226 ], [ 5.180998168105665, 49.008325075917554 ], [ 5.180388983415597, 49.008430597710998 ], [ 5.179840746476281, 49.008400078639966 ], [ 5.17859186935347, 49.008067441132397 ], [ 5.177768484965157, 49.007996930799663 ], [ 5.177069957078733, 49.007969126578097 ], [ 5.174904938365162, 49.008390688291222 ], [ 5.17249986291344, 49.008713109850113 ], [ 5.172056155996865, 49.008770616279477 ], [ 5.171860616054742, 49.008958560011237 ], [ 5.171112889588722, 49.009021564800882 ], [ 5.170512710402262, 49.009302282048502 ], [ 5.16997539779335, 49.009451426991532 ] ] ] } },
{ "type": "Feature", "properties": { "fid": 8759, "gid": 8759, "CdEuMasseDEau": "FRHR196", "NomMasseDEau": "la Cousances de sa source au confluent de l'Aire (exclu)", "Etat masse eau ": "Moyen", "Etat ecologique": "Moyen", "Etat chimique": "Non atteint", "_swEcologicalStatusOrPotentialValue": "3", "_swChemicalStatusValue": "3" }, "geometry": { "type": "MultiLineString", "coordinates": [ [ [ 5.2318103971546, 49.028417365308584 ], [ 5.231697872375277, 49.028608673020337 ], [ 5.231227831328825, 49.028752340638313 ], [ 5.23049404113537, 49.029085311928348 ], [ 5.230242287472578, 49.02945430111162 ], [ 5.229770526142731, 49.029597994650608 ], [ 5.229511265561696, 49.029832191187467 ], [ 5.229448490152333, 49.02992331047539 ], [ 5.229175112241017, 49.02992838700856 ], [ 5.229043137210169, 49.030020790974831 ], [ 5.228496573163356, 49.03003543566259 ], [ 5.228165129090445, 49.030221494574832 ], [ 5.227337000888532, 49.030070447993801 ], [ 5.226722091087271, 49.030086352593941 ], [ 5.226119380314455, 49.030326911193001 ], [ 5.225520106706584, 49.030607881872498 ], [ 5.224442790737411, 49.030906703150379 ], [ 5.22351222577186, 49.031378205263763 ], [ 5.222965645877327, 49.031392824758335 ], [ 5.222085667207111, 49.03154854271726 ], [ 5.220522405177761, 49.031721391531512 ], [ 5.218868753813336, 49.031500097243701 ], [ 5.218393101094136, 49.031553863820328 ], [ 5.216637990158693, 49.031959586557953 ], [ 5.216238143592594, 49.0321468741041 ], [ 5.215695180602886, 49.032206369961749 ], [ 5.215563175793155, 49.032298758910628 ], [ 5.215221436069677, 49.032305064951778 ], [ 5.215165240639949, 49.032530983828451 ], [ 5.214686994545274, 49.032544304528109 ], [ 5.213630697605623, 49.033197951804496 ], [ 5.213440566161594, 49.033471315257579 ], [ 5.213276622472927, 49.034198456222384 ], [ 5.21257734157733, 49.035164841793879 ], [ 5.212629535063845, 49.036108380628086 ], [ 5.212743482359085, 49.036915852082274 ], [ 5.21236662589725, 49.037282605808763 ], [ 5.211828289577397, 49.037431949838727 ], [ 5.211139569163814, 49.037584060847657 ], [ 5.210605908926226, 49.037823265317769 ], [ 5.20978583607263, 49.037842858332432 ], [ 5.209183619939034, 49.038078820328522 ], [ 5.20856669733971, 49.038049690972187 ], [ 5.2082204314827, 49.037970605101172 ], [ 5.207866531265055, 49.037752232862474 ], [ 5.207650401211001, 49.037576302646762 ], [ 5.206006822164449, 49.037534549034007 ], [ 5.205607939734811, 49.037726278579946 ], [ 5.205628345102172, 49.038085711855409 ], [ 5.205493543239887, 49.038133163990153 ], [ 5.205513947975138, 49.038492597144902 ], [ 5.204918478059277, 49.038867838684972 ], [ 5.204863939617835, 49.039093719938585 ], [ 5.204529589613884, 49.039234786798602 ], [ 5.20446590452133, 49.039325907889683 ], [ 5.204382801371184, 49.040047048228857 ], [ 5.204600839679942, 49.040267924754403 ], [ 5.204546498415642, 49.040538777771808 ], [ 5.20428135197685, 49.040678573012222 ], [ 5.204096006524617, 49.041046279743973 ], [ 5.203899216200849, 49.041184819284986 ], [ 5.20329160042526, 49.041335394810631 ], [ 5.203036640986149, 49.041654903400797 ], [ 5.202633908766247, 49.0417972187823 ], [ 5.202041141537724, 49.042217369986872 ], [ 5.201908034701939, 49.042264786569298 ], [ 5.201359809066129, 49.042243354930498 ], [ 5.200477872640214, 49.042398944259311 ], [ 5.19993478436484, 49.042458368274133 ], [ 5.199800820465136, 49.042505798165408 ], [ 5.198945607988367, 49.043110643403068 ], [ 5.198886571281368, 49.04329162716229 ], [ 5.198898655977981, 49.043516284223848 ], [ 5.19797039097299, 49.044032507820077 ], [ 5.19783917909422, 49.044124860596142 ], [ 5.197709869971503, 49.04426215400423 ], [ 5.197651682200782, 49.044443121317272 ], [ 5.197455246003814, 49.044631115971221 ], [ 5.197322128789538, 49.044678527361718 ], [ 5.197287047054345, 49.045263851756772 ], [ 5.197027564956469, 49.04553845256072 ], [ 5.197028711106156, 49.046797746159903 ], [ 5.196907664852213, 49.047069813473961 ], [ 5.196995527350296, 49.047428009935551 ], [ 5.197295247795724, 49.047881276215584 ], [ 5.19739574328869, 49.048234743500878 ], [ 5.197403161836807, 49.048369534066197 ], [ 5.197531516494363, 49.048405923807749 ] ] ] } },
{ "type": "Feature", "properties": { "fid": 8760, "gid": 8760, "CdEuMasseDEau": "FRHR196-H1133000", "NomMasseDEau": "ruisseau du Fays", "Etat masse eau ": "Moyen", "Etat ecologique": "Moyen", "Etat chimique": "Non atteint", "_swEcologicalStatusOrPotentialValue": "3", "_swChemicalStatusValue": "3" }, "geometry": { "type": "MultiLineString", "coordinates": [ [ [ 5.227937261677059, 49.045596512739593 ], [ 5.226620640626396, 49.045879429196667 ], [ 5.226400556938164, 49.045613653577099 ], [ 5.225973645946916, 49.0453112330514 ], [ 5.225683276034332, 49.045001782868091 ], [ 5.225525146636357, 49.044644905232687 ], [ 5.225288812129757, 49.044338950187722 ], [ 5.223668920604658, 49.043478431376535 ], [ 5.222973299416708, 49.043270927892642 ], [ 5.222552863769501, 49.043098805965855 ], [ 5.222067040350229, 49.042977366234688 ], [ 5.221779485304181, 49.042712830571332 ], [ 5.221359250499312, 49.042545198421713 ], [ 5.220580334242372, 49.042069365718874 ], [ 5.217054391792121, 49.040407436475768 ], [ 5.216694016745639, 49.040058778642553 ], [ 5.215929571230954, 49.038638150337754 ], [ 5.215487850426088, 49.038066109073888 ], [ 5.214513369383281, 49.037773750195832 ], [ 5.214372824213911, 49.03768638992269 ], [ 5.214082566101272, 49.037376909436063 ], [ 5.21358850261066, 49.037120659531723 ], [ 5.212743482359085, 49.036915852082274 ] ] ] } },
{ "type": "Feature", "properties": { "fid": 8746, "gid": 8746, "CdEuMasseDEau": "FRHR193", "NomMasseDEau": "la Biesme de sa source au confluent de l'Aisne (exclu)", "Etat masse eau ": "Moyen", "Etat ecologique": "Moyen", "Etat chimique": "Bon", "_swEcologicalStatusOrPotentialValue": "3", "_swChemicalStatusValue": "2" }, "geometry": { "type": "MultiLineString", "coordinates": [ [ [ 5.057252829774876, 49.040440630993189 ], [ 5.056231061673177, 49.040507602664469 ], [ 5.054890794674944, 49.040845360392538 ], [ 5.053461716669011, 49.041791764016594 ], [ 5.052906335713976, 49.042300465506798 ], [ 5.051763828873105, 49.042688773832737 ], [ 5.050068196305297, 49.042951594519806 ], [ 5.048027797296394, 49.042972917617483 ], [ 5.047139117626566, 49.043163466317438 ], [ 5.044392667325768, 49.042953905489846 ], [ 5.04303357279095, 49.043120949730579 ], [ 5.042806225153026, 49.04310233067357 ], [ 5.040270846677707, 49.042866598598991 ], [ 5.039995792921829, 49.042830795456723 ], [ 5.039791291922059, 49.042631889554343 ], [ 5.039383211900584, 49.042148611776106 ], [ 5.038391425585723, 49.042044023009687 ], [ 5.037714158953594, 49.041826153641551 ], [ 5.036600356955908, 49.041728117950655 ], [ 5.036679584991798, 49.041524394543679 ], [ 5.036227878958189, 49.041541049437761 ], [ 5.035759882301257, 49.041513005540828 ], [ 5.035637872637611, 49.041389148743789 ], [ 5.03519840367268, 49.04134712710951 ], [ 5.034701204854445, 49.041337563338828 ], [ 5.03438896211933, 49.040767195843571 ], [ 5.027269635841458, 49.039111155415576 ], [ 5.026859047904185, 49.039041632080718 ], [ 5.02575077638617, 49.038754515969472 ], [ 5.023625323530247, 49.038673423723161 ], [ 5.022465248937444, 49.038701962980902 ], [ 5.021521396755997, 49.038947219610968 ], [ 5.020717758358936, 49.039280055431327 ], [ 5.020060394480687, 49.03979031740387 ], [ 5.019192722449819, 49.040214165702849 ], [ 5.018655549677208, 49.040407586666063 ], [ 5.018395108831109, 49.040636829779402 ], [ 5.017721201189937, 49.040832544558143 ], [ 5.017266454774473, 49.041298909313205 ], [ 5.016408283070446, 49.041902468336936 ], [ 5.016218194474402, 49.042490308295136 ], [ 5.014865677933631, 49.043291039879065 ], [ 5.015066145783884, 49.044335543831679 ], [ 5.014847678103822, 49.045162211860713 ], [ 5.014380732689038, 49.046065003110563 ], [ 5.013307493136282, 49.046991448614342 ], [ 5.012174212498595, 49.047451173469653 ], [ 5.010268374144064, 49.048521956305933 ], [ 5.009553682188401, 49.049257974827 ], [ 5.009365012740279, 49.049575939172129 ], [ 5.009400519812265, 49.050249932799936 ], [ 5.009635114143692, 49.050830650114939 ], [ 5.009733009953488, 49.052717854385229 ], [ 5.009620495303778, 49.053169460766803 ], [ 5.009627426848756, 49.053304261906966 ], [ 5.009381977136282, 49.053857030967485 ], [ 5.008591895689702, 49.054724719329798 ], [ 5.008294816910407, 49.055048989864353 ], [ 5.008047431419143, 49.055552317787296 ], [ 5.007947896278099, 49.056273537366224 ], [ 5.007439785587096, 49.057046557102481 ], [ 5.007448421623538, 49.05718132929406 ], [ 5.007062535702183, 49.057686968297311 ], [ 5.006694620441461, 49.0585026130275 ], [ 5.006251555443375, 49.059189091906738 ], [ 5.006192683427631, 49.059369963342249 ], [ 5.006062646269121, 49.059544566313868 ] ] ] } },
{ "type": "Feature", "properties": { "fid": 8747, "gid": 8747, "CdEuMasseDEau": "FRHR193-H1062000", "NomMasseDEau": "ruisseau de beauchamp", "Etat masse eau ": "Moyen", "Etat ecologique": "Moyen", "Etat chimique": "Non atteint", "_swEcologicalStatusOrPotentialValue": "3", "_swChemicalStatusValue": "3" }, "geometry": { "type": "MultiLineString", "coordinates": [ [ [ 5.078599685559189, 49.052755592944933 ], [ 5.077928502333252, 49.052996570643359 ], [ 5.076647390619601, 49.053342535220132 ], [ 5.076111914670319, 49.053576658677372 ], [ 5.075787057837744, 49.05390158387435 ], [ 5.074808013802984, 49.054786483912117 ], [ 5.073812583562225, 49.055347850379057 ], [ 5.07180594136636, 49.056205487150237 ], [ 5.070563919692018, 49.05704091642869 ], [ 5.068701193375709, 49.058035433545662 ], [ 5.067840697190061, 49.058594422764585 ], [ 5.067711863080308, 49.058731559416401 ], [ 5.067462390607287, 49.059190080326665 ], [ 5.067413460217225, 49.059550706076834 ], [ 5.06710514148677, 49.060185632878607 ], [ 5.065785494712841, 49.06111678528174 ], [ 5.064883041923568, 49.062171172573521 ], [ 5.064685800109675, 49.062309480998202 ], [ 5.064497421087677, 49.062627527851411 ], [ 5.064373771625849, 49.062836286720234 ] ] ] } },
{ "type": "Feature", "properties": { "fid": 8387, "gid": 8387, "CdEuMasseDEau": "FRHR113A-F5282000", "NomMasseDEau": "ruisseau l'ornel", "Etat masse eau ": "Moyen", "Etat ecologique": "Moyen", "Etat chimique": "Non atteint", "_swEcologicalStatusOrPotentialValue": "3", "_swChemicalStatusValue": "3" }, "geometry": { "type": "MultiLineString", "coordinates": [ [ [ 5.0683959015471, 48.644371971403523 ], [ 5.06674749009118, 48.644234118557591 ], [ 5.065238779940461, 48.643958852090769 ], [ 5.064697052428691, 48.64397274129761 ], [ 5.063016180377118, 48.644280797645102 ], [ 5.062888353896045, 48.644417980211252 ], [ 5.062898027843642, 48.644620266190678 ], [ 5.062906777060083, 48.644777578493994 ], [ 5.062979934614652, 48.645901052563083 ], [ 5.062192231358575, 48.646414074714976 ], [ 5.062096625089603, 48.646550698334678 ], [ 5.062066169714078, 48.64659621505519 ], [ 5.061869639202258, 48.646734585269741 ], [ 5.061923966883223, 48.647768404637787 ], [ 5.061741455909244, 48.648176468885559 ], [ 5.060960678968643, 48.648801834954689 ], [ 5.060759930064488, 48.64967360396831 ], [ 5.061054488822676, 48.651139662702427 ], [ 5.060647911109594, 48.651677569813309 ], [ 5.059415876982309, 48.651923818082842 ], [ 5.059046149545909, 48.652083171776091 ], [ 5.05862578434828, 48.652400861762459 ], [ 5.057623332122341, 48.653542909353483 ], [ 5.056978176770924, 48.654188396817553 ], [ 5.056601646335952, 48.654779755933347 ], [ 5.056613279727332, 48.655161963169853 ], [ 5.056760387437926, 48.655708291828624 ], [ 5.056905405759303, 48.655899241950493 ], [ 5.057233586755489, 48.656473936369245 ], [ 5.057518123614726, 48.657017890954087 ], [ 5.057416875287506, 48.657465031297811 ], [ 5.057055730283303, 48.659311318661828 ], [ 5.056935029582511, 48.659587835149189 ], [ 5.056610556003033, 48.659863369458243 ], [ 5.056343480036993, 48.659957956391281 ], [ 5.054790847846686, 48.660281665512258 ], [ 5.053941664570687, 48.660728198513375 ], [ 5.05234559694106, 48.661979394260271 ], [ 5.05217744018629, 48.662085764432959 ], [ 5.051102587522087, 48.663597896984371 ], [ 5.05065021811408, 48.664055569286731 ], [ 5.049900499007412, 48.665287661297874 ], [ 5.049663013464659, 48.665921587274994 ], [ 5.049220342528781, 48.666302605214057 ], [ 5.048091065465222, 48.66677640163001 ], [ 5.046045833929071, 48.667904751877117 ], [ 5.044850375419665, 48.668424640458731 ], [ 5.043783678472575, 48.668807343163181 ], [ 5.043125078404238, 48.669183041113534 ], [ 5.042476946562884, 48.669783497837962 ], [ 5.042159649382821, 48.670202827940209 ], [ 5.041768235709889, 48.670528951016685 ], [ 5.040238656598711, 48.671148988880823 ], [ 5.039827869031735, 48.67106604294068 ], [ 5.038788978059485, 48.670683421448238 ], [ 5.03748396259587, 48.670399815953623 ], [ 5.036598207782693, 48.670329476014047 ], [ 5.035574273866846, 48.670220999978092 ], [ 5.034543224254357, 48.669973172988321 ], [ 5.034205580549051, 48.670023924202013 ], [ 5.033410289626181, 48.670401899419993 ], [ 5.032136010791721, 48.670711556276601 ], [ 5.031523522574451, 48.670681507648283 ], [ 5.030841234753626, 48.670603158135314 ], [ 5.030094735246105, 48.670620373635991 ], [ 5.026951783278125, 48.671546632527104 ], [ 5.021945045671586, 48.672167025649813 ], [ 5.021129105533249, 48.672365314479251 ], [ 5.019931361482446, 48.672615056215363 ], [ 5.017033777046396, 48.673042021874771 ], [ 5.016130934032892, 48.67305729591201 ], [ 5.014449893748807, 48.672973247329807 ], [ 5.012576782924446, 48.672707968007657 ], [ 5.012261771195974, 48.672663799669031 ], [ 5.012046021604377, 48.672595461093749 ], [ 5.011521499330737, 48.672424362343619 ], [ 5.011088134644433, 48.672283214856172 ], [ 5.009626823075092, 48.671597052912581 ], [ 5.009006609572802, 48.671432055346656 ], [ 5.008462007206208, 48.671400744128682 ], [ 5.00821915630336, 48.671499522329235 ] ] ] } },
{ "type": "Feature", "properties": { "fid": 7983, "gid": 7983, "CdEuMasseDEau": "FRHR121-F5542000", "NomMasseDEau": "ruisseau de beuse", "Etat masse eau ": "Bon", "Etat ecologique": "Bon", "Etat chimique": "Bon", "_swEcologicalStatusOrPotentialValue": "2", "_swChemicalStatusValue": "2" }, "geometry": { "type": "MultiLineString", "coordinates": [ [ [ 5.050451937337884, 48.790178146530501 ], [ 5.050387370656777, 48.790224238455572 ], [ 5.049877422879171, 48.790912244723152 ], [ 5.049485825724768, 48.791233849313763 ], [ 5.048421883682822, 48.791706430908327 ], [ 5.047972022471116, 48.792213462325194 ], [ 5.047123533383817, 48.792907256881172 ], [ 5.046999679873407, 48.793134297315902 ], [ 5.047151509144085, 48.793446581991397 ], [ 5.047712250032594, 48.793747361007206 ], [ 5.047785520102967, 48.793836072688372 ], [ 5.047137657717597, 48.794481443722255 ], [ 5.047076611419717, 48.794617440520121 ], [ 5.046353136618119, 48.795093164166403 ], [ 5.045204453989318, 48.795252279785252 ], [ 5.044456175685773, 48.79526958335812 ], [ 5.043038955059723, 48.795482754184093 ], [ 5.04230026523884, 48.795679814382133 ], [ 5.042091768801548, 48.795593410674016 ], [ 5.041950464240945, 48.795505858403963 ], [ 5.041479568279515, 48.795608369877854 ], [ 5.041137599753447, 48.795569228310647 ], [ 5.040729524747419, 48.795580696652628 ], [ 5.040393683270595, 48.795676398844734 ], [ 5.039239022032866, 48.795705106507455 ], [ 5.038411357152483, 48.795498809480719 ], [ 5.038130462410537, 48.795323667035575 ], [ 5.037237724210335, 48.795172452091407 ], [ 5.036622881598231, 48.795250408381854 ], [ 5.036011575107754, 48.795157364089057 ], [ 5.035720270009461, 48.794802459617557 ], [ 5.035029565220145, 48.794593806041647 ], [ 5.034747836198908, 48.794418669992091 ], [ 5.034344976490663, 48.794519994788985 ], [ 5.034150418952522, 48.794703240857068 ], [ 5.033873048682038, 48.794617995501788 ], [ 5.03365778643891, 48.794401240463202 ], [ 5.030960367580319, 48.793560945534296 ], [ 5.030698068641696, 48.793403463223896 ], [ 5.030279684419614, 48.793149669013509 ], [ 5.030102661604806, 48.79304021818286 ], [ 5.02983803981388, 48.79293225527077 ], [ 5.028085747401035, 48.792188295397445 ], [ 5.026076733990464, 48.791516138922418 ], [ 5.024350471125391, 48.791023591032967 ], [ 5.023517750708821, 48.790727311032263 ], [ 5.023039755975065, 48.790690421949883 ], [ 5.021483056925048, 48.790860716787137 ], [ 5.020948460266853, 48.791054192347261 ], [ 5.020090115435441, 48.791568023126608 ], [ 5.019063947601176, 48.792759433047642 ], [ 5.018024107482287, 48.793730645111097 ], [ 5.017235605296894, 48.794247771690237 ], [ 5.016436596815729, 48.794625621973054 ], [ 5.016048378067184, 48.794996536449297 ], [ 5.015855491926933, 48.795224706502232 ], [ 5.015244989291817, 48.79523950263296 ], [ 5.013061259725275, 48.79515485727967 ], [ 5.011820255408104, 48.794820391383482 ], [ 5.010572572511929, 48.794400557226567 ], [ 5.010090237886298, 48.794273722854108 ], [ 5.009750207046412, 48.794283940807041 ], [ 5.009410002887923, 48.794289662394362 ], [ 5.008528572661098, 48.794362959882449 ], [ 5.008389201890897, 48.794279834652727 ], [ 5.008302210783794, 48.793921432006464 ], [ 5.008086884597233, 48.793700135387695 ], [ 5.007127605293241, 48.793585802001537 ], [ 5.006639591367417, 48.793598496874232 ], [ 5.006169348922147, 48.793741342311591 ], [ 5.005965401210346, 48.793749264671241 ], [ 5.005687203959302, 48.793618985501517 ], [ 5.005137899007326, 48.793542736887112 ], [ 5.004523984401734, 48.793512552747671 ], [ 5.004119173020234, 48.793564326246013 ], [ 5.003981365843896, 48.793521654497809 ], [ 5.00390817071152, 48.793432915950831 ], [ 5.00356211328301, 48.793308268278246 ], [ 5.00328652697238, 48.793267905946891 ], [ 5.003099595689424, 48.793585921178781 ], [ 5.002965414469731, 48.793637651870107 ], [ 5.002131898752952, 48.793296255176131 ], [ 5.000900481606284, 48.793186431770359 ], [ 4.999044170094515, 48.792826150605208 ], [ 4.998430439683149, 48.792800430564462 ], [ 4.997156041947014, 48.793145615831421 ], [ 4.996326013170331, 48.792894086928776 ], [ 4.996121895241694, 48.792897497074001 ], [ 4.995669795587146, 48.79335937676246 ], [ 4.994444917777527, 48.79468883068288 ], [ 4.993034014079137, 48.796385732940998 ], [ 4.992651447144437, 48.796886923580367 ], [ 4.992101135052792, 48.797854231249516 ], [ 4.991634232253118, 48.798041944682602 ], [ 4.990819551332032, 48.798060018125831 ], [ 4.987802325435021, 48.797903326097362 ], [ 4.98629111851218, 48.797622572882005 ], [ 4.984520561149322, 48.797616003864562 ], [ 4.984320006496183, 48.797668815214877 ], [ 4.983773930179194, 48.797632899224347 ], [ 4.983229734957562, 48.797646430386401 ], [ 4.983031575855207, 48.797784666710136 ], [ 4.982632341618969, 48.797939733704403 ], [ 4.981877178345179, 48.79782181098728 ], [ 4.980905084604469, 48.797437584383182 ], [ 4.980213713773654, 48.797228628651176 ], [ 4.979458566261524, 48.797110690579039 ], [ 4.978643895675701, 48.797128681046964 ] ] ] } },
{ "type": "Feature", "properties": { "fid": 8358, "gid": 8358, "CdEuMasseDEau": "FRHR189", "NomMasseDEau": "L'Aisne de sa source au confluent du Coubreuil (inclus)", "Etat masse eau ": "Moyen", "Etat ecologique": "Moyen", "Etat chimique": "Non atteint", "_swEcologicalStatusOrPotentialValue": "3", "_swChemicalStatusValue": "3" }, "geometry": { "type": "MultiLineString", "coordinates": [ [ [ 5.183631956251975, 48.944722865197129 ], [ 5.182967281084479, 48.945054329078935 ], [ 5.182497860640448, 48.945197817213547 ], [ 5.179919772371458, 48.945496623426301 ], [ 5.178584508842032, 48.946020175477763 ], [ 5.176425292104514, 48.946477714293387 ], [ 5.174710539710222, 48.946337919235468 ], [ 5.173892271782154, 48.946366257888727 ], [ 5.173215562243197, 48.946472987079623 ], [ 5.172676175514201, 48.946577223063407 ], [ 5.170060733630734, 48.946188307989409 ], [ 5.168950897148632, 48.946122937300295 ], [ 5.1681175984891, 48.945872636765863 ], [ 5.167913079370204, 48.945880834341288 ], [ 5.166835127490593, 48.946129722583471 ], [ 5.165229202713888, 48.946716488979725 ], [ 5.164486957923791, 48.946869331623375 ], [ 5.163148115054874, 48.947352290992683 ], [ 5.16116613755598, 48.948566499147063 ], [ 5.159238600716355, 48.949284921376382 ], [ 5.15816109644879, 48.949547214457219 ], [ 5.157400559469229, 48.949610383081918 ], [ 5.156985680330539, 48.949527891984062 ], [ 5.156108753449252, 48.94972808384113 ], [ 5.155500204683289, 48.949833485113963 ], [ 5.154365740786774, 48.95030816870451 ], [ 5.153896380231678, 48.950456038676265 ], [ 5.153168628694871, 48.950878422054487 ], [ 5.152362620706366, 48.951122290466472 ], [ 5.1512062450179, 48.951192526536524 ], [ 5.150739098573875, 48.951394318576845 ], [ 5.150343352056497, 48.951671291785722 ], [ 5.149670089601904, 48.951822802383056 ], [ 5.148740262252371, 48.952293760003613 ], [ 5.14809348399925, 48.952714659078737 ], [ 5.147584941950566, 48.953402949901403 ], [ 5.147684149019047, 48.953985895314233 ], [ 5.147627744816688, 48.95421179920617 ], [ 5.147502089448695, 48.95439396503032 ], [ 5.147512074916828, 48.954573700724168 ], [ 5.147319173924698, 48.954802049596744 ], [ 5.147217197806168, 48.955433576912853 ], [ 5.147153514928744, 48.955524674807165 ], [ 5.146685942664349, 48.955717461172704 ], [ 5.146071702237719, 48.955728459330238 ], [ 5.145660538977938, 48.95569533886048 ], [ 5.145330125642439, 48.955881166807131 ], [ 5.144792810570883, 48.956039210843109 ], [ 5.144323518686745, 48.956232018431528 ], [ 5.143983976624932, 48.956238091664815 ], [ 5.143705565031132, 48.956153113735787 ], [ 5.143693739110653, 48.95592843260625 ], [ 5.142231824729034, 48.955423820355762 ], [ 5.141888914929808, 48.955389467266443 ], [ 5.141757827154654, 48.95548176649843 ], [ 5.141699544011717, 48.955662721861557 ], [ 5.141368263613785, 48.955848554138043 ], [ 5.141032610814413, 48.955949004400864 ], [ 5.140624965259066, 48.9560012629764 ], [ 5.140348451697272, 48.955920741308304 ], [ 5.140054681232535, 48.955566158364093 ], [ 5.139779835782617, 48.955526086264506 ], [ 5.13957883019797, 48.955579150430793 ], [ 5.138194983171966, 48.955518383089803 ], [ 5.137850227178623, 48.955439072964445 ], [ 5.136557238143352, 48.955511601709638 ], [ 5.135551432274357, 48.955862364605153 ], [ 5.134676022327461, 48.956062368109507 ], [ 5.133389399706472, 48.956269683995757 ], [ 5.132921769720986, 48.956462416550153 ], [ 5.132056409049524, 48.956887113212211 ], [ 5.131646904194009, 48.956894395696089 ], [ 5.131038222007853, 48.95699967209427 ], [ 5.129814473040278, 48.957075394105495 ], [ 5.129470523314257, 48.957036526156351 ], [ 5.128993803045688, 48.957049491352045 ], [ 5.12824053179826, 48.957022386454511 ], [ 5.127892051093926, 48.956893637961592 ], [ 5.127798445770935, 48.956400538706987 ], [ 5.127442077067533, 48.956141491969625 ], [ 5.127151938604428, 48.955831792849168 ], [ 5.126388155675955, 48.955588967446047 ], [ 5.124733286077821, 48.95526748052437 ], [ 5.123827280001942, 48.95492820765898 ], [ 5.123311746593037, 48.95449205562992 ], [ 5.122600606275337, 48.9539694086521 ], [ 5.122113161720043, 48.953802623776312 ], [ 5.121752987203323, 48.953449173285726 ], [ 5.121139645449872, 48.952205133386293 ], [ 5.120853106014528, 48.951940333597079 ], [ 5.12071496689911, 48.951902297189513 ], [ 5.120363853089247, 48.951728595383933 ], [ 5.119850307391583, 48.951067501291007 ], [ 5.119229950436239, 48.950948033802248 ], [ 5.118874331649203, 48.950684450606339 ], [ 5.118666918210612, 48.950643138623107 ], [ 5.118107612741933, 48.950387651176683 ], [ 5.117745553096851, 48.950259113585957 ], [ 5.116616234145886, 48.949568403248037 ], [ 5.116469873771585, 48.949391074235869 ], [ 5.116115315554707, 48.949131962020793 ], [ 5.116021958982406, 48.948683826246373 ], [ 5.115165472374472, 48.947983787318257 ], [ 5.11394826223902, 48.946934775405893 ], [ 5.113800091228386, 48.946712496474788 ], [ 5.113513619422709, 48.946447677793003 ], [ 5.113566630518125, 48.946176872168849 ], [ 5.11382252436877, 48.945857509869477 ], [ 5.113944622601018, 48.945585485368326 ], [ 5.11392196057994, 48.945405971059472 ], [ 5.113904905509489, 48.945091422264419 ], [ 5.113548500809816, 48.944827836880911 ], [ 5.112916542387254, 48.944483649551842 ], [ 5.112897667426125, 48.944124153994792 ], [ 5.113085321211289, 48.943805995614127 ], [ 5.113035026281533, 48.942862332149168 ], [ 5.113476846965327, 48.942224840621257 ], [ 5.113455289383023, 48.94182041300278 ], [ 5.113146438483012, 48.941151179408358 ], [ 5.112690483110373, 48.940264142583317 ], [ 5.112508114259717, 48.939682634245123 ], [ 5.112204644920684, 48.939103259963886 ], [ 5.112227101002566, 48.938248267620722 ], [ 5.112541328978627, 48.937747961700978 ], [ 5.112395015753149, 48.937570625768707 ], [ 5.111407848451584, 48.936967316009401 ], [ 5.110704062832992, 48.936574905317158 ], [ 5.11020964276978, 48.936273259272603 ], [ 5.11006151810105, 48.936050973522725 ], [ 5.109576957562639, 48.935929066626059 ], [ 5.109010681500417, 48.935538723012073 ], [ 5.108718092545264, 48.935184041594894 ], [ 5.108172375072024, 48.934163627917407 ], [ 5.107525390333269, 48.933549802639305 ], [ 5.106892756006516, 48.933205594956199 ], [ 5.106267113977198, 48.932991699905543 ], [ 5.105692877560351, 48.932466543723251 ], [ 5.105544783028821, 48.932244251608751 ], [ 5.104416017123789, 48.931553414813067 ], [ 5.103788768987499, 48.931299054186674 ], [ 5.103066315706733, 48.930821466716232 ], [ 5.102024442959031, 48.930484416120223 ], [ 5.100957497351541, 48.929653027714338 ], [ 5.100879461938405, 48.929474480186713 ], [ 5.100789121369328, 48.929075751318727 ], [ 5.10050281290122, 48.928810897222156 ], [ 5.099881913083435, 48.928691342105886 ], [ 5.099456516121687, 48.928383944240451 ], [ 5.099454702015454, 48.928338997029783 ], [ 5.099030452887309, 48.928081054439289 ], [ 5.09907807936933, 48.927675408891623 ], [ 5.098931840358382, 48.927498054875393 ], [ 5.098089367637953, 48.927067519077518 ], [ 5.098084889228063, 48.926977639435691 ], [ 5.097798787332423, 48.926717273095946 ], [ 5.097638060369979, 48.926540171152723 ], [ 5.097536801359996, 48.925912237201786 ], [ 5.097241680025668, 48.925512592187694 ], [ 5.096812882394952, 48.925119784020126 ], [ 5.096591308788019, 48.924808808204652 ], [ 5.096377058125948, 48.92463713903593 ], [ 5.094024883736634, 48.924026079751066 ], [ 5.092971606107562, 48.92346425559257 ], [ 5.092333869955524, 48.923030102593842 ], [ 5.091959855805826, 48.922406926755471 ], [ 5.092065711989155, 48.922090224167498 ], [ 5.092120515032826, 48.921819392155577 ], [ 5.091968996245132, 48.921552163260507 ], [ 5.091825639236411, 48.921424227056583 ], [ 5.091806065789461, 48.921064735412529 ], [ 5.091378119464332, 48.920712373954771 ], [ 5.091342491450173, 48.920038307837793 ], [ 5.091194493591659, 48.919815995445006 ], [ 5.091086381343696, 48.919057733536896 ], [ 5.090996805768378, 48.918654483804175 ], [ 5.091030829996876, 48.918015183976223 ], [ 5.091278746131016, 48.917561062795507 ], [ 5.09126715533807, 48.917336368514739 ], [ 5.090909249066613, 48.917027761267043 ], [ 5.090804232343108, 48.916579800906788 ], [ 5.090517371554811, 48.916319429569846 ], [ 5.090564201153621, 48.915913797890688 ], [ 5.090755321426625, 48.915681067143751 ], [ 5.090743733312263, 48.915456372423868 ], [ 5.090092723162464, 48.91475256153474 ], [ 5.089991578125646, 48.914124614394908 ], [ 5.089490371546241, 48.913688062517167 ], [ 5.089457430154602, 48.913058924609523 ], [ 5.089315727044308, 48.912971437602735 ], [ 5.08889696716974, 48.912803321767967 ], [ 5.088861376703957, 48.91212925001102 ], [ 5.088650532340184, 48.911997988535653 ], [ 5.087075341205565, 48.91189950510983 ], [ 5.086935350074397, 48.911811985486601 ], [ 5.086235507631482, 48.91173871688094 ], [ 5.085761353617098, 48.911805448443971 ], [ 5.08466419462791, 48.911694109753462 ], [ 5.084257871649981, 48.911750658787561 ], [ 5.081795425974017, 48.911627061659331 ], [ 5.080968399187057, 48.91146601422038 ], [ 5.080627437079161, 48.911471937905411 ], [ 5.080426541380652, 48.911524905052232 ], [ 5.079945692297476, 48.911488277184347 ], [ 5.079457838528953, 48.911276349345549 ], [ 5.079050481164057, 48.911328400717032 ], [ 5.077234589319085, 48.911823196210058 ], [ 5.076822202292458, 48.911749384933778 ], [ 5.076611389832606, 48.911618102225262 ], [ 5.075927848672143, 48.911589470389281 ], [ 5.075671009162228, 48.911458983824048 ], [ 5.075507350332582, 48.911376359273341 ], [ 5.074820315906307, 48.911302802378572 ], [ 5.074691012404305, 48.911439980297807 ], [ 5.074165099140972, 48.911813421668143 ], [ 5.073624842123348, 48.911912735161437 ], [ 5.073424697130989, 48.912006158752199 ], [ 5.073371691077205, 48.912281449964233 ], [ 5.073108636864416, 48.912465920500537 ], [ 5.073120148177419, 48.91269061753794 ], [ 5.073261823296004, 48.912778123722006 ], [ 5.073200706510189, 48.912914119381782 ], [ 5.073153744283022, 48.91331974538241 ], [ 5.072822488780351, 48.913505395478523 ], [ 5.072494811535269, 48.913780941070399 ], [ 5.072371812535492, 48.914012463169264 ], [ 5.072044129711769, 48.914288007400089 ], [ 5.071441109203612, 48.914482852279242 ], [ 5.070966374521434, 48.914536040653879 ], [ 5.07076903486589, 48.914678887870686 ], [ 5.070163185419829, 48.91482429796369 ], [ 5.069754539402107, 48.914844853808233 ], [ 5.069682766461892, 48.914756135796615 ], [ 5.06954109197666, 48.914668625539051 ], [ 5.069333861278799, 48.914627226838114 ], [ 5.0688034505671, 48.914910761867212 ], [ 5.068202197362678, 48.915150538551238 ], [ 5.067656617012755, 48.915159957813607 ], [ 5.067593875263328, 48.915255496907811 ], [ 5.067259949283447, 48.91539619778252 ], [ 5.066987157760267, 48.915400905577762 ], [ 5.066712759349703, 48.915365159336055 ], [ 5.066357649780168, 48.915101411744729 ], [ 5.065737844489252, 48.914981663514851 ], [ 5.065450087041026, 48.914716751662823 ], [ 5.064914381706477, 48.914910402297238 ], [ 5.06471327838379, 48.914958848096717 ], [ 5.064370686545944, 48.914924272034206 ], [ 5.064024428891536, 48.914840281239137 ], [ 5.063751639989815, 48.91484498166971 ], [ 5.063357591871996, 48.91512614239398 ], [ 5.063234448230387, 48.915398137655153 ], [ 5.062755458616097, 48.91536590638016 ], [ 5.062626965695946, 48.915503056083615 ], [ 5.062702214511871, 48.91563669719028 ], [ 5.062845483974101, 48.915764668911258 ], [ 5.062793169457072, 48.91608042261354 ], [ 5.062525820659551, 48.916179482246754 ], [ 5.062531089215715, 48.916269349423331 ], [ 5.062069574984656, 48.916592147964309 ], [ 5.061937196528716, 48.91665289941573 ], [ 5.061946701092905, 48.916828153584589 ], [ 5.061682909009926, 48.917017107759058 ], [ 5.061627876587106, 48.917242949443569 ], [ 5.060877849799705, 48.917260353923005 ], [ 5.059995833285057, 48.917369981416535 ], [ 5.059739749242955, 48.91768923715172 ], [ 5.059743233703451, 48.917734156080485 ], [ 5.059611242638669, 48.917826383327679 ], [ 5.059402406038401, 48.917744514146058 ], [ 5.059187276755048, 48.917568297215389 ], [ 5.058433687863571, 48.917495789863558 ], [ 5.058029743773586, 48.917592688429501 ], [ 5.0573461343816, 48.917563950728187 ], [ 5.05701234359322, 48.917709117569082 ], [ 5.056820034777417, 48.917937313843112 ], [ 5.05654282311647, 48.917852115918571 ], [ 5.056271971838638, 48.917906242421942 ], [ 5.055815661434817, 48.918318883667219 ], [ 5.055697656906367, 48.918635760124502 ], [ 5.055301831503254, 48.918916922632278 ], [ 5.055182117410463, 48.919233827662801 ], [ 5.054987167004064, 48.919417087057937 ], [ 5.054790795047024, 48.919564387510242 ], [ 5.054807484419173, 48.919878952052443 ], [ 5.054879239063483, 48.919967678555892 ], [ 5.05536579586139, 48.920125752301388 ], [ 5.055513641520889, 48.920348108863521 ], [ 5.055666745590142, 48.920660332312643 ], [ 5.055674133983586, 48.920804137236999 ], [ 5.055477403564621, 48.920942448991717 ], [ 5.055221451785919, 48.921266188835581 ], [ 5.054753669544584, 48.921454127865978 ], [ 5.054244702980992, 48.921917140652354 ], [ 5.053907149077209, 48.921967907143703 ], [ 5.053708704387484, 48.922106245081558 ], [ 5.053100271750096, 48.922211129172887 ], [ 5.052579346715125, 48.922674339129415 ], [ 5.051907095539729, 48.92287026742747 ], [ 5.051103672237597, 48.923158394741371 ], [ 5.050922264974203, 48.92295010162605 ], [ 5.050489796406598, 48.923168903561113 ], [ 5.050163822416764, 48.923448851241517 ], [ 5.04982540198457, 48.923499620753432 ], [ 5.049298335788624, 48.923872963386643 ], [ 5.049038613290593, 48.924102298063183 ], [ 5.048699865923273, 48.924166563390472 ], [ 5.048635131439505, 48.924212648806339 ], [ 5.048120131184008, 48.924806173491561 ], [ 5.047928673984742, 48.925079316692894 ], [ 5.047842199076238, 48.926025340107856 ], [ 5.047447980327215, 48.926306445604503 ], [ 5.04739556177264, 48.926622189511455 ], [ 5.047201408925585, 48.926805420418461 ], [ 5.046798464402275, 48.926951737712862 ], [ 5.046186248285605, 48.926962195314289 ], [ 5.046129609536369, 48.927192551737249 ], [ 5.045931976917121, 48.927330861566148 ], [ 5.045519157923595, 48.927247953983077 ], [ 5.045309453012279, 48.927166075507209 ], [ 5.044782140587564, 48.927534902206993 ], [ 5.044462260957244, 48.927949662838095 ], [ 5.044202496793392, 48.928178986169513 ], [ 5.04393487382783, 48.928273508407003 ], [ 5.043730227979535, 48.928276999437664 ], [ 5.043455777652441, 48.928241200355508 ], [ 5.043325496680107, 48.928378356813852 ], [ 5.043342119561432, 48.928692920393352 ], [ 5.042931059171718, 48.928654952036332 ], [ 5.042345645216883, 48.929218163537932 ], [ 5.042292280713219, 48.929488941812053 ], [ 5.042092011863137, 48.929582311536983 ], [ 5.042097246481805, 48.92967217849899 ], [ 5.042305427485739, 48.929758586277281 ], [ 5.042378879868704, 48.929847290387023 ], [ 5.042315044795173, 48.929938334680848 ], [ 5.042053555792935, 48.930167682003102 ], [ 5.041930382600449, 48.930399169336063 ], [ 5.041662744086678, 48.930493686305518 ], [ 5.040985117963556, 48.93059968501634 ], [ 5.040258491288643, 48.931066338326566 ], [ 5.040050308451535, 48.930979927096907 ], [ 5.039976858439666, 48.930891221652828 ], [ 5.039840420835847, 48.930893544533753 ], [ 5.039574538446756, 48.931033004786784 ], [ 5.039318438074901, 48.931356707639431 ], [ 5.038454436992954, 48.931780709334348 ], [ 5.038191160408051, 48.931965099868172 ], [ 5.038071312067457, 48.932281983980552 ], [ 5.037808207686797, 48.932470868383234 ], [ 5.036916285548547, 48.932400576105842 ], [ 5.036380115975037, 48.932589601185981 ], [ 5.036228160603183, 48.933590692087527 ], [ 5.036295923133758, 48.934624030369015 ], [ 5.036448101073102, 48.934936288743643 ], [ 5.036619100748775, 48.935859924546442 ], [ 5.03695070897655, 48.93672235838676 ], [ 5.037179817049111, 48.937168240801959 ], [ 5.037397621587165, 48.937434404074587 ], [ 5.037414211516612, 48.937748965840768 ], [ 5.037631843583054, 48.938010633771142 ], [ 5.037726266747848, 48.938503782518659 ], [ 5.037945785403311, 48.938769915461123 ], [ 5.03801188303833, 48.939803276824023 ], [ 5.03808795664816, 48.93993691588134 ], [ 5.038111365719317, 48.940381795935146 ], [ 5.038192725210973, 48.940650277706439 ], [ 5.038209320974358, 48.940964838424975 ], [ 5.038428852487473, 48.941230969875562 ], [ 5.038455056014151, 48.941725277143789 ], [ 5.038597660957079, 48.941857784034738 ], [ 5.038684255251912, 48.942216131175805 ], [ 5.039108320291594, 48.942474283952428 ], [ 5.039072436486086, 48.943104579460496 ], [ 5.039217662292255, 48.943282018424021 ], [ 5.03924387434864, 48.943776324579069 ], [ 5.039458015226975, 48.943948092813841 ], [ 5.039469388138957, 48.944172786532405 ], [ 5.03940309094714, 48.94422338988155 ], [ 5.039413377579879, 48.944398626851672 ], [ 5.041402964225682, 48.945660104845437 ], [ 5.041976696987777, 48.946185562466177 ], [ 5.042124559482165, 48.946407930186218 ], [ 5.042196269813899, 48.946451685726977 ], [ 5.042273276233304, 48.946630283143321 ], [ 5.042305668133455, 48.947259414397877 ], [ 5.041974946844218, 48.948749300942914 ], [ 5.041534870998336, 48.949476433730169 ], [ 5.041151821850713, 48.949982204715226 ], [ 5.039799312302105, 48.951278083229568 ], [ 5.038832783751235, 48.952382973255368 ], [ 5.037789036523212, 48.953304760536 ], [ 5.037096826432324, 48.95387424100732 ], [ 5.036617852636885, 48.954134250826961 ], [ 5.03565866213853, 48.954339446695158 ], [ 5.033483383951461, 48.954533786131137 ], [ 5.032738030913937, 48.954640879114002 ], [ 5.032070511598497, 48.954926555581245 ], [ 5.031545433272303, 48.955340247164742 ], [ 5.031365242747721, 48.955797566908409 ], [ 5.031326646541449, 48.956382919685979 ], [ 5.031411458636401, 48.956696320195846 ], [ 5.031705222098126, 48.9570916353927 ], [ 5.031797599046945, 48.957266099271564 ] ], [ [ 5.032025623777113, 48.957696748685827 ], [ 5.032387346753724, 48.958379901727561 ], [ 5.032779231918321, 48.959362745554003 ], [ 5.033082303342373, 48.959667945598518 ], [ 5.033092322992561, 48.959924142858689 ], [ 5.03310846533351, 48.960162245554422 ], [ 5.033042602389493, 48.961512662069779 ], [ 5.032928781104293, 48.961964358270023 ], [ 5.032740571398798, 48.962282385630651 ], [ 5.032549020211474, 48.962515013719951 ], [ 5.031723594987385, 48.963132030546845 ] ], [ [ 5.032458371829209, 48.964812556441444 ], [ 5.033433934121611, 48.965099652238983 ], [ 5.034434559137052, 48.965707851097328 ], [ 5.03500321665704, 48.96614346802864 ], [ 5.035437234903405, 48.966585865560504 ], [ 5.035660204976662, 48.966937394184711 ], [ 5.035741593367768, 48.967205870978511 ], [ 5.036195740537754, 48.968052711478698 ], [ 5.036619370376911, 48.968774134337487 ], [ 5.037445076088972, 48.969731596528334 ], [ 5.037985400189861, 48.970662419824613 ], [ 5.038291695980774, 48.971286882030043 ], [ 5.038327580606945, 48.972005892482414 ], [ 5.038300040502593, 48.972500969572536 ] ], [ [ 5.036120415196493, 48.977149405268015 ], [ 5.036088320808986, 48.977234178246377 ], [ 5.03555885051736, 48.977562495683323 ], [ 5.035704838037641, 48.977735424098292 ], [ 5.035710066462992, 48.977825287308363 ], [ 5.035378442223697, 48.978015317341033 ], [ 5.034701943612713, 48.978166221917199 ], [ 5.033943138468048, 48.978003686912089 ], [ 5.033395133528195, 48.977968003501786 ], [ 5.033347108679657, 48.977957421290363 ] ], [ [ 5.028712358043732, 48.979650625158754 ], [ 5.028701336472722, 48.97965762839673 ], [ 5.028635865888385, 48.979647152941979 ] ], [ [ 5.027567707758181, 48.979387158668175 ], [ 5.027085501091415, 48.980098726390231 ], [ 5.026614656475926, 48.98024610819585 ], [ 5.025704768615851, 48.980086074128621 ], [ 5.025422065649614, 48.979910945672522 ], [ 5.024387876648394, 48.979717020228776 ], [ 5.024035321513803, 48.979502589410693 ], [ 5.023688698880677, 48.979418487097277 ], [ 5.023196083619728, 48.979116465561937 ], [ 5.022988632921511, 48.979074989187055 ], [ 5.022510830864998, 48.979087545158983 ], [ 5.022177226355542, 48.979228097622965 ], [ 5.02183078343502, 48.979148484542769 ], [ 5.021824683657619, 48.979013660209567 ], [ 5.021621585127006, 48.979062059564605 ], [ 5.021430642375685, 48.979335132232869 ], [ 5.020884554730029, 48.979348832575013 ], [ 5.020264088187429, 48.979228856274858 ], [ 5.019984008900515, 48.979098646748753 ], [ 5.019303065327411, 48.979114611161656 ], [ 5.019024735385463, 48.979029345662447 ], [ 5.018660916453186, 48.978590210529887 ], [ 5.01856660135155, 48.978097065220084 ], [ 5.017933199940876, 48.977707621890339 ] ], [ [ 5.017471656129639, 48.977627163207835 ], [ 5.017241640273692, 48.977632410105684 ] ] ] } },
{ "type": "Feature", "properties": { "fid": 8525, "gid": 8525, "CdEuMasseDEau": "FRHR120", "NomMasseDEau": "la Saulx de sa source au confluent du ruisseau Saint Sébastien (inclus)", "Etat masse eau ": "Moyen", "Etat ecologique": "Moyen", "Etat chimique": "Non atteint", "_swEcologicalStatusOrPotentialValue": "3", "_swChemicalStatusValue": "3" }, "geometry": { "type": "MultiLineString", "coordinates": [ [ [ 5.257844436046125, 48.521740795137909 ], [ 5.258136140235471, 48.521945925630845 ], [ 5.258759239981479, 48.522199567173971 ], [ 5.259183121305748, 48.522506489927046 ], [ 5.259405702492797, 48.522857736081768 ], [ 5.259879482791589, 48.522848727314489 ], [ 5.26016781557753, 48.523153724489269 ], [ 5.260180042998456, 48.523378477865833 ], [ 5.259849323737003, 48.523524258586413 ], [ 5.259586938904802, 48.523664239336199 ], [ 5.259663218641882, 48.523842777578793 ], [ 5.260578514510114, 48.524450830742211 ], [ 5.260721391617988, 48.524583104308498 ], [ 5.260745851975238, 48.525032610395286 ], [ 5.261315239943893, 48.525512246244126 ], [ 5.262031402038675, 48.526214071408283 ], [ 5.262179013087865, 48.526436247308354 ], [ 5.26198987881847, 48.526664832752168 ], [ 5.262040125001, 48.527338832646642 ], [ 5.262125621941984, 48.527652184804843 ], [ 5.262236162038872, 48.529625450254393 ], [ 5.262454261618959, 48.529891280706103 ], [ 5.263370790114571, 48.530544285580874 ], [ 5.26470640335728, 48.531409784091736 ], [ 5.26521014485442, 48.53193564861629 ], [ 5.265735151057375, 48.532600596154367 ], [ 5.266017992671044, 48.532815689238703 ], [ 5.266719269520216, 48.533247787370939 ], [ 5.26686692022768, 48.533469956203909 ], [ 5.267258731449148, 48.53440291875949 ], [ 5.267354587517336, 48.534896056169856 ], [ 5.267860528446756, 48.535471363754674 ], [ 5.268419385429367, 48.535762179055233 ], [ 5.269042699075321, 48.536015763899151 ], [ 5.269377558608644, 48.535964374478631 ], [ 5.270044033698111, 48.535767161231526 ], [ 5.27072083191142, 48.535749734574082 ], [ 5.271068616588568, 48.53591857828561 ], [ 5.271504959853313, 48.536450203651661 ], [ 5.271804180562588, 48.53670996705879 ], [ 5.272242486592186, 48.537286549019925 ], [ 5.272844223302276, 48.538350470366986 ], [ 5.273270072309215, 48.53869780254292 ], [ 5.273571053631, 48.539232008486522 ], [ 5.273654688851328, 48.539500389847078 ], [ 5.273624697685948, 48.540175915630535 ], [ 5.273659615140637, 48.540805202836857 ], [ 5.274416475420427, 48.541011209081553 ], [ 5.274628894521321, 48.541182632311184 ], [ 5.274504019429209, 48.541369508360503 ], [ 5.274026173491384, 48.541288656372487 ], [ 5.273620130382475, 48.541300922450077 ], [ 5.273490310185351, 48.541393398741711 ], [ 5.273512937866728, 48.541797936717451 ], [ 5.273832879213027, 48.542417272240577 ], [ 5.27406936267223, 48.543065201210801 ], [ 5.274313727293474, 48.543757975399821 ], [ 5.274604210024549, 48.544107891813333 ], [ 5.275432476381552, 48.544357522512371 ], [ 5.27571197166244, 48.544532159524707 ], [ 5.276018413413571, 48.54515174702815 ], [ 5.276880816196495, 48.546030667502343 ], [ 5.277162018036443, 48.546205268453349 ], [ 5.277361509603472, 48.546156450726222 ], [ 5.277699876918933, 48.546145469164458 ], [ 5.277680288292217, 48.547000780501442 ], [ 5.277506643818186, 48.547274086608255 ], [ 5.277531258673982, 48.547723581079794 ], [ 5.278025125277473, 48.548074092386642 ], [ 5.277900050478252, 48.54825647505541 ], [ 5.277121520152132, 48.548860842984858 ], [ 5.27707170942883, 48.549176772701045 ], [ 5.276420843864933, 48.549639201004965 ], [ 5.276164425493501, 48.549918588657491 ], [ 5.275315333909493, 48.550479297395917 ], [ 5.274786731255015, 48.550714393822446 ], [ 5.274862843605029, 48.550847926959456 ], [ 5.275002184123145, 48.55093525386323 ], [ 5.275413247109811, 48.551017381040296 ], [ 5.275876735042225, 48.550824025058233 ], [ 5.276217280694429, 48.550862502746085 ], [ 5.276356168440628, 48.550900340672669 ], [ 5.276518166598325, 48.551392200112488 ], [ 5.276544467909936, 48.55184166088744 ], [ 5.27641657961687, 48.551979098621977 ], [ 5.276220123877029, 48.552117848803725 ], [ 5.275537259870146, 48.552000429405382 ], [ 5.275268526337705, 48.552055067997706 ], [ 5.275349392251551, 48.552278502564327 ], [ 5.275765868711813, 48.552446018201472 ], [ 5.27601752889487, 48.553071150750888 ], [ 5.27557172422055, 48.553574642988977 ], [ 5.275666847011901, 48.554067782315727 ], [ 5.275820192208537, 48.554379821837294 ], [ 5.275842843475747, 48.554784355151298 ], [ 5.275610544500499, 48.555463745244765 ], [ 5.275169009811692, 48.556066144581393 ], [ 5.274518237057966, 48.556533055799292 ], [ 5.2728640374379, 48.557248626271573 ], [ 5.27239742896258, 48.557352035532539 ], [ 5.271648983072157, 48.557325838647621 ], [ 5.271302808282713, 48.557197462568666 ], [ 5.270945395118545, 48.556848818991227 ], [ 5.270740267389839, 48.556807739970097 ], [ 5.270336051112936, 48.556864953630097 ], [ 5.269531908082175, 48.557019791417041 ], [ 5.26880087883817, 48.557258721358806 ], [ 5.268078667729426, 48.557681962373643 ], [ 5.267625801415385, 48.558064066096726 ], [ 5.267068042477113, 48.558979120590763 ], [ 5.266643837439807, 48.559887126421813 ], [ 5.266482355806451, 48.560385159643722 ], [ 5.266234010697894, 48.560794855806229 ], [ 5.266066696596687, 48.561432486430107 ], [ 5.265880494683545, 48.5617510054809 ], [ 5.265555782563553, 48.561982171005099 ], [ 5.264430907617862, 48.562462551791917 ], [ 5.26144650401034, 48.56362173365698 ], [ 5.261053372246203, 48.563858686457998 ], [ 5.260924567309982, 48.563996122297617 ], [ 5.260338519586879, 48.56441672253446 ], [ 5.260205832579592, 48.564464239852391 ], [ 5.259177743958867, 48.564263293995147 ], [ 5.25844119106203, 48.56441676920155 ], [ 5.257777938751554, 48.564658839600042 ], [ 5.256756511681802, 48.56459273342292 ], [ 5.256022729610049, 48.564791136438842 ], [ 5.25556739142681, 48.565119241392026 ], [ 5.25507132854625, 48.565938568294285 ], [ 5.254529612669198, 48.56595333750483 ], [ 5.254260592262353, 48.566003432126926 ], [ 5.254197568861613, 48.566094617687313 ], [ 5.254227554841129, 48.566633995780883 ], [ 5.254662048243516, 48.56712071097035 ], [ 5.254872573611501, 48.567247207050464 ], [ 5.255416431709452, 48.567281890996846 ], [ 5.255631677490654, 48.567498287288451 ], [ 5.255792925878334, 48.567720206827637 ], [ 5.256561237317411, 48.568106093161191 ], [ 5.256641201466985, 48.568329553612259 ], [ 5.25652544306513, 48.568691713695493 ], [ 5.256209238038613, 48.569102671301152 ], [ 5.25594874480938, 48.569292093509887 ], [ 5.255207394376058, 48.56935564666248 ], [ 5.254351500015789, 48.56979032854025 ], [ 5.253540703251125, 48.569855187265233 ], [ 5.252686333446188, 48.57032582398098 ], [ 5.252222394205896, 48.570514590665411 ], [ 5.251776405777147, 48.571022482478313 ], [ 5.250608513502678, 48.571948990566923 ], [ 5.250342429748199, 48.572048514662043 ], [ 5.249197329936464, 48.572164661968941 ], [ 5.248668584366853, 48.572404134062609 ], [ 5.247445855913447, 48.572350749927246 ], [ 5.246914325312757, 48.572545271431785 ], [ 5.246002354820677, 48.573196925775257 ], [ 5.245811287501956, 48.573425508865597 ], [ 5.245888439599854, 48.573604032821457 ], [ 5.246032260507769, 48.573736302829175 ], [ 5.246267343564024, 48.574316800635188 ], [ 5.246482580458439, 48.574533212244241 ], [ 5.248023651876258, 48.575170027813854 ], [ 5.248239092483751, 48.575390931960257 ], [ 5.248324585297543, 48.575704281932687 ], [ 5.248372258670817, 48.57655828749165 ], [ 5.24806813025406, 48.577193965705924 ], [ 5.247957845627548, 48.577645999967061 ], [ 5.24805166966688, 48.578094177200725 ], [ 5.248211556549723, 48.578541105824883 ], [ 5.248241488029724, 48.579080479983347 ], [ 5.248058738484926, 48.579443893061807 ], [ 5.247349086621991, 48.580091728973223 ], [ 5.247057395120629, 48.580682172336537 ], [ 5.24673549257281, 48.581003215849179 ], [ 5.246138887893291, 48.581243954521298 ], [ 5.245685272408742, 48.581616975721786 ], [ 5.245434736654913, 48.581981662960381 ], [ 5.244910575694651, 48.582311017331072 ], [ 5.244245147695558, 48.582548544888688 ], [ 5.244051225787827, 48.582691686407934 ], [ 5.243814770749625, 48.583326072534845 ], [ 5.243556280398592, 48.583564919678892 ], [ 5.242752495473749, 48.583719557104089 ], [ 5.2426216686656, 48.583812012488416 ], [ 5.242649620526899, 48.58430642733375 ], [ 5.242945853880214, 48.584750790274775 ], [ 5.242900500634156, 48.58515659725439 ], [ 5.242772096085988, 48.585226509643462 ], [ 5.242242688262568, 48.58553345204524 ], [ 5.242326236904662, 48.5858018453849 ], [ 5.243103070976587, 48.586363134513988 ], [ 5.243105843588318, 48.586408076867862 ], [ 5.242651314717339, 48.586781100903892 ], [ 5.242675109882241, 48.586960630808171 ], [ 5.243023336673851, 48.587134045390165 ], [ 5.243639666305661, 48.587252909939799 ], [ 5.243784366090488, 48.587385165224049 ], [ 5.24373069738914, 48.587656144781441 ], [ 5.243780887431981, 48.588550590310561 ], [ 5.243366476770135, 48.589642771996544 ], [ 5.242996135478792, 48.590279676146643 ], [ 5.24166436119249, 48.590718720492767 ], [ 5.241192927538757, 48.590777094227207 ], [ 5.240997080155356, 48.590915765900803 ], [ 5.241030562670101, 48.591500062696397 ], [ 5.240766092762797, 48.591640026140539 ], [ 5.240783794748231, 48.591954653512097 ], [ 5.240327085494601, 48.592278213026653 ], [ 5.240267816219191, 48.592418811323583 ], [ 5.240342818080048, 48.593537758302432 ], [ 5.240699393683495, 48.593846005193299 ], [ 5.241050238556324, 48.594059870894384 ], [ 5.241287052016027, 48.59464033702352 ], [ 5.241301139420298, 48.594910037419567 ], [ 5.240988275154054, 48.595365871911447 ], [ 5.241012599223355, 48.595815356376221 ], [ 5.241090615168981, 48.595993864233463 ], [ 5.241042466440936, 48.596354724746242 ], [ 5.240919071630894, 48.596582019349462 ], [ 5.240251021545132, 48.596743077296694 ], [ 5.239992256400223, 48.596977418286166 ], [ 5.240157481148168, 48.597509739089567 ], [ 5.240209735462583, 48.598453632642482 ], [ 5.240926081810746, 48.598885588838492 ], [ 5.241292936922832, 48.599373616279081 ], [ 5.241452638630307, 48.599816050437902 ], [ 5.24166622809286, 48.599992004195904 ], [ 5.242233098577401, 48.600417768955843 ], [ 5.24257864047007, 48.600546241078334 ], [ 5.24353319888786, 48.600658734508826 ], [ 5.244296354380816, 48.600954806074405 ], [ 5.244725297873501, 48.601347164621806 ], [ 5.244955787653675, 48.601837752475063 ], [ 5.24505769485611, 48.602632225374883 ], [ 5.245075919321889, 48.602780362001987 ], [ 5.245171498872325, 48.603268994214432 ], [ 5.245140551723131, 48.603674524191568 ], [ 5.244750900723293, 48.604001330676937 ], [ 5.244221813382178, 48.604240776793127 ], [ 5.244297732863651, 48.604369827909686 ], [ 5.244716644590527, 48.604586898559958 ], [ 5.245183981003605, 48.604924538113458 ], [ 5.245918257917677, 48.605455112943453 ], [ 5.245994610191061, 48.605633648152867 ], [ 5.242775422587955, 48.607476103666336 ], [ 5.242780122079505, 48.607566002800581 ], [ 5.242316857177581, 48.607759204914267 ], [ 5.242120101840942, 48.607897892469374 ], [ 5.242059779738242, 48.608034010066191 ], [ 5.241798849141362, 48.608218899524097 ], [ 5.241400596458529, 48.608365879658201 ], [ 5.241209380728475, 48.608594448795593 ], [ 5.241237332484087, 48.609088853947341 ], [ 5.241171462390593, 48.609135087843285 ], [ 5.240295863972489, 48.609246056179778 ], [ 5.23969613699417, 48.609441815423445 ], [ 5.23931068227152, 48.609809016488221 ], [ 5.239064005429394, 48.610268092667553 ], [ 5.238423681916658, 48.61068507749728 ], [ 5.237819240177399, 48.610790927995069 ], [ 5.237688721379988, 48.610892367409406 ], [ 5.236964445389518, 48.611270427584763 ], [ 5.236627569635724, 48.611326250177406 ], [ 5.236279203138652, 48.611152820319823 ], [ 5.23607773073215, 48.611201598387829 ], [ 5.235816955248719, 48.611390970006561 ], [ 5.235567055784804, 48.61175561166845 ], [ 5.235643381950185, 48.611934152589477 ], [ 5.236123316187005, 48.612010626573408 ], [ 5.236331401155683, 48.612096705003509 ], [ 5.236336937484732, 48.612186588130101 ], [ 5.236135461154252, 48.612235366254296 ], [ 5.235204989585221, 48.612572294049031 ], [ 5.234594986153288, 48.61258824487313 ], [ 5.234464920305964, 48.612680673197879 ], [ 5.234357210018094, 48.613177623299038 ], [ 5.23389301688126, 48.613370807651449 ], [ 5.232973794982041, 48.61393247319414 ], [ 5.232377599343482, 48.614173120492666 ], [ 5.23183710324709, 48.614228247523307 ], [ 5.231494453192289, 48.61414918302119 ], [ 5.231077436012664, 48.613977025060727 ], [ 5.230670819213771, 48.61398914376614 ], [ 5.230204881339796, 48.614141851862925 ], [ 5.229684980267322, 48.614561029610712 ], [ 5.228809253855461, 48.615886733023082 ], [ 5.228428350968692, 48.616343795943713 ], [ 5.22724627030731, 48.617049812442289 ], [ 5.22678267290703, 48.61723845686177 ], [ 5.226659358227845, 48.617470228525193 ], [ 5.226799451938337, 48.617553095549617 ], [ 5.227273247141841, 48.61754423327725 ], [ 5.227295550635299, 48.617948754936158 ], [ 5.226904425517292, 48.618226030171478 ], [ 5.22625581948848, 48.618512617939807 ], [ 5.225718222717981, 48.618617154300267 ], [ 5.224344879817973, 48.618557331846745 ], [ 5.223748973874988, 48.618806926513606 ], [ 5.223441294234817, 48.619132123603492 ], [ 5.223315011955989, 48.619314454103474 ], [ 5.223053958944711, 48.619499300761575 ], [ 5.222250623031375, 48.619698768410686 ], [ 5.22178993110928, 48.619936830326317 ], [ 5.221664488757651, 48.620119143138623 ], [ 5.222019249306034, 48.620422975134801 ], [ 5.221961616781318, 48.620604022723519 ], [ 5.221485227946294, 48.620572417988342 ], [ 5.221087481107922, 48.620714817127649 ], [ 5.220902893247544, 48.621082703449375 ], [ 5.220784863317555, 48.621399855714209 ], [ 5.220395585273153, 48.621722066161603 ], [ 5.219868962009809, 48.622006342123363 ], [ 5.219354217689673, 48.622510859434477 ], [ 5.219303988293752, 48.622826745913777 ], [ 5.219328138936255, 48.623276224643007 ], [ 5.219200964267281, 48.623418072753658 ], [ 5.219100501278645, 48.624049845005487 ], [ 5.218083589850846, 48.625297095128325 ], [ 5.216985957803557, 48.626041918648085 ], [ 5.216453768871336, 48.626236295519291 ], [ 5.215913131457658, 48.626291349726287 ], [ 5.214537886206265, 48.626190953005846 ], [ 5.213646297196374, 48.626032058759513 ], [ 5.212901343161096, 48.626050403788213 ], [ 5.212093219553953, 48.626159902921323 ], [ 5.211694746993136, 48.626306781516298 ], [ 5.211305376505595, 48.626628960943897 ], [ 5.211119457251193, 48.626947361491659 ], [ 5.211155203752267, 48.627351631174292 ], [ 5.211599096130395, 48.628018277087158 ], [ 5.212683654544144, 48.629248924007165 ], [ 5.212709446853643, 48.629698370184833 ], [ 5.212318346745551, 48.629980090539377 ], [ 5.211569740425961, 48.629953501471618 ], [ 5.210067213515647, 48.629774428928251 ], [ 5.208912524948106, 48.629755358509733 ], [ 5.208242725817091, 48.629907256698402 ], [ 5.206907566206051, 48.630296444845882 ], [ 5.206385422480503, 48.630670557995188 ], [ 5.206199458940993, 48.630988949797057 ], [ 5.206143655507081, 48.631214945403535 ], [ 5.205423507996585, 48.631682706144368 ], [ 5.205044369942319, 48.632189141242158 ], [ 5.204649430686858, 48.632421414276322 ], [ 5.204252783438984, 48.632613224444249 ], [ 5.204275763264226, 48.633017729662491 ], [ 5.20479737523653, 48.63385842841231 ], [ 5.204834972056833, 48.634307654839638 ], [ 5.204641986457874, 48.63450019460776 ], [ 5.204043730568425, 48.634740727336741 ], [ 5.20365594597128, 48.635062848125663 ], [ 5.203336373151729, 48.635433197025392 ], [ 5.203073276217043, 48.635573040275496 ], [ 5.202201787131648, 48.635773624655883 ], [ 5.200448682326, 48.635994992515307 ], [ 5.199716423891533, 48.636237978104091 ], [ 5.199128227617145, 48.636658267467283 ], [ 5.198874366689557, 48.63697789862514 ], [ 5.198816635868583, 48.637158932523512 ], [ 5.198839575671977, 48.637563437262486 ], [ 5.199200834104899, 48.637961695825418 ], [ 5.199762672066777, 48.638306757924362 ], [ 5.200658210026506, 48.638555668617045 ], [ 5.201272309481622, 48.638629806097619 ], [ 5.202086128581327, 48.638610264256393 ], [ 5.20518568364499, 48.63821997962291 ], [ 5.205869314912206, 48.638292806172068 ], [ 5.206907554945105, 48.638665005505999 ], [ 5.207735298755366, 48.638915119730598 ], [ 5.209297004646563, 48.638922157327762 ], [ 5.210190530459821, 48.638901081743697 ], [ 5.21108403820449, 48.639100461357117 ], [ 5.21172138912748, 48.639583542326903 ], [ 5.21208256944951, 48.639977265471799 ], [ 5.212243186157193, 48.640424203885765 ], [ 5.212119562357613, 48.640651460357546 ], [ 5.211856462660487, 48.640791322396566 ], [ 5.211519370102152, 48.640847072593118 ], [ 5.211393841846082, 48.641029371426363 ], [ 5.211341646344229, 48.641300292897 ], [ 5.211080441363992, 48.641485109939907 ], [ 5.210397609109633, 48.641412297750072 ], [ 5.209365453706386, 48.641165993098589 ], [ 5.208208806211713, 48.641106454887023 ], [ 5.206997388493397, 48.641277379538018 ], [ 5.206532845124763, 48.641470452736179 ], [ 5.205808968455146, 48.641893286384189 ], [ 5.205000585348404, 48.642002735958656 ], [ 5.202485454656095, 48.641927787940539 ], [ 5.201128022914467, 48.641916885000938 ], [ 5.200794309755069, 48.642013034705613 ], [ 5.200534954993738, 48.642242785451543 ], [ 5.200230900867568, 48.642882786985247 ], [ 5.19984445302438, 48.643258857133347 ], [ 5.199710663211221, 48.643306319556352 ], [ 5.195618081408697, 48.642913907470472 ], [ 5.195075363422989, 48.642923909348823 ], [ 5.194809661226868, 48.643023287810848 ], [ 5.194485168849707, 48.643299216468975 ], [ 5.194365042925472, 48.643571379708717 ], [ 5.194462297899894, 48.644109488710967 ], [ 5.194770435419255, 48.644778687420832 ], [ 5.195503936994792, 48.645795480697259 ], [ 5.197188600134157, 48.647775547843978 ], [ 5.19725833454566, 48.647819253325856 ], [ 5.197711474981004, 48.648665735355152 ], [ 5.197880017972124, 48.64924301744292 ], [ 5.19786560117493, 48.650233097400886 ], [ 5.197357917919538, 48.650876842145962 ], [ 5.196771045576128, 48.651292587797016 ], [ 5.196094615988701, 48.651354548567269 ], [ 5.195362122362265, 48.651597504284339 ], [ 5.194905177621619, 48.651934360531392 ], [ 5.194845530067494, 48.652070433593231 ], [ 5.194853924216877, 48.652250244584536 ], [ 5.19499698411704, 48.652382583305098 ], [ 5.195002453697533, 48.652472465337382 ], [ 5.194322046033422, 48.652440007043097 ], [ 5.193850003493693, 48.652498190293528 ], [ 5.190972382698987, 48.653244007839461 ], [ 5.190643192650834, 48.653430025945951 ], [ 5.190464397128649, 48.653883225930393 ], [ 5.189612700337231, 48.654443274753611 ], [ 5.188566567203756, 48.654921405148649 ], [ 5.187646504854897, 48.655491692681437 ], [ 5.187045862872441, 48.65568268354226 ], [ 5.184828969896635, 48.656096779804805 ], [ 5.184559419320104, 48.656146713094486 ], [ 5.183828682213397, 48.656434553603042 ], [ 5.182977721077078, 48.656994538267867 ], [ 5.182468940768326, 48.657638231473314 ], [ 5.182350595369491, 48.65795533597008 ], [ 5.182373416969434, 48.658359836851446 ], [ 5.182451326078494, 48.658538373844401 ], [ 5.182003722456346, 48.659041471452788 ], [ 5.181946096470324, 48.659226989498173 ], [ 5.181897481572409, 48.65958780709353 ], [ 5.181773680661975, 48.659815028426173 ], [ 5.181176914192725, 48.66005990583237 ], [ 5.180917571284359, 48.660294106063617 ], [ 5.180867073510349, 48.660609966361015 ], [ 5.180668081909539, 48.660703589697079 ], [ 5.179652018063969, 48.660726677861639 ], [ 5.178486808855547, 48.660532028926312 ], [ 5.177380100210565, 48.660151837432224 ], [ 5.176476145536037, 48.659767932787055 ], [ 5.175443974779226, 48.659525833756192 ], [ 5.174340026930301, 48.659190554924841 ], [ 5.174137291133763, 48.659194254047691 ], [ 5.173742197656158, 48.659430915042847 ], [ 5.172650145876773, 48.659320357717107 ], [ 5.170476623925731, 48.659292480790327 ], [ 5.169669763222814, 48.659446645830009 ], [ 5.168599587146866, 48.659740569675762 ], [ 5.167035402556849, 48.659688041950666 ], [ 5.165016350900021, 48.660008183095357 ], [ 5.164818181507672, 48.660101764604299 ], [ 5.163576746820538, 48.660997128382547 ], [ 5.162436781462196, 48.661247271817771 ], [ 5.161836167222022, 48.661442630382886 ], [ 5.160988604714009, 48.662092369281638 ], [ 5.159581887053375, 48.662441801395261 ], [ 5.15722046323647, 48.662718521394645 ], [ 5.156472264901409, 48.662691571463903 ], [ 5.155228641953232, 48.662282161272906 ], [ 5.153160598407134, 48.661973118602624 ], [ 5.152212363334336, 48.661994746621701 ], [ 5.151064229234694, 48.662109956208063 ], [ 5.150248177109439, 48.662084192179883 ], [ 5.149274011807241, 48.661660860411295 ], [ 5.148936382674335, 48.661666949253913 ], [ 5.148598903926688, 48.661718024749518 ], [ 5.148207219268071, 48.661999527008696 ], [ 5.14808326631318, 48.662226712868602 ], [ 5.147882363400597, 48.662275324330977 ], [ 5.147472657641143, 48.662242216755267 ], [ 5.146637969270918, 48.661865839661907 ], [ 5.146087998422867, 48.661745273387851 ], [ 5.145136223805409, 48.661721918617651 ], [ 5.144168153769709, 48.661383917645757 ], [ 5.144100288863656, 48.6613851387038 ], [ 5.144042341556424, 48.661566142328617 ], [ 5.144189833280246, 48.661788439891801 ], [ 5.144276687356508, 48.662146799071962 ], [ 5.142784853719606, 48.662182630929685 ], [ 5.142117137448645, 48.662379094991522 ], [ 5.141855582724574, 48.662563756953617 ], [ 5.141049435594912, 48.662717712572622 ], [ 5.140720008453315, 48.662903591271359 ], [ 5.140462310489131, 48.663182659977473 ], [ 5.139932811992517, 48.663417119763501 ], [ 5.139537531896923, 48.66365366651921 ], [ 5.139008392272739, 48.663897113521571 ], [ 5.137790664789032, 48.663972951814969 ], [ 5.137664824130651, 48.664155169369963 ], [ 5.13760868922606, 48.664381126533641 ], [ 5.138046585283601, 48.664958141960483 ], [ 5.138360301963559, 48.665487894806361 ], [ 5.138384625105834, 48.665937358509872 ], [ 5.138479507150411, 48.666430546001187 ], [ 5.138925308188887, 48.667137886758901 ], [ 5.139454416092978, 48.668158659840401 ], [ 5.139413563363086, 48.668654282362397 ], [ 5.139159366199144, 48.66897827333154 ], [ 5.139106768653977, 48.669249156710208 ], [ 5.139471286106591, 48.669733003753926 ], [ 5.139498308797227, 48.670227407235117 ], [ 5.139583305083272, 48.670540810468253 ], [ 5.140202828688269, 48.671694924551659 ], [ 5.140233539855445, 48.672279240551681 ], [ 5.139987211856697, 48.672733561120197 ], [ 5.14000532661506, 48.673093154013614 ], [ 5.140431574050771, 48.673445418631687 ], [ 5.141261247170733, 48.673695956823437 ], [ 5.141404230085898, 48.673828357463641 ], [ 5.141412259843402, 48.674003673227958 ], [ 5.141218710199256, 48.674191608138827 ], [ 5.141035733312923, 48.674554812691134 ], [ 5.141122586978307, 48.674913170322029 ], [ 5.141629157651843, 48.675484437223183 ], [ 5.141717858605987, 48.675887750730986 ], [ 5.141888870646617, 48.676289585099752 ], [ 5.141917761465622, 48.67682894185306 ], [ 5.141797284957134, 48.67710104438779 ], [ 5.141401725712311, 48.677333098947912 ], [ 5.140731969899463, 48.677484596213993 ], [ 5.13848676894181, 48.677403422851455 ], [ 5.136828041500411, 48.677127238813576 ], [ 5.136431838829512, 48.67732329638207 ], [ 5.136073475313452, 48.678009060284658 ], [ 5.135613530507825, 48.678287238073139 ], [ 5.134671531647491, 48.678448076482631 ], [ 5.134327575823958, 48.678364256242808 ], [ 5.133538617236234, 48.677843004535362 ], [ 5.132705247340201, 48.677502500150531 ], [ 5.13256044254587, 48.677325132814147 ], [ 5.132550561429872, 48.677145351638686 ], [ 5.132744336558392, 48.676961926937167 ], [ 5.132737137433616, 48.676827087232851 ], [ 5.131434141466831, 48.676589453335033 ], [ 5.130616040922631, 48.676518598497104 ], [ 5.130334628105824, 48.676343670091406 ], [ 5.130322922934314, 48.676118931827617 ], [ 5.130719505827775, 48.675931885711051 ], [ 5.130709631304029, 48.675752104171806 ], [ 5.130431751356236, 48.675622102316936 ], [ 5.129206548565393, 48.675563012185215 ], [ 5.128995708305154, 48.675431809556102 ], [ 5.128282949238729, 48.674819183513087 ], [ 5.128079301096358, 48.674822819397477 ], [ 5.12794706252432, 48.67487016967214 ], [ 5.127890874129489, 48.675096120220985 ], [ 5.127685578251633, 48.675059294282562 ], [ 5.127402353752969, 48.674839401896847 ], [ 5.126708493795189, 48.674586345340273 ], [ 5.126411759577887, 48.674096754632174 ], [ 5.126308089250802, 48.67369819727984 ], [ 5.126286543121247, 48.673293675842025 ], [ 5.126150781564005, 48.673296097533424 ], [ 5.126024877915632, 48.673478301369776 ], [ 5.12603023115888, 48.673568184941907 ], [ 5.125899338990478, 48.673669496428566 ], [ 5.125693018817745, 48.673628186456455 ], [ 5.125338457229528, 48.673324081258336 ], [ 5.124970338610058, 48.672790770066712 ], [ 5.124739996083824, 48.672304490254547 ], [ 5.124715787246365, 48.671855026180772 ], [ 5.124500471251871, 48.67163391629721 ], [ 5.123531502663591, 48.671295765676057 ], [ 5.123105569141557, 48.670947935714871 ], [ 5.122739315189593, 48.670459573649723 ], [ 5.122717797997737, 48.670055050464256 ], [ 5.122434803975682, 48.669839641062985 ], [ 5.121541775632961, 48.669635091089326 ], [ 5.120921232945055, 48.669470675618847 ], [ 5.120496972526872, 48.669163297251806 ], [ 5.120191428813711, 48.668768325343891 ], [ 5.119913612118582, 48.66863829821191 ], [ 5.119431506427992, 48.668516402360702 ], [ 5.1186153699934, 48.668490421912907 ], [ 5.11765365672082, 48.66828706416586 ], [ 5.116560690439521, 48.668176008874028 ], [ 5.115875822605968, 48.668057699413801 ], [ 5.11519811053574, 48.668074227777069 ], [ 5.114379316773055, 48.668003276083077 ], [ 5.113776991643809, 48.668162425503994 ], [ 5.113318831865694, 48.668485476888243 ], [ 5.113064473885974, 48.668809412244975 ], [ 5.112601822764987, 48.66904256116716 ], [ 5.110908807284019, 48.669126545251963 ], [ 5.110307910216465, 48.669321642843727 ], [ 5.10958638142663, 48.669788809016588 ], [ 5.109006034295255, 48.670388440529251 ], [ 5.1086933790611, 48.670888855440317 ], [ 5.108348669783785, 48.671794740174754 ], [ 5.108088942655646, 48.672028779539431 ], [ 5.107563682386012, 48.672352993253099 ], [ 5.106900538109003, 48.672648149265761 ], [ 5.106311186825405, 48.673067967307922 ], [ 5.105734273461942, 48.67371250846503 ], [ 5.104168454844204, 48.674914376664368 ], [ 5.102757223389678, 48.676477906446173 ], [ 5.102195317964199, 48.677392096583461 ], [ 5.101703755964831, 48.678345532942203 ], [ 5.101623785110554, 48.67916574182015 ], [ 5.101660230173874, 48.679839933232962 ], [ 5.101541344537641, 48.680156951406765 ], [ 5.101494811277528, 48.680562671735537 ], [ 5.100527294393711, 48.681528987726921 ], [ 5.100219133111832, 48.682123770424361 ], [ 5.099570539677498, 48.682679558912021 ], [ 5.099451634914656, 48.682996574241521 ], [ 5.09860740651502, 48.683735756526161 ], [ 5.098177460453353, 48.684598109091667 ], [ 5.097812924882003, 48.685418818560478 ], [ 5.097384965724054, 48.686056188558887 ], [ 5.096674653341192, 48.686748009486969 ], [ 5.096538855485178, 48.686750397432249 ], [ 5.095772041142965, 48.686372478058125 ], [ 5.095412893914535, 48.686248323628298 ], [ 5.095075204289998, 48.686299246519397 ], [ 5.094740164391601, 48.686395110449318 ], [ 5.094280106081804, 48.686677622480254 ], [ 5.093891591821368, 48.686774423193761 ], [ 5.093061603311121, 48.686748506696162 ], [ 5.092158837113594, 48.686368452227491 ], [ 5.091196897945981, 48.68616488413435 ], [ 5.090352135802303, 48.68559934590148 ], [ 5.090007355321094, 48.685515413215768 ], [ 5.089737642561132, 48.685524639722772 ], [ 5.089470495465549, 48.685619298828563 ], [ 5.089143386271251, 48.6858499734996 ], [ 5.089007770075107, 48.685856848572392 ], [ 5.088518311785407, 48.685595492462873 ], [ 5.088312153718868, 48.685558613928443 ], [ 5.088306864091171, 48.685468729583157 ], [ 5.088089850131743, 48.685202599457696 ], [ 5.086832651177277, 48.684558781157982 ], [ 5.086146021289092, 48.684399841157727 ], [ 5.085535135493465, 48.68441502747735 ], [ 5.085135863969326, 48.684561475368291 ], [ 5.085079480157358, 48.684787403859445 ], [ 5.083440510087838, 48.684600111153458 ], [ 5.082678837354616, 48.684347986951202 ], [ 5.082258169322267, 48.684085403924406 ], [ 5.081850973544611, 48.684097013783536 ], [ 5.0815194111262, 48.684237768293805 ], [ 5.081478587279245, 48.684278970621897 ], [ 5.081145562518088, 48.684617698645177 ], [ 5.080815258541009, 48.684960876921735 ], [ 5.080487987226301, 48.685295003511143 ], [ 5.079579220168627, 48.686084657636123 ], [ 5.079323539973202, 48.686404035254185 ], [ 5.079141878675816, 48.686812098087159 ], [ 5.079034327764694, 48.687353833089048 ], [ 5.078845599291295, 48.687627053457533 ], [ 5.077534137738962, 48.688522683662619 ], [ 5.077145264334862, 48.688889364383449 ], [ 5.076959334333091, 48.689212019397971 ], [ 5.077047380997205, 48.689610880494683 ], [ 5.077057073600198, 48.689790664329983 ], [ 5.077124976921253, 48.6897894814716 ], [ 5.077408070884094, 48.690009490463581 ], [ 5.077956393123413, 48.690085413673948 ], [ 5.078627340864561, 48.689934255883763 ], [ 5.079019788137025, 48.689657484698834 ], [ 5.079274637315954, 48.689338123413457 ], [ 5.079543431689664, 48.689283948771063 ], [ 5.079683305533909, 48.689362488020564 ], [ 5.079796890187942, 48.689954351256603 ], [ 5.079682275454128, 48.690361244073046 ], [ 5.079557957518094, 48.690588353156762 ], [ 5.079298678103568, 48.690817815570611 ], [ 5.078763530592636, 48.690966609482679 ], [ 5.07850160914546, 48.691151127921607 ], [ 5.078469009612084, 48.691826517990002 ], [ 5.077956816512868, 48.692424788693842 ], [ 5.077582883968, 48.693061137136326 ], [ 5.077195004675902, 48.69343229750865 ], [ 5.076598972765465, 48.693717105389389 ], [ 5.076474633453272, 48.693944210612401 ], [ 5.076895173111912, 48.694202316158162 ], [ 5.076902230587449, 48.69433715721739 ], [ 5.076315877747599, 48.694801746547412 ], [ 5.07599570829818, 48.695167224355139 ], [ 5.075949812292582, 48.69557291475757 ], [ 5.076104165979882, 48.695930131033357 ], [ 5.07614207959945, 48.696649277433821 ], [ 5.07603658351108, 48.696966029185113 ], [ 5.075601065816459, 48.697742902368446 ], [ 5.075024528923762, 48.698391762320242 ], [ 5.074107373310588, 48.699042044456313 ], [ 5.073115230154261, 48.699558659120186 ], [ 5.072020189445414, 48.700266001024247 ], [ 5.071735097272373, 48.700446405708369 ], [ 5.070549000516306, 48.701150815848585 ], [ 5.069629960219513, 48.701756105348068 ], [ 5.069112981302278, 48.702259938730577 ], [ 5.068413875370212, 48.703185312197697 ], [ 5.068215369455321, 48.703278729618923 ], [ 5.068256657388345, 48.704042801213305 ], [ 5.068369870155326, 48.704670662672221 ], [ 5.068662674428038, 48.705070471842106 ], [ 5.069634365659515, 48.705449504804868 ], [ 5.070125340358227, 48.705746899233183 ], [ 5.070156137102241, 48.706331201456322 ], [ 5.069964170720665, 48.706568467629296 ], [ 5.069636844317517, 48.706799084683311 ], [ 5.069298243450542, 48.706809458107372 ], [ 5.068947167294319, 48.706590611234283 ], [ 5.068748649398263, 48.706684029271663 ], [ 5.069052067350658, 48.707308589862365 ], [ 5.069144589816476, 48.707756858593591 ], [ 5.06902459435136, 48.708073851536852 ], [ 5.068246528243065, 48.70876665365418 ], [ 5.068055967828426, 48.709039881416082 ], [ 5.068012626572873, 48.709490505674367 ], [ 5.067888212417337, 48.709717598895033 ], [ 5.067626158592803, 48.70990209050489 ], [ 5.066020771805833, 48.710388776088379 ], [ 5.065623024595846, 48.710580111826559 ], [ 5.064620924706505, 48.710916869255961 ], [ 5.064490313820963, 48.711009104105926 ], [ 5.063960167725635, 48.711247712471852 ], [ 5.063552756241292, 48.711259259583443 ], [ 5.062525517997589, 48.711110572692988 ], [ 5.061708744853394, 48.711084203626683 ], [ 5.060559333469644, 48.711198536642989 ], [ 5.060161560100327, 48.711389854042046 ], [ 5.059821901213596, 48.711395719548797 ], [ 5.058560877716737, 48.710661704587032 ], [ 5.057736254213816, 48.710500482701534 ], [ 5.05711188699763, 48.710245827759252 ], [ 5.055797753001982, 48.709823110807378 ], [ 5.055592371589166, 48.709786161839936 ], [ 5.055327656327418, 48.709925684464153 ], [ 5.054544146980153, 48.710528512232521 ], [ 5.05423073015231, 48.711028767168237 ], [ 5.054116223649566, 48.711444619407523 ], [ 5.054217394313969, 48.712072695026762 ], [ 5.05444396635812, 48.712518662870991 ], [ 5.054528521281546, 48.712832115316303 ], [ 5.054201936702865, 48.713062674160575 ], [ 5.053943352749654, 48.713337048158721 ], [ 5.053888678143746, 48.713567422761713 ], [ 5.054103691295874, 48.713784156562568 ], [ 5.054962103840462, 48.714349703889582 ], [ 5.05599363409883, 48.71590197282358 ], [ 5.056036522686635, 48.716710996728352 ], [ 5.05591550706987, 48.716983003105575 ], [ 5.055724852211142, 48.717256209249861 ], [ 5.055268521190666, 48.71762396566465 ], [ 5.054533595681831, 48.717866056466697 ], [ 5.054126979765813, 48.717877556703492 ], [ 5.052619498084805, 48.717642579053951 ], [ 5.052075977442752, 48.71765192899845 ], [ 5.051066837127159, 48.717858226382283 ], [ 5.050525012474346, 48.717867540060503 ], [ 5.050245586130011, 48.717741880881171 ], [ 5.04994586074305, 48.7172071908494 ], [ 5.049665524634595, 48.717036559245138 ], [ 5.048167861794197, 48.716985802716351 ], [ 5.047407585721774, 48.716733431057634 ], [ 5.046377499394541, 48.716535168311083 ], [ 5.04596810600289, 48.716497203202415 ], [ 5.045228783814456, 48.716649338542631 ], [ 5.044702011856803, 48.716977773138886 ], [ 5.044379786924754, 48.717343188252322 ], [ 5.044181184261885, 48.717436564548123 ], [ 5.044129804781153, 48.717752351149983 ], [ 5.044010659775592, 48.718073797304761 ], [ 5.04393143229225, 48.719154832267272 ], [ 5.043800764294621, 48.719247043815926 ], [ 5.043788005448461, 48.71948569102247 ], [ 5.043762482200747, 48.719832524478605 ], [ 5.04364576245528, 48.720194415885096 ], [ 5.043699805937123, 48.721228179296645 ], [ 5.043853839002155, 48.721580933819865 ], [ 5.044282442216734, 48.721978469142194 ], [ 5.046800944591098, 48.723091443936013 ], [ 5.04743416264022, 48.723525945661741 ], [ 5.047515168703565, 48.723749487758077 ], [ 5.04747692493722, 48.724334967350345 ], [ 5.047367206227838, 48.724831700277413 ], [ 5.047044038921825, 48.725152149421199 ], [ 5.045715926150009, 48.725768746016399 ], [ 5.044449429007893, 48.726244813841433 ], [ 5.04392460605341, 48.726582204420403 ], [ 5.043603165846966, 48.726947599876773 ], [ 5.043436794636494, 48.727670228635702 ], [ 5.042193081698227, 48.728600240699365 ], [ 5.041726978009831, 48.728788161108383 ], [ 5.040782872861496, 48.728903280185101 ], [ 5.039426553214112, 48.728975952589593 ], [ 5.036965871442331, 48.728716574394376 ], [ 5.036577827697493, 48.728705203160416 ], [ 5.036411095187202, 48.728505611271125 ], [ 5.036200274450927, 48.728374250561984 ], [ 5.03533928176981, 48.728811807913949 ], [ 5.034602180018998, 48.729004321862142 ], [ 5.033518695100049, 48.729076773434926 ], [ 5.033248623825241, 48.729126361356222 ], [ 5.032986350324723, 48.729310773799376 ], [ 5.032180602394074, 48.729508940487378 ], [ 5.03119628418909, 48.730164499216208 ], [ 5.03100545194548, 48.730437662761922 ], [ 5.030947036237688, 48.73061860060433 ], [ 5.031089895225859, 48.730751126984771 ], [ 5.032068738161858, 48.731265297013969 ], [ 5.032769761043929, 48.731433301675629 ], [ 5.033052718825918, 48.73164891247648 ], [ 5.033059668187369, 48.731783751791625 ], [ 5.032938498008585, 48.732055731335727 ], [ 5.032896584728638, 48.732551289956398 ], [ 5.033247684294802, 48.73277023801915 ], [ 5.034081286970595, 48.73311142118623 ], [ 5.034360808927808, 48.733282101523024 ], [ 5.034778978477152, 48.733454915958397 ], [ 5.035665801270946, 48.733525265628522 ], [ 5.036087307415229, 48.733783491786561 ], [ 5.036622438596159, 48.734143244984239 ], [ 5.036924451890509, 48.734214566694114 ], [ 5.03748795107387, 48.734560336122371 ], [ 5.037703158008574, 48.734781591154864 ], [ 5.037982876186737, 48.734956758353448 ], [ 5.038735501888087, 48.735029377132456 ], [ 5.03935395919837, 48.73514926975438 ], [ 5.039910222826113, 48.73539618266711 ], [ 5.040218330704148, 48.735840774586123 ], [ 5.040459498375719, 48.736551926475563 ], [ 5.041279256004311, 48.737927970234402 ], [ 5.041396369225124, 48.740184251333154 ], [ 5.041616830720783, 48.7404953804242 ], [ 5.042862273842927, 48.740905933620247 ], [ 5.043159094690187, 48.741125781593887 ], [ 5.043326287500569, 48.741748220448173 ], [ 5.043378939453325, 48.742746000417455 ], [ 5.043325770870466, 48.743016824300312 ], [ 5.0430087690763, 48.743476604944718 ], [ 5.042896358957448, 48.743928384644391 ], [ 5.042983504208002, 48.744286777714301 ], [ 5.043203816549055, 48.744593407227391 ], [ 5.043626535242651, 48.744901069808563 ], [ 5.043973217170149, 48.745025592168581 ], [ 5.044385442789323, 48.74510850403724 ], [ 5.044451658383557, 48.745062384435606 ], [ 5.044655410083825, 48.745054396061519 ], [ 5.045404377738442, 48.745073054794453 ], [ 5.045887193344413, 48.745199737514426 ], [ 5.046381194483631, 48.745546655822679 ], [ 5.046596484372355, 48.745767892721588 ] ] ] } },
{ "type": "Feature", "properties": { "fid": 8480, "gid": 8480, "CdEuMasseDEau": "FRHR123-F5693000", "NomMasseDEau": "ruisseau le nappont", "Etat masse eau ": "Moyen", "Etat ecologique": "Moyen", "Etat chimique": "Non atteint", "_swEcologicalStatusOrPotentialValue": "3", "_swChemicalStatusValue": "3" }, "geometry": { "type": "MultiLineString", "coordinates": [ [ [ 5.141050790445196, 48.824518114010793 ], [ 5.13985833114088, 48.824139106292769 ], [ 5.138003505905068, 48.823825914285692 ], [ 5.137045600195721, 48.8237665679343 ], [ 5.13513968823372, 48.823764633442565 ], [ 5.132761954077518, 48.823865552238416 ], [ 5.130985296652049, 48.823775776530553 ], [ 5.127226654953517, 48.823509832329052 ], [ 5.126534353200612, 48.823301728149787 ], [ 5.125618910829473, 48.822737717947128 ], [ 5.12381331627613, 48.822333465166892 ], [ 5.123270548303226, 48.822388089654929 ], [ 5.123011839926344, 48.822622100780109 ], [ 5.122127044432877, 48.822642307848859 ], [ 5.121229698484154, 48.822437812808332 ], [ 5.120529269641756, 48.822049883934163 ], [ 5.119563865841567, 48.82184658371721 ], [ 5.118541106587413, 48.821824226746173 ], [ 5.116642991442285, 48.821970306450801 ], [ 5.116106422061381, 48.822114755803391 ], [ 5.115238655298466, 48.822449495562068 ], [ 5.114494507933292, 48.822557124713313 ], [ 5.112663215058994, 48.822692961910853 ], [ 5.111393154608906, 48.82312474823636 ], [ 5.109799374549455, 48.823890612607343 ], [ 5.108796233372172, 48.824227692673063 ], [ 5.108391469226745, 48.824284313027917 ], [ 5.107159279207177, 48.824180082697495 ], [ 5.105714565426331, 48.823895151265972 ], [ 5.10488437518751, 48.823644368397943 ], [ 5.104268346973, 48.823614727404333 ], [ 5.101846564947452, 48.824165638794007 ], [ 5.100777643974119, 48.824562285135926 ], [ 5.100256126018109, 48.824976296732203 ], [ 5.100005215366653, 48.825385553047695 ], [ 5.099827034501116, 48.825887996011019 ], [ 5.099445278019924, 48.826389514908371 ], [ 5.099052091028303, 48.826670815524153 ], [ 5.097839261806764, 48.826921515491819 ], [ 5.095742569793705, 48.827196695086471 ], [ 5.094719715848371, 48.827174134483357 ], [ 5.094103547786797, 48.827099459990926 ], [ 5.092267762933105, 48.827149591512963 ], [ 5.09129260775154, 48.826766302834159 ], [ 5.090596800410935, 48.826468088255709 ], [ 5.08968674721523, 48.826263580431593 ], [ 5.089266880844685, 48.826050501171594 ], [ 5.088841532986624, 48.825743051870973 ], [ 5.088496008335644, 48.825663620189388 ], [ 5.087949747579854, 48.825632676224771 ], [ 5.086777417132349, 48.825342760478776 ], [ 5.083236638499837, 48.825346029403747 ], [ 5.080777425290754, 48.825222416476187 ], [ 5.079820902589684, 48.825153591872798 ], [ 5.077147660848373, 48.824808713096928 ], [ 5.076596132226185, 48.82468784327483 ], [ 5.075641414818173, 48.824663936992387 ], [ 5.075223408335538, 48.824495759931537 ], [ 5.074555698957315, 48.82370215411953 ], [ 5.073086735675426, 48.821667417002651 ], [ 5.072576679085532, 48.821046499039838 ], [ 5.072083575189748, 48.820744664107934 ], [ 5.070985147110113, 48.820552277336489 ], [ 5.070569824974167, 48.820429020690028 ], [ 5.069936171424096, 48.820039645305862 ], [ 5.06769888095898, 48.819192197719822 ], [ 5.067133157174649, 48.818797134440906 ], [ 5.066507447414185, 48.818542552695753 ], [ 5.066145279097568, 48.818148464165262 ], [ 5.065652912602748, 48.817842092011446 ], [ 5.064822160636343, 48.817591044405212 ], [ 5.06377152563605, 48.817033404686029 ], [ 5.062589856636521, 48.816563484516735 ], [ 5.062168401049294, 48.81630535596711 ], [ 5.062020822004327, 48.816082986697253 ], [ 5.061668367663798, 48.815868649134138 ], [ 5.061241941686936, 48.815786036816789 ], [ 5.057968653819606, 48.815689491870806 ], [ 5.056961114959995, 48.815940744579201 ], [ 5.056416570596507, 48.815950113492953 ], [ 5.056120124429312, 48.816809888138962 ], [ 5.055861142474528, 48.817043755063729 ], [ 5.054629807426333, 48.817969080067137 ], [ 5.053719079655417, 48.81879891798323 ], [ 5.051168441569341, 48.820799456178051 ], [ 5.050519368780802, 48.821399863252687 ], [ 5.049203702874255, 48.822286087436289 ], [ 5.048741171349135, 48.822563909798284 ], [ 5.048414966005803, 48.822843892813992 ], [ 5.048285812415382, 48.822981053191718 ], [ 5.047432444609123, 48.8235849411383 ], [ 5.047172362514395, 48.823814307181607 ], [ 5.047139274253367, 48.824489610754718 ], [ 5.047087807196576, 48.824805369102968 ], [ 5.047603568861306, 48.825556740424943 ], [ 5.04762856727306, 48.825781224378218 ], [ 5.047565719805081, 48.82587226549164 ], [ 5.047097530118785, 48.826028724359936 ], [ 5.046420359056288, 48.826089797117938 ], [ 5.045614930706662, 48.826332989862976 ], [ 5.045147965645038, 48.826520907552798 ], [ 5.044116934679626, 48.826592517506981 ], [ 5.043168334496262, 48.826703194029577 ], [ 5.041811352156988, 48.826780353456897 ], [ 5.040795512004303, 48.826892159221359 ], [ 5.040061589499807, 48.827179075477495 ], [ 5.039384247734102, 48.827258103740363 ], [ 5.036407702524071, 48.828910200236983 ], [ 5.035202590007962, 48.828930718288433 ] ] ] } },
{ "type": "Feature", "properties": { "fid": 8478, "gid": 8478, "CdEuMasseDEau": "FRHR123-F5692000", "NomMasseDEau": "ruisseau de venise", "Etat masse eau ": "Moyen", "Etat ecologique": "Moyen", "Etat chimique": "Non atteint", "_swEcologicalStatusOrPotentialValue": "3", "_swChemicalStatusValue": "3" }, "geometry": { "type": "MultiLineString", "coordinates": [ [ [ 5.146155759912729, 48.810135091671015 ], [ 5.145310243674766, 48.80961495488755 ], [ 5.144197914380027, 48.80918956815978 ], [ 5.143787907640779, 48.809156436854657 ], [ 5.141177519369332, 48.809981460789508 ], [ 5.140673784444853, 48.810755219131408 ], [ 5.140284484469614, 48.811081580056552 ], [ 5.138411076368388, 48.810449342609161 ], [ 5.137933373067841, 48.810426399168783 ], [ 5.137671061098016, 48.810611028372691 ], [ 5.136835542807407, 48.810270591957931 ], [ 5.135402993452591, 48.81021522245188 ], [ 5.134306209932992, 48.810063871933707 ], [ 5.133829799702337, 48.810072378131082 ], [ 5.133232744239563, 48.810357440107403 ], [ 5.132626763473691, 48.810507705265202 ], [ 5.132083991160449, 48.810517388475219 ], [ 5.130305953033269, 48.810382650097466 ], [ 5.129562676098911, 48.810485863851305 ], [ 5.129164765874533, 48.810686384976407 ], [ 5.128839733969228, 48.810962079880497 ], [ 5.127986645291946, 48.811566563956575 ], [ 5.127449547033658, 48.81171557583793 ], [ 5.126983191364559, 48.811908310561222 ], [ 5.126847069016908, 48.811910732755443 ], [ 5.12650041222761, 48.811781948086228 ], [ 5.124965615222831, 48.811098493995267 ], [ 5.124332448844546, 48.810979294839306 ], [ 5.123241840650929, 48.810958187465282 ], [ 5.121071527387586, 48.811100184263843 ], [ 5.119315229345983, 48.811374251909456 ], [ 5.11856844615785, 48.811391989057832 ], [ 5.118154910737395, 48.811313848388416 ], [ 5.115897660497727, 48.811097419176079 ], [ 5.11513933215261, 48.810935403280325 ], [ 5.112750484609791, 48.810811211746334 ], [ 5.11165454206784, 48.810700125159627 ], [ 5.110965507168003, 48.8105458556348 ], [ 5.110419391449735, 48.810515013893152 ], [ 5.109728966248016, 48.810347266684893 ], [ 5.10903327256177, 48.81004915503177 ], [ 5.109027934600382, 48.809959281299079 ], [ 5.109285857031979, 48.809684826089899 ], [ 5.109278700231117, 48.809550000448262 ], [ 5.109004647992235, 48.809509852479593 ], [ 5.108203286769646, 48.80979839212084 ], [ 5.106646296347098, 48.809969793310962 ], [ 5.105506614176752, 48.810313759174186 ], [ 5.100737156854491, 48.811513278988542 ], [ 5.099496812319452, 48.811494586552989 ] ] ] } },
{ "type": "Feature", "properties": { "fid": 8065, "gid": 8065, "CdEuMasseDEau": "FRHR124-F5823000", "NomMasseDEau": "la melche", "Etat masse eau ": "Moyen", "Etat ecologique": "Moyen", "Etat chimique": "Non atteint", "_swEcologicalStatusOrPotentialValue": "3", "_swChemicalStatusValue": "3" }, "geometry": { "type": "MultiLineString", "coordinates": [ [ [ 5.151637382328818, 48.920229900194776 ], [ 5.150729100298763, 48.919845888168922 ], [ 5.149958086779832, 48.919459405707613 ], [ 5.149332618781509, 48.919250227473277 ], [ 5.148699881848674, 48.918906235981993 ], [ 5.14751531909692, 48.9184416932858 ], [ 5.146183366823678, 48.917795361355566 ], [ 5.145743478626851, 48.917492879123927 ], [ 5.145520644122398, 48.917137029421113 ], [ 5.143729110005914, 48.915563313825018 ], [ 5.143162984575958, 48.915177618983421 ], [ 5.143014964336804, 48.914959864363148 ], [ 5.142417377336063, 48.914016973926898 ], [ 5.14220879598206, 48.913944238268925 ], [ 5.142205094934782, 48.913854343957688 ], [ 5.141367889622807, 48.913513970934339 ], [ 5.139407101855008, 48.912838323368881 ], [ 5.138302745140594, 48.912597159483838 ], [ 5.137348233438621, 48.912618694976537 ], [ 5.135998236988262, 48.912876675672237 ], [ 5.135060891488552, 48.913212747927432 ], [ 5.131187176457838, 48.914752586992563 ], [ 5.12957961055684, 48.915284956044012 ], [ 5.129447749514914, 48.915377260398536 ], [ 5.128498565553222, 48.915488589591902 ], [ 5.128162964380116, 48.915584512848497 ], [ 5.126595658775599, 48.91562134587349 ], [ 5.126763313425949, 48.914943669753548 ], [ 5.126820321398557, 48.913458317371294 ], [ 5.126929679478839, 48.912961594919842 ], [ 5.126873784103274, 48.911928045737206 ], [ 5.126997571830903, 48.911700946904219 ], [ 5.126943323658017, 48.910937248180531 ], [ 5.126865227165356, 48.910758714506841 ], [ 5.126773551609582, 48.910310540948593 ], [ 5.126272073307045, 48.909874141470702 ], [ 5.126091557618006, 48.90906770280565 ], [ 5.125640187054313, 48.908270569150552 ], [ 5.125550362352955, 48.907867341293631 ], [ 5.125589698841918, 48.907326880030332 ], [ 5.125830049506567, 48.906737870084726 ], [ 5.126021030357139, 48.906464597941572 ], [ 5.126111367246575, 48.9058782499404 ], [ 5.125960572668307, 48.905611045009067 ], [ 5.125455474958321, 48.905084744697831 ], [ 5.125305669368911, 48.904862501661775 ], [ 5.125362116971831, 48.90463659798224 ], [ 5.125761127175354, 48.904445096042203 ], [ 5.125781509663191, 48.903545126041095 ], [ 5.126202537435792, 48.902494104626456 ], [ 5.126630946223165, 48.901582388958175 ], [ 5.126933073370018, 48.900857334192544 ], [ 5.127180594578743, 48.900403131621296 ], [ 5.12714267987432, 48.899684115685432 ], [ 5.126975573777135, 48.899372219896414 ], [ 5.12661776301825, 48.899068209069704 ], [ 5.126050724360442, 48.898673453073002 ], [ 5.125183376378484, 48.897753253326492 ], [ 5.124815507534803, 48.897264994836185 ], [ 5.124786671544266, 48.896725738383054 ], [ 5.124969559638616, 48.89631766634605 ], [ 5.125084019269736, 48.894651347194639 ], [ 5.125152188644004, 48.894650137210597 ], [ 5.125019920716305, 48.893707888070821 ], [ 5.124623433389154, 48.892684863621504 ], [ 5.124446541383017, 48.891923327887092 ], [ 5.124535106329851, 48.891022138176922 ], [ 5.124654333401127, 48.890705155783458 ], [ 5.124634544844537, 48.890345659415033 ], [ 5.124327689815075, 48.889721371387033 ], [ 5.124071107667849, 48.888740840455782 ], [ 5.124081549024795, 48.887930996725089 ], [ 5.124866555334854, 48.887318817262681 ], [ 5.125273495509654, 48.887262114109539 ], [ 5.12540175369823, 48.88712489371563 ], [ 5.12551644427412, 48.886718027406253 ], [ 5.125579228868409, 48.88662695036264 ], [ 5.125628445844096, 48.886266227419441 ], [ 5.125753029975964, 48.886039109417048 ], [ 5.12553328497343, 48.885773124572403 ], [ 5.125448021960388, 48.885459770390511 ], [ 5.125027532038446, 48.885246828052523 ], [ 5.124942272930424, 48.884933473360455 ], [ 5.124651563708085, 48.884578784132103 ], [ 5.124012205933283, 48.884099835666753 ], [ 5.123659888181242, 48.883885678876617 ], [ 5.123574639531122, 48.883572322822857 ], [ 5.123284928392775, 48.88326259365293 ], [ 5.123136898696884, 48.883040313255201 ], [ 5.122958333499384, 48.88250820366612 ], [ 5.122730435401139, 48.882062432910999 ], [ 5.122647027827201, 48.881794024452027 ], [ 5.122914268934252, 48.881699322448455 ], [ 5.123044223446311, 48.881562073667091 ], [ 5.123091749398743, 48.881201380325997 ], [ 5.123289670529844, 48.881058427471508 ], [ 5.123274412955583, 48.88078881022691 ], [ 5.12346983027548, 48.880605418201199 ], [ 5.123654505392198, 48.88024229100818 ], [ 5.123487558002816, 48.879660495291724 ], [ 5.122908366991384, 48.879045528429323 ], [ 5.122830332153695, 48.878866986928337 ], [ 5.122962112484437, 48.87877468677933 ], [ 5.122960279819645, 48.878729737885095 ], [ 5.122801526904515, 48.878327720964144 ], [ 5.12326330655281, 48.878049641313964 ], [ 5.123427034279661, 48.877277553819845 ], [ 5.123546236631028, 48.876960568568151 ], [ 5.124124310154157, 48.876545476995432 ], [ 5.124456798131776, 48.876400132890872 ], [ 5.124437868186537, 48.876040616694517 ], [ 5.12496959776989, 48.875806269240393 ], [ 5.1254989374025, 48.875513485692586 ], [ 5.126713433106036, 48.875258006156983 ], [ 5.126904426238434, 48.875029704026502 ], [ 5.126949099362736, 48.874579093874537 ], [ 5.126793867686298, 48.874221999477442 ], [ 5.126846736219957, 48.873951170036037 ], [ 5.127173023500848, 48.873675480969879 ], [ 5.127775362925856, 48.873480348354022 ], [ 5.127905284122654, 48.873343093273071 ], [ 5.127950932146092, 48.872937446259911 ], [ 5.127929290852295, 48.87253299556275 ], [ 5.12762622485364, 48.871958119601977 ], [ 5.127198439705405, 48.871605870319918 ], [ 5.126711751207228, 48.871439091523072 ], [ 5.12554000888467, 48.871194516860029 ], [ 5.124993248710368, 48.871163743364512 ], [ 5.123979407123207, 48.87132118520308 ], [ 5.123563554902924, 48.871198118250803 ], [ 5.123124860072878, 48.87089103008541 ], [ 5.122845289648732, 48.870765542760957 ], [ 5.122561021574916, 48.870545676487559 ], [ 5.122407663886015, 48.870233524347022 ], [ 5.122522340657394, 48.869826654668856 ], [ 5.12223924225408, 48.869656246750814 ], [ 5.122221181767749, 48.869296712903392 ], [ 5.121858056072191, 48.868898316210711 ], [ 5.121301443545915, 48.868687773824 ], [ 5.120620510708142, 48.868668355559791 ], [ 5.119812941176577, 48.868867089263262 ], [ 5.119394254538058, 48.868694578354422 ], [ 5.118915659745992, 48.868662570254514 ], [ 5.118147468050757, 48.86832081444296 ], [ 5.117738657517096, 48.868328050014505 ], [ 5.116934612756721, 48.8685716836033 ], [ 5.116459673996256, 48.868629564480379 ], [ 5.115565087433731, 48.868469954659993 ], [ 5.114386468671424, 48.868094946901763 ], [ 5.114155178949623, 48.867604234621353 ], [ 5.113855513607681, 48.867339638307151 ] ] ] } },
{ "type": "Feature", "properties": { "fid": 7976, "gid": 7976, "CdEuMasseDEau": "FRHR120-F5532000", "NomMasseDEau": "ruisseau de montplonne", "Etat masse eau ": "Moyen", "Etat ecologique": "Bon", "Etat chimique": "Non atteint", "_swEcologicalStatusOrPotentialValue": "2", "_swChemicalStatusValue": "3" }, "geometry": { "type": "MultiLineString", "coordinates": [ [ [ 5.176132787849701, 48.699010053171143 ], [ 5.175989835294463, 48.698882192531606 ], [ 5.175148971317173, 48.697417382541225 ], [ 5.174423472322371, 48.696580313895296 ], [ 5.172169929796711, 48.695114238955775 ], [ 5.17187452159874, 48.694669725379548 ], [ 5.171667014476593, 48.692374542486917 ], [ 5.171536114797097, 48.691207198431073 ], [ 5.170854896639094, 48.689919403942362 ], [ 5.169913991474625, 48.68886127923993 ], [ 5.16893653912319, 48.686143692485146 ], [ 5.168550586439143, 48.68529590828129 ], [ 5.168054479865158, 48.684904522157417 ], [ 5.167076846387932, 48.684431908026717 ], [ 5.166790237485817, 48.684135685975242 ], [ 5.166163770905174, 48.683877131504772 ], [ 5.165188057266007, 48.683408966232001 ], [ 5.16442956688078, 48.683202289181068 ], [ 5.164276480159779, 48.68311508886088 ], [ 5.164253787755124, 48.682710592952631 ], [ 5.163561342361748, 48.682457721758816 ], [ 5.16334953946834, 48.682326596055759 ], [ 5.16313215669567, 48.682060601902322 ], [ 5.162973878067423, 48.681663064623457 ], [ 5.162773450061999, 48.680451976029907 ], [ 5.162528832165471, 48.679691586321788 ], [ 5.162299969479327, 48.679250338100402 ], [ 5.161808347847828, 48.678944325295923 ], [ 5.160704263299434, 48.678613421274271 ], [ 5.159943154177963, 48.678361774030925 ], [ 5.158895073535146, 48.678070329650119 ], [ 5.158271608811158, 48.677861168901046 ], [ 5.155542761296856, 48.676349396353473 ], [ 5.154091250263355, 48.675889744476038 ], [ 5.153594862990931, 48.675507301711143 ], [ 5.152928792802714, 48.674489065227576 ], [ 5.152478927408523, 48.673957310762148 ], [ 5.151625789162576, 48.673261872973789 ], [ 5.151337077055054, 48.672952154662973 ], [ 5.150611297923452, 48.672069951993294 ], [ 5.149950723708868, 48.671141578572147 ], [ 5.149599549668559, 48.670922962538491 ], [ 5.148978055069028, 48.670758708598633 ], [ 5.146389206018137, 48.670593904058457 ], [ 5.145031042296643, 48.670582362318079 ], [ 5.144363227222126, 48.670778837575078 ], [ 5.143248318663688, 48.671523227799383 ], [ 5.142312214573996, 48.671783001764332 ], [ 5.141565551517973, 48.671796419536392 ], [ 5.141802413476357, 48.673681735134927 ], [ 5.141607689275062, 48.673820203149923 ], [ 5.141404230085898, 48.673828357463641 ] ] ] } },
{ "type": "Feature", "properties": { "fid": 8501, "gid": 8501, "CdEuMasseDEau": "FRHR124-F5810600", "NomMasseDEau": "ruisseau la petite chee", "Etat masse eau ": "Moyen", "Etat ecologique": "Moyen", "Etat chimique": "Non atteint", "_swEcologicalStatusOrPotentialValue": "3", "_swChemicalStatusValue": "3" }, "geometry": { "type": "MultiLineString", "coordinates": [ [ [ 5.257703065756403, 48.841792323043677 ], [ 5.257432819545597, 48.841846907890726 ], [ 5.256215657597701, 48.842009329625178 ], [ 5.255753155986969, 48.842247477321841 ], [ 5.25496633028579, 48.842806633175641 ], [ 5.254395163841838, 48.843546156523338 ], [ 5.25380786466528, 48.844011572641953 ], [ 5.25307682007329, 48.844344738898442 ], [ 5.25187744103819, 48.844821673515114 ], [ 5.250817230890574, 48.845345459837802 ], [ 5.250012461418154, 48.845590024136598 ], [ 5.247511239122866, 48.845929451318881 ], [ 5.246704506872332, 48.846129044983691 ], [ 5.246110251589798, 48.846455098642572 ], [ 5.245402516926269, 48.847192639551828 ], [ 5.24462022984314, 48.847841605336406 ], [ 5.244625805507354, 48.847931469846486 ], [ 5.244557700098586, 48.847932747891761 ], [ 5.243962753089567, 48.848263301153033 ], [ 5.241061968059129, 48.848785524214392 ], [ 5.239403986731073, 48.849599305536408 ], [ 5.238534623994254, 48.849889983121876 ], [ 5.236042154261774, 48.850399940629053 ], [ 5.235092454079014, 48.85046717258335 ], [ 5.234135266016828, 48.850399583909962 ], [ 5.230466808184763, 48.849374926939461 ], [ 5.228404516877075, 48.849066985920999 ], [ 5.227300908274794, 48.848822133835156 ], [ 5.226524833520094, 48.848346254053851 ], [ 5.225818184629889, 48.848138982975563 ], [ 5.224616660281772, 48.847356117447397 ], [ 5.223910655022624, 48.846923901979622 ], [ 5.223500300951303, 48.846891045176157 ], [ 5.222530201287268, 48.846598683654861 ], [ 5.221028842196193, 48.846554597159553 ], [ 5.220686405416781, 48.846515971174078 ], [ 5.220060677930596, 48.84630716420137 ], [ 5.21937323506011, 48.846189467651428 ], [ 5.217433310341682, 48.845609164247527 ], [ 5.217158985430881, 48.845569265525327 ], [ 5.214522020490441, 48.845946502565802 ], [ 5.213706671263657, 48.845966094311443 ], [ 5.212387748051784, 48.845783570746974 ], [ 5.209833085627364, 48.845169530908976 ], [ 5.20927361426318, 48.844914460079018 ], [ 5.209052562069482, 48.844603654132882 ], [ 5.208835514097652, 48.844387240483563 ], [ 5.208006406744119, 48.844182127262187 ], [ 5.207180912523724, 48.844021925826908 ], [ 5.206036302339003, 48.84427246214004 ], [ 5.205219273576694, 48.844292027475042 ], [ 5.204604647280748, 48.844262872521767 ], [ 5.201704922076183, 48.844793117292163 ], [ 5.200412869251864, 48.844821392960753 ], [ 5.199588434529011, 48.844706103958671 ], [ 5.19897380650148, 48.844676920087771 ], [ 5.197959852827515, 48.844835007882409 ], [ 5.196871442843381, 48.844864001171629 ], [ 5.195555634927657, 48.844712724984092 ], [ 5.195079107476677, 48.844725969898256 ], [ 5.194204469117452, 48.844935449397909 ], [ 5.194076495967601, 48.845072748672365 ], [ 5.194053430290537, 48.845657962013917 ], [ 5.19358512494569, 48.845806001498175 ], [ 5.192919882864853, 48.846092601376583 ], [ 5.192176220872184, 48.846196201075223 ], [ 5.191223988188535, 48.84622264645273 ], [ 5.18955497973251, 48.845857353760643 ], [ 5.189120659379483, 48.845415465936298 ], [ 5.188562138055739, 48.845160282734717 ], [ 5.187673211051189, 48.845091075882337 ], [ 5.186317000969523, 48.845214838366843 ], [ 5.18522414344103, 48.845158337629456 ], [ 5.184261834902766, 48.845004977108928 ], [ 5.183921319646081, 48.845011195155557 ], [ 5.183720596912165, 48.845059843751557 ], [ 5.182869470004487, 48.845709650200376 ], [ 5.182532723749388, 48.84576527745142 ], [ 5.181873731468742, 48.846182153332848 ], [ 5.18147622496756, 48.846373836746061 ], [ 5.181016067039077, 48.846697113638335 ], [ 5.180242034078463, 48.847480444261258 ], [ 5.17945431953486, 48.848039100588565 ], [ 5.179335899489255, 48.848365139556208 ], [ 5.17901108605654, 48.848645456458463 ], [ 5.178895017104949, 48.849007438689483 ], [ 5.177856641304596, 48.849705599025597 ], [ 5.177268589412925, 48.850170636614401 ], [ 5.176601323953203, 48.850412195424511 ], [ 5.175152537480224, 48.851342714033031 ], [ 5.174699815903436, 48.851805276690818 ], [ 5.174114439413267, 48.852315231588456 ], [ 5.173847442113257, 48.852410050375923 ], [ 5.173576693035534, 48.852414970203846 ], [ 5.172998149866788, 48.853068741190043 ], [ 5.17273574750204, 48.853253440279744 ], [ 5.171999455692323, 48.853496225336194 ], [ 5.171404836566952, 48.853826400544847 ], [ 5.171126927479789, 48.853741478325482 ], [ 5.171046892073385, 48.853518015031895 ], [ 5.170912723554951, 48.853569931396009 ], [ 5.17078654087314, 48.853752153855197 ], [ 5.170456863620465, 48.853938068390072 ], [ 5.169715955810844, 48.854090956375721 ], [ 5.16952897098774, 48.854409229424867 ], [ 5.168803707620542, 48.854876709421198 ], [ 5.168564082021017, 48.85546583325916 ], [ 5.168593348258339, 48.856005099265943 ], [ 5.168667931405476, 48.856138696362684 ], [ 5.168625337859709, 48.856589298658122 ], [ 5.168244205867987, 48.857095518090922 ], [ 5.167462035020067, 48.857752947671003 ], [ 5.16746662716305, 48.857842830359473 ], [ 5.167269579949328, 48.857981348896381 ], [ 5.166751995464662, 48.858485535997481 ], [ 5.166111968725065, 48.858996435642517 ], [ 5.165985756111188, 48.85917865214838 ], [ 5.165658934621406, 48.859413981057109 ], [ 5.165121264092861, 48.859558660877617 ], [ 5.162685717885794, 48.859886103025495 ], [ 5.162420713644385, 48.860030339615122 ], [ 5.161889606185182, 48.861524367874793 ], [ 5.161622533657524, 48.862892168262121 ], [ 5.161372774121106, 48.863301523907111 ], [ 5.160793583959324, 48.863946239682768 ], [ 5.160738185704784, 48.864172153018501 ], [ 5.160767189345812, 48.864706921815028 ], [ 5.160928910283284, 48.865153826783683 ] ] ] } },
{ "type": "Feature", "properties": { "fid": 8538, "gid": 8538, "CdEuMasseDEau": "FRHR124-F58-0400", "NomMasseDEau": "la Chee", "Etat masse eau ": "Moyen", "Etat ecologique": "Moyen", "Etat chimique": "Non atteint", "_swEcologicalStatusOrPotentialValue": "3", "_swChemicalStatusValue": "3" }, "geometry": { "type": "MultiLineString", "coordinates": [ [ [ 5.255156911889335, 48.863369967747118 ], [ 5.253847154384617, 48.863354161486548 ], [ 5.253238961239704, 48.863460083214683 ], [ 5.252034599379164, 48.863851627100424 ], [ 5.251159480612604, 48.864052529829777 ], [ 5.250207997526291, 48.864083922957732 ], [ 5.249184354415515, 48.864062684197677 ], [ 5.24808700238895, 48.863952853676068 ], [ 5.245699480144597, 48.863925714397418 ], [ 5.244345512728511, 48.864090569374547 ], [ 5.243870523688755, 48.86410397644832 ], [ 5.243252003002569, 48.864030104918434 ], [ 5.241334710812945, 48.863859109950745 ], [ 5.239744604481121, 48.863448044201249 ], [ 5.239400339651127, 48.863409504248622 ], [ 5.237709756105676, 48.863634564457243 ], [ 5.23711246263979, 48.863915636518968 ], [ 5.235834279780955, 48.864218427423161 ], [ 5.233901976357654, 48.86502823942029 ], [ 5.23331356162157, 48.865457571866557 ], [ 5.232992593709913, 48.865823431543731 ], [ 5.232537258062266, 48.866196295629038 ], [ 5.231036866094972, 48.86618829365203 ], [ 5.229939507584168, 48.866078296952452 ], [ 5.229125772905362, 48.866142941153697 ], [ 5.227908147403167, 48.866309566096803 ], [ 5.227291326422137, 48.866235580517561 ], [ 5.226814418018886, 48.866244456801638 ], [ 5.226344317499284, 48.866392653455136 ], [ 5.225466451420028, 48.866512446014717 ], [ 5.2244596159038, 48.866805566933941 ], [ 5.224323354747938, 48.86680809998392 ], [ 5.224325274453283, 48.866853047774761 ], [ 5.223927766480384, 48.867044868635837 ], [ 5.22366824513426, 48.867274609003104 ], [ 5.223425560757642, 48.867818919862827 ], [ 5.223389188178009, 48.868404380025197 ], [ 5.223019583306138, 48.869090495967001 ], [ 5.222572480728925, 48.869638601251118 ], [ 5.221062426215092, 48.870665267565222 ], [ 5.219513509030428, 48.872241428486532 ], [ 5.219132565599895, 48.872743307971504 ], [ 5.218652353483282, 48.873656372646849 ], [ 5.218052874973752, 48.875151926175647 ], [ 5.217353712787322, 48.87606904053456 ], [ 5.217079792793345, 48.877243672200173 ], [ 5.216757977766705, 48.877613994955645 ], [ 5.215757642070497, 48.878005876804842 ], [ 5.215497178247073, 48.878235612943293 ], [ 5.215439237798103, 48.878416616930629 ], [ 5.21346435442697, 48.880670807922563 ], [ 5.212784759214723, 48.880687872117477 ], [ 5.212383298501703, 48.880830241584434 ], [ 5.211792442225315, 48.881250504079347 ], [ 5.210722615416929, 48.881634628142407 ], [ 5.21006252966808, 48.882011177376427 ], [ 5.209395389887636, 48.882261901576513 ], [ 5.208782219997488, 48.882277716486463 ], [ 5.208435947072839, 48.882194140713466 ], [ 5.207783070173876, 48.881715874580472 ], [ 5.207374167206438, 48.881723416206043 ], [ 5.207043782182472, 48.881913937274717 ], [ 5.206573293478159, 48.882057559421142 ], [ 5.206378152940114, 48.88220060263734 ], [ 5.206007032164633, 48.882657268534167 ], [ 5.205683862216453, 48.882978101829032 ], [ 5.205012700785349, 48.883174895877673 ], [ 5.204145340487351, 48.883510246480427 ], [ 5.203497250952152, 48.884111448879757 ], [ 5.203248769083664, 48.884565847070341 ], [ 5.202659028978795, 48.88499503685744 ], [ 5.202616705953523, 48.885445639441322 ], [ 5.202439971545751, 48.885943697278478 ], [ 5.202310215424108, 48.886081031623078 ], [ 5.201054353054627, 48.886787861293904 ], [ 5.199991735583688, 48.88730669819153 ], [ 5.199323247716903, 48.887548391249169 ], [ 5.199197934106417, 48.887730622399886 ], [ 5.199148373427235, 48.888091390597722 ], [ 5.198883136816836, 48.888231209494471 ], [ 5.198612393696508, 48.888240680543142 ], [ 5.198192438449605, 48.888068464031463 ], [ 5.197849935386566, 48.888034268871259 ], [ 5.197656456214244, 48.888217749701063 ], [ 5.197388465713023, 48.888312633572781 ], [ 5.196838734797536, 48.888237257030006 ], [ 5.196637005519461, 48.888285941030091 ], [ 5.196462480033833, 48.888837925557993 ], [ 5.196195525791718, 48.888937285807032 ], [ 5.195448700385892, 48.889000464865028 ], [ 5.19504712819411, 48.889142775120114 ], [ 5.194371205740768, 48.889249629350665 ], [ 5.19389048188908, 48.889172974288208 ], [ 5.193538695102935, 48.888999492444313 ], [ 5.193451975732025, 48.888641224722143 ], [ 5.193168543033361, 48.888470987538618 ], [ 5.19165171339723, 48.888147906956483 ], [ 5.190821976988572, 48.887942682763963 ], [ 5.190249086858999, 48.887458363067402 ], [ 5.190042909790986, 48.887421651346273 ], [ 5.189768385612873, 48.887381691331242 ], [ 5.189313590291001, 48.887799346706537 ], [ 5.189258290394923, 48.888025268342425 ], [ 5.18871764828395, 48.888125118521366 ], [ 5.187557428177371, 48.888110340209664 ], [ 5.187126812365268, 48.887947276771406 ], [ 5.187115473271345, 48.887758559429138 ], [ 5.187045426081218, 48.887714857161043 ], [ 5.186359776490127, 48.887650912384323 ], [ 5.18600991778052, 48.887481871816142 ], [ 5.185929766650598, 48.88725842530431 ], [ 5.185787971769894, 48.887171050411517 ], [ 5.184832059584624, 48.887148017164897 ], [ 5.184280473259816, 48.887027635293599 ], [ 5.183238951604245, 48.886691277415352 ], [ 5.183017213980246, 48.886384945416047 ], [ 5.182468187761253, 48.886304992464488 ], [ 5.181844871199035, 48.886140925296637 ], [ 5.181558575020691, 48.885880749342853 ], [ 5.180796882552023, 48.885669718348161 ], [ 5.180375312754554, 48.885456985999184 ], [ 5.17914511702536, 48.885398419837308 ], [ 5.178517872006941, 48.885139944918606 ], [ 5.178381748737912, 48.885146920401446 ], [ 5.178184627243737, 48.885285453485551 ], [ 5.178264742102749, 48.885508905582007 ], [ 5.178272087939936, 48.885643717849263 ], [ 5.178206664152621, 48.88568989033336 ], [ 5.177583368380581, 48.885525800889468 ], [ 5.177061393267232, 48.884950529554438 ], [ 5.176242212370728, 48.884933938042458 ], [ 5.175945880577952, 48.884494003528047 ], [ 5.175854479746111, 48.884081830635765 ], [ 5.176235735263258, 48.883575599329305 ], [ 5.176279988859235, 48.883124974351361 ], [ 5.176544408227116, 48.882985220370017 ], [ 5.17694786289398, 48.882887919262451 ], [ 5.177211063581163, 48.882698705600241 ], [ 5.177549094234418, 48.882647574473381 ], [ 5.17780974749854, 48.882417921844102 ], [ 5.17814485537759, 48.882317361835078 ], [ 5.178735995236119, 48.881897265841779 ], [ 5.179270273410704, 48.881707610901117 ], [ 5.179945277061232, 48.881600856696672 ], [ 5.180211382624794, 48.881461063393161 ], [ 5.18073537657425, 48.881087161971259 ], [ 5.180861590674643, 48.880904933525123 ], [ 5.180713321975483, 48.880682723896896 ], [ 5.180148995737342, 48.88033764472307 ], [ 5.179383815373008, 48.880041202565451 ], [ 5.177933761664541, 48.879716735847857 ], [ 5.17771924049168, 48.879540710329657 ], [ 5.177250123049439, 48.878699080782027 ], [ 5.177238169995746, 48.87847438697284 ], [ 5.177281558754159, 48.878023775032759 ], [ 5.177140655352984, 48.87793637367065 ], [ 5.176586265737019, 48.877766527939677 ], [ 5.176642461530591, 48.877540594560926 ], [ 5.176628807727473, 48.877315931438012 ], [ 5.176407148897249, 48.877009584589096 ], [ 5.176393321159946, 48.87673994220421 ], [ 5.176454977796527, 48.876603874034025 ], [ 5.176502129330903, 48.876243157950114 ], [ 5.176414696595145, 48.875884889234712 ], [ 5.176053840686425, 48.875531592137783 ], [ 5.176034554913556, 48.875172083894064 ], [ 5.175956343786726, 48.874993576434974 ], [ 5.175319361506798, 48.874559830641246 ], [ 5.174628918092174, 48.874396947240449 ], [ 5.174412553092129, 48.874175966668552 ], [ 5.173499649298536, 48.873931652027323 ], [ 5.173078016736975, 48.873714396887067 ], [ 5.172783650966456, 48.873319398406309 ], [ 5.172219269544973, 48.872969784715352 ], [ 5.172139199907336, 48.872746326031056 ], [ 5.172188081315294, 48.87238557946646 ], [ 5.172019952792938, 48.871808357694697 ], [ 5.172337619776657, 48.871393251269474 ], [ 5.172257552054694, 48.871169792345363 ], [ 5.172043272737813, 48.870998250137774 ], [ 5.171836986201702, 48.870957011674754 ], [ 5.171506352089307, 48.871142941672247 ], [ 5.171368390291235, 48.871104960816851 ], [ 5.171354760922321, 48.870880295782747 ], [ 5.171547058307109, 48.870647395800965 ], [ 5.171607868682785, 48.870511344831932 ], [ 5.171459856466009, 48.870293616499971 ], [ 5.170963652677241, 48.869942759520882 ], [ 5.170344144778658, 48.869823547660197 ], [ 5.169592965214041, 48.869796684946422 ], [ 5.169017075588884, 48.869496745513707 ], [ 5.168880804731037, 48.869499215437969 ], [ 5.168547445942362, 48.869640204390073 ], [ 5.168209678003078, 48.869695805561086 ], [ 5.167591863112569, 48.869617033139306 ], [ 5.167242186439212, 48.869447934971731 ], [ 5.166662592518275, 48.868833174194549 ], [ 5.166235420794871, 48.868481048049119 ], [ 5.165201405015432, 48.868292842757761 ], [ 5.164658036730215, 48.868302673345397 ], [ 5.16432944864233, 48.868538027497763 ], [ 5.163984190102894, 48.868454306727322 ], [ 5.163395473670924, 48.867659765548197 ], [ 5.163303559681757, 48.867211602400118 ], [ 5.163334317601404, 48.866536308694883 ], [ 5.163514078873092, 48.866083233262735 ], [ 5.163565732629992, 48.865767421445462 ], [ 5.163120559203102, 48.865370626972819 ], [ 5.161618336722634, 48.865316805948538 ], [ 5.160928910283284, 48.865153826783683 ] ] ] } },
{ "type": "Feature", "properties": { "fid": 8463, "gid": 8463, "CdEuMasseDEau": "FRHR122B-F5687000", "NomMasseDEau": "ruisseau le naveton", "Etat masse eau ": "Bon", "Etat ecologique": "Bon", "Etat chimique": "Bon", "_swEcologicalStatusOrPotentialValue": "2", "_swChemicalStatusValue": "2" }, "geometry": { "type": "MultiLineString", "coordinates": [ [ [ 5.245409030169695, 48.800668465290038 ], [ 5.244296269681613, 48.800248501897961 ], [ 5.243880507270398, 48.800121350276768 ], [ 5.243318568486424, 48.799821494266588 ], [ 5.242289540587015, 48.799665360738985 ], [ 5.242079847102495, 48.799579322444409 ], [ 5.241601811735555, 48.799547802996237 ], [ 5.241033246855875, 48.799113101360128 ], [ 5.240136691049962, 48.798909478631337 ], [ 5.239559248291694, 48.798564909463572 ], [ 5.239145440805602, 48.798482691473374 ], [ 5.238747657833405, 48.798674589202008 ], [ 5.238337481054153, 48.79863728685001 ], [ 5.238124983474022, 48.798465820022784 ], [ 5.237756758005136, 48.797977865452502 ], [ 5.237613190409069, 48.797845594621798 ], [ 5.236864940941689, 48.797864102739865 ], [ 5.235518792992771, 48.79813222152206 ], [ 5.23497466062133, 48.798146898816455 ], [ 5.234625052122559, 48.797973491738638 ], [ 5.234215076373813, 48.79794067025572 ], [ 5.233474108008385, 48.798089481480481 ], [ 5.232610269849827, 48.798470014224925 ], [ 5.232487403192526, 48.798701740184001 ], [ 5.23237181649627, 48.799063790305937 ], [ 5.232047402752582, 48.799339768399456 ], [ 5.231513502063596, 48.799534183747966 ], [ 5.230095232864634, 48.799749603010483 ], [ 5.228564299557995, 48.800376481005408 ], [ 5.227470223864623, 48.800270918507742 ], [ 5.22653826166788, 48.800652674967871 ], [ 5.225579229906449, 48.800540080273045 ], [ 5.224967025596378, 48.80055597923338 ], [ 5.224621269254317, 48.800472444157975 ], [ 5.22427187131133, 48.800303502200123 ], [ 5.223448938045181, 48.800188357236479 ], [ 5.222892649102572, 48.799978274555293 ], [ 5.222484389076661, 48.79998586834224 ], [ 5.221611078571172, 48.8001865506196 ], [ 5.221081809803594, 48.800470804413813 ], [ 5.220276912835527, 48.800679202222021 ], [ 5.219916280162866, 48.800326013634198 ], [ 5.218149288999561, 48.798168003316547 ], [ 5.217850993957763, 48.797678692662174 ], [ 5.217667539408822, 48.796827360453534 ], [ 5.217430262103214, 48.796251442134597 ], [ 5.217060335014102, 48.795718472113954 ], [ 5.216422068767033, 48.795239963593723 ], [ 5.214448847343364, 48.794030431699412 ], [ 5.213777710138437, 48.793237614606973 ], [ 5.211717751524404, 48.791665256229685 ], [ 5.209664670637315, 48.790232192847867 ], [ 5.20834642619734, 48.789770714352443 ], [ 5.207007192571988, 48.789174650361247 ], [ 5.205877237961525, 48.788435250105898 ], [ 5.205529881951254, 48.788311202808238 ], [ 5.204757656157621, 48.787880091814301 ], [ 5.204256892485884, 48.787448466183669 ], [ 5.204040952507485, 48.787232017166168 ], [ 5.203484689978892, 48.787017346636809 ], [ 5.203472644945733, 48.78679263706259 ], [ 5.203391723376761, 48.78656919780687 ], [ 5.202973610856458, 48.786401461853323 ], [ 5.20282551653787, 48.786179260861616 ], [ 5.202331989354383, 48.785877954159233 ], [ 5.20232544571095, 48.785743115674997 ], [ 5.202584465700935, 48.785508909767721 ], [ 5.202637701217244, 48.785238009864251 ], [ 5.201987137787796, 48.784804637798594 ], [ 5.201497226050176, 48.784548247381032 ], [ 5.201067101748429, 48.784155794164292 ], [ 5.200717699706181, 48.783982285787189 ], [ 5.200569621859869, 48.783760081527845 ], [ 5.200285689997685, 48.783544878061988 ], [ 5.199524754926156, 48.783338457730771 ], [ 5.198907915296688, 48.783259840902609 ], [ 5.198344522380303, 48.782914817497407 ], [ 5.198272712356657, 48.782826166135912 ], [ 5.198468543176457, 48.782687602948599 ], [ 5.198463053978363, 48.782597731099294 ], [ 5.197580667298346, 48.78261846587619 ], [ 5.197371116068433, 48.782532347868944 ], [ 5.196820606700147, 48.782412012514598 ], [ 5.196148813040488, 48.782563822938847 ], [ 5.195737092882402, 48.7825264051326 ], [ 5.195662545648733, 48.782392816175971 ], [ 5.19537779120395, 48.782177616418494 ], [ 5.195239858101131, 48.782135164905199 ], [ 5.195182804353177, 48.782316158977245 ], [ 5.195050545174507, 48.782408562160889 ], [ 5.194029566341037, 48.78239132962225 ], [ 5.193537826835477, 48.782130442096779 ], [ 5.192991959994087, 48.782099976795394 ], [ 5.192295695148342, 48.781811348360158 ], [ 5.191870191512129, 48.781729183959563 ], [ 5.191528390584605, 48.781694967464816 ], [ 5.190654416952177, 48.781895442372743 ], [ 5.190450355362842, 48.781899184443603 ], [ 5.189682972750181, 48.781557861512283 ], [ 5.188650879395565, 48.781356343132217 ], [ 5.187615212642077, 48.781069407372307 ], [ 5.186980314111488, 48.780680654710643 ], [ 5.186012500279831, 48.780387964359988 ], [ 5.184211220559774, 48.779921567018476 ], [ 5.180834430419314, 48.779034055195851 ], [ 5.180332952028545, 48.77882277708455 ], [ 5.180039916819408, 48.778427747537087 ], [ 5.17960436031915, 48.77794084670542 ], [ 5.177882526711786, 48.776316756915321 ], [ 5.176444771987139, 48.774912397676879 ], [ 5.175762967154838, 48.77488433206215 ], [ 5.175621494620926, 48.774796936366208 ], [ 5.175137254552323, 48.774630309167698 ], [ 5.174795511094453, 48.774596044594205 ], [ 5.174331347987696, 48.774829427307125 ], [ 5.173862772133049, 48.774977414346623 ], [ 5.173455550774608, 48.774984825359482 ], [ 5.173248792493181, 48.774943601276121 ], [ 5.172330315090321, 48.774564430203071 ], [ 5.17170902804036, 48.774395783211176 ], [ 5.169937931521285, 48.774360494188905 ], [ 5.169261575434441, 48.774422265261798 ], [ 5.168455649667843, 48.774621343800732 ], [ 5.167661419028096, 48.775040637152742 ], [ 5.167002904644157, 48.775102071387856 ], [ 5.163905230867501, 48.773277808647329 ], [ 5.163436894191862, 48.773308786127267 ] ] ] } },
{ "type": "Feature", "properties": { "fid": 8536, "gid": 8536, "CdEuMasseDEau": "FRHR122B", "NomMasseDEau": "L'Ornain du confluent de la Barboure (exclu) au confluent du Naveton (inclus)", "Etat masse eau ": "Moyen", "Etat ecologique": "Moyen", "Etat chimique": "Non atteint", "_swEcologicalStatusOrPotentialValue": "3", "_swChemicalStatusValue": "3" }, "geometry": { "type": "MultiLineString", "coordinates": [ [ [ 5.385885983224608, 48.638638378477459 ], [ 5.385266550371276, 48.639645175401085 ], [ 5.385003071235873, 48.639785436536428 ], [ 5.384389109361951, 48.639721237124313 ], [ 5.384102950315413, 48.639456995190898 ], [ 5.383875292463622, 48.639061096169691 ], [ 5.383661065765776, 48.638885403498527 ], [ 5.383236425057102, 48.638803910871879 ], [ 5.382319352630644, 48.639146221087692 ], [ 5.381461268694419, 48.639572834941113 ], [ 5.380848745740011, 48.639540085107726 ], [ 5.380505705434675, 48.63946145115105 ], [ 5.380502812022644, 48.639416514029087 ], [ 5.379900668606831, 48.638623137177888 ], [ 5.379462372840307, 48.63809195435109 ], [ 5.379174756297593, 48.637832229514942 ], [ 5.37841897566691, 48.637671843680081 ], [ 5.377942133587399, 48.637636369837267 ], [ 5.377276811110663, 48.63787912545888 ], [ 5.376745946109191, 48.638074199259172 ], [ 5.376754616459706, 48.638209011043827 ], [ 5.375803241344488, 48.639366362576624 ], [ 5.375477685605, 48.639597830104073 ], [ 5.375009698153556, 48.639701651706055 ], [ 5.373931571512267, 48.639862628190969 ], [ 5.373113720630641, 48.639793435408492 ], [ 5.37200709162211, 48.639419524126872 ], [ 5.371162092129086, 48.638900910751282 ], [ 5.370600952250468, 48.638597116740463 ], [ 5.370325763224409, 48.638517103376707 ], [ 5.369986614704641, 48.63852385219532 ], [ 5.369852991616223, 48.638571505735811 ], [ 5.36973399250097, 48.638848341600529 ], [ 5.369339734809831, 48.639081158827523 ], [ 5.368518171238197, 48.638967013911838 ], [ 5.368115123339573, 48.639024522211614 ], [ 5.367785025566476, 48.639175067923006 ], [ 5.367662080417076, 48.639402485575097 ], [ 5.367627480657743, 48.639988104691376 ], [ 5.367101474285124, 48.640273026838138 ], [ 5.366304132408038, 48.640563337177731 ], [ 5.365759439779999, 48.640529162210825 ], [ 5.364930916814686, 48.640280146679309 ], [ 5.364382703688437, 48.640205540205912 ], [ 5.362225044623441, 48.64044182724237 ], [ 5.361425643933095, 48.64068715056095 ], [ 5.361036241065865, 48.641009831817343 ], [ 5.360914110195329, 48.641237225351162 ], [ 5.360827772122192, 48.642107330999544 ], [ 5.360430241395927, 48.642250192711629 ], [ 5.35936064367411, 48.642545849486858 ], [ 5.359163091305755, 48.642644250625082 ], [ 5.35909525597179, 48.642645594106362 ], [ 5.358777382818606, 48.643011844685191 ], [ 5.358602329608119, 48.643402263077 ], [ 5.358488624909275, 48.64364748427738 ], [ 5.357876380480867, 48.644788963703256 ], [ 5.356942481856568, 48.646251762929943 ], [ 5.356518154424113, 48.647119548103959 ], [ 5.356279898933091, 48.647709185947612 ], [ 5.356212056958601, 48.64771052778179 ], [ 5.355808725723884, 48.647763498614673 ], [ 5.35534265046466, 48.647912196431569 ], [ 5.354965048955151, 48.648423596326168 ], [ 5.354570855763632, 48.648660858236902 ], [ 5.353902086654787, 48.648813556012655 ], [ 5.351679375703633, 48.649140915941061 ], [ 5.351142361478468, 48.649241503500271 ], [ 5.351012410538406, 48.649334056209298 ], [ 5.351296435630131, 48.649553421233037 ], [ 5.35205517425197, 48.64975891494646 ], [ 5.35220149435958, 48.649936002388245 ], [ 5.352204689546675, 48.650025927443671 ], [ 5.351004608281515, 48.650369073446903 ], [ 5.350532759593654, 48.65042787728396 ], [ 5.350538496158714, 48.650517752150371 ], [ 5.348628262662379, 48.651284327681338 ], [ 5.347753760910845, 48.651450043908092 ], [ 5.347295378512792, 48.651733538870687 ], [ 5.347151804828927, 48.652771227168422 ], [ 5.346903652992623, 48.653181060423421 ], [ 5.346320162621359, 48.653646990502651 ], [ 5.345920808348828, 48.653789835833415 ], [ 5.345465259642497, 48.654118260610353 ], [ 5.344502742897292, 48.655086573043967 ], [ 5.343788382337986, 48.655645051653437 ], [ 5.342930561841346, 48.656071365407101 ], [ 5.340865617826164, 48.656764359644797 ], [ 5.340542659320398, 48.657040665753009 ], [ 5.340565855484544, 48.657445152504174 ], [ 5.340837768144056, 48.658380176745091 ], [ 5.341202263304862, 48.658822951197457 ], [ 5.341708000368254, 48.659348436593604 ], [ 5.341676806282358, 48.659978959008313 ], [ 5.341418182894701, 48.660213507986398 ], [ 5.341109825709276, 48.660759488457167 ], [ 5.340885637355545, 48.661573775015192 ], [ 5.340253626414152, 48.662400569619962 ], [ 5.339800625721423, 48.662769412205748 ], [ 5.339468398960803, 48.662915414393474 ], [ 5.338417421936365, 48.663525455204358 ], [ 5.336417979142158, 48.664172082519087 ], [ 5.335359221513147, 48.664647267382136 ], [ 5.335315505560224, 48.66482809698055 ], [ 5.335289943158309, 48.665548489288469 ], [ 5.335166794741984, 48.665775868376947 ], [ 5.335202536396691, 48.666405072485347 ], [ 5.335181835330284, 48.667215354783785 ], [ 5.334924953739595, 48.667490346653842 ], [ 5.333536384129827, 48.668111452107695 ], [ 5.332886744220025, 48.668623593212665 ], [ 5.332622130316027, 48.668763751691991 ], [ 5.331668142623681, 48.668696932752766 ], [ 5.33133670388499, 48.668842894951169 ], [ 5.330961569048424, 48.669399146977952 ], [ 5.330701495121346, 48.669584205101103 ], [ 5.329371289667148, 48.670069138751842 ], [ 5.328785757895705, 48.670535009536415 ], [ 5.328333759378647, 48.670948776358308 ], [ 5.328152093841515, 48.671312268044922 ], [ 5.328120901437363, 48.671717813004165 ], [ 5.328278908320844, 48.67211966206245 ], [ 5.328795399181083, 48.672829456824445 ], [ 5.329167397883825, 48.673402595188278 ], [ 5.3298791197773, 48.675138904058201 ], [ 5.330473053678949, 48.67602264861798 ], [ 5.330491323911155, 48.676337240409971 ], [ 5.330677202317188, 48.676963503889723 ], [ 5.331274023662268, 48.677892179975551 ], [ 5.331378457874006, 48.678520034612141 ], [ 5.331533656832345, 48.67887694023166 ], [ 5.331586284763459, 48.679771263871658 ], [ 5.331407972944062, 48.680229176475557 ], [ 5.331045773661496, 48.681001133074773 ], [ 5.330869256965094, 48.681499502388363 ], [ 5.330612484848833, 48.68267432743302 ], [ 5.330555712344857, 48.685249003718191 ], [ 5.330123724603054, 48.686323766123685 ], [ 5.33008100930299, 48.686432582525832 ], [ 5.329772379091952, 48.686978521600629 ], [ 5.329417816747777, 48.68788529499075 ], [ 5.329080179411415, 48.688886219406477 ], [ 5.32845335450703, 48.689802805321392 ], [ 5.327801192836304, 48.690265460998923 ], [ 5.326942673919939, 48.69069164724462 ], [ 5.325011949444105, 48.691381696320299 ], [ 5.322848279474567, 48.692737632928313 ], [ 5.321882835250987, 48.69366527344436 ], [ 5.321305309423604, 48.694261412292974 ], [ 5.319669297035293, 48.695337060012015 ], [ 5.318759546672736, 48.695818169322749 ], [ 5.317623753423485, 48.69616419028106 ], [ 5.316079363617647, 48.696473145008767 ], [ 5.315684432431753, 48.696705773363107 ], [ 5.315498899863033, 48.697024317825054 ], [ 5.315381272464027, 48.697341543417323 ], [ 5.315406283638271, 48.697790974254971 ], [ 5.315980246291958, 48.698319728245707 ], [ 5.316134056023441, 48.698627183214981 ], [ 5.316157930632107, 48.699031644013459 ], [ 5.315835922988758, 48.699357337975769 ], [ 5.315569964624681, 48.699452485582768 ], [ 5.314404236584188, 48.699259155454655 ], [ 5.313791056441913, 48.699226062555951 ], [ 5.311492472579475, 48.699428108418033 ], [ 5.310745658541138, 48.699447080654323 ], [ 5.306597028770343, 48.699369924877857 ], [ 5.305592932436483, 48.699623297057919 ], [ 5.305135683749894, 48.699947076053725 ], [ 5.304954890151501, 48.700355492903306 ], [ 5.30439274376817, 48.702404463222017 ], [ 5.304146852314384, 48.702859126778201 ], [ 5.303686933659893, 48.703142458078887 ], [ 5.302888280720368, 48.703432328602318 ], [ 5.302284679833777, 48.703578955707151 ], [ 5.301953786807027, 48.70372481551037 ], [ 5.301367633633616, 48.70419053833286 ], [ 5.300986721863861, 48.704647799281432 ], [ 5.300464473773715, 48.705967114776271 ], [ 5.299830747793936, 48.707958941490602 ], [ 5.299741105896147, 48.708779505594784 ], [ 5.299970606870392, 48.709224989944246 ], [ 5.300686580803686, 48.709872548903441 ], [ 5.300778265596873, 48.710275698742208 ], [ 5.300715545317398, 48.710375888534372 ], [ 5.299922421475901, 48.710755610086963 ], [ 5.29972062454259, 48.710804491735701 ], [ 5.29944694464711, 48.710764777029162 ], [ 5.298549897230902, 48.710521119449091 ], [ 5.297863017475483, 48.710399381092849 ], [ 5.296980389587379, 48.710425379227168 ], [ 5.295904237731664, 48.71063056011316 ], [ 5.29362359795343, 48.711137840560419 ], [ 5.292760057221226, 48.711482874430935 ], [ 5.290643754141911, 48.712522326429216 ], [ 5.290118568820314, 48.712851843970263 ], [ 5.290130969426952, 48.713076559076605 ], [ 5.290560389457665, 48.713198786951686 ], [ 5.291580244585961, 48.71321969091418 ], [ 5.29252907549911, 48.713151969841817 ], [ 5.292875486405371, 48.713280283844639 ], [ 5.292961275118351, 48.713589070421243 ], [ 5.292929460478527, 48.71421955100049 ], [ 5.292675993960323, 48.714543856157199 ], [ 5.2907182650377, 48.715985171462883 ], [ 5.289518785007279, 48.717587363925695 ], [ 5.289058657397327, 48.717870635262379 ], [ 5.28692347055429, 48.718563945767471 ], [ 5.28638280149123, 48.718619299219057 ], [ 5.286390402863488, 48.718754124600437 ], [ 5.286206580938959, 48.71911757011388 ], [ 5.285814358737056, 48.719399526669562 ], [ 5.284414531146589, 48.719885239776616 ], [ 5.283968595864302, 48.720163719233085 ], [ 5.282985723058196, 48.720816893546548 ], [ 5.282792509537912, 48.721005050491563 ], [ 5.282481216628, 48.72150589840917 ], [ 5.28237936587401, 48.722092719054672 ], [ 5.282253889702726, 48.722275079946826 ], [ 5.281790868306517, 48.722513385802529 ], [ 5.280259090163083, 48.723055558099837 ], [ 5.279800630140023, 48.723379249717112 ], [ 5.279155398241088, 48.723980946514132 ], [ 5.278152460576667, 48.724274539673068 ], [ 5.2768024111856, 48.724444277380016 ], [ 5.276123170684436, 48.724461735917139 ], [ 5.274976745794189, 48.724623069110017 ], [ 5.274113708336953, 48.724967947843453 ], [ 5.27378651532342, 48.725203632035523 ], [ 5.273595013661809, 48.725432230712286 ], [ 5.273487443122217, 48.725929169008886 ], [ 5.273160045607186, 48.72616035603216 ], [ 5.272019379670046, 48.72641602860697 ], [ 5.269196195827023, 48.726978136965727 ], [ 5.267461024524883, 48.727559997526242 ], [ 5.265991298713782, 48.728010820218941 ], [ 5.265403451883637, 48.728431387881912 ], [ 5.265018400196882, 48.72884360410881 ], [ 5.264490939960814, 48.729128051632571 ], [ 5.263816381086911, 48.72923532913476 ], [ 5.262795375080882, 48.729214204267556 ], [ 5.261762282135978, 48.728972850998346 ], [ 5.261345947395717, 48.728800783480672 ], [ 5.260362757854275, 48.72823904674204 ], [ 5.259736343572047, 48.727985472910817 ], [ 5.259600446262467, 48.727988046436892 ], [ 5.258481589274693, 48.727433362457241 ], [ 5.25757432036314, 48.727014132728051 ], [ 5.256800628846177, 48.726538382372752 ], [ 5.255782463458, 48.725617353450431 ], [ 5.255289203078558, 48.725316249695268 ], [ 5.254807108524688, 48.725194891277255 ], [ 5.254465442330739, 48.725156357870908 ], [ 5.253482956112339, 48.725809270310492 ], [ 5.251739286248665, 48.726256092341153 ], [ 5.251061712515344, 48.726273376162887 ], [ 5.249829615172532, 48.726125654284033 ], [ 5.249689000161396, 48.72603832663097 ], [ 5.249281515507472, 48.726050507735231 ], [ 5.248678739403763, 48.726205835331449 ], [ 5.248217465158368, 48.726488963065762 ], [ 5.247735609874172, 48.727577786697587 ], [ 5.247725846015788, 48.729602490856763 ], [ 5.247472024263036, 48.729926695660254 ], [ 5.247082951513195, 48.730248947822723 ], [ 5.245217933499902, 48.730922900124192 ], [ 5.244691427295587, 48.731252228447971 ], [ 5.24430510886939, 48.731619408036423 ], [ 5.243801919473887, 48.732353195711923 ], [ 5.243206739377186, 48.732647816575593 ], [ 5.24226582954102, 48.73284995487726 ], [ 5.241450557356486, 48.732869769580908 ], [ 5.239183153341169, 48.732430953210887 ], [ 5.237540440078473, 48.732245818174157 ], [ 5.236589039514532, 48.73222316315784 ], [ 5.23592848020886, 48.732599952540646 ], [ 5.233868067847233, 48.733421347234717 ], [ 5.232096299508302, 48.734592718189411 ], [ 5.231084361575379, 48.734706117347855 ], [ 5.230471010454677, 48.734677092485136 ], [ 5.22983424542659, 48.73423910367876 ], [ 5.228931583437652, 48.733905053493586 ], [ 5.227536223464886, 48.733260773545709 ], [ 5.226675825406289, 48.732700973529418 ], [ 5.226380807977938, 48.732301578278118 ], [ 5.225736167722411, 48.731697256039027 ], [ 5.225106049317936, 48.731353594958847 ], [ 5.224209869233998, 48.731149856569751 ], [ 5.22305102106119, 48.73108597165686 ], [ 5.222305635748903, 48.731149342891037 ], [ 5.222003029724426, 48.731789320134283 ], [ 5.221410134503367, 48.732160268657339 ], [ 5.219341040323318, 48.732842105569908 ], [ 5.218154481990413, 48.733507504664907 ], [ 5.21774693174679, 48.733519578026936 ], [ 5.217255324099867, 48.73321379227292 ], [ 5.216768788427908, 48.733047375181762 ], [ 5.216429197762795, 48.733058181695306 ], [ 5.216030580631902, 48.733200550436969 ], [ 5.215177015243177, 48.733760759973833 ], [ 5.21452815500739, 48.734317164375113 ], [ 5.214180607535698, 48.734742006794633 ], [ 5.213700408250411, 48.735326768462642 ], [ 5.212855046689005, 48.736021772564783 ], [ 5.210048036457743, 48.737895816949582 ], [ 5.208584547724176, 48.738471765895206 ], [ 5.207991469600431, 48.738802156370312 ], [ 5.207799630164744, 48.739030646721197 ], [ 5.207493011002194, 48.739621165833803 ], [ 5.207260901406418, 48.740345270527634 ], [ 5.207139252308768, 48.741832130800091 ], [ 5.207015556284548, 48.742063857732873 ], [ 5.206438084439441, 48.742704368080538 ], [ 5.206129718759469, 48.743254424128658 ], [ 5.205548951138278, 48.744803748581283 ], [ 5.205052485472284, 48.745672191806669 ], [ 5.204608999024688, 48.746265227039871 ], [ 5.204025097834259, 48.746775375734963 ], [ 5.203091172323614, 48.747112030019771 ], [ 5.201829379703671, 48.747639174927457 ], [ 5.201235115475017, 48.747965049603096 ], [ 5.201111378722747, 48.748196769188567 ], [ 5.201059022760761, 48.7484676614961 ], [ 5.201135241223533, 48.748641708613377 ], [ 5.201236356591426, 48.749224685546338 ], [ 5.201136479946716, 48.749901343819154 ], [ 5.200952327858271, 48.750233149748126 ], [ 5.200490393170282, 48.750511591828953 ], [ 5.198219100397287, 48.75124174787851 ], [ 5.197343769958037, 48.751397324237246 ], [ 5.196596171944535, 48.751415580999073 ], [ 5.195640849704311, 48.751347678435891 ], [ 5.194056419274967, 48.750980917577643 ], [ 5.192535364957086, 48.750522996834917 ], [ 5.190400355643098, 48.750044832366001 ], [ 5.188410864116695, 48.749730416730401 ], [ 5.187936051435156, 48.749743618720707 ], [ 5.187465855587232, 48.749846709320607 ], [ 5.187272002250273, 48.750030211470524 ], [ 5.187019400901843, 48.750394739622557 ], [ 5.186792425293566, 48.75120867258881 ], [ 5.186765805020895, 48.751973947187217 ], [ 5.187314275027014, 48.752053874409746 ], [ 5.187519915617737, 48.752090595247971 ], [ 5.187947128392839, 48.752442666149939 ], [ 5.187909216105976, 48.753972933386287 ], [ 5.188426303904061, 48.754723742943781 ], [ 5.188381229161342, 48.755129455442201 ], [ 5.188010927890537, 48.75581105239862 ], [ 5.187625251837185, 48.756227504284936 ], [ 5.187164042888328, 48.756505877789607 ], [ 5.186695011111965, 48.756617939735747 ], [ 5.185743371428494, 48.756639863860961 ], [ 5.185056336848709, 48.756521976358073 ], [ 5.184294824525288, 48.756270485796747 ], [ 5.184026455961064, 48.756320382520144 ], [ 5.183761186550042, 48.756464695134511 ], [ 5.183666530610117, 48.757231209047923 ], [ 5.18340822787063, 48.757460868904573 ], [ 5.183007822699449, 48.757607650717183 ], [ 5.182060771892306, 48.757719435534312 ], [ 5.181729862213415, 48.757860444115948 ], [ 5.181535958960152, 48.758043935676909 ], [ 5.181351456805237, 48.758411702312287 ], [ 5.181247547554554, 48.758998432992286 ], [ 5.180936932606429, 48.759543951951215 ], [ 5.180416038072284, 48.759962847416034 ], [ 5.178700118864189, 48.760911904312508 ], [ 5.177397169360122, 48.761974869490849 ], [ 5.17501331456043, 48.764146192654977 ], [ 5.173642771764446, 48.765223838179857 ], [ 5.172211773812405, 48.766424029621049 ], [ 5.170250662244992, 48.767867766654632 ], [ 5.16959818024987, 48.768378973166072 ], [ 5.167633542224145, 48.769782238376621 ], [ 5.166741770838428, 48.77065766176591 ], [ 5.165923866490032, 48.771284312684813 ], [ 5.165893346054518, 48.771307359370027 ], [ 5.164593627717832, 48.772419592131087 ], [ 5.163436894191862, 48.773308786127267 ] ] ] } },
{ "type": "Feature", "properties": { "fid": 8539, "gid": 8539, "CdEuMasseDEau": "FRHR124-F5806000", "NomMasseDEau": "Ruisseau de saint-louvent", "Etat masse eau ": "Moyen", "Etat ecologique": "Moyen", "Etat chimique": "Non atteint", "_swEcologicalStatusOrPotentialValue": "3", "_swChemicalStatusValue": "3" }, "geometry": { "type": "MultiLineString", "coordinates": [ [ [ 5.189607287704946, 48.929770434876772 ], [ 5.189328943273495, 48.929685560811976 ], [ 5.187678667966029, 48.929463815750573 ], [ 5.187325781096813, 48.929249855269305 ], [ 5.18681337592637, 48.928854386149652 ], [ 5.1862613428756, 48.928734018007496 ], [ 5.18544109202749, 48.928708500926689 ], [ 5.184025625563578, 48.929058170483565 ], [ 5.183481814929091, 48.929072580563442 ], [ 5.182937996290429, 48.929127470548579 ], [ 5.182325971413925, 48.929143118220551 ], [ 5.179910499545952, 48.928660823290009 ], [ 5.178457581678742, 48.928300420593118 ], [ 5.177359877248074, 48.928189932609484 ], [ 5.176391442491112, 48.927946643829415 ], [ 5.175707444454814, 48.927914087159948 ], [ 5.174866209316074, 48.927529037566948 ], [ 5.174576136067071, 48.927223939650041 ], [ 5.173671605369239, 48.925895445890923 ], [ 5.17323130641554, 48.925323188621682 ], [ 5.172733713315697, 48.924972372087083 ], [ 5.171485195526518, 48.924599183045537 ], [ 5.171132220655566, 48.924380679296689 ], [ 5.170840311233342, 48.92403062516513 ], [ 5.171358320455678, 48.923521955873163 ], [ 5.171346382546479, 48.923297270688323 ], [ 5.170674065702672, 48.922234425031583 ], [ 5.169814716985028, 48.921759707812811 ], [ 5.169512775997326, 48.921229910250233 ], [ 5.169156084155671, 48.92092150712385 ], [ 5.169208779661049, 48.920650670566928 ], [ 5.169198725761129, 48.920470931038963 ], [ 5.168848702153705, 48.920301845413903 ], [ 5.168826723314834, 48.919897419658497 ], [ 5.16839468690556, 48.919500417424295 ], [ 5.168380889393253, 48.919230784584478 ], [ 5.168776461835359, 48.918998720929245 ], [ 5.169575419832143, 48.918619910768442 ], [ 5.169633564549174, 48.91843893565796 ], [ 5.169490690320028, 48.918306581974313 ], [ 5.168973271705575, 48.917600762283882 ], [ 5.168201303504672, 48.917214411865849 ], [ 5.167336443253466, 48.916604834767774 ], [ 5.167046287833423, 48.916295220887797 ], [ 5.166744406732835, 48.915765413684873 ], [ 5.16671699778683, 48.915271123264105 ], [ 5.166899622256889, 48.914862994187203 ], [ 5.166874936584136, 48.914413634722429 ], [ 5.165972551308149, 48.912860132647801 ], [ 5.166003301575883, 48.912184866342002 ], [ 5.166389453803893, 48.911768557727292 ], [ 5.166420178570412, 48.911318194694047 ], [ 5.166125650654771, 48.910923193387831 ], [ 5.165403784622829, 48.910221053246957 ], [ 5.164554580617912, 48.909656152541871 ], [ 5.164125405766389, 48.90926357966152 ], [ 5.164104485204409, 48.908904111362531 ], [ 5.164167894439439, 48.908808505837619 ], [ 5.16419970498337, 48.908137716786953 ], [ 5.16397134151521, 48.907692035021597 ], [ 5.163943963154132, 48.907197740303296 ], [ 5.164242507673089, 48.906418674082772 ], [ 5.164174111145512, 48.905430329827766 ], [ 5.164201141974475, 48.904665164996231 ], [ 5.164393783103019, 48.904436778391158 ], [ 5.165302352486617, 48.903601698601079 ], [ 5.165543941057747, 48.903012576212113 ], [ 5.165932086587159, 48.902645707554925 ], [ 5.165896357793583, 48.901971637313203 ], [ 5.165515317430671, 48.901258830925237 ], [ 5.165563419303283, 48.900898111841009 ], [ 5.165754170131225, 48.900624774921738 ], [ 5.166299392891244, 48.900610414077967 ], [ 5.168037884035027, 48.899985197241413 ], [ 5.16856196458142, 48.899606860680777 ], [ 5.168590335668937, 48.897852076584748 ], [ 5.168820107982492, 48.897083231923133 ], [ 5.168946215264905, 48.896896523951213 ], [ 5.16973684278503, 48.896387403716979 ], [ 5.170407455684722, 48.896190825246912 ], [ 5.170668020806967, 48.895956696254224 ], [ 5.170920590688476, 48.895592265362673 ], [ 5.171633617463888, 48.894900114233927 ], [ 5.172396549184286, 48.893892181782959 ], [ 5.1724217490283, 48.89312703795229 ], [ 5.172670165553409, 48.892663717803686 ], [ 5.173518606365282, 48.891969094878682 ], [ 5.173604629549068, 48.891292808203296 ], [ 5.173793598887158, 48.891019487023812 ], [ 5.173968747411789, 48.890476526180841 ], [ 5.174287364777398, 48.890061406147858 ], [ 5.174401679816131, 48.889654494179709 ], [ 5.174658800335583, 48.889379933163738 ], [ 5.174989351196195, 48.8891895027716 ], [ 5.175466478481112, 48.88918083317197 ], [ 5.176566927209065, 48.889376742955008 ], [ 5.177316700868561, 48.889363108569157 ], [ 5.178199687625844, 48.889293067526921 ], [ 5.17846498517496, 48.889153294585888 ], [ 5.178523066090194, 48.888972310279861 ], [ 5.178507520211001, 48.88870270208087 ], [ 5.178193723113167, 48.887948218607328 ], [ 5.178050058797912, 48.887815886940061 ], [ 5.177271121302644, 48.887294772370723 ], [ 5.177319980815112, 48.886934028476468 ], [ 5.177837181645982, 48.886416324342896 ], [ 5.177754335040085, 48.886147939902735 ], [ 5.176344142245726, 48.885291940620149 ], [ 5.176249552890837, 48.885068750504274 ], [ 5.176242212370728, 48.884933938042458 ] ] ] } },
{ "type": "Feature", "properties": { "fid": 7968, "gid": 7968, "CdEuMasseDEau": "FRHR120-F5529000", "NomMasseDEau": "le nant (ou ru de l'etang de nantel)", "Etat masse eau ": "Moyen", "Etat ecologique": "Bon", "Etat chimique": "Non atteint", "_swEcologicalStatusOrPotentialValue": "2", "_swChemicalStatusValue": "3" }, "geometry": { "type": "MultiLineString", "coordinates": [ [ [ 5.227618567555673, 48.687819630764174 ], [ 5.227550670321271, 48.687820899305535 ], [ 5.226297219997081, 48.687268431610072 ], [ 5.225364828194502, 48.686615478605589 ], [ 5.224995787344372, 48.686086978151891 ], [ 5.224902815821517, 48.685638807063803 ], [ 5.224848837224837, 48.684650020367357 ], [ 5.225040402610768, 48.684421492004176 ], [ 5.225707239763667, 48.684224583043601 ], [ 5.225839196372975, 48.684132138114357 ], [ 5.225879241939387, 48.683636492742906 ], [ 5.225787115842042, 48.683188305570361 ], [ 5.225332564494398, 48.682346466241121 ], [ 5.225279031520604, 48.681627613275552 ], [ 5.225437217737094, 48.680814826112162 ], [ 5.225666705942895, 48.680041198657072 ], [ 5.226238407071367, 48.679346662416442 ], [ 5.226741332842533, 48.678612915636414 ], [ 5.226719007762102, 48.678208414352177 ], [ 5.226296160847906, 48.677950865724348 ], [ 5.225799500479104, 48.677555221982594 ], [ 5.225571810414399, 48.677114062859246 ], [ 5.225145507448304, 48.675817283156292 ], [ 5.224966163210945, 48.675015291837866 ], [ 5.224308057332716, 48.674177243816736 ], [ 5.223954639913307, 48.673913892095001 ], [ 5.222040965030925, 48.67370213138981 ], [ 5.221688624095199, 48.673483744080471 ], [ 5.221099316174007, 48.672644396231327 ], [ 5.221076188816184, 48.672239907666807 ], [ 5.221850634992548, 48.670502314190379 ], [ 5.221885190299502, 48.669916784988047 ], [ 5.220682876857564, 48.669057365739498 ], [ 5.219503143673779, 48.668588937301791 ], [ 5.219212338290219, 48.668238922163283 ], [ 5.219200253033955, 48.668014191233141 ], [ 5.219597113928062, 48.667822336972357 ], [ 5.219631692692703, 48.66723680710362 ], [ 5.219410481552201, 48.666925988127701 ], [ 5.218775673144283, 48.666492394846323 ], [ 5.217166095067544, 48.665856479651744 ], [ 5.217018472384941, 48.665638768819662 ], [ 5.217519698994819, 48.664905084033457 ], [ 5.217623862729749, 48.664318258884663 ], [ 5.217472448803229, 48.664051128478775 ], [ 5.21710364690179, 48.663522593550979 ], [ 5.216388113216838, 48.662865532556793 ], [ 5.215962288966608, 48.662513520749357 ], [ 5.215401988676761, 48.662213497973212 ], [ 5.215389921183109, 48.661988765519759 ], [ 5.215706160019295, 48.66157796367574 ], [ 5.215674612078256, 48.660993662129158 ], [ 5.2153461856227, 48.660234914157428 ], [ 5.215309985541332, 48.659560715530759 ], [ 5.215358369945172, 48.659199884331677 ], [ 5.215813064848561, 48.658831498247309 ], [ 5.215932733253888, 48.658550325649358 ], [ 5.216324027494472, 48.658268600135123 ], [ 5.21657788511776, 48.657948937481777 ], [ 5.216609528598557, 48.65727347563169 ], [ 5.216448822856325, 48.656826549389947 ], [ 5.215768851485682, 48.655583930533517 ], [ 5.215407535674725, 48.655190223690177 ], [ 5.214551112777726, 48.654670744008122 ], [ 5.213306187895348, 48.654257457246672 ], [ 5.212610283963865, 48.653959940092243 ], [ 5.212257252161206, 48.653701044860348 ], [ 5.212232300062432, 48.653251591816868 ], [ 5.21258191485683, 48.652205792412282 ], [ 5.212727775440879, 48.651159275967203 ], [ 5.212643220643879, 48.650845904172797 ], [ 5.212359112346237, 48.650630720654732 ], [ 5.209625377604374, 48.649309205163853 ], [ 5.208865307707506, 48.649057848330138 ], [ 5.207365656283419, 48.648959666356312 ], [ 5.206136351277604, 48.64881146801833 ], [ 5.205448791235054, 48.648648730407466 ], [ 5.205093945024115, 48.648385348545339 ], [ 5.204424475398876, 48.647322435825522 ], [ 5.203929308636834, 48.64693117080855 ], [ 5.203443428320543, 48.646760191556368 ], [ 5.202898968038506, 48.646729767988681 ], [ 5.200481313972083, 48.64720186995654 ], [ 5.199816744360175, 48.647443600722674 ], [ 5.19908073664826, 48.647641654664177 ], [ 5.19725833454566, 48.647819253325856 ] ] ] } },
{ "type": "Feature", "properties": { "fid": 5464, "gid": 5464, "CdEuMasseDEau": "FRHR195B-H1123500", "NomMasseDEau": "ruisseau de deuxnouds", "Etat masse eau ": "Moyen", "Etat ecologique": "Bon", "Etat chimique": "Non atteint", "_swEcologicalStatusOrPotentialValue": "2", "_swChemicalStatusValue": "3" }, "geometry": { "type": "MultiLineString", "coordinates": [ [ [ 5.270384859896752, 48.989597701404527 ], [ 5.270684217175276, 48.989097264438783 ], [ 5.270991590153922, 48.988506716263672 ], [ 5.271153470975552, 48.987734506970362 ], [ 5.271096788177947, 48.986750534949003 ], [ 5.270996134381383, 48.986167710248878 ], [ 5.270913758588963, 48.985944373490348 ], [ 5.270692591600058, 48.985633705646606 ], [ 5.269125164351708, 48.984502903267206 ], [ 5.268266703056236, 48.984073846052993 ], [ 5.267559331349316, 48.983641926373252 ], [ 5.266619780029647, 48.982724115774282 ], [ 5.265486729749759, 48.982030351816668 ], [ 5.264372540652062, 48.981651076757338 ], [ 5.259990403124507, 48.980510295157671 ], [ 5.252762820795002, 48.979517295696347 ], [ 5.25075401753968, 48.979028755527253 ], [ 5.249156535465132, 48.978806842156509 ], [ 5.247789444035679, 48.978796489960082 ], [ 5.246506361082971, 48.979049925758197 ], [ 5.246096892347283, 48.979062093224201 ], [ 5.245404839309736, 48.978899633780109 ], [ 5.243340773839155, 48.978632403456011 ], [ 5.242724537754016, 48.978603447923042 ], [ 5.241096985923595, 48.978831781480331 ], [ 5.24027956232982, 48.978851551915653 ], [ 5.239591404355678, 48.9787789446993 ], [ 5.23905654230312, 48.978973346024603 ], [ 5.238786223135922, 48.979023371656886 ], [ 5.238233537025445, 48.978903248564819 ], [ 5.237687319577046, 48.978913441502243 ], [ 5.235789219611543, 48.979187231225744 ], [ 5.233695282223709, 48.979595077104399 ], [ 5.232671881469119, 48.979632125257368 ], [ 5.23226028110719, 48.97959480820451 ], [ 5.231287655499643, 48.97930255333042 ], [ 5.230784893572838, 48.979091509512557 ], [ 5.230142542477298, 48.978613185884392 ], [ 5.229706546367407, 48.978126524473453 ], [ 5.229620503970929, 48.97781327149211 ], [ 5.229170805165675, 48.977106465744001 ], [ 5.229100602227013, 48.977062791692674 ], [ 5.228952927410056, 48.976885620596512 ], [ 5.228524638670689, 48.976538246223562 ], [ 5.227407203870525, 48.976113714450925 ], [ 5.226162622979712, 48.975830967688566 ], [ 5.226080456215443, 48.975607598012949 ], [ 5.22558114630615, 48.975216552619855 ], [ 5.224804504160879, 48.97501056675776 ], [ 5.224657703219206, 48.974833374199882 ], [ 5.22461838603081, 48.974114439233311 ], [ 5.224464963520299, 48.97380243205393 ], [ 5.224368704998597, 48.97330944801292 ], [ 5.224492212890254, 48.97308226155058 ], [ 5.224517537735776, 48.972317147132642 ], [ 5.224568073103627, 48.972001355794589 ], [ 5.224492326751624, 48.971867823621039 ], [ 5.224464339168873, 48.971373572282779 ], [ 5.224714974400075, 48.970964109974332 ], [ 5.224844029858606, 48.970826777954642 ], [ 5.22496090417975, 48.97046477583509 ], [ 5.224886567847505, 48.969386653937583 ], [ 5.224513601165419, 48.968813341635581 ], [ 5.224471513659588, 48.968049474794185 ], [ 5.224096662262468, 48.967471697776489 ], [ 5.223506759461668, 48.966677509013074 ], [ 5.223483482596582, 48.966273126611178 ], [ 5.223597195616518, 48.96585720764859 ], [ 5.223093300212605, 48.965376276695913 ], [ 5.222506618940071, 48.964676479193002 ], [ 5.222470360141277, 48.964267838708693 ], [ 5.222241250728608, 48.963822291304666 ], [ 5.221943034852093, 48.963378024129028 ], [ 5.220273846810928, 48.962842206946583 ], [ 5.218690259863535, 48.962610642907777 ], [ 5.218282620517507, 48.962622684038891 ], [ 5.21786410878557, 48.962499986667943 ], [ 5.217783705136377, 48.962276576954586 ], [ 5.217962066635057, 48.961774005563896 ], [ 5.217743639305848, 48.961557647070158 ], [ 5.217258397337362, 48.961431684111027 ], [ 5.217041680735739, 48.961215292710612 ], [ 5.216764829567772, 48.96113045329551 ], [ 5.216026869363519, 48.96038394356021 ] ] ] } },
{ "type": "Feature", "properties": { "fid": 8382, "gid": 8382, "CdEuMasseDEau": "FRHR122B-F5682000", "NomMasseDEau": "ru du culey", "Etat masse eau ": "Moyen", "Etat ecologique": "Bon", "Etat chimique": "Non atteint", "_swEcologicalStatusOrPotentialValue": "2", "_swChemicalStatusValue": "3" }, "geometry": { "type": "MultiLineString", "coordinates": [ [ [ 5.308320560262485, 48.783022182036859 ], [ 5.307226975193521, 48.782962330656005 ], [ 5.306673171938741, 48.782793073229342 ], [ 5.303928341047143, 48.781433416448721 ], [ 5.303083703302005, 48.78095933333762 ], [ 5.302585679099203, 48.780568539649344 ], [ 5.301184479621181, 48.77988022977457 ], [ 5.300587877576939, 48.77895146822739 ], [ 5.300344952544993, 48.778285821991886 ], [ 5.299903167851836, 48.777934423399522 ], [ 5.299135978562026, 48.777593786198487 ], [ 5.298496331619617, 48.777115724997223 ], [ 5.298083649609374, 48.777038188190772 ], [ 5.296515821301226, 48.776987364845326 ], [ 5.295754601780701, 48.776781556300861 ], [ 5.295262129807964, 48.77647610343449 ], [ 5.294969365241961, 48.776126321975305 ], [ 5.294473227019109, 48.775775948073068 ], [ 5.293952429234192, 48.774980661813188 ], [ 5.293590625591993, 48.774627704019252 ], [ 5.293274678031263, 48.774098410234373 ], [ 5.293231741023596, 48.773334433170653 ], [ 5.293081324135914, 48.773067391223805 ], [ 5.292047739003737, 48.771656601953929 ], [ 5.292029667103995, 48.771342030051059 ], [ 5.2920575784231, 48.770621679784064 ], [ 5.291975452711775, 48.770398313807448 ], [ 5.291162698794285, 48.76924870866408 ], [ 5.291047790188001, 48.768666063019445 ], [ 5.290748327808455, 48.76818143321605 ], [ 5.290719821975435, 48.767687106420809 ], [ 5.290373055305277, 48.767558792189256 ], [ 5.289877226619009, 48.767212891647681 ], [ 5.289531587376334, 48.76712954192358 ], [ 5.289458794261983, 48.76704096049572 ], [ 5.286975669203102, 48.766440707035621 ], [ 5.286084283856542, 48.76632730845386 ], [ 5.285130541280096, 48.766305073541837 ], [ 5.285038404248558, 48.7662213585362 ], [ 5.28498779074812, 48.766172839702186 ], [ 5.285039728892103, 48.765901914915837 ], [ 5.285681473513062, 48.765210306435065 ], [ 5.285663442209832, 48.764895731800735 ], [ 5.284177554168974, 48.764123368167247 ], [ 5.283957712257937, 48.763862140852737 ], [ 5.283948993275479, 48.763682353378698 ], [ 5.283804553049908, 48.763550150336357 ], [ 5.282347524210599, 48.763047143725117 ], [ 5.281313474861148, 48.762801471651549 ], [ 5.281309810075808, 48.762756553112574 ], [ 5.280832408794405, 48.762635206324781 ], [ 5.28073935087727, 48.762277075357602 ], [ 5.280321838088333, 48.76210509522631 ], [ 5.279499383560176, 48.761990332342513 ], [ 5.278943276234883, 48.761780503548522 ], [ 5.278255964012325, 48.761663152818336 ], [ 5.276775049414701, 48.760980580983215 ], [ 5.276292575588676, 48.760859313096873 ], [ 5.275607437411304, 48.760791393325327 ], [ 5.274765090644952, 48.760317069110691 ], [ 5.273989899075588, 48.759841460083862 ], [ 5.273838965466631, 48.75957890208678 ], [ 5.273751060144027, 48.759220667613917 ], [ 5.274361065024457, 48.759204550589949 ], [ 5.274378828819409, 48.758304440214417 ], [ 5.274231761674009, 48.757915840599154 ], [ 5.274061621770605, 48.757505185854015 ], [ 5.274052088097648, 48.757325412851003 ], [ 5.274002588186562, 48.756462573254034 ], [ 5.273837871450616, 48.756195778322677 ], [ 5.273739304574177, 48.756022199619842 ], [ 5.273461124648326, 48.755532621403233 ], [ 5.273450743604105, 48.755352864226431 ], [ 5.273064540256694, 48.754550420763373 ], [ 5.272772897138076, 48.754200562060149 ], [ 5.272345098237675, 48.75384879536665 ], [ 5.272055616154264, 48.753548381375012 ], [ 5.27189714146885, 48.753150997210831 ], [ 5.271838156028477, 48.752108379599491 ], [ 5.27145987265129, 48.750450990560211 ], [ 5.271188157817219, 48.750460659219812 ], [ 5.27091820286806, 48.750510783760149 ], [ 5.267612795827689, 48.749790811291227 ], [ 5.266380946485259, 48.749643247135353 ], [ 5.265827824204632, 48.749478290674702 ], [ 5.264801671394883, 48.749367295886202 ], [ 5.264452290465469, 48.749193968673673 ], [ 5.264295836634922, 48.748841524759783 ], [ 5.263802962546367, 48.748535950922907 ], [ 5.263435044134988, 48.748052549380397 ], [ 5.262173522012696, 48.747631073372233 ], [ 5.261122190280995, 48.747075135361541 ], [ 5.261118296328449, 48.746985231440483 ], [ 5.261585523765128, 48.746836914745991 ], [ 5.261637564092031, 48.746565995596228 ], [ 5.261560102638616, 48.746387507736721 ], [ 5.26146410782318, 48.745898947632199 ], [ 5.260847617380858, 48.745820648026012 ], [ 5.260430496322429, 48.745653091111038 ], [ 5.260076413069401, 48.74538986255947 ], [ 5.259894594251805, 48.744588003688079 ], [ 5.259751966994616, 48.744455737201491 ], [ 5.259740785719069, 48.744275993194691 ], [ 5.25980206872527, 48.744139866199149 ], [ 5.25985411561672, 48.743868947194507 ], [ 5.25977386895297, 48.74364552173337 ], [ 5.2590670298242, 48.743168522151329 ], [ 5.258982048035428, 48.74285520779344 ], [ 5.258473068338363, 48.742509426769807 ], [ 5.258459097778959, 48.742284746228982 ], [ 5.258768605670787, 48.741734522529171 ], [ 5.258752689314604, 48.741464889657841 ], [ 5.258672451056851, 48.74124146299215 ], [ 5.258788577001902, 48.740879353098812 ], [ 5.25875844388764, 48.74034005474239 ], [ 5.258446323342247, 48.739630634979747 ], [ 5.258094235006238, 48.73941235148061 ], [ 5.256981828142425, 48.738992499803722 ], [ 5.256769317743139, 48.738816561969443 ], [ 5.256487147117024, 48.73864194081419 ], [ 5.255740602101086, 48.738660551996283 ], [ 5.255323093415636, 48.738501982734107 ], [ 5.254888867270239, 48.738015307579239 ], [ 5.254695502692617, 48.737258644931302 ], [ 5.254409465757245, 48.736994113723881 ], [ 5.254663084688914, 48.736665400896257 ], [ 5.25470762861303, 48.736259657039838 ], [ 5.25459554843686, 48.735987340603437 ], [ 5.254470873453069, 48.735679270608159 ], [ 5.254594537888368, 48.735451988524616 ], [ 5.255821714183329, 48.734299568891849 ], [ 5.256685918118155, 48.733680373730053 ], [ 5.256932521225823, 48.733504750860533 ], [ 5.257061754633331, 48.733367338786991 ], [ 5.257111861996658, 48.733051465890348 ], [ 5.257487779416636, 48.732504483198177 ], [ 5.25774713742259, 48.732270130856953 ], [ 5.257741551528848, 48.732180257818129 ], [ 5.257525618446587, 48.731963895098673 ], [ 5.257988834293145, 48.731725685332002 ], [ 5.258696299566575, 48.731257903735887 ], [ 5.258671760283549, 48.730808473990599 ], [ 5.258691047108966, 48.728738593261454 ], [ 5.258876649792745, 48.728411155331948 ], [ 5.25920242589811, 48.728180040103233 ], [ 5.259600446262467, 48.727988046436892 ] ] ] } },
{ "type": "Feature", "properties": { "fid": 8380, "gid": 8380, "CdEuMasseDEau": "FRHR122B-F5681000", "NomMasseDEau": "le salmagne", "Etat masse eau ": "Moyen", "Etat ecologique": "Bon", "Etat chimique": "Non atteint", "_swEcologicalStatusOrPotentialValue": "2", "_swChemicalStatusValue": "3" }, "geometry": { "type": "MultiLineString", "coordinates": [ [ [ 5.333668612717021, 48.778899074354356 ], [ 5.335511639893452, 48.777814811111845 ], [ 5.335833359931721, 48.777493597682792 ], [ 5.33614778516043, 48.777028561397103 ], [ 5.336096792372376, 48.776174769172883 ], [ 5.335618962833037, 48.775194357227889 ], [ 5.335248179626387, 48.774666238730291 ], [ 5.335031548402124, 48.774445529329626 ], [ 5.334323604664879, 48.77396898826936 ], [ 5.333886847932476, 48.77348714388711 ], [ 5.333106454250584, 48.772931031234606 ], [ 5.332882109943266, 48.772575501514709 ], [ 5.332914375632121, 48.770766310757416 ], [ 5.332982674949824, 48.769820204965598 ], [ 5.333159779973075, 48.76936685344058 ], [ 5.33398003402357, 48.768266585380921 ], [ 5.334758005735772, 48.767572040051753 ], [ 5.335005946741185, 48.767162288750349 ], [ 5.335331426316976, 48.766926478607758 ], [ 5.335392538760725, 48.766790315554232 ], [ 5.335351002947081, 48.766071298849326 ], [ 5.334987171026216, 48.765678008725487 ], [ 5.33489682462938, 48.765274871244557 ], [ 5.334978679645958, 48.764328493869343 ], [ 5.335134416156329, 48.763740586157866 ], [ 5.335265529945993, 48.76364804317307 ], [ 5.335302586116947, 48.763107445262037 ], [ 5.335762011539736, 48.762824023363407 ], [ 5.335749402701119, 48.76259932268303 ], [ 5.335391314748978, 48.762295899608482 ], [ 5.335162128123675, 48.761850487196128 ], [ 5.33500209692333, 48.761448711374896 ], [ 5.334135157740762, 48.760570370832447 ], [ 5.333215917158194, 48.759967482131565 ], [ 5.330617544990734, 48.758772020482851 ], [ 5.329085651069796, 48.758181058135428 ], [ 5.327888554456693, 48.75744858056531 ], [ 5.327666316859574, 48.757137986716202 ], [ 5.327510061897109, 48.756781116555651 ], [ 5.327458075509503, 48.755882338491951 ], [ 5.327162356808429, 48.755487695705874 ], [ 5.326285755074125, 48.754654476112485 ], [ 5.325433640197653, 48.754045721237141 ], [ 5.325210279041343, 48.753690154711109 ], [ 5.325130890216353, 48.75351174235432 ], [ 5.325107770938745, 48.75310728573627 ], [ 5.325806445890316, 48.752238871998948 ], [ 5.325931841941576, 48.752056470058747 ], [ 5.325824473580916, 48.751383715994173 ], [ 5.325441196688657, 48.750626356971615 ], [ 5.32546693660545, 48.749906019082651 ], [ 5.325501898193048, 48.749545419599123 ], [ 5.325463364399994, 48.748871322955601 ], [ 5.325241377956329, 48.748565217366071 ], [ 5.326305179379034, 48.746960846525219 ], [ 5.326684174684345, 48.746458570487057 ], [ 5.327143500405577, 48.746175177644538 ], [ 5.327394702001127, 48.745801362130372 ], [ 5.327788253061859, 48.745568737940815 ], [ 5.328115329878996, 48.745332909900256 ], [ 5.328160160092908, 48.744927125278181 ], [ 5.327941028619765, 48.74466595803478 ], [ 5.327603583425609, 48.743772737822738 ], [ 5.327058620997376, 48.742573130556728 ], [ 5.326536808576138, 48.741777980014895 ], [ 5.325954554645751, 48.741114476283222 ], [ 5.325315958579941, 48.740636526979067 ], [ 5.324757043602149, 48.740381973045409 ], [ 5.324550303259363, 48.740341009655282 ], [ 5.324295305446693, 48.740629413739832 ], [ 5.323958338329094, 48.740680965582641 ], [ 5.323605969219718, 48.740462875564788 ], [ 5.322776062056658, 48.740213588063327 ], [ 5.322008428190751, 48.739873103111179 ], [ 5.321930120740245, 48.739699165088432 ], [ 5.322171934528279, 48.739420020540841 ], [ 5.322232199571692, 48.739283877501506 ], [ 5.322080882959014, 48.739016880717145 ], [ 5.32158511527655, 48.738671103256117 ], [ 5.3213755361582, 48.738585199544026 ], [ 5.320830050582351, 48.738555317173429 ], [ 5.320066150168178, 48.738259737521531 ], [ 5.318982676648409, 48.738330284193843 ], [ 5.318855789897113, 48.738517209147311 ], [ 5.318386604098957, 48.738616304499502 ], [ 5.317775154337404, 48.738632679673437 ], [ 5.317224830912533, 48.738512894619952 ], [ 5.316208459821763, 48.738582113056722 ], [ 5.315793862918627, 48.738455188308713 ], [ 5.315221653614991, 48.73797589816261 ], [ 5.314460184460153, 48.737734224207891 ], [ 5.313964479407247, 48.737388414718758 ], [ 5.31255283425237, 48.736479982946477 ], [ 5.312066615305758, 48.736309443256161 ], [ 5.311779399776588, 48.736274516176472 ], [ 5.311578364826092, 48.736323400353193 ], [ 5.311129793905215, 48.736561537423192 ], [ 5.311004383363689, 48.736743926261191 ], [ 5.310682761648391, 48.737065084189041 ], [ 5.310214062155249, 48.737213627118919 ], [ 5.309264528019517, 48.737236502993575 ], [ 5.306775212008223, 48.736758261424548 ], [ 5.305889959492212, 48.736734878110767 ], [ 5.305609731883004, 48.736569330281192 ], [ 5.305465510290117, 48.736441645495923 ], [ 5.305587708154182, 48.736205336863577 ], [ 5.305642994979429, 48.735974819757622 ], [ 5.305570416443508, 48.735890740922962 ], [ 5.304688409510902, 48.735921274263696 ], [ 5.304277829129179, 48.735884212587528 ], [ 5.303719067557408, 48.735629559127403 ], [ 5.300756367544464, 48.734939880254643 ], [ 5.300132506426573, 48.734731455338434 ], [ 5.299448983014711, 48.734654647697703 ], [ 5.298963871210509, 48.734488533188006 ], [ 5.297175360898495, 48.734127062771407 ], [ 5.29530112052857, 48.73369073200859 ], [ 5.294745053491741, 48.733476476458797 ], [ 5.294541386223741, 48.73348489165528 ], [ 5.294476255895174, 48.733531133851045 ], [ 5.294269566430966, 48.73349011778442 ], [ 5.294259967590167, 48.733310342664652 ], [ 5.293907969695206, 48.733096658816834 ], [ 5.293285934638853, 48.732928654562095 ], [ 5.292189469240274, 48.732778758970227 ], [ 5.291767359490937, 48.732516926749398 ], [ 5.291148357140783, 48.732398342187771 ], [ 5.291062351034565, 48.732085064087165 ], [ 5.290783970115579, 48.731959937643893 ], [ 5.289880760881384, 48.731621852584638 ], [ 5.287921290206326, 48.730633667538569 ], [ 5.286816933858393, 48.730573854620481 ], [ 5.286175158156085, 48.730050772024107 ], [ 5.285479797130418, 48.729798651814257 ], [ 5.284764391314613, 48.729146501184701 ], [ 5.284605044617352, 48.728749141775545 ], [ 5.283906626067642, 48.728407091264117 ], [ 5.28272413672689, 48.727939328478058 ], [ 5.281884219194363, 48.727509993361778 ], [ 5.28173595624313, 48.72728787891095 ], [ 5.281721889701863, 48.727063198154141 ], [ 5.281366057900057, 48.726759571361363 ], [ 5.281088646315937, 48.726674895150616 ], [ 5.280341431785506, 48.726693676601023 ], [ 5.279916435114191, 48.726616317123856 ], [ 5.27862172702515, 48.726555567995774 ], [ 5.278205814374882, 48.726433039093429 ], [ 5.277778402333968, 48.726085778678247 ], [ 5.277700916101896, 48.725907298141522 ], [ 5.278021626470927, 48.725581746979366 ], [ 5.278075259004466, 48.725310783274793 ], [ 5.277092151271421, 48.724753677925229 ], [ 5.2768024111856, 48.724444277380016 ] ] ] } },
{ "type": "Feature", "properties": { "fid": 8732, "gid": 8732, "CdEuMasseDEau": "FRHR189-H1009000", "NomMasseDEau": "ruisseau le coubreuil", "Etat masse eau ": "Médiocre", "Etat ecologique": "Médiocre", "Etat chimique": "Non atteint", "_swEcologicalStatusOrPotentialValue": "4", "_swChemicalStatusValue": "3" }, "geometry": { "type": "MultiLineString", "coordinates": [ [ [ 5.070545826927234, 48.903217505612588 ], [ 5.069606445649269, 48.903508119923799 ], [ 5.067309885228306, 48.90392111883952 ], [ 5.066156228532505, 48.904035486272448 ], [ 5.06519827702207, 48.903966549625068 ], [ 5.064499882758898, 48.903668233432441 ], [ 5.063158051949997, 48.902800765109468 ], [ 5.062249798493104, 48.902371112931696 ], [ 5.061764811261225, 48.902249023650683 ], [ 5.061289428305478, 48.902261705632981 ], [ 5.059069181754212, 48.902857648925703 ], [ 5.057719051176758, 48.903114749685777 ], [ 5.056013079645744, 48.903108068648883 ], [ 5.05149545731396, 48.903041613892889 ], [ 5.046360122871979, 48.903966093745957 ], [ 5.045955585715096, 48.904067462270426 ], [ 5.045612901350314, 48.904028337321819 ], [ 5.043823804529448, 48.903708047850003 ], [ 5.042729199605033, 48.903654758067667 ], [ 5.042123576551782, 48.903804522731896 ], [ 5.041326534865278, 48.904227422199142 ], [ 5.040385210032193, 48.904472857983031 ], [ 5.037671430025738, 48.904757454316695 ], [ 5.036778223773668, 48.904642210105571 ], [ 5.036618964061138, 48.904604437560963 ], [ 5.036372336441549, 48.904491686129681 ], [ 5.03566175961725, 48.904422804923882 ], [ 5.034994380042768, 48.904411658214741 ], [ 5.034184524051544, 48.904573848303428 ], [ 5.033028347578581, 48.90464745681588 ], [ 5.032616632292358, 48.904609466708031 ], [ 5.030042537520385, 48.90390647917841 ], [ 5.028805792907597, 48.903707041229751 ], [ 5.027647024546003, 48.903735663017521 ], [ 5.026564071234464, 48.903893429470699 ], [ 5.024757667136322, 48.904571681560192 ], [ 5.024085545070911, 48.904767457013762 ], [ 5.023541945046677, 48.904781141588252 ], [ 5.022989693718158, 48.904660033315558 ], [ 5.02244421522886, 48.904669246772855 ], [ 5.020550294978985, 48.904984583344032 ], [ 5.018737342770726, 48.905518920504846 ], [ 5.017247124377155, 48.905732942544425 ], [ 5.016716694879954, 48.906020744156443 ], [ 5.015211712680181, 48.905920138315203 ], [ 5.014333236787596, 48.906074351468867 ], [ 5.013867356875214, 48.90631157779827 ], [ 5.013745680189559, 48.906583495672592 ], [ 5.013141678528394, 48.906778062762051 ], [ 5.012266658161196, 48.907022159387857 ], [ 5.011326883096652, 48.907312315538505 ], [ 5.010182530746638, 48.90760589804519 ], [ 5.009370465070495, 48.907713980615711 ], [ 5.008562212800086, 48.907920946359766 ], [ 5.008160158269892, 48.908067121958538 ], [ 5.007633801938715, 48.908440272277318 ], [ 5.007587185180644, 48.908845859812743 ], [ 5.006388394935965, 48.909410187722678 ], [ 5.005859427291764, 48.909738394707006 ], [ 5.005672973524269, 48.910101344294837 ], [ 5.005630657323009, 48.910596814847068 ], [ 5.005805874155479, 48.911358512218932 ], [ 5.005223170441592, 48.911952987224737 ], [ 5.004826243890847, 48.912189021102542 ], [ 5.00415136482146, 48.912339748322523 ], [ 5.002315070148151, 48.912433430303373 ], [ 5.000759823740931, 48.912693306702522 ], [ 4.999816449710827, 48.912938450209246 ], [ 4.999427057337816, 48.91330477628145 ], [ 4.999597032824266, 48.913976610733215 ], [ 4.999204371858209, 48.914302509854096 ], [ 4.997810104424102, 48.914780051856816 ], [ 4.994773215844403, 48.915667256711401 ], [ 4.993799243761552, 48.916362639816668 ], [ 4.99346528352747, 48.916507629731079 ], [ 4.993290739195716, 48.917095247263696 ], [ 4.993367534319067, 48.917273880908589 ], [ 4.993865393657083, 48.917665898143497 ], [ 4.994156248479915, 48.918020879496488 ], [ 4.994205216138807, 48.918964599243267 ], [ 4.993964189652719, 48.919598300974535 ], [ 4.993453761298345, 48.920281462920748 ], [ 4.992865840022991, 48.920790498045832 ], [ 4.992200257333466, 48.921120910544751 ], [ 4.991055493444917, 48.921414306596873 ], [ 4.990250380290989, 48.921666066922079 ], [ 4.989855883553798, 48.921946984009381 ], [ 4.989730620515547, 48.922173952812237 ], [ 4.989741773935608, 48.922398655729332 ], [ 4.989892770071925, 48.922666013462589 ], [ 4.990397519211158, 48.923192861965653 ], [ 4.990774354315395, 48.923631878738767 ], [ 4.991011595412063, 48.924257622333762 ], [ 4.99185915162436, 48.924823744309762 ], [ 4.992222368377455, 48.925262982687059 ], [ 4.992649680316479, 48.925615696532816 ], [ 4.992992294748992, 48.925650477330443 ], [ 4.993063935141208, 48.925694263094137 ], [ 4.993139889511658, 48.925872909654679 ], [ 4.993165655041584, 48.926367233765141 ], [ 4.993313252578549, 48.926589665728734 ], [ 4.993870818583671, 48.926800777662365 ], [ 4.994092656907454, 48.927156905590209 ], [ 4.994123583687935, 48.927741098111184 ], [ 4.994545604185498, 48.927999440339548 ], [ 4.994623272414544, 48.928178057189228 ], [ 4.994425499175069, 48.928316281918086 ], [ 4.994458045875133, 48.928675559678908 ], [ 4.994811159747873, 48.928894568241446 ], [ 4.994685901599732, 48.929121540769472 ], [ 4.994661517866298, 48.929976517363471 ], [ 4.995413474135033, 48.93000447628917 ], [ 4.995627586036083, 48.930180819853611 ], [ 4.995700678543237, 48.931618877990701 ], [ 4.995527833212924, 48.932251439176106 ], [ 4.99523227664977, 48.933110929401593 ], [ 4.995040511255271, 48.933383985945312 ], [ 4.994325462210942, 48.934075045280224 ], [ 4.994073192365993, 48.934484038457846 ], [ 4.99409767199059, 48.936012854438459 ] ], [ [ 4.99409767199059, 48.936012854438459 ], [ 4.994103645905038, 48.936117052583199 ] ], [ [ 4.994600165339426, 48.936129910656199 ], [ 4.994613793715158, 48.936124940519178 ] ], [ [ 4.994648012403071, 48.936112461294144 ], [ 4.99471498598319, 48.936088036676246 ], [ 4.994987892411761, 48.936083493529061 ], [ 4.995000296635191, 48.936131786229353 ] ], [ [ 4.995787664528152, 48.936810895596899 ], [ 4.995980725547155, 48.936782096774799 ], [ 4.996118905645938, 48.936824772224966 ], [ 4.996126887068929, 48.936834245469541 ] ], [ [ 4.996422279582038, 48.9373999230829 ], [ 4.996489124209926, 48.937398809474963 ], [ 4.996623855220916, 48.937351587607424 ], [ 4.996743967702535, 48.937034746473081 ], [ 4.996940915082228, 48.9368965332446 ], [ 4.997063223179253, 48.936893486598436 ] ], [ [ 4.997375799756727, 48.936885700439937 ], [ 4.997486563355705, 48.93688294136264 ], [ 4.997546205663882, 48.936909853140605 ] ], [ [ 4.99741415636247, 48.937520976329182 ], [ 4.997387108855452, 48.937604233077039 ], [ 4.997593520886559, 48.937645769546712 ], [ 4.998246330535713, 48.937630972315276 ] ], [ [ 4.998494087860976, 48.937737855885395 ], [ 4.998561297531079, 48.93789050042659 ], [ 4.998687259306839, 48.937942395003425 ] ], [ [ 4.99889972273309, 48.937864146706062 ], [ 4.99929372772703, 48.937518465938311 ], [ 4.999495659165232, 48.937465621912693 ], [ 4.999596958780599, 48.93758881977439 ] ], [ [ 5.000121013353326, 48.93831323380256 ], [ 5.000290806629179, 48.938347396788345 ], [ 5.00106049249009, 48.938174089621562 ] ], [ [ 5.001201780900742, 48.938142276260564 ], [ 5.001844215020469, 48.937997621872597 ], [ 5.002320111955682, 48.937989671064628 ], [ 5.002488465472164, 48.938127686866366 ] ], [ [ 5.002633242619664, 48.938246374818377 ], [ 5.002691109456499, 48.938293813909922 ], [ 5.003312432288263, 48.938449844257775 ], [ 5.003581034253449, 48.938355399381095 ], [ 5.003761767961119, 48.938229344968427 ] ], [ [ 5.003837138161037, 48.938066341144292 ], [ 5.003806033457044, 48.937668126114595 ] ], [ [ 5.003384176322659, 48.937441097037443 ], [ 5.003380044894287, 48.937369261617192 ], [ 5.003510453686472, 48.937232149743046 ], [ 5.003754761719393, 48.937323013019792 ] ], [ [ 5.008761673634662, 48.93670716884013 ], [ 5.009017413385469, 48.936568739449839 ], [ 5.009078725728711, 48.936432779544418 ], [ 5.009275638055128, 48.93629454597248 ], [ 5.009690176700288, 48.936377549101877 ], [ 5.009817629437824, 48.936486088363765 ] ], [ [ 5.010337989239814, 48.936757708665795 ], [ 5.010390433064003, 48.936721123992456 ], [ 5.010368826377477, 48.936316690424178 ], [ 5.010707194884638, 48.936261538134758 ], [ 5.010991001454776, 48.936472666946052 ], [ 5.011001014088069, 48.936518877217495 ] ], [ [ 5.011488667485289, 48.936794601707852 ], [ 5.011750834720087, 48.936635324798587 ], [ 5.012020298004062, 48.936585823339087 ], [ 5.011994537964423, 48.936689479872847 ] ], [ [ 5.013938345948081, 48.937431833283867 ], [ 5.014178115329962, 48.937390650123028 ], [ 5.014168284412072, 48.937647763141385 ] ], [ [ 5.014280640144372, 48.938413877875611 ], [ 5.014781794161808, 48.938500437736387 ], [ 5.01540869351361, 48.938755262351599 ], [ 5.015629841088445, 48.939066384104571 ], [ 5.015649062966478, 48.939425478324104 ] ], [ [ 5.015649491458325, 48.939433483210252 ], [ 5.015651489820863, 48.939470815693305 ], [ 5.015649932558447, 48.93947303431495 ] ], [ [ 5.015589393087891, 48.939559284505357 ], [ 5.015579783121043, 48.939572975762694 ] ], [ [ 5.015119938195512, 48.94169021827615 ], [ 5.01558088005809, 48.941810819978457 ], [ 5.015791486560709, 48.941937711596189 ], [ 5.015798419276405, 48.942072526556494 ], [ 5.015770290394501, 48.942092705058037 ] ], [ [ 5.015700840198758, 48.942378938923142 ], [ 5.016228624765434, 48.94247008434094 ], [ 5.016188362681053, 48.942632131006661 ] ], [ [ 5.015532897579086, 48.94306322625846 ], [ 5.015509743651645, 48.943080372473652 ], [ 5.015540920442979, 48.943664550835493 ], [ 5.015157251447889, 48.943787704245388 ] ], [ [ 4.967439212450381, 48.9288373346429 ], [ 4.968863474436602, 48.928300232883188 ] ], [ [ 4.968939409809789, 48.928271596984068 ], [ 4.969829078321802, 48.927936095139614 ], [ 4.970689028877945, 48.928154521349953 ] ], [ [ 4.971256183430508, 48.928325448967854 ], [ 4.97128794276292, 48.928341049850161 ] ], [ [ 4.977326133217799, 48.92988534669805 ], [ 4.977576719204829, 48.929737986332391 ], [ 4.977919350701021, 48.929772810092722 ], [ 4.978245505908474, 48.929852167091219 ] ], [ [ 4.978425541278341, 48.929930430194183 ], [ 4.978815733967015, 48.930109416838384 ] ], [ [ 4.979198780568304, 48.930231956532559 ], [ 4.979353821639237, 48.930281082784013 ] ], [ [ 4.979471278563006, 48.930318300137699 ], [ 4.980281016850602, 48.930574873486243 ], [ 4.980670530551921, 48.930616996306966 ] ], [ [ 4.98176122612521, 48.930973819288674 ], [ 4.981802043325113, 48.930990501354408 ], [ 4.982004991212185, 48.930942167257157 ], [ 4.98233822328559, 48.93079722532638 ], [ 4.982346041867756, 48.930766300879611 ] ], [ [ 4.982478592675456, 48.930512969421429 ], [ 4.982526627156952, 48.930479267834428 ], [ 4.982939363248171, 48.930517415085788 ], [ 4.983359636835488, 48.930730847215642 ], [ 4.983838889911008, 48.930767890322223 ], [ 4.984013770276722, 48.93090897831852 ] ], [ [ 4.98414518024741, 48.931344567387647 ], [ 4.984779301280592, 48.931552910194192 ], [ 4.984920879091146, 48.931640519272797 ], [ 4.98541020832069, 48.931629176744863 ] ], [ [ 4.985891036021985, 48.931711978792492 ], [ 4.986295242882961, 48.931833634402814 ], [ 4.986300063857025, 48.931842318567242 ] ], [ [ 4.986504958812607, 48.93200892738944 ], [ 4.986786503707617, 48.932095352773104 ], [ 4.987060035371921, 48.932088558228884 ] ], [ [ 4.987446120650607, 48.932175465463715 ], [ 4.987564059024101, 48.932271611838139 ] ], [ [ 4.990722055558596, 48.934187695354773 ], [ 4.991082611392, 48.934380487525935 ] ], [ [ 4.991578374775617, 48.934640356038123 ], [ 4.992388519690428, 48.934880874441909 ], [ 4.992811614529192, 48.935143701742781 ], [ 4.993050554420983, 48.935544522047977 ], [ 4.993055360733106, 48.935642633749985 ] ], [ [ 4.99307303451168, 48.935945832284183 ], [ 4.993350780632881, 48.936074755953776 ], [ 4.993758434666835, 48.936067974038338 ], [ 4.99409767199059, 48.936012854438459 ] ] ] } },
{ "type": "Feature", "properties": { "fid": 8739, "gid": 8739, "CdEuMasseDEau": "FRHR195A-H1104500", "NomMasseDEau": "ruisseau de belrain", "Etat masse eau ": "Moyen", "Etat ecologique": "Bon", "Etat chimique": "Non atteint", "_swEcologicalStatusOrPotentialValue": "2", "_swChemicalStatusValue": "3" }, "geometry": { "type": "MultiLineString", "coordinates": [ [ [ 5.326883081779652, 48.825782725194983 ], [ 5.3270212373462, 48.825825023049973 ], [ 5.327725803741206, 48.826211690105033 ], [ 5.328086494510759, 48.826564561560247 ], [ 5.328198885089204, 48.827097715876 ], [ 5.328428299046829, 48.827543116046272 ], [ 5.328923149586588, 48.827848385248181 ], [ 5.329144109204034, 48.829324144827886 ], [ 5.328780840606488, 48.830095994606509 ], [ 5.328339095740877, 48.830693922826804 ], [ 5.327553223310234, 48.831253561636139 ], [ 5.327184201423609, 48.831935543360622 ], [ 5.326961267120552, 48.832799125282868 ], [ 5.326953137768655, 48.833609040863521 ], [ 5.327036468210124, 48.833872839557898 ], [ 5.327561418404898, 48.834717365690814 ], [ 5.327590310242169, 48.835211654381112 ], [ 5.327404357474254, 48.835530178890046 ], [ 5.327014541166899, 48.835861667595019 ], [ 5.326633092916128, 48.836323452560833 ], [ 5.326385912630943, 48.836778125341411 ], [ 5.326302632397304, 48.837679472433727 ], [ 5.326184753348448, 48.837996669755242 ], [ 5.325933548654635, 48.838361446383217 ], [ 5.325227239047833, 48.8388745295657 ], [ 5.325202606423505, 48.839639774732767 ], [ 5.324767606825995, 48.840372509737989 ], [ 5.32441191399746, 48.84127914706982 ], [ 5.324258794131626, 48.842181845662083 ], [ 5.324007756264569, 48.842551111592243 ], [ 5.323102145230351, 48.843391951053299 ], [ 5.323044617289994, 48.843573012641365 ], [ 5.32340519608472, 48.843921398029501 ], [ 5.323551963914722, 48.844098490863423 ], [ 5.322502005611866, 48.844798173025175 ], [ 5.322518283305125, 48.845067772779608 ], [ 5.322761347877356, 48.845512912180837 ], [ 5.322853442020644, 48.845915997164042 ], [ 5.322667422108193, 48.846234511255005 ], [ 5.322401878983292, 48.846374625417695 ], [ 5.320060016540428, 48.847108358503377 ], [ 5.319863415874301, 48.847247129384833 ], [ 5.319875976701634, 48.847471814920034 ], [ 5.319948933850891, 48.847560371501601 ], [ 5.31995463937812, 48.847650232482991 ], [ 5.31982613973294, 48.847787682272212 ], [ 5.319024508689417, 48.848077640639652 ], [ 5.31849983942436, 48.848407210910885 ], [ 5.317964056264115, 48.848602036791732 ], [ 5.317421322988309, 48.848621550444719 ], [ 5.317156804815189, 48.84876613087139 ], [ 5.316905485016578, 48.849130885016585 ], [ 5.316807770137476, 48.849807563161256 ], [ 5.316684957022652, 48.85003487024904 ], [ 5.316364869470537, 48.850405453085891 ], [ 5.315985018752548, 48.850907650308791 ], [ 5.315464297258436, 48.851327100271021 ], [ 5.315272514965123, 48.851555740442102 ], [ 5.314748733027471, 48.851925761928491 ], [ 5.314482193737886, 48.852025389102657 ], [ 5.313761964238043, 48.852538661859242 ], [ 5.313439644850977, 48.85285979445424 ], [ 5.313408229294605, 48.853265271459051 ], [ 5.313288240541099, 48.853537504761391 ], [ 5.3126364891743, 48.854058442254455 ], [ 5.312518489883673, 48.854375621442678 ], [ 5.312136578140335, 48.854832857820789 ], [ 5.311616929603411, 48.855297252837282 ], [ 5.31159009474344, 48.856017537107739 ], [ 5.31102991871621, 48.856932564918274 ], [ 5.31043993022308, 48.857348828345117 ], [ 5.30960440607586, 48.858224179844207 ], [ 5.309545963386064, 48.858405248962974 ], [ 5.309687887351309, 48.858492479465937 ], [ 5.309696420899619, 48.858627270342637 ], [ 5.309294743083893, 48.858774478629442 ], [ 5.309202599559426, 48.859541005215398 ], [ 5.308627893824654, 48.859956962896803 ], [ 5.308312523354337, 48.860417397799722 ], [ 5.307990519969694, 48.860747502770153 ], [ 5.308178518688617, 48.861643577463283 ], [ 5.308575529392596, 48.862621090054802 ], [ 5.30868120117231, 48.8632938262514 ], [ 5.308833661612791, 48.863560794282655 ], [ 5.309201113748416, 48.864044039355122 ], [ 5.309615552366957, 48.864126009975536 ], [ 5.309898580610465, 48.864300486180902 ], [ 5.310044309012766, 48.86447311412703 ], [ 5.310071057535227, 48.864922447356712 ], [ 5.310889666086151, 48.865891810236853 ], [ 5.311741737204414, 48.866500641456369 ], [ 5.312329854839147, 48.867249522529363 ], [ 5.312351781502824, 48.867608977943135 ], [ 5.312421906693812, 48.867652607648274 ], [ 5.312907050554231, 48.867809675137806 ], [ 5.313474022639952, 48.868158593656787 ], [ 5.313690752539117, 48.868374829114188 ], [ 5.314116070512165, 48.868681498652194 ], [ 5.314198446091992, 48.868904829887647 ], [ 5.314478466673047, 48.86902987012634 ], [ 5.314691703087551, 48.869205684949485 ], [ 5.314736116183949, 48.869744644018638 ], [ 5.314882927298791, 48.869921743367634 ], [ 5.314899173410208, 48.87019133805569 ], [ 5.315324313493222, 48.870493508180438 ], [ 5.315342560454911, 48.870808048809472 ], [ 5.315419244382128, 48.870941519467799 ], [ 5.315705179484801, 48.871160910511698 ], [ 5.315850094645429, 48.871333546798638 ], [ 5.316212720771738, 48.871686406795462 ], [ 5.316652136941546, 48.872213219731726 ], [ 5.316664689937501, 48.87243790054638 ], [ 5.316809811803442, 48.872615030076197 ], [ 5.317448799209134, 48.87304800655231 ], [ 5.317669469911463, 48.873313641464648 ], [ 5.318022712852078, 48.873531723364721 ], [ 5.318171346663045, 48.873749269451181 ], [ 5.318880711574655, 48.874000936101602 ], [ 5.319176600359672, 48.874175141249523 ], [ 5.319375947525563, 48.874306232057712 ], [ 5.319792285936811, 48.874428618009802 ], [ 5.320644600766385, 48.875037381142597 ], [ 5.320653165379673, 48.875172169221074 ], [ 5.320796305157963, 48.875304347612136 ], [ 5.321350937524725, 48.875469031031663 ], [ 5.321772350271655, 48.875685779715603 ], [ 5.322744199226765, 48.875972817541772 ], [ 5.32317133606082, 48.876279419728704 ], [ 5.323379768655349, 48.876365342892122 ], [ 5.323384631497865, 48.876455217910078 ], [ 5.323656993844626, 48.876445431573593 ], [ 5.324009128764913, 48.876618532887932 ], [ 5.324719528291149, 48.877140053758602 ], [ 5.32541704618872, 48.877391912534328 ], [ 5.325785784562339, 48.877650157038005 ], [ 5.325940382506953, 48.877962045476821 ], [ 5.32616312535017, 48.878272609205489 ], [ 5.326670841455885, 48.878798057754381 ], [ 5.326892740428866, 48.879108636449018 ], [ 5.327953362747517, 48.879758282672285 ], [ 5.328109788717399, 48.880110618707768 ], [ 5.328326830113993, 48.880331319871793 ], [ 5.328899020343695, 48.880810519929668 ], [ 5.32982300584417, 48.881453811401819 ], [ 5.330260630406092, 48.881935624265701 ], [ 5.330982782410343, 48.882411894680601 ], [ 5.331539427676222, 48.882580991192391 ], [ 5.332224738441564, 48.882653110499888 ], [ 5.334863463095468, 48.883487862691446 ], [ 5.335225249195031, 48.883836183279833 ], [ 5.335448072533732, 48.884146728073965 ], [ 5.335728226084897, 48.884271716867424 ] ] ] } },
{ "type": "Feature", "properties": { "fid": 8742, "gid": 8742, "CdEuMasseDEau": "FRHR195A-H1105600", "NomMasseDEau": "le ru", "Etat masse eau ": "Mauvais", "Etat ecologique": "Mauvais", "Etat chimique": "Non atteint", "_swEcologicalStatusOrPotentialValue": "5", "_swChemicalStatusValue": "3" }, "geometry": { "type": "MultiLineString", "coordinates": [ [ [ 5.34385084806562, 48.945034074038233 ], [ 5.341579547409365, 48.943787484625794 ], [ 5.340526278951742, 48.943277269806742 ], [ 5.340099342511236, 48.942970731736807 ], [ 5.339386489989316, 48.941279821669561 ], [ 5.338696864018047, 48.940218205214897 ], [ 5.338407780698123, 48.939958451005566 ], [ 5.336563331155405, 48.938743921006008 ], [ 5.336059820589802, 48.938308412702803 ], [ 5.334353941504347, 48.937136129825255 ], [ 5.331274651929667, 48.936053527624345 ], [ 5.329026284307982, 48.934941204472793 ], [ 5.327554267734404, 48.934259086746323 ], [ 5.325100373513291, 48.933375595597305 ], [ 5.321498758956654, 48.932473814743943 ], [ 5.320598186937507, 48.932239359667932 ], [ 5.319422163118709, 48.931951753626159 ], [ 5.319285736064474, 48.931954394627937 ], [ 5.31766541443411, 48.931329007302843 ], [ 5.31432608725239, 48.930044088552322 ], [ 5.3072499718944, 48.927274713455965 ], [ 5.306278756133248, 48.926983036097042 ], [ 5.305491120469006, 48.926327959399991 ], [ 5.304925472385541, 48.925983483205179 ], [ 5.303737451867454, 48.925516027363408 ], [ 5.303097934245373, 48.925082998468405 ], [ 5.302881012170229, 48.924866755031921 ], [ 5.301750443499207, 48.924173263495184 ], [ 5.300978245561851, 48.923787755089705 ], [ 5.300516391647447, 48.923126387821902 ], [ 5.299823268344104, 48.92174973990565 ], [ 5.299451605560776, 48.921217085439885 ], [ 5.298973632319775, 48.920016230891243 ], [ 5.298808569694784, 48.919524591068686 ], [ 5.298579003763617, 48.919079171227082 ], [ 5.298480428776944, 48.917601136158147 ], [ 5.297276208255087, 48.9168190500355 ], [ 5.295257788814382, 48.916106536544405 ], [ 5.295103261443993, 48.915794619373798 ], [ 5.29514764343354, 48.915388925228008 ], [ 5.294936266296548, 48.915258027655149 ], [ 5.293047478745152, 48.914677941627282 ], [ 5.292358115649837, 48.914560688098831 ], [ 5.29131290965893, 48.914189339576623 ], [ 5.2904747252749, 48.913850009262347 ], [ 5.289505831792353, 48.913603137161779 ], [ 5.28908727390086, 48.913435705433884 ], [ 5.288809707192426, 48.91335104492763 ], [ 5.288100297418129, 48.912874289412379 ], [ 5.287822735309299, 48.912789626575773 ], [ 5.28675648315134, 48.912054281710603 ], [ 5.285373909750015, 48.911729807796696 ], [ 5.285229907419729, 48.911597607720843 ], [ 5.285222280891219, 48.911462805336704 ] ] ] } },
{ "type": "Feature", "properties": { "fid": 8745, "gid": 8745, "CdEuMasseDEau": "FRHR195B-H1121000", "NomMasseDEau": "ruisseau le bouvrot", "Etat masse eau ": "Médiocre", "Etat ecologique": "Médiocre", "Etat chimique": "Non atteint", "_swEcologicalStatusOrPotentialValue": "4", "_swChemicalStatusValue": "3" }, "geometry": { "type": "MultiLineString", "coordinates": [ [ [ 5.297122112018576, 48.943955178470524 ], [ 5.297056720459862, 48.944001413364909 ], [ 5.296581294625427, 48.944060004757418 ], [ 5.295337105155539, 48.943777967391071 ], [ 5.295132416215541, 48.943781887666383 ], [ 5.295026583532328, 48.944323691839706 ], [ 5.295127544394675, 48.944870531754432 ], [ 5.295281107009473, 48.945177962507231 ], [ 5.295301242908374, 48.945537428036452 ], [ 5.295040990739105, 48.945771817203386 ], [ 5.29431048592979, 48.946105171747377 ], [ 5.292830535541797, 48.946497843045648 ], [ 5.292500052276451, 48.946688588468298 ], [ 5.292245252143304, 48.947008331105913 ], [ 5.291940346888934, 48.947643900010206 ], [ 5.291742636352183, 48.947787122579811 ], [ 5.291471402234762, 48.947792308717617 ], [ 5.290192887012744, 48.946926117992703 ], [ 5.289704774213348, 48.94675551939865 ], [ 5.288819639649935, 48.946776924778987 ], [ 5.288328899673492, 48.946565887737563 ], [ 5.28737224670158, 48.946552663036762 ], [ 5.287024493528286, 48.946428854107417 ], [ 5.285960194242244, 48.945733957899897 ], [ 5.284347931370764, 48.945233921334321 ], [ 5.283516919138094, 48.945029350354652 ], [ 5.282620507958892, 48.944871000556837 ], [ 5.281716677156556, 48.94458233991265 ], [ 5.279416003802232, 48.94373999141515 ], [ 5.278080650468612, 48.943050181792259 ], [ 5.275809439928641, 48.941766389281312 ], [ 5.275182345555775, 48.941557888776366 ], [ 5.274152383826882, 48.941446993471757 ], [ 5.272663900460211, 48.941664152471112 ], [ 5.272116313480468, 48.941634052998751 ], [ 5.270663965354811, 48.941310727943282 ], [ 5.27045732195881, 48.941269662118522 ], [ 5.269843475242531, 48.941285788872776 ], [ 5.269308062859318, 48.941475853629314 ], [ 5.268888492874099, 48.941308371797192 ], [ 5.268525643572382, 48.940914909106247 ], [ 5.26724748359183, 48.940043973771758 ], [ 5.266112297920515, 48.939534668673538 ], [ 5.260968292294274, 48.937868576068041 ], [ 5.259377721277867, 48.937502743293898 ], [ 5.257063225838871, 48.936660233642407 ], [ 5.256359394599375, 48.93627315715225 ], [ 5.256137672961134, 48.935962464130121 ], [ 5.255827216755479, 48.93529809007282 ], [ 5.255612202944511, 48.935122213175532 ], [ 5.254707643851789, 48.934828867901253 ], [ 5.25414029176115, 48.934439210241401 ], [ 5.252324921574149, 48.933726661384803 ], [ 5.251411964866716, 48.933258022927127 ], [ 5.249558938461806, 48.932087332308697 ], [ 5.248646931549146, 48.931659138336613 ], [ 5.247531343416385, 48.931239254774091 ], [ 5.247351106512665, 48.931116688304094 ] ] ] } },
{ "type": "Feature", "properties": { "fid": 8751, "gid": 8751, "CdEuMasseDEau": "FRHR195B-H1123000", "NomMasseDEau": "ruisseau bunet", "Etat masse eau ": "Moyen", "Etat ecologique": "Moyen", "Etat chimique": "Non atteint", "_swEcologicalStatusOrPotentialValue": "3", "_swChemicalStatusValue": "3" }, "geometry": { "type": "MultiLineString", "coordinates": [ [ [ 5.301111621453265, 48.974272247550843 ], [ 5.300141551275137, 48.974025475315528 ], [ 5.299296660800922, 48.973596374043922 ], [ 5.298518917984085, 48.973120999536341 ], [ 5.29667396648554, 48.971919392471349 ], [ 5.29540024934277, 48.971138634467529 ], [ 5.295185151922024, 48.970967328685362 ], [ 5.294109425460771, 48.970317708101582 ], [ 5.293132660004177, 48.969936067433295 ], [ 5.292090954417596, 48.969650119058926 ], [ 5.29031055207248, 48.969558195399259 ], [ 5.288991857752364, 48.969187550421587 ], [ 5.288170918903197, 48.969162737447633 ], [ 5.285399704742273, 48.969687882485118 ], [ 5.284799672543361, 48.969928716772742 ], [ 5.284408181829392, 48.970251037315748 ], [ 5.28355428971071, 48.970856542353538 ], [ 5.282279402215955, 48.971249651924893 ], [ 5.27899592826672, 48.971159171237368 ], [ 5.277993014670711, 48.97154256686018 ], [ 5.276500010258625, 48.971714857248095 ], [ 5.274225827492504, 48.971366685993992 ], [ 5.273080976792322, 48.970673212951283 ], [ 5.272509424008886, 48.970238744890032 ], [ 5.271922679613694, 48.969534682005381 ], [ 5.270990707831368, 48.968747195291762 ], [ 5.270076771604134, 48.968274220013363 ], [ 5.2698589534032, 48.968057941652944 ], [ 5.269563122171964, 48.967658721468659 ], [ 5.268997262517807, 48.967314088953096 ], [ 5.267443597107994, 48.966641792438097 ], [ 5.265912775674217, 48.96613996857878 ], [ 5.265627381627417, 48.96592046169711 ], [ 5.265550685446506, 48.965786970834259 ], [ 5.264909032169993, 48.965308811332527 ], [ 5.264144076230393, 48.96505787732962 ], [ 5.263226603758437, 48.964539937337214 ], [ 5.262529924628586, 48.964287704323056 ], [ 5.261632392148569, 48.964129216533991 ], [ 5.26092207488139, 48.963877231603448 ], [ 5.260222608294534, 48.963580057918179 ], [ 5.258345250791116, 48.96299920958495 ], [ 5.257592680114437, 48.962972901407362 ], [ 5.256842719623353, 48.962987021410051 ], [ 5.256423016209555, 48.962819499302839 ], [ 5.255807350358539, 48.962799599210683 ], [ 5.25532090779452, 48.962628831053117 ], [ 5.254272002955063, 48.962207754336802 ], [ 5.253997034656543, 48.962167944338042 ], [ 5.253395237453791, 48.962408655268959 ], [ 5.252433164210919, 48.962296292564687 ], [ 5.252220850756969, 48.962165341369762 ], [ 5.251036324913123, 48.961746784573528 ], [ 5.250598912975248, 48.961485116961619 ], [ 5.250302608425518, 48.961090357190805 ], [ 5.250015362618123, 48.960825868635929 ], [ 5.249742544546507, 48.960835486675606 ], [ 5.249611634618212, 48.960927903266672 ], [ 5.249419158605241, 48.961156414855658 ], [ 5.248937688923102, 48.961079985876793 ], [ 5.248044993791202, 48.961011266932047 ], [ 5.247558593454341, 48.960840467003052 ], [ 5.246398676688944, 48.960871203330122 ], [ 5.245835645207534, 48.960566892583003 ], [ 5.245563216026945, 48.960585489831281 ], [ 5.245159287039451, 48.960683015137491 ], [ 5.244426546747177, 48.9610160929725 ], [ 5.244015279341301, 48.960983309960369 ], [ 5.242267287378828, 48.961474811127843 ], [ 5.241446492749952, 48.961449678156839 ], [ 5.240893134121689, 48.961329581292262 ], [ 5.240345164768872, 48.961294842877308 ], [ 5.239204758234661, 48.961640003366313 ], [ 5.238863485821514, 48.961646377110839 ], [ 5.23741782923039, 48.961466459053199 ], [ 5.236989610949434, 48.961119109891058 ], [ 5.236434139120149, 48.960949554344133 ], [ 5.235733998744395, 48.96065225294214 ], [ 5.234821027896793, 48.960448874794309 ], [ 5.234399484073357, 48.960236331452968 ], [ 5.234054357156039, 48.960152803972001 ], [ 5.232962700481605, 48.96018213841969 ], [ 5.232136364638013, 48.960067085874883 ], [ 5.231106981392786, 48.959955806756206 ], [ 5.230219891933798, 48.959976810964847 ], [ 5.229894655671947, 48.960257237285582 ], [ 5.22902531692035, 48.960592760157077 ], [ 5.227982417741514, 48.960265803092149 ], [ 5.227226050722673, 48.960149416527031 ], [ 5.226396013657452, 48.960007405634968 ], [ 5.225916570592449, 48.959917353438847 ], [ 5.223977713970692, 48.959463059619601 ], [ 5.223706628580648, 48.959513068010864 ], [ 5.22358141924382, 48.959699806977291 ], [ 5.223020456003921, 48.959440332767336 ], [ 5.222227662437933, 48.959909325405327 ], [ 5.221881896194543, 48.959830273079398 ], [ 5.221876347835896, 48.959740416719683 ], [ 5.221192095244849, 48.959712615025417 ], [ 5.220775967522708, 48.959585385659793 ], [ 5.219823400333969, 48.959652505518228 ], [ 5.21789111841005, 48.959530841270059 ], [ 5.21768082064127, 48.959444772668419 ] ] ] } },
{ "type": "Feature", "properties": { "fid": 8754, "gid": 8754, "CdEuMasseDEau": "FRHR195A", "NomMasseDEau": "L'Aire de sa source au confluent de l'Ezrule (exclu)", "Etat masse eau ": "Moyen", "Etat ecologique": "Bon", "Etat chimique": "Non atteint", "_swEcologicalStatusOrPotentialValue": "2", "_swChemicalStatusValue": "3" }, "geometry": { "type": "MultiLineString", "coordinates": [ [ [ 5.455553790747019, 48.701776933522552 ], [ 5.455567748854961, 48.702001615587008 ], [ 5.455927384972053, 48.702349661600799 ], [ 5.456150151546604, 48.702660030992462 ], [ 5.456175111488443, 48.703064461743189 ], [ 5.455647893177453, 48.703345281920654 ], [ 5.4548631880931, 48.703860868447272 ], [ 5.454067897693656, 48.704205690735179 ], [ 5.453743344856422, 48.704441836918882 ], [ 5.453764478085722, 48.704801352175693 ], [ 5.453921228460249, 48.705153577619733 ], [ 5.453796602938743, 48.705340616114192 ], [ 5.453415801246446, 48.705573418910255 ], [ 5.452745744253755, 48.705726681383432 ], [ 5.451608304164492, 48.706024529405873 ], [ 5.451082091283855, 48.706309806275478 ], [ 5.449819775023004, 48.706790177365633 ], [ 5.449497294457594, 48.707071261777202 ], [ 5.449463566893363, 48.70765687095426 ], [ 5.449617550978426, 48.707968663386737 ], [ 5.449765002727476, 48.708141109743281 ], [ 5.449734234246275, 48.708771651260193 ], [ 5.449623519580888, 48.709183366186657 ], [ 5.44943284628798, 48.709412249574562 ], [ 5.448838878104091, 48.709703405539095 ], [ 5.447899390605162, 48.709911663074763 ], [ 5.444732442124969, 48.710354561172025 ], [ 5.442435559404059, 48.710595088185599 ], [ 5.441367145526054, 48.710900419153148 ], [ 5.440646310435242, 48.711369603072079 ], [ 5.439585446038257, 48.711800743926453 ], [ 5.438712348012471, 48.711958076840283 ], [ 5.43605869017378, 48.713060642152698 ], [ 5.435404456391659, 48.713483438688947 ], [ 5.435086896838805, 48.713854365791327 ], [ 5.434771637431385, 48.714274737248097 ], [ 5.434774030567844, 48.715219542109246 ], [ 5.434719125950275, 48.715445627798871 ], [ 5.434396301253046, 48.715722174286107 ], [ 5.432964037429935, 48.71679523088202 ], [ 5.431670518732953, 48.717910432892488 ], [ 5.430845138980354, 48.718876602948455 ], [ 5.430603211614407, 48.719376453026726 ], [ 5.43072404019372, 48.721169201893581 ], [ 5.431231490022106, 48.721698774354302 ], [ 5.431263392686087, 48.722238036545519 ], [ 5.43121055790732, 48.722509069293551 ], [ 5.430974069333783, 48.723107791286658 ], [ 5.430805944865264, 48.723696121029569 ], [ 5.430795921616624, 48.724686162436726 ], [ 5.430674748056988, 48.724913593992525 ], [ 5.43042208511869, 48.725238188278006 ], [ 5.429710415584532, 48.72583758593391 ], [ 5.429245945200495, 48.726031512808781 ], [ 5.427098028466766, 48.72649365506863 ], [ 5.426367647107136, 48.726782963979943 ], [ 5.425907123154445, 48.7270622825963 ], [ 5.425274599215869, 48.727628547475177 ], [ 5.424062214718174, 48.728962460996378 ], [ 5.423214736994895, 48.729569073603372 ], [ 5.4224913960649, 48.729993190439188 ], [ 5.421256089467929, 48.730927105269856 ], [ 5.41881062039538, 48.733248801659862 ], [ 5.418030964390334, 48.733853997850638 ], [ 5.417210903649576, 48.734725459263089 ], [ 5.416898945798023, 48.735186196354078 ], [ 5.416783928899227, 48.735548461092691 ], [ 5.416598875071645, 48.735867151947389 ], [ 5.415819154354598, 48.736472332325967 ], [ 5.415642878470013, 48.736925819098317 ], [ 5.415681717876828, 48.737599910356906 ], [ 5.415570465728278, 48.738007088488487 ], [ 5.415450424965599, 48.738279468865727 ], [ 5.41526055312486, 48.738512769681577 ], [ 5.414804873714499, 48.738881924804211 ], [ 5.413972181907099, 48.739722118877857 ], [ 5.413719135721068, 48.740042178691361 ], [ 5.413541338319647, 48.740500190288451 ], [ 5.413308233959423, 48.742079611115855 ], [ 5.413006848803167, 48.74271558688708 ], [ 5.41303564896529, 48.743209911802914 ], [ 5.413180359894067, 48.743341960720336 ], [ 5.413199151870493, 48.743656521580398 ], [ 5.412874339700936, 48.743933037475692 ], [ 5.412689232303706, 48.744251719961866 ], [ 5.412428433482946, 48.74444145657003 ], [ 5.411362888970915, 48.744827419064833 ], [ 5.410907807419592, 48.745156051255229 ], [ 5.410393696251958, 48.745661340082997 ], [ 5.409832227194108, 48.746541010802574 ], [ 5.409663789096017, 48.747129298857253 ], [ 5.409568556294079, 48.748750908382362 ], [ 5.409189526215752, 48.75037824338677 ], [ 5.408884476726621, 48.750973784097098 ], [ 5.408310234206885, 48.751615246669921 ], [ 5.407660289046664, 48.752127758457227 ], [ 5.406660456790256, 48.752467356134495 ], [ 5.406333690199406, 48.752703397764627 ], [ 5.406150583846697, 48.753067016973532 ], [ 5.406186704118989, 48.7534262172789 ], [ 5.405616066421808, 48.755291346203286 ], [ 5.405133664989004, 48.756340355994922 ], [ 5.404563294859852, 48.757031207385296 ], [ 5.404325080417195, 48.757620885977722 ], [ 5.403938840546597, 48.757988590187857 ], [ 5.403751765590627, 48.758266800724449 ], [ 5.403988143248379, 48.759742238040289 ], [ 5.4042366517871, 48.760502076703659 ], [ 5.404608032168067, 48.761029987409366 ], [ 5.404694767242182, 48.761343175525681 ], [ 5.404677178234172, 48.762198352726251 ], [ 5.404570779862204, 48.762695392677067 ], [ 5.404099121551453, 48.763924135753392 ], [ 5.403987722957794, 48.764331293792957 ], [ 5.40375892637238, 48.764830796013122 ], [ 5.403722992034628, 48.765380403916829 ], [ 5.40386397043624, 48.765467546960565 ], [ 5.404105442028279, 48.766092552781089 ], [ 5.404170605639139, 48.767211503818707 ], [ 5.404058350630147, 48.76761867786955 ], [ 5.403867471191874, 48.767851971735169 ], [ 5.403750221282708, 48.768169264915329 ], [ 5.403526548814657, 48.768983594188612 ], [ 5.40316103021482, 48.769710796192498 ], [ 5.402648623384301, 48.771165295479072 ], [ 5.402701919753796, 48.772064028437683 ], [ 5.402861654551179, 48.772465726785171 ], [ 5.403623517470092, 48.773840593295205 ], [ 5.403921989155737, 48.77427998874407 ], [ 5.405503767156771, 48.775498866854008 ], [ 5.406236139242824, 48.776379417921163 ], [ 5.406543625119764, 48.776958094348387 ], [ 5.407089923257161, 48.778157319451971 ], [ 5.407772261626676, 48.779925172446099 ], [ 5.407973216751641, 48.780204558502376 ], [ 5.40816243463439, 48.78109604476878 ], [ 5.408495822924731, 48.782124092127454 ], [ 5.408610338827027, 48.7829271028683 ], [ 5.408434050891825, 48.783385055474092 ], [ 5.407808127716574, 48.784297471311525 ], [ 5.406966634672826, 48.785038766256825 ], [ 5.406716457213888, 48.785408224269055 ], [ 5.406255531981032, 48.786596241338877 ], [ 5.406055581364834, 48.787814990787858 ], [ 5.405823297512324, 48.788499012837462 ], [ 5.405659675203278, 48.789177152334382 ], [ 5.40564416571813, 48.790077256692811 ], [ 5.406018694625673, 48.79065008004924 ], [ 5.406113408678673, 48.791098068155762 ], [ 5.405213534248484, 48.792920267053887 ], [ 5.405122916498645, 48.793686911909361 ], [ 5.405202109786945, 48.795034999901851 ], [ 5.405428011812338, 48.796555591255128 ], [ 5.405462410073794, 48.798039545495541 ], [ 5.405093562865858, 48.798735305863566 ], [ 5.404750392536691, 48.799821953680308 ], [ 5.404433954667122, 48.800233224065153 ], [ 5.403789210494191, 48.80083555362738 ], [ 5.402079744451585, 48.801868687235171 ], [ 5.401826530852412, 48.802193199209405 ], [ 5.40170712114215, 48.802465533403641 ], [ 5.401697236406056, 48.803230545234179 ], [ 5.401862693707145, 48.803717599729922 ], [ 5.402160678034269, 48.804161499868286 ], [ 5.402192330595494, 48.804700731064607 ], [ 5.402091664250957, 48.805287610673126 ], [ 5.401736704419111, 48.806194522896973 ], [ 5.401360689033873, 48.806755442095117 ], [ 5.40124917758366, 48.807162582268667 ], [ 5.401451281156927, 48.808278742714258 ], [ 5.401627648267026, 48.808725086521086 ], [ 5.401806234039838, 48.809441317891903 ], [ 5.402025363873811, 48.809706846461573 ], [ 5.402601228764039, 48.810230637311193 ], [ 5.402896977892348, 48.810625091271497 ], [ 5.403051838249403, 48.810936898720712 ], [ 5.403268908823929, 48.811157477611509 ], [ 5.403786738947255, 48.811862384346007 ], [ 5.403931616951036, 48.811994436535187 ], [ 5.403886467960794, 48.812400242692839 ], [ 5.402980182872517, 48.813187772666801 ], [ 5.402667629963506, 48.813648440952704 ], [ 5.402560108387846, 48.813920533825382 ], [ 5.401620293190597, 48.815293576279281 ], [ 5.401202188413118, 48.816291722974491 ], [ 5.400972427935621, 48.817016153459981 ], [ 5.401059234295889, 48.81732932880054 ], [ 5.401075909568995, 48.817598924342477 ], [ 5.400882556736641, 48.817782761674813 ], [ 5.400840299858173, 48.818233494314136 ], [ 5.400710223019343, 48.818330582395895 ], [ 5.400296005452717, 48.81824892392509 ], [ 5.400091817364117, 48.818253023884743 ], [ 5.400110971275909, 48.818576555506056 ], [ 5.400469615195316, 48.818875274752322 ], [ 5.400493762100759, 48.819288682589757 ], [ 5.400238177470972, 48.819563744758483 ], [ 5.400334825304158, 48.819831733996907 ], [ 5.400551921413955, 48.820052316079327 ], [ 5.400493469160047, 48.82018845478003 ], [ 5.400105037177453, 48.820556160537173 ], [ 5.400252850498686, 48.820733145800823 ], [ 5.400742007844635, 48.820943765647272 ], [ 5.400830889542971, 48.821301886745204 ], [ 5.400795322232361, 48.821842460020505 ], [ 5.40060609271459, 48.822116189516521 ], [ 5.400692905365335, 48.822429363703328 ], [ 5.400437513381048, 48.82270892019276 ], [ 5.399520167837818, 48.823316681562083 ], [ 5.398850508083978, 48.823514572230337 ], [ 5.398308870119461, 48.823570427613951 ], [ 5.397579036730517, 48.823904482410086 ], [ 5.39663091928117, 48.824418362077871 ], [ 5.396424227446252, 48.824683436157649 ], [ 5.396356715482178, 48.824900732027459 ], [ 5.396328502234104, 48.825157729325056 ], [ 5.396348583465501, 48.825409259732709 ], [ 5.396351196975897, 48.825521677382874 ], [ 5.396461790912589, 48.825852371816161 ], [ 5.396600101521835, 48.82613752248028 ], [ 5.397016730195985, 48.826844478946391 ], [ 5.397616448551841, 48.827772701941896 ], [ 5.398006972030935, 48.828615141726161 ], [ 5.398044848210232, 48.8292532102896 ], [ 5.397993434239295, 48.829524168796908 ], [ 5.397804162127335, 48.829797891985855 ], [ 5.397245698502052, 48.830137501785146 ], [ 5.397217082669364, 48.830219053638039 ], [ 5.397287228550852, 48.830262635060166 ], [ 5.397320686450713, 48.830378932594016 ], [ 5.39730011897684, 48.830487315774079 ], [ 5.396969682095078, 48.83052543211172 ], [ 5.39663204766983, 48.830536699108038 ], [ 5.39640918664264, 48.830469185551998 ], [ 5.396373980149954, 48.830388913112763 ], [ 5.396413015848502, 48.830311651441278 ], [ 5.396554521207673, 48.830128863880759 ], [ 5.39654703209202, 48.830003048059694 ], [ 5.396427761526061, 48.829946954482672 ], [ 5.396218530694749, 48.83002762724535 ], [ 5.395998296543536, 48.830220989673727 ], [ 5.395926922993377, 48.830298899220111 ], [ 5.395260076643354, 48.830541697896692 ], [ 5.394873232591037, 48.830909349171868 ], [ 5.394148255077597, 48.831333256570467 ], [ 5.393346077670299, 48.831578753626289 ], [ 5.393215747172895, 48.831671337761421 ], [ 5.393077463345648, 48.832573859318842 ], [ 5.393111954230031, 48.833158008612976 ], [ 5.393263056784702, 48.833424910224693 ], [ 5.393211613844235, 48.833695865666932 ], [ 5.393088320869862, 48.833923271387746 ], [ 5.393129494060971, 48.834597261445793 ], [ 5.393291410940098, 48.83504389665336 ], [ 5.393253253623169, 48.835548521100414 ], [ 5.39329770771544, 48.836312419581851 ], [ 5.393664537091285, 48.836750453655007 ], [ 5.393671582055099, 48.836885275170978 ], [ 5.393277842137461, 48.837122592348081 ], [ 5.393224693427684, 48.837393580967706 ], [ 5.393033303587701, 48.837622348523439 ], [ 5.392155894426092, 48.837734377312607 ], [ 5.391894346850068, 48.83791955884454 ], [ 5.391490998179943, 48.83802209952438 ], [ 5.389505678890036, 48.837845847009909 ], [ 5.388416673468457, 48.837876600023442 ], [ 5.387402221389375, 48.837991330690173 ], [ 5.3863981123793, 48.838294793039083 ], [ 5.385536783610052, 48.83872136291329 ], [ 5.385147107511095, 48.839048545408467 ], [ 5.384896310461289, 48.839413445413683 ], [ 5.384753747885818, 48.840226058702839 ], [ 5.384505850443198, 48.840635886716818 ], [ 5.384507763405508, 48.84185050232886 ], [ 5.3843773915237, 48.841943075982094 ], [ 5.384469104680043, 48.842346131673011 ], [ 5.38481029155068, 48.84350899353614 ], [ 5.384544929459166, 48.843649245925953 ], [ 5.384074276774327, 48.843753101795045 ], [ 5.383525392985067, 48.843674067966255 ], [ 5.382967995820384, 48.843464738809452 ], [ 5.382148993227128, 48.843440566323288 ], [ 5.381039383978847, 48.843116262428609 ], [ 5.380969439777819, 48.843077166594192 ], [ 5.380890575155493, 48.842898788468737 ], [ 5.380676371941835, 48.842723104423108 ], [ 5.37925053801314, 48.842805463230363 ], [ 5.378860586706756, 48.843128129431392 ], [ 5.377654737672184, 48.843476014882327 ], [ 5.377003345608719, 48.843988318269467 ], [ 5.376333129783682, 48.844181584566783 ], [ 5.375726261262892, 48.844288113545652 ], [ 5.375260534557859, 48.844481810143563 ], [ 5.375066990943738, 48.844665601311348 ], [ 5.375043087400864, 48.845430852618293 ], [ 5.374659299771212, 48.845852352070914 ], [ 5.374620544416616, 48.846347976450282 ], [ 5.374837642136962, 48.846568599981261 ], [ 5.375600981171402, 48.846809865627058 ], [ 5.37581313444358, 48.846940612033372 ], [ 5.375816035333258, 48.846985541206713 ], [ 5.37542354077415, 48.847272255048161 ], [ 5.375411212396623, 48.847992288087809 ], [ 5.375105205584525, 48.848587691161157 ], [ 5.37475733026704, 48.849629292386517 ], [ 5.374503509618184, 48.84994923805985 ], [ 5.374304994811388, 48.850043152034807 ], [ 5.373769058234675, 48.850193247706407 ], [ 5.37248126637918, 48.850317768040362 ], [ 5.369579409832546, 48.850793664735932 ], [ 5.367502168116744, 48.851397128140754 ], [ 5.366368038414993, 48.851828946673976 ], [ 5.366231823539735, 48.851831641313197 ], [ 5.366242543827346, 48.852011374974722 ], [ 5.365869151545448, 48.852608082697571 ], [ 5.365481936340986, 48.852975631618186 ], [ 5.364107661042024, 48.853956510212363 ], [ 5.36332104207114, 48.854480398703203 ], [ 5.362791995705237, 48.854765265736376 ], [ 5.361918308836127, 48.854966962972362 ], [ 5.359691241703389, 48.855334814809197 ], [ 5.358890567897706, 48.855625021484421 ], [ 5.357447133310611, 48.856607181105801 ], [ 5.356742095585204, 48.857354345583744 ], [ 5.356490160068462, 48.857719196786455 ], [ 5.356388025096874, 48.858306026809473 ], [ 5.356620752249172, 48.858571358628751 ], [ 5.356972875853487, 48.858744365760607 ], [ 5.356992552537667, 48.859103866023673 ], [ 5.356472727459118, 48.859518979936411 ], [ 5.356286864520899, 48.859837542373803 ], [ 5.355957163416739, 48.860028477815391 ], [ 5.355213831513726, 48.860137583989108 ], [ 5.354755482625909, 48.86046150755574 ], [ 5.354545562135938, 48.860380165898718 ], [ 5.354260374162554, 48.860160848770668 ], [ 5.354056018232709, 48.860164869965772 ], [ 5.353724275782353, 48.860310853286229 ], [ 5.353515005902298, 48.860224998466279 ], [ 5.353503476349547, 48.860045281746316 ], [ 5.353632768849049, 48.85990778056432 ], [ 5.353347587303736, 48.859688461167629 ], [ 5.352933318281909, 48.85961113626432 ], [ 5.352417460642796, 48.859171421782563 ], [ 5.351933050304173, 48.859050486776887 ], [ 5.35035694283218, 48.858910515125793 ], [ 5.350025846685008, 48.859051977028152 ], [ 5.349776937824433, 48.859466237431697 ], [ 5.349381327167681, 48.859707933320117 ], [ 5.348913337781022, 48.859856578646088 ], [ 5.348926878407283, 48.860081241849691 ], [ 5.34859321648005, 48.860222749792285 ], [ 5.348055074938466, 48.860327782897912 ], [ 5.347083985734013, 48.860981136940083 ], [ 5.346955524788839, 48.861118614209602 ], [ 5.346987492107411, 48.861657815759337 ], [ 5.34715687704026, 48.862239306954422 ], [ 5.347379476557803, 48.862545341021118 ], [ 5.347287035187431, 48.863311910941214 ], [ 5.347377324791778, 48.863670024679386 ], [ 5.347196496756469, 48.864082941436422 ], [ 5.347227284833506, 48.865787290958693 ], [ 5.346842068082723, 48.866204215553971 ], [ 5.346806002128387, 48.866519821550455 ], [ 5.346680403651044, 48.86670222691297 ], [ 5.346331988582961, 48.866574103133303 ], [ 5.346245537026772, 48.866490325918832 ], [ 5.345973028517499, 48.866495669155803 ], [ 5.345799082382603, 48.866777989518681 ], [ 5.345437245924981, 48.866654624848572 ], [ 5.345234887862267, 48.866703576758567 ], [ 5.344719893277311, 48.866983582410242 ], [ 5.34467018828259, 48.867299454543442 ], [ 5.344470904325073, 48.867397828810823 ], [ 5.344130262518206, 48.86740450270392 ], [ 5.344065860396861, 48.867450749794479 ], [ 5.344096950076787, 48.867989965715566 ], [ 5.343636642539987, 48.868273393214778 ], [ 5.343573409938191, 48.868364602448452 ], [ 5.343111190765292, 48.868643566614637 ], [ 5.342774468061752, 48.868699643624858 ], [ 5.342378350464913, 48.868932325196091 ], [ 5.341975515908175, 48.86903467936682 ], [ 5.341499453553742, 48.869043995924393 ], [ 5.341365213158093, 48.869091607984565 ], [ 5.341527645041889, 48.869538282649337 ], [ 5.341470152271349, 48.86971934882925 ], [ 5.3414232974718, 48.87008014789901 ], [ 5.340898865441223, 48.870454788889091 ], [ 5.340828712630721, 48.870411175981552 ], [ 5.340655371277367, 48.870954389571963 ], [ 5.34007553261727, 48.871519047946521 ], [ 5.33983606472262, 48.872108537827792 ], [ 5.339642293486173, 48.872292267093897 ], [ 5.339663559060421, 48.872651732494255 ], [ 5.339813334392465, 48.872873729787038 ], [ 5.339781137804741, 48.87350415097152 ], [ 5.339589380605043, 48.87373282553088 ], [ 5.339328519078391, 48.873922363998552 ], [ 5.33936170721304, 48.87428159583159 ], [ 5.339443146236833, 48.874500430640481 ], [ 5.339387861958449, 48.874730935140477 ], [ 5.339324614077037, 48.874822141596233 ], [ 5.339371831621534, 48.875626450620878 ], [ 5.339994867566703, 48.875794210178668 ], [ 5.340009225614161, 48.876018854498376 ], [ 5.339809697521029, 48.87611272567726 ], [ 5.339885600203358, 48.876246196666358 ], [ 5.340162850133066, 48.876326247131082 ], [ 5.340104493370298, 48.87650732819688 ], [ 5.339769736280085, 48.876608341843415 ], [ 5.339848511105382, 48.876786741630568 ], [ 5.33999542745219, 48.876963809039843 ], [ 5.339895940505286, 48.877595543560787 ], [ 5.340253995612828, 48.877898938685938 ], [ 5.340735032054101, 48.877979501343205 ], [ 5.34095074700009, 48.878150723431993 ], [ 5.340827120638755, 48.878378066132598 ], [ 5.340358939078442, 48.878526675495536 ], [ 5.340368723784159, 48.878706423787889 ], [ 5.340658847698203, 48.879015644442163 ], [ 5.340828986211378, 48.879367697552858 ], [ 5.341114222794505, 48.879587042873517 ], [ 5.341136353317456, 48.879946488972529 ], [ 5.341415848237077, 48.880075976129312 ], [ 5.341693972720701, 48.880156006105793 ], [ 5.34197921726439, 48.880375349208578 ], [ 5.342201863873544, 48.880681387880159 ], [ 5.342161272255071, 48.881181513985517 ], [ 5.342098873228856, 48.881272704703846 ], [ 5.341772507530298, 48.881504014751982 ], [ 5.34142804812602, 48.881465768942064 ], [ 5.341216894499607, 48.88133944351776 ], [ 5.340742740244504, 48.881393702236522 ], [ 5.340409973416392, 48.881539662501936 ], [ 5.339949324047763, 48.881818577812936 ], [ 5.339630058549993, 48.882189195574952 ], [ 5.339169399258942, 48.882468107720513 ], [ 5.337629792446209, 48.882966027587557 ], [ 5.336704914436526, 48.883483416772648 ], [ 5.335728226084897, 48.884271716867424 ], [ 5.335733110977196, 48.884361590737377 ], [ 5.335412947991669, 48.884732213020165 ], [ 5.335361153390332, 48.885003130978816 ], [ 5.335386427098458, 48.885452483408031 ], [ 5.335619678248412, 48.88593826380302 ], [ 5.335585547065668, 48.886298805936015 ], [ 5.335465799774609, 48.886575547845055 ], [ 5.335418036279435, 48.886936355665682 ], [ 5.335713712057123, 48.887330948495404 ], [ 5.335663933009528, 48.887646811056094 ], [ 5.335412555201655, 48.888011591239767 ], [ 5.335247053041933, 48.888694084810027 ], [ 5.334985047195591, 48.888879133349562 ], [ 5.334372241400597, 48.888904580355302 ], [ 5.334171490391078, 48.888953479344593 ], [ 5.33425026471236, 48.889131880813324 ], [ 5.335021791749453, 48.889508197999596 ], [ 5.335175628247181, 48.889820087766111 ], [ 5.335128263007354, 48.890189883408247 ], [ 5.334690763333474, 48.890873181545842 ], [ 5.334298362003761, 48.891155237943977 ], [ 5.333443480639305, 48.891716213970895 ], [ 5.332776207162718, 48.891954139656121 ], [ 5.33209480053198, 48.891971914108417 ], [ 5.331830954891104, 48.892116504704575 ], [ 5.331639094229977, 48.892345162658856 ], [ 5.330626320530183, 48.892504334570617 ], [ 5.330428724596249, 48.89264313369889 ], [ 5.330445058289601, 48.892912720707002 ], [ 5.330607633045635, 48.893134476641087 ], [ 5.331024349687326, 48.893261315929699 ], [ 5.331099201527969, 48.89339031250158 ], [ 5.33104471229066, 48.893620792597645 ], [ 5.330651217210334, 48.89389835843415 ], [ 5.330656946285842, 48.893988215135714 ], [ 5.331143645165231, 48.894154177346721 ], [ 5.33108608910193, 48.89433523448767 ], [ 5.330888688716873, 48.894478528633954 ], [ 5.330487136793949, 48.894576314096142 ], [ 5.330491161551101, 48.894666203922093 ], [ 5.330706261143292, 48.894841952944944 ], [ 5.330718880243481, 48.89506662765983 ], [ 5.330320495910705, 48.895254318868389 ], [ 5.329781505728999, 48.895368272026523 ], [ 5.329593339867708, 48.895641837746552 ], [ 5.329435274784497, 48.896454625454894 ], [ 5.328391523212818, 48.898458720060759 ], [ 5.3280961325375, 48.899233688347323 ], [ 5.327860290239866, 48.899643128462138 ], [ 5.327903839540855, 48.900407006713685 ], [ 5.328071126852624, 48.900943559739162 ], [ 5.327984058306973, 48.901799944164232 ], [ 5.328141402895163, 48.902152256511719 ], [ 5.328225050148514, 48.902420532492336 ], [ 5.328185810610976, 48.902916116338183 ], [ 5.327737715882564, 48.903424146949 ], [ 5.327788150008705, 48.904322839723442 ], [ 5.328010815610786, 48.904628898096817 ], [ 5.327704204738742, 48.904963239057132 ], [ 5.32764290997825, 48.905099381357722 ], [ 5.327386519210807, 48.905374266407669 ], [ 5.327330947747551, 48.905600264401052 ], [ 5.326804046807546, 48.905929887017095 ], [ 5.326547647519431, 48.906204770062274 ], [ 5.3263451179477, 48.906253688273289 ], [ 5.325934231854701, 48.906221184582598 ], [ 5.32525263612568, 48.906238919870376 ], [ 5.324378792200954, 48.906440317031993 ], [ 5.323465956130394, 48.907182265751352 ], [ 5.323279721019802, 48.907500763096273 ], [ 5.323082048567772, 48.907639548198482 ], [ 5.322270638451546, 48.907749751128819 ], [ 5.321880048059635, 48.908076706977575 ], [ 5.321429190487968, 48.908544278073272 ], [ 5.32109704822202, 48.908690164518198 ], [ 5.320694115085891, 48.908778943493367 ], [ 5.320423988075061, 48.908842656198011 ], [ 5.319734640632655, 48.908725559575963 ], [ 5.319120992803252, 48.908737444716472 ], [ 5.318374885698504, 48.908801372718237 ], [ 5.317700963845967, 48.908953865582312 ], [ 5.317703818031515, 48.908998793624413 ], [ 5.316679264442867, 48.908978133003828 ], [ 5.316073519034167, 48.909129297661792 ], [ 5.315051815429029, 48.909153551198827 ], [ 5.314109046645129, 48.909360701894165 ], [ 5.313550830526902, 48.909429965338163 ], [ 5.312754514033434, 48.909535312792322 ], [ 5.312083415587685, 48.909732702079616 ], [ 5.311952744929559, 48.909825191072997 ], [ 5.311100164680573, 48.910430926114557 ], [ 5.309767321693656, 48.91096045005083 ], [ 5.30875526083976, 48.91116439529776 ], [ 5.308021631315444, 48.911452932321417 ], [ 5.30723432109316, 48.912012396705016 ], [ 5.307044382302164, 48.912249967155873 ], [ 5.307069424765027, 48.912699314342902 ], [ 5.30693873774875, 48.91279179761495 ], [ 5.306590311264078, 48.912668058004613 ], [ 5.306243679357119, 48.912584767488823 ], [ 5.306039313116469, 48.91259320095913 ], [ 5.305174957787021, 48.912974202304063 ], [ 5.304970390738873, 48.912978139489816 ], [ 5.304760137193986, 48.912892219953335 ], [ 5.30461124858425, 48.912670170525772 ], [ 5.304329026438324, 48.912500167564673 ], [ 5.30364535125446, 48.912472835186001 ], [ 5.30336577636174, 48.91234326369986 ], [ 5.303229399895141, 48.912345886471158 ], [ 5.303179399786317, 48.912661728276113 ], [ 5.303047853592461, 48.912754223698229 ], [ 5.302702278047659, 48.912675401014589 ], [ 5.302416169686881, 48.912455987217683 ], [ 5.301866032142833, 48.912381094577313 ], [ 5.301638172197237, 48.912205542296206 ], [ 5.301503784032853, 48.91225310777368 ], [ 5.30133955487602, 48.912706092267214 ], [ 5.301207351718793, 48.912803096508128 ], [ 5.3007894162376, 48.912631194700047 ], [ 5.300681749972387, 48.912183434452139 ], [ 5.30032851607267, 48.911969803544721 ], [ 5.299157034272962, 48.91177188270337 ], [ 5.298806647440678, 48.911603175603226 ], [ 5.298720299141161, 48.911289952957567 ], [ 5.298647288782163, 48.911201388558162 ], [ 5.298311177278446, 48.911297804948383 ], [ 5.297861130922036, 48.911769764055101 ], [ 5.297098787269692, 48.911563972598266 ], [ 5.296828021742185, 48.911614148497307 ], [ 5.296492954915757, 48.911715037880427 ], [ 5.29511950860871, 48.911579428099571 ], [ 5.293543074025161, 48.911425198843887 ], [ 5.292516700100105, 48.911363881256321 ], [ 5.291494941699614, 48.911387933825438 ], [ 5.287182157343101, 48.911142001654213 ], [ 5.285895477991608, 48.91131051182429 ], [ 5.285222280891219, 48.911462805336704 ], [ 5.284285926075943, 48.911800044995069 ], [ 5.282425328103332, 48.912654200719587 ], [ 5.28069494637791, 48.913424877666102 ], [ 5.280490572709214, 48.913433267545791 ], [ 5.280281210125287, 48.913347288857921 ], [ 5.279990401262226, 48.913037947899966 ], [ 5.279852052440939, 48.912995599061887 ], [ 5.27965811420969, 48.913183718825657 ], [ 5.279754785247145, 48.913676685886223 ], [ 5.279622342479203, 48.913769171720446 ], [ 5.279706610674924, 48.914037462452434 ], [ 5.279857169403694, 48.914299992992738 ], [ 5.27979941265473, 48.914481022106713 ], [ 5.2793363749552, 48.914719245301242 ], [ 5.278724812608498, 48.914780362866551 ], [ 5.27806479871002, 48.91515727546328 ], [ 5.277461492350005, 48.915348678223509 ], [ 5.277068596422871, 48.915630540696419 ], [ 5.276951355328058, 48.915992628144323 ], [ 5.277105774487867, 48.916304568662248 ], [ 5.277053644953376, 48.916575453502126 ], [ 5.276338184223702, 48.917187317133717 ], [ 5.275091947282284, 48.918070155415386 ], [ 5.274352399278134, 48.918268627063178 ], [ 5.272439356089428, 48.918223968311622 ], [ 5.272240593132308, 48.918322201538771 ], [ 5.272036002587634, 48.918326082467424 ], [ 5.271517067219436, 48.918790244119258 ], [ 5.270700855126288, 48.91885520018738 ], [ 5.270163715435012, 48.919000327804888 ], [ 5.269499920392946, 48.919332279170717 ], [ 5.268688606672065, 48.919451106926218 ], [ 5.268287195919729, 48.919598153255777 ], [ 5.267295589761423, 48.920161208933592 ], [ 5.26629076243603, 48.920499596099347 ], [ 5.265685589164571, 48.920650488204082 ], [ 5.264879725007845, 48.920895135762805 ], [ 5.264087896086463, 48.921364421858321 ], [ 5.262404864613729, 48.921765071866233 ], [ 5.261946638897543, 48.922097594457824 ], [ 5.261492972191091, 48.92251549442426 ], [ 5.261162331033867, 48.922701663183048 ], [ 5.261025925312027, 48.922704237885874 ], [ 5.260962481807145, 48.92279539889693 ], [ 5.260225618093654, 48.923038711283112 ], [ 5.260230376220752, 48.923128585002459 ], [ 5.259286283680372, 48.923335317618829 ], [ 5.258695981073991, 48.923751284593962 ], [ 5.258050824274855, 48.924397688781042 ], [ 5.257313071687554, 48.924640998967163 ], [ 5.256591273377325, 48.925153893547815 ], [ 5.2558988080404, 48.92494652554992 ], [ 5.25542175618945, 48.924964504320656 ], [ 5.254883000497287, 48.925114089207007 ], [ 5.254419754123287, 48.925352213757286 ], [ 5.254096617567777, 48.925673165120067 ], [ 5.253823789832564, 48.925678298269311 ], [ 5.253749983128332, 48.925589723734412 ], [ 5.253737688971206, 48.925365047308766 ], [ 5.253527664724383, 48.925283533347859 ], [ 5.253268836198624, 48.925513309622254 ], [ 5.253104742089852, 48.926236100194409 ], [ 5.25291326235338, 48.926464608715463 ], [ 5.251208373354468, 48.927450264501509 ], [ 5.250461062133562, 48.927513784410813 ], [ 5.25019595693286, 48.927658206370317 ], [ 5.250021478776627, 48.928201259932322 ], [ 5.249889798824245, 48.928293695640498 ], [ 5.249474046610271, 48.928171056650278 ], [ 5.249119165456012, 48.927916827551314 ], [ 5.248846325465287, 48.927921949357412 ], [ 5.248580361075323, 48.928066383693057 ], [ 5.248454269786936, 48.928248675588819 ], [ 5.248317848895471, 48.928251235811821 ] ] ] } },
{ "type": "Feature", "properties": { "fid": 8758, "gid": 8758, "CdEuMasseDEau": "FRHR195C", "NomMasseDEau": "L'Ezrule de sa source au confluent de l'Aire (exclu)", "Etat masse eau ": "Moyen", "Etat ecologique": "Moyen", "Etat chimique": "Non atteint", "_swEcologicalStatusOrPotentialValue": "3", "_swChemicalStatusValue": "3" }, "geometry": { "type": "MultiLineString", "coordinates": [ [ [ 5.291249512130287, 48.808579781064083 ], [ 5.290313069040594, 48.808872150084461 ], [ 5.290054980375221, 48.809102029978611 ], [ 5.289931295846724, 48.809329334144202 ], [ 5.2891233187649, 48.809484271302772 ], [ 5.288513001948996, 48.809545444638466 ], [ 5.288318160315846, 48.809684135741058 ], [ 5.28825687472423, 48.809820269553896 ], [ 5.287734368215935, 48.810194665155855 ], [ 5.287753549278582, 48.810554192262842 ], [ 5.287905748399934, 48.810821199538594 ], [ 5.287857725234909, 48.811182012869729 ], [ 5.287603558726734, 48.811501784971107 ], [ 5.287637248653485, 48.812094964904368 ], [ 5.287854686380081, 48.812315736602173 ], [ 5.287955846516079, 48.812894128607802 ], [ 5.288038293105343, 48.813162470479803 ], [ 5.288045912537298, 48.813297284643134 ], [ 5.287331603371591, 48.813900281227966 ], [ 5.286614455458075, 48.814458340612767 ], [ 5.285360610701398, 48.815166115946433 ], [ 5.285108379671392, 48.81553083047789 ], [ 5.285001942498538, 48.815802784346587 ], [ 5.284946282797003, 48.816028780899529 ], [ 5.284362386656768, 48.816539290975967 ], [ 5.284247971407573, 48.816901369210314 ], [ 5.283858744625839, 48.817268698032336 ], [ 5.283328612074169, 48.819901531534285 ], [ 5.283337477515701, 48.821250951249866 ], [ 5.283009525169275, 48.82148214602234 ], [ 5.282545626290269, 48.821720434151963 ], [ 5.282371092523264, 48.821993683843409 ], [ 5.281648994322362, 48.822461828408009 ], [ 5.280866413596481, 48.823066080605543 ], [ 5.280407077992511, 48.823389746257327 ], [ 5.279632068205676, 48.824128803229584 ], [ 5.278201493225675, 48.824911838530902 ], [ 5.278520594002139, 48.824964239295319 ], [ 5.278551966077141, 48.825642930501033 ], [ 5.2781172046892, 48.825925630165152 ], [ 5.278714306804867, 48.825869265145492 ], [ 5.278662472560832, 48.82614466771696 ], [ 5.277683029704368, 48.826397258029353 ], [ 5.276910156594946, 48.828454340158125 ], [ 5.27757356517774, 48.831941601618823 ], [ 5.278363366299017, 48.833213147245885 ], [ 5.279103818552343, 48.833842332198138 ], [ 5.279430484415075, 48.834942753384901 ], [ 5.279264086941779, 48.835539735685671 ], [ 5.279646971644699, 48.835919313555067 ], [ 5.279594084595751, 48.836190235472252 ], [ 5.279813555200319, 48.836455965178537 ], [ 5.280171829009721, 48.836759534937237 ], [ 5.280249488479855, 48.836937996524547 ], [ 5.280297923690425, 48.837791798927022 ], [ 5.28152268559526, 48.838974051515166 ], [ 5.28191086806592, 48.839551456986953 ], [ 5.282901179042501, 48.840202840927681 ], [ 5.283050422381783, 48.840420420884527 ], [ 5.283148960024847, 48.840958365626953 ], [ 5.283576695590082, 48.841310082847706 ], [ 5.283703522928384, 48.842337828006784 ], [ 5.283583601175123, 48.842614528954051 ], [ 5.283555337195764, 48.84333033657321 ], [ 5.283429770253765, 48.843517174086543 ], [ 5.283447815275663, 48.84383172719523 ], [ 5.283618303657256, 48.844183856443571 ], [ 5.283636763564831, 48.845713005111378 ], [ 5.283331691686957, 48.846353121935302 ], [ 5.283023327441746, 48.846898831316594 ], [ 5.282969989421912, 48.847178757837099 ], [ 5.282786541979448, 48.847542140889331 ], [ 5.282782996792104, 48.848666838200927 ], [ 5.28287308462085, 48.849069985261394 ], [ 5.283098268354877, 48.849425568469883 ], [ 5.283044534206923, 48.849696504882615 ], [ 5.28291396256145, 48.849788967233856 ], [ 5.282309658630298, 48.849939953008558 ], [ 5.28217541340518, 48.849987499491363 ], [ 5.282076499963263, 48.850394252459523 ], [ 5.281819286674415, 48.850669069809641 ], [ 5.281640607400744, 48.851122328714993 ], [ 5.281450380196819, 48.851350882217808 ], [ 5.28118010930188, 48.851405520239723 ], [ 5.280627827779611, 48.851285594650733 ], [ 5.280500066818064, 48.851422985505152 ], [ 5.280444349546745, 48.851648972770988 ], [ 5.279912715341425, 48.85188403171 ], [ 5.27944938303058, 48.852122285123407 ], [ 5.279345540082103, 48.852709068292398 ], [ 5.27908240167813, 48.852849036802873 ], [ 5.27910350520377, 48.853253499059072 ], [ 5.278933246630968, 48.853841546496291 ], [ 5.278958018590171, 48.854290923390707 ], [ 5.27912111402648, 48.854746661829068 ], [ 5.279101432723063, 48.855601748744689 ], [ 5.278917077208631, 48.855965139332937 ], [ 5.278590786256623, 48.856200777099239 ], [ 5.278124395763234, 48.856389598608438 ], [ 5.278000546944043, 48.856616880829918 ], [ 5.277944813277847, 48.856842865875571 ], [ 5.277573583233498, 48.857259295113273 ], [ 5.277580330576275, 48.857394120838961 ], [ 5.277716564492506, 48.857391527136613 ], [ 5.277915936143402, 48.857293263162717 ], [ 5.278054986944363, 48.857335600169215 ], [ 5.277802697192551, 48.857704780265024 ], [ 5.277808331142219, 48.857794642423634 ], [ 5.278080604458302, 48.857784959618087 ], [ 5.278096656356887, 48.8580545622264 ], [ 5.278040921569677, 48.858280547024144 ], [ 5.277712909194447, 48.858516214332049 ], [ 5.277108292477382, 48.858662677925331 ], [ 5.27692410871057, 48.859030559166179 ], [ 5.276591961075545, 48.859171834025545 ], [ 5.276533402599828, 48.859352886851504 ], [ 5.276561823995677, 48.859847176833682 ], [ 5.276776597862877, 48.860023028235126 ], [ 5.276722819911552, 48.860293959223739 ], [ 5.275942429338747, 48.860943089697138 ], [ 5.27589231313703, 48.861258934871131 ], [ 5.276315189676632, 48.861516298781389 ], [ 5.276268742588536, 48.861877058696649 ], [ 5.275946330768266, 48.862202582271763 ], [ 5.275884951073271, 48.862338703349231 ], [ 5.275622866992025, 48.86252362636548 ], [ 5.275286307675553, 48.862584008519221 ], [ 5.274737847298978, 48.862553951230922 ], [ 5.274398931458952, 48.862560394313107 ], [ 5.274070875663441, 48.862796050728448 ], [ 5.2740207463329, 48.863111894590538 ], [ 5.273514547259448, 48.863796280549963 ], [ 5.273478038763106, 48.864111865000723 ], [ 5.273228497153127, 48.864525964103386 ], [ 5.27290107911564, 48.864757106006707 ], [ 5.272635307784833, 48.864897107349272 ], [ 5.27264093359893, 48.864986969167951 ], [ 5.27292017790302, 48.865116617939101 ], [ 5.272925804232206, 48.865206479726552 ], [ 5.272527636256179, 48.865398478421596 ], [ 5.272213420916414, 48.865854288832203 ], [ 5.271748881478932, 48.866088030893962 ], [ 5.271487811500261, 48.86627742276449 ], [ 5.271370642688779, 48.866639521039907 ], [ 5.27100148636573, 48.867321291412615 ], [ 5.271034631343023, 48.867905456972089 ], [ 5.271470942612308, 48.868392001372122 ], [ 5.27148329981136, 48.868616687665046 ], [ 5.271187035760939, 48.869387041723243 ], [ 5.270515258825152, 48.870537887824725 ], [ 5.270130048873235, 48.870950052687078 ], [ 5.269733785736629, 48.871186987962801 ], [ 5.269409120794276, 48.871463049634485 ], [ 5.26928519810938, 48.871690319741241 ], [ 5.269030622354288, 48.872010035019137 ], [ 5.268500882664942, 48.872294480464511 ], [ 5.267450468512957, 48.872993645400108 ], [ 5.267195219094611, 48.873317867217807 ], [ 5.267087282108355, 48.873814734894232 ], [ 5.266962238670055, 48.873997039170732 ], [ 5.266633881549871, 48.87422817808244 ], [ 5.26588735278387, 48.874291797285672 ], [ 5.265624655871437, 48.874445217514754 ], [ 5.265114577612537, 48.875084646390931 ], [ 5.264332969001748, 48.875733708594609 ], [ 5.264282768168691, 48.876049544678857 ], [ 5.264104701000469, 48.876502750885912 ], [ 5.263646939399297, 48.876875778031263 ], [ 5.263345753106962, 48.877556229592486 ], [ 5.263079890780952, 48.877696208093532 ], [ 5.262980970937567, 48.878107429757989 ], [ 5.26294112888594, 48.878603003040659 ], [ 5.263011032121398, 48.878642166583042 ], [ 5.263215467445148, 48.878638300925203 ], [ 5.263435033353904, 48.878904050514492 ], [ 5.263921376882317, 48.879070288146806 ], [ 5.263995134958698, 48.879158860186713 ], [ 5.264010268704316, 48.879428475581896 ], [ 5.263951643715095, 48.879609518931296 ], [ 5.263693283595241, 48.879843821987542 ], [ 5.26364698318825, 48.880249549845708 ], [ 5.263389525209935, 48.880524320158919 ], [ 5.263349685197025, 48.881019892490137 ], [ 5.263379947243469, 48.881559122464473 ], [ 5.262984229177609, 48.881791522352174 ], [ 5.262861105747037, 48.882018767572646 ], [ 5.262533727045547, 48.88225437210383 ], [ 5.26241255371021, 48.882526563301695 ], [ 5.262502933068783, 48.882938702656773 ], [ 5.262246307648465, 48.883213453737689 ], [ 5.26184125264323, 48.88327059033336 ], [ 5.261568647822518, 48.883275741315629 ], [ 5.26114852455097, 48.883103744882462 ], [ 5.26094597051063, 48.883112069465732 ], [ 5.260766146364136, 48.88356529998314 ], [ 5.260703601984186, 48.883656448033065 ], [ 5.260567298514392, 48.883659022305743 ], [ 5.260219177197799, 48.883535144552354 ], [ 5.259944619766856, 48.883495345305121 ], [ 5.259146858564972, 48.883874770021528 ], [ 5.258621449863528, 48.884204066966873 ], [ 5.258090482418045, 48.884483984615187 ], [ 5.257541556127057, 48.884408870449313 ], [ 5.257062732734843, 48.884377415228073 ], [ 5.255922222935999, 48.884718296638745 ], [ 5.255509408877311, 48.884636109534661 ], [ 5.255028880795541, 48.884604678291673 ], [ 5.254492634648773, 48.884763224165852 ], [ 5.253759076577311, 48.88505143577143 ], [ 5.253282000394995, 48.885060417365047 ], [ 5.252803173585578, 48.885028945127885 ], [ 5.25233837599016, 48.885262607783439 ], [ 5.251751439890102, 48.885727980243651 ], [ 5.251632998034806, 48.886045090209421 ], [ 5.251378438109186, 48.886369258427607 ], [ 5.250769776814334, 48.886470670743833 ], [ 5.250571094188889, 48.886568870872239 ], [ 5.250597146559931, 48.887013713610152 ], [ 5.250420716707865, 48.887291427282797 ], [ 5.249442651290082, 48.888079020316994 ], [ 5.24946330062835, 48.888438496353508 ], [ 5.248933481111034, 48.888727345602312 ], [ 5.248749843951217, 48.889095157431179 ], [ 5.248636111198889, 48.889502140403643 ], [ 5.248376586952089, 48.889731929651163 ], [ 5.248134056204692, 48.890276279487402 ], [ 5.248287374427728, 48.89058828047262 ], [ 5.248168900419895, 48.890905385607887 ], [ 5.24766034469579, 48.891549193169794 ], [ 5.247622287287555, 48.892089701670592 ], [ 5.24702192862949, 48.892325885549951 ], [ 5.247026661158095, 48.892415762323097 ], [ 5.24752917691749, 48.89285615738396 ], [ 5.247541436606609, 48.893080841145931 ], [ 5.248023127471032, 48.893157264530103 ], [ 5.248306959103727, 48.893331865734993 ], [ 5.248310841881756, 48.893421758376242 ], [ 5.248179246854531, 48.89351419515539 ], [ 5.24807051620224, 48.893741150728133 ], [ 5.248287275032371, 48.893961994141193 ], [ 5.248158471952924, 48.894099361142992 ], [ 5.247822377424209, 48.89419563736417 ], [ 5.247549908095972, 48.894205251006319 ], [ 5.247275304086326, 48.89416542309403 ], [ 5.247083916712945, 48.894393929024417 ], [ 5.246617263870122, 48.894587115815931 ], [ 5.246279223657366, 48.894638441367945 ], [ 5.245865688021634, 48.894560732375325 ], [ 5.245731294481913, 48.894608236043496 ], [ 5.245545480988508, 48.894926600058056 ], [ 5.245346562352065, 48.895020296130511 ], [ 5.244865944569368, 48.894988824398148 ], [ 5.244779948358326, 48.894675558181568 ], [ 5.244553210525496, 48.894499878545588 ], [ 5.244212572657658, 48.894510762541934 ], [ 5.243751681038253, 48.894798293496159 ], [ 5.243589135626831, 48.895300646886533 ], [ 5.243396875805919, 48.895529162655201 ], [ 5.243212129730686, 48.895892485045849 ], [ 5.242623055631603, 48.896312861965988 ], [ 5.242182586475827, 48.896995849759648 ], [ 5.241333044666486, 48.897646009467486 ], [ 5.241279895549185, 48.897916899298551 ], [ 5.241164149724853, 48.898278925664407 ], [ 5.241605160115335, 48.898855441937471 ], [ 5.241561458602615, 48.89930608444444 ], [ 5.241226170421184, 48.899402325741931 ], [ 5.241027226909676, 48.899496014256719 ], [ 5.240969545093491, 48.899681521703322 ], [ 5.241390625391464, 48.899894053839006 ], [ 5.241398136724697, 48.900028860421642 ], [ 5.241135740426219, 48.900213701568461 ], [ 5.241144103321358, 48.9003484921774 ], [ 5.241350561142367, 48.900389610082641 ], [ 5.241837034852848, 48.900555934168182 ], [ 5.241781949355596, 48.900781877381 ], [ 5.241319943039147, 48.901064918672816 ], [ 5.24121418563847, 48.901381774619352 ], [ 5.240690421944304, 48.901755933706319 ], [ 5.240695144398929, 48.901845809955233 ], [ 5.240589217408377, 48.90239657609505 ], [ 5.23998696688248, 48.902592271021483 ], [ 5.239876775040138, 48.903044154831257 ], [ 5.239834989498207, 48.90353974102203 ], [ 5.240117804574241, 48.903709881316274 ], [ 5.240663232405894, 48.903699676602052 ], [ 5.240738727520576, 48.903828712391487 ], [ 5.240021776032688, 48.904431392995043 ], [ 5.239550286261779, 48.904534674428739 ], [ 5.23914484706562, 48.904587238527753 ], [ 5.239133702542925, 48.904407518223067 ], [ 5.239326013869683, 48.904179011153751 ], [ 5.239253114557053, 48.904090410003626 ], [ 5.238910479149311, 48.904056332795761 ], [ 5.238712594949654, 48.904194979030322 ], [ 5.238457672480328, 48.904514619802342 ], [ 5.238183214350164, 48.90447926601972 ], [ 5.237904926004704, 48.904394502822697 ], [ 5.237562096226054, 48.904355927163387 ], [ 5.237496042531836, 48.904406641770287 ], [ 5.237521992095307, 48.904851480102323 ], [ 5.236951635900179, 48.905631329973382 ], [ 5.237098283521217, 48.905808518851913 ], [ 5.237108569046908, 48.905988255036753 ], [ 5.23684527520294, 48.906173101696822 ], [ 5.236849991419134, 48.906262977733718 ], [ 5.237062038175339, 48.906393962915018 ], [ 5.237002209253741, 48.906530026722358 ], [ 5.236673513900008, 48.906761076586001 ], [ 5.236544841675416, 48.906902924082807 ], [ 5.236497226174095, 48.907263669544953 ], [ 5.235717367827954, 48.907952961241314 ], [ 5.235477129927201, 48.908555706041312 ], [ 5.23554688447881, 48.909544006347154 ], [ 5.235758748206517, 48.909670498855817 ], [ 5.236096044088519, 48.909619219620481 ], [ 5.23623605297216, 48.90966158728375 ], [ 5.236248267870208, 48.90988626874536 ], [ 5.2359373289722, 48.910431857045126 ], [ 5.235884991063369, 48.910702725396803 ], [ 5.236053294218327, 48.911284347304729 ], [ 5.236278234057377, 48.911635503898211 ], [ 5.23656405898956, 48.911855075736568 ], [ 5.236987345326634, 48.912117061297039 ], [ 5.237075062611384, 48.912470779251606 ], [ 5.237424368016124, 48.912599199662417 ], [ 5.237641160209634, 48.912820058530642 ], [ 5.237517000345949, 48.913047287160602 ], [ 5.237459097723535, 48.913228296044871 ], [ 5.238251811702161, 48.913748767627517 ], [ 5.23895133546695, 48.914046067246218 ], [ 5.239306265805515, 48.914304824262977 ], [ 5.239316560635636, 48.914484558856927 ], [ 5.238771212907563, 48.914499251898292 ], [ 5.238438607752984, 48.914640413719546 ], [ 5.238444179900169, 48.914730273064464 ], [ 5.238514306595511, 48.914773944175948 ], [ 5.238928185273528, 48.914856171673229 ], [ 5.239070144764327, 48.914943481406063 ], [ 5.239087946452591, 48.915258020760128 ], [ 5.239033915238225, 48.915528921157495 ], [ 5.239254172286964, 48.915790195636077 ], [ 5.239671929753957, 48.9159623115657 ], [ 5.240080903508434, 48.91595016531906 ], [ 5.240485347240175, 48.915852637133085 ], [ 5.240890292099702, 48.915786585384552 ], [ 5.240964063013149, 48.915875168638628 ], [ 5.240850598012173, 48.916291123339043 ], [ 5.241067420125414, 48.916511975257507 ], [ 5.241087170448506, 48.916871459332299 ], [ 5.241368319418323, 48.917001143674902 ], [ 5.241834805393395, 48.916798992211483 ], [ 5.242174930896212, 48.916792625703415 ], [ 5.24238769268948, 48.916919089688243 ], [ 5.24283081215305, 48.917540537017942 ], [ 5.244166238025826, 48.91800132650895 ], [ 5.244451278734155, 48.918220894215089 ], [ 5.245156482180957, 48.91860801512366 ], [ 5.245307073794225, 48.918875082486977 ], [ 5.245359550157593, 48.919814215524603 ], [ 5.245438919177498, 48.919992654282623 ], [ 5.245918257274895, 48.920028649487762 ], [ 5.246203122423049, 48.920243718091179 ], [ 5.246279701842338, 48.920377226966096 ], [ 5.246012486934393, 48.920472200860829 ], [ 5.245880160944277, 48.920569143330127 ], [ 5.245953094624824, 48.920657739105934 ], [ 5.246642433811267, 48.92077525897318 ], [ 5.246844900607261, 48.920721981676472 ], [ 5.246985184364043, 48.92080931354009 ], [ 5.24686469244019, 48.921081463405017 ], [ 5.246733219003603, 48.92117839077136 ], [ 5.246672545854304, 48.921314473549202 ], [ 5.247586955380612, 48.921783121285223 ], [ 5.248012320171322, 48.922090010646578 ], [ 5.248258560348945, 48.922575688645381 ], [ 5.248146887166194, 48.923032098278362 ], [ 5.247902256642932, 48.923531485953127 ], [ 5.247855557223248, 48.923892214414131 ], [ 5.248507961749189, 48.924595176713972 ], [ 5.248515495087138, 48.924729979791969 ], [ 5.248960265105771, 48.925346873474837 ], [ 5.249049132996141, 48.925705056843206 ], [ 5.249280247567066, 48.926195513728679 ], [ 5.249306503092502, 48.926644835085831 ], [ 5.249183213792489, 48.926872056903782 ], [ 5.248232629551031, 48.927937965639423 ], [ 5.248242957913981, 48.928117697208158 ], [ 5.248317848895471, 48.928251235811821 ] ] ] } },
{ "type": "Feature", "properties": { "fid": 9526, "gid": 9526, "CdEuMasseDEau": "FRHR505", "NomMasseDEau": "canal entre Champagne et Bourgogne", "Etat masse eau ": "Moyen", "Etat ecologique": "Bon", "Etat chimique": "Non atteint", "_swEcologicalStatusOrPotentialValue": "2", "_swChemicalStatusValue": "3" }, "geometry": { "type": "MultiLineString", "coordinates": [ [ [ 5.032737395949188, 48.614225462681162 ], [ 5.032697581682729, 48.614217921093463 ], [ 5.032567876815223, 48.6141976402984 ], [ 5.032435629313696, 48.614177402768249 ], [ 5.032304054936801, 48.614152654568059 ], [ 5.032172655228386, 48.614132402277221 ], [ 5.032041928666027, 48.614107639319521 ], [ 5.03191035465054, 48.614082890682923 ], [ 5.03178065042248, 48.61406260902816 ], [ 5.031646708413904, 48.614042399547998 ], [ 5.031516829900849, 48.614017621548818 ], [ 5.031384583260283, 48.613997382848453 ], [ 5.031254704982945, 48.613972604562456 ], [ 5.031123979253723, 48.613947840593816 ], [ 5.030990885366741, 48.613927615914598 ], [ 5.030860159874624, 48.613902851655439 ], [ 5.030728761351649, 48.613882597767223 ], [ 5.030598210503908, 48.613862329277936 ], [ 5.030466637787312, 48.613837579041203 ], [ 5.030336760340802, 48.613812799750797 ], [ 5.030202819528626, 48.613792588642461 ], [ 5.030072942318573, 48.613767809063418 ], [ 5.029942392010928, 48.613747539853257 ], [ 5.029810994232754, 48.613727284949803 ], [ 5.029679422227645, 48.613702533840552 ], [ 5.02954869791781, 48.613677768137137 ], [ 5.02941645289645, 48.613657527245465 ], [ 5.029286576393592, 48.613632746806033 ], [ 5.029153484017346, 48.613612520068017 ], [ 5.029023607750589, 48.613587739340872 ], [ 5.028906619406479, 48.61356723787847 ], [ 5.028893058298163, 48.61356746897733 ], [ 5.028760639559685, 48.613542731293322 ], [ 5.028629242752671, 48.613522475082497 ], [ 5.028497671820886, 48.613497722663404 ], [ 5.02836712279652, 48.613477451721792 ], [ 5.028235552101791, 48.613452699012178 ], [ 5.028105850858474, 48.613432413344434 ], [ 5.027971737699615, 48.613407703656478 ], [ 5.027842036669969, 48.61338741770065 ], [ 5.02780778567001, 48.613379003013087 ], [ 5.027711314016006, 48.613362649973837 ], [ 5.027677237208754, 48.613358731313191 ], [ 5.027579070500891, 48.61334240703647 ], [ 5.027446153657875, 48.613326674450398 ], [ 5.02731391033614, 48.613306431217971 ], [ 5.027181667116662, 48.613286187838362 ], [ 5.027047902970802, 48.613270469238486 ], [ 5.026915659945, 48.613250225562879 ], [ 5.026783417021457, 48.613229981740062 ], [ 5.026651348267098, 48.613214233836771 ], [ 5.026583868512496, 48.613201885404088 ], [ 5.026517758519685, 48.613203010707245 ], [ 5.02638197422535, 48.613200822839389 ], [ 5.026246363974472, 48.61320313088406 ], [ 5.026110579691169, 48.613200942706762 ], [ 5.025974969428018, 48.613203250442375 ], [ 5.025839185155748, 48.613201061955607 ], [ 5.025703400894828, 48.613198873314019 ], [ 5.025567616645262, 48.61319668451759 ], [ 5.025432006369213, 48.613198991634896 ], [ 5.025296222130684, 48.613196802529018 ], [ 5.025160611842373, 48.613199109337252 ], [ 5.025024827614888, 48.613196919921918 ], [ 5.024887348270072, 48.613194759182008 ], [ 5.024758366537276, 48.613214948903419 ], [ 5.024624299314589, 48.613235224964399 ], [ 5.02449175323731, 48.613250975979803 ], [ 5.024360228516311, 48.613271208505921 ], [ 5.024226160995392, 48.613291484117752 ], [ 5.02409530978869, 48.613307205870285 ], [ 5.023962089639757, 48.61332746677472 ], [ 5.023829716954834, 48.613347713122181 ], [ 5.023695475218961, 48.613363492064963 ], [ 5.023675307413022, 48.613368333893057 ], [ 5.023566666413549, 48.613388176563205 ], [ 5.023436162350135, 48.613412889731215 ], [ 5.023304810594816, 48.613437617159569 ], [ 5.023173284946331, 48.613457848371645 ], [ 5.023043801851145, 48.613487042776107 ], [ 5.022913123547597, 48.613507259298018 ], [ 5.022782792614701, 48.613536467818562 ], [ 5.0226512665162, 48.613556698452427 ], [ 5.022522456743195, 48.613581381817255 ], [ 5.022391951705362, 48.613606093836971 ], [ 5.022259751400089, 48.613630834506012 ], [ 5.022130093687565, 48.613655531841331 ], [ 5.021999588279727, 48.613680243429563 ], [ 5.021869082748701, 48.613704954874251 ], [ 5.021738577094486, 48.613729666175416 ], [ 5.021606202532972, 48.613749910044525 ], [ 5.021476544217305, 48.613774606665842 ], [ 5.021346038204217, 48.61379931753541 ], [ 5.021215532067943, 48.61382402826144 ], [ 5.02108587338446, 48.613848724455899 ], [ 5.021044689336274, 48.61385842160864 ], [ 5.020955367002252, 48.613873434895808 ], [ 5.020824860496859, 48.613898145192202 ], [ 5.020695201445566, 48.613922840959788 ], [ 5.020562999538803, 48.613947579738735 ], [ 5.020482152694411, 48.613962448826193 ], [ 5.020432319128004, 48.613967793530612 ], [ 5.020301985664863, 48.613996999324961 ], [ 5.020172152608905, 48.614017198448046 ], [ 5.020040797796151, 48.614041922263787 ], [ 5.019911138018998, 48.614066617174771 ], [ 5.019778935378748, 48.614091355080362 ], [ 5.019650122936368, 48.614116035327392 ], [ 5.019518767629152, 48.614140758565298 ], [ 5.019388259779454, 48.614165467281858 ], [ 5.019259273535179, 48.61418565103088 ], [ 5.019127070286387, 48.614210388210381 ], [ 5.018997409661087, 48.614235082123066 ], [ 5.018865206163762, 48.614259819010847 ], [ 5.018736392876222, 48.614284498266073 ], [ 5.018605884299025, 48.614309206122286 ], [ 5.018474528014107, 48.614333928204431 ], [ 5.01843571248959, 48.614339085268107 ], [ 5.018342824890599, 48.614349657991966 ], [ 5.018208752278349, 48.614369926811143 ], [ 5.018076201398949, 48.614385670670913 ], [ 5.017942976177125, 48.614405924823629 ], [ 5.017809577540524, 48.614421682751832 ], [ 5.017675331237183, 48.614437454894187 ], [ 5.01756040605735, 48.61444840046309 ], [ 5.017544301910886, 48.614448673358254 ], [ 5.017408341484599, 48.614441979185067 ], [ 5.017272381093081, 48.614435284856633 ], [ 5.01713642073633, 48.614428590372917 ], [ 5.017002155587098, 48.614421867015984 ], [ 5.016947736820449, 48.614418289902417 ], [ 5.01688871508795, 48.614383297660858 ], [ 5.016790512754814, 48.614321975020502 ], [ 5.016690615484012, 48.614260681009625 ], [ 5.016591566029989, 48.614199372555802 ], [ 5.01649251680793, 48.614138064016487 ], [ 5.016457747557392, 48.614116157835213 ], [ 5.016421765995932, 48.614062779094411 ], [ 5.016367793791301, 48.613982710958417 ], [ 5.016312800992145, 48.613898161067532 ], [ 5.016257808370596, 48.613813611145353 ], [ 5.016204684248994, 48.613733528565305 ], [ 5.016164118999614, 48.613671229335857 ], [ 5.01613630395478, 48.613653704308255 ], [ 5.016038951444498, 48.613592366658438 ], [ 5.015939229593706, 48.61353556806143 ], [ 5.015840182391242, 48.61347425894602 ], [ 5.015740287850347, 48.613412964095147 ], [ 5.015477230731056, 48.613453409664594 ], [ 5.015407228531239, 48.613463592704257 ], [ 5.01535215431194, 48.613487020046882 ], [ 5.01524031058052, 48.613533903347303 ], [ 5.015125249434107, 48.613585340005621 ], [ 5.015011710141213, 48.613632251778817 ], [ 5.014942572926334, 48.613664914954086 ], [ 5.014901059488593, 48.613688112574039 ], [ 5.014798036783917, 48.613743844174365 ], [ 5.014692644171094, 48.613804114792671 ], [ 5.014588773438386, 48.613859860549184 ], [ 5.014484054905626, 48.613915620553612 ], [ 5.014380183729622, 48.613971366123067 ], [ 5.014276485339427, 48.614031607681092 ], [ 5.014171766130586, 48.614087367403016 ], [ 5.014068067270844, 48.614147608773777 ], [ 5.013963347608036, 48.614203368307123 ], [ 5.013859648278745, 48.614263609490642 ], [ 5.013753232990754, 48.614319397507103 ], [ 5.013651055408678, 48.614375113750285 ], [ 5.013545660204834, 48.614435383322139 ], [ 5.013442634587048, 48.614491113715566 ], [ 5.013337065981731, 48.614546887016019 ], [ 5.01323251766108, 48.614607141969287 ], [ 5.013023922086796, 48.614718645098883 ], [ 5.012920220656071, 48.614778885438781 ], [ 5.012816346102428, 48.614834629604537 ], [ 5.01271179660794, 48.614894884086361 ], [ 5.012607921602252, 48.614950628064982 ], [ 5.012502351181237, 48.615006400604365 ], [ 5.012399323329313, 48.615062130068956 ], [ 5.012295620499618, 48.615122369847903 ], [ 5.012190049399636, 48.615178142102522 ], [ 5.012085498498435, 48.61523839601746 ], [ 5.011981622144415, 48.615294139434013 ], [ 5.011877070771715, 48.615354393160203 ], [ 5.011773193965645, 48.615410136389613 ], [ 5.011668469333646, 48.615465893846881 ], [ 5.011564764863323, 48.615526132969329 ], [ 5.011459192170664, 48.615581904557487 ], [ 5.0113561620759, 48.615637633093165 ], [ 5.011250761688864, 48.615697900571213 ], [ 5.011146883534441, 48.615753643238541 ], [ 5.011044025504588, 48.615813867575937 ], [ 5.010938451677025, 48.615869638689233 ], [ 5.010834572849353, 48.615925381076245 ], [ 5.010730018896044, 48.615985633764048 ], [ 5.010626139616313, 48.616041375963917 ], [ 5.010521412500117, 48.616097132383452 ], [ 5.010416010227155, 48.616157399099883 ], [ 5.010313825506718, 48.616213112395229 ], [ 5.010207575143104, 48.616273393232781 ], [ 5.010105389974474, 48.616329106343954 ], [ 5.009998966488015, 48.616384890910581 ], [ 5.009895258276504, 48.616445128533542 ], [ 5.009790529574326, 48.616500884291789 ], [ 5.009686648272025, 48.616556625648478 ], [ 5.009582939360995, 48.616616862990952 ], [ 5.009478209982687, 48.616672618466637 ], [ 5.009374500602072, 48.616732855621827 ], [ 5.009269770769762, 48.616788610908898 ], [ 5.009165888342126, 48.6168443517981 ], [ 5.009062178261988, 48.616904588672789 ], [ 5.00895744775354, 48.616960343677292 ], [ 5.008853564652633, 48.617016084286163 ], [ 5.008747310978142, 48.61707636378096 ], [ 5.00864512268838, 48.617132075602271 ], [ 5.008538868538492, 48.617192354905335 ], [ 5.008435832166052, 48.61724808084044 ], [ 5.00833110030346, 48.617303835278328 ], [ 5.008226540716252, 48.617364085699712 ], [ 5.008123503673398, 48.617419811356712 ], [ 5.008017075858116, 48.617475594102046 ], [ 5.007915058484322, 48.617535801356397 ], [ 5.007808630211158, 48.617591583910112 ], [ 5.007704917089215, 48.617651819565708 ], [ 5.007601878924869, 48.617707544758183 ], [ 5.007496297611961, 48.617763312732841 ], [ 5.007392583790476, 48.617823548107907 ], [ 5.007287849665692, 48.617879301601874 ], [ 5.007183962963778, 48.617935040712112 ], [ 5.007080248442744, 48.617995275806649 ], [ 5.006975513641803, 48.618051029018055 ], [ 5.006871798651164, 48.618111263925279 ], [ 5.006767063396204, 48.618167016948043 ], [ 5.006663175568909, 48.61822275559075 ], [ 5.006556916923489, 48.618283033071272 ], [ 5.006454723947592, 48.618338742957611 ], [ 5.006349140139792, 48.618394509886222 ], [ 5.006246271402641, 48.618454729948517 ], [ 5.00614068713888, 48.618510496687009 ], [ 5.006036122620968, 48.618570745125282 ], [ 5.00593223321433, 48.618626483111811 ], [ 5.005827495928077, 48.618682235284574 ], [ 5.00572377836614, 48.618742469160658 ], [ 5.005619888286197, 48.618798206866842 ], [ 5.00551515032377, 48.618853958757022 ], [ 5.005411432062266, 48.61891419235257 ], [ 5.005305845982601, 48.618969958329771 ], [ 5.005202974914686, 48.619030177462321 ], [ 5.005099083709334, 48.619085914700939 ], [ 5.004993496950626, 48.619141680393327 ], [ 5.004888929851849, 48.619201927792993 ], [ 5.004785037971322, 48.619257664749789 ], [ 5.004680298200641, 48.619313415884605 ], [ 5.00457657806836, 48.61937364873026 ], [ 5.00447183784364, 48.619429399676413 ], [ 5.004368117241734, 48.619489632334762 ], [ 5.004262528890169, 48.619545397360497 ], [ 5.004159483334877, 48.619601119487541 ], [ 5.004054066683903, 48.61966138039886 ], [ 5.003950173002767, 48.619717116606239 ], [ 5.003845431423807, 48.619772866985699 ], [ 5.003741709420723, 48.619833099081418 ], [ 5.003637815066258, 48.619888835008418 ], [ 5.003533244915003, 48.619949081180607 ], [ 5.003429350108429, 48.620004816920414 ], [ 5.00332460739923, 48.620060566828606 ], [ 5.003116988747013, 48.620176533915853 ], [ 5.003003092893919, 48.620236936468913 ], [ 5.002919713450586, 48.620296825601223 ], [ 5.002829896415497, 48.620365820886413 ], [ 5.002377072905862, 48.62070186110828 ], [ 5.002286234767996, 48.620766374141226 ], [ 5.001923395885273, 48.62103791376682 ], [ 5.001835099701262, 48.621102383683002 ], [ 5.001742736755173, 48.621171420855262 ], [ 5.001652744721721, 48.621235919129731 ], [ 5.001470388811877, 48.621369454282529 ], [ 5.001380568026367, 48.621438448413599 ], [ 5.001109236932654, 48.621640962795816 ], [ 5.000929421354934, 48.621774454338286 ], [ 5.000841122704547, 48.621838923478371 ], [ 4.999942372434813, 48.622515368337581 ], [ 4.999851699946079, 48.62258437548779 ], [ 4.999581880677725, 48.622782361654941 ], [ 4.99949375043425, 48.62285132581269 ], [ 4.998674784958073, 48.623466034686267 ] ] ] } },
{ "type": "Feature", "properties": { "fid": 9537, "gid": 9537, "CdEuMasseDEau": "FRHR504", "NomMasseDEau": "canal de la Marne au Rhin", "Etat masse eau ": "Moyen", "Etat ecologique": "Moyen", "Etat chimique": "Non atteint", "_swEcologicalStatusOrPotentialValue": "3", "_swChemicalStatusValue": "3" }, "geometry": { "type": "MultiLineString", "coordinates": [ [ [ 5.483923061223838, 48.545795575864972 ], [ 5.483661884504955, 48.546201534243885 ], [ 5.482801316748028, 48.547439013529512 ], [ 5.481942043033002, 48.54890145781696 ], [ 5.48156001435241, 48.549314432709082 ], [ 5.479757300980643, 48.549766045698242 ], [ 5.479489639043043, 48.549821127977381 ], [ 5.475417743128765, 48.55848292868685 ], [ 5.473913677451395, 48.560278210773753 ], [ 5.470636045597512, 48.564378294884911 ], [ 5.470464623412688, 48.564696850917933 ], [ 5.470356283733259, 48.565149094077221 ], [ 5.470070807767507, 48.569429945646696 ], [ 5.469459064809361, 48.57795644703365 ], [ 5.4694832212167, 48.578360934543127 ] ], [ [ 5.4694832212167, 48.578360934543127 ], [ 5.469106811656657, 48.578863733945262 ], [ 5.468846193649306, 48.579053637656841 ], [ 5.468472738554902, 48.579601371930721 ], [ 5.468353120719063, 48.57976134933697 ], [ 5.468294264343098, 48.579843568152739 ], [ 5.468056084473624, 48.580168000305669 ], [ 5.467994686486292, 48.580250271654769 ], [ 5.467697432881968, 48.580652426095469 ], [ 5.467637727571952, 48.580734662093967 ], [ 5.467399327804986, 48.581054597227045 ], [ 5.467340468479446, 48.581136815484633 ], [ 5.467161136888296, 48.5813790272693 ], [ 5.467101218151392, 48.58145676748034 ], [ 5.467042357906218, 48.581538985563569 ], [ 5.466804162576832, 48.581863414763504 ], [ 5.466744454484667, 48.581945650232825 ], [ 5.466447181664496, 48.582347800996033 ], [ 5.466385778596125, 48.582430071369153 ], [ 5.466326704439844, 48.582507793566108 ], [ 5.466266994863862, 48.582590028752762 ], [ 5.466148210406265, 48.582749985996983 ], [ 5.466087653335562, 48.582832238633415 ], [ 5.465848387614038, 48.58315218766905 ], [ 5.465790370443079, 48.583234387465808 ], [ 5.46571075613763, 48.583308035120652 ], [ 5.46563452939856, 48.583381612508695 ], [ 5.465554914650307, 48.583455260050464 ], [ 5.465476146628202, 48.583528889983405 ], [ 5.465320303824616, 48.583676114579525 ], [ 5.465240688187092, 48.583749761893444 ], [ 5.465162766235432, 48.583823374051832 ], [ 5.465084632470912, 48.583892490690296 ], [ 5.464926246610206, 48.58403976737192 ], [ 5.464848323785382, 48.584113379307048 ], [ 5.464697347689138, 48.584256002273612 ], [ 5.464605872809494, 48.584329894766007 ], [ 5.464522655768599, 48.584399116276671 ], [ 5.464437956117452, 48.584472868276293 ], [ 5.464311541630694, 48.584578983148198 ], [ 5.464263898206776, 48.584611468867521 ], [ 5.464165011787647, 48.584672014950421 ], [ 5.463968932205545, 48.58479307177997 ], [ 5.463870045102736, 48.584853617608843 ], [ 5.463771369256659, 48.584918658815617 ], [ 5.463573593891708, 48.585039750047528 ], [ 5.463475552842438, 48.585100277998848 ], [ 5.463376029064848, 48.585165336401694 ], [ 5.463179098834014, 48.585286409417513 ], [ 5.463080209887166, 48.585346954565807 ], [ 5.46298153213126, 48.585411995091597 ], [ 5.462882642719024, 48.585472540069517 ], [ 5.462807681378068, 48.585519090144885 ], [ 5.46255781265976, 48.585632258154632 ], [ 5.462446641788723, 48.585684057259101 ], [ 5.461997298485392, 48.585882349323363 ], [ 5.461884643876788, 48.585938678407558 ], [ 5.461774107362657, 48.585985963882841 ], [ 5.461751661239441, 48.585995427975213 ], [ 5.461649596165397, 48.586024538711271 ], [ 5.461274580651828, 48.586126793539897 ], [ 5.461150704480622, 48.586160854857837 ], [ 5.460523909448143, 48.586335812606173 ], [ 5.460483676008173, 48.586345644288869 ], [ 5.460394105503436, 48.586351996371803 ], [ 5.460260913487986, 48.586368250051727 ], [ 5.460126027394, 48.586384538608506 ], [ 5.458522636588488, 48.586561674953828 ], [ 5.458389443459327, 48.58657792653667 ], [ 5.458261332259275, 48.586594072971693 ], [ 5.457114270214268, 48.58666726477103 ], [ 5.455516298426143, 48.587159235689647 ], [ 5.451821323183565, 48.589782324752207 ], [ 5.451573078396182, 48.589985430984285 ], [ 5.449232475951426, 48.591824550099339 ], [ 5.449118725357726, 48.591912387375409 ], [ 5.449101567210279, 48.591926239891592 ], [ 5.449025100452075, 48.591977311372659 ], [ 5.448928086941677, 48.592042305025977 ], [ 5.448640860015411, 48.592228207408688 ], [ 5.448544692660922, 48.592293183304989 ], [ 5.44844852506785, 48.592358159120131 ], [ 5.448257673182703, 48.592483580187249 ], [ 5.44813948664545, 48.59253100960273 ], [ 5.447664203609209, 48.592702779069405 ], [ 5.447590072095309, 48.592731302584632 ], [ 5.447543054476432, 48.59274126923124 ], [ 5.447418306629647, 48.59277533349551 ], [ 5.447292711514493, 48.592809415049722 ], [ 5.44716626912919, 48.592843513891211 ], [ 5.447041520793869, 48.592877577757761 ], [ 5.44691423097261, 48.59291169374945 ], [ 5.446790329419494, 48.592945739931928 ], [ 5.446663886378071, 48.592979838235969 ], [ 5.446539137391373, 48.593013901572228 ], [ 5.446287944709503, 48.593082062678668 ], [ 5.44625511740054, 48.593087237302726 ], [ 5.446154948297679, 48.593084796676919 ], [ 5.446019837660304, 48.593078574422641 ], [ 5.445885574165866, 48.593072334603363 ], [ 5.445749616481856, 48.593066129453902 ], [ 5.445479395431814, 48.593053683871631 ], [ 5.445344075018308, 48.593042965384527 ], [ 5.445210021620743, 48.593041220268994 ], [ 5.445073854184129, 48.593030518881406 ], [ 5.445031498661972, 48.593031389165638 ], [ 5.444817839552092, 48.592977281886498 ], [ 5.444690788274849, 48.592943893875969 ], [ 5.444310692369732, 48.592848207093262 ], [ 5.444184698672274, 48.592819296607153 ], [ 5.4440678134635, 48.592785699132811 ], [ 5.443943312293303, 48.59273425884755 ], [ 5.44359606249789, 48.592597397223152 ], [ 5.443481727476005, 48.59254574770285 ], [ 5.443441284314848, 48.592533078825006 ], [ 5.443386456500007, 48.592484707071137 ], [ 5.443304319847133, 48.592414397125289 ], [ 5.44322218341476, 48.592344087118725 ], [ 5.443138990359764, 48.592269298970926 ], [ 5.44305516018153, 48.592199023624936 ], [ 5.442973871517863, 48.592128696043169 ], [ 5.442890041786177, 48.592058420572812 ], [ 5.442807059373749, 48.591988127649664 ], [ 5.442726408756223, 48.591913287022578 ], [ 5.442642789401255, 48.591847506840622 ], [ 5.442559597962179, 48.591772718257559 ], [ 5.442477463535612, 48.591702407700268 ], [ 5.442394482240837, 48.591632114469057 ], [ 5.442310444410845, 48.591557343085483 ], [ 5.442228520319425, 48.591491527820992 ], [ 5.442145330037185, 48.591416738926647 ], [ 5.442063196724855, 48.591346428063062 ], [ 5.441981063633016, 48.591276117138783 ], [ 5.441898083679694, 48.591205823537038 ], [ 5.441869719269679, 48.591179406925527 ], [ 5.441691935554997, 48.590967065635439 ], [ 5.440955388796679, 48.589717738294013 ], [ 5.440563860596839, 48.588830312174977 ], [ 5.440546755267722, 48.588736167492016 ], [ 5.440530916052925, 48.588650996406813 ], [ 5.440514867385382, 48.58856132982276 ], [ 5.440499665811005, 48.588471645856622 ], [ 5.44048446428868, 48.588381961881993 ], [ 5.440468415783069, 48.588292295271998 ], [ 5.440418576533868, 48.588023330135243 ], [ 5.440404222310021, 48.587933628744771 ], [ 5.440387327050994, 48.587843979463727 ], [ 5.440372125903132, 48.587754295428851 ], [ 5.440356077782095, 48.5876646287578 ], [ 5.440340876739777, 48.5875749447058 ], [ 5.44029209532742, 48.587310457482239 ], [ 5.440276894497408, 48.587220773396183 ], [ 5.440260846702815, 48.58713110667329 ], [ 5.440245645978343, 48.587041422570117 ], [ 5.440229598292177, 48.586951755829908 ], [ 5.440212703648651, 48.586862106452308 ], [ 5.44016561756326, 48.586597584280511 ], [ 5.440133522791744, 48.586418250704902 ], [ 5.440117475488386, 48.58632858390402 ], [ 5.440102275242221, 48.586238899723874 ], [ 5.440086228047286, 48.586149232905669 ], [ 5.440069333907918, 48.586059583449078 ], [ 5.440022039816879, 48.585790565545722 ], [ 5.4400068398902, 48.585700881314061 ], [ 5.439990793023416, 48.585611214443681 ], [ 5.439973899220862, 48.585521564934233 ], [ 5.439958908898655, 48.585436376180056 ], [ 5.439944556170698, 48.585346674545022 ], [ 5.439894722413337, 48.58507770854311 ], [ 5.439878675929334, 48.584988041612093 ], [ 5.43986262950026, 48.584898374672363 ], [ 5.439848277084551, 48.584808672986384 ], [ 5.439830117946681, 48.584710049754463 ], [ 5.439359972819772, 48.583644237235539 ], [ 5.439314893396323, 48.583604663258981 ], [ 5.438973930672157, 48.583328165788949 ], [ 5.438931602024412, 48.583293035082157 ], [ 5.438867243029273, 48.583276355182633 ], [ 5.438379694087, 48.58312885535981 ], [ 5.437973366064113, 48.583141682182337 ], [ 5.437845456293604, 48.583180301617418 ], [ 5.437722628059844, 48.583218816791948 ], [ 5.437508736910428, 48.583286196349292 ], [ 5.437483108962368, 48.583300220809043 ], [ 5.437282738084017, 48.583421320560802 ], [ 5.437182128818148, 48.583481878980599 ], [ 5.437115407895585, 48.583523743933547 ], [ 5.437094642095928, 48.583551168105757 ], [ 5.437039120255703, 48.583633301806849 ], [ 5.436981695134727, 48.583710974658509 ], [ 5.436924479020534, 48.583793142992192 ], [ 5.436867262726864, 48.583875311292857 ], [ 5.436808352320789, 48.583957514254813 ], [ 5.43663818660325, 48.584199488651855 ], [ 5.436580969416767, 48.584281656787695 ], [ 5.436522058104546, 48.584363859580762 ], [ 5.436464840556403, 48.584446027649776 ], [ 5.436407622828779, 48.584528195685785 ], [ 5.43635040492167, 48.584610363688782 ], [ 5.436293186835077, 48.584692531658789 ], [ 5.436234912467309, 48.584770221426581 ], [ 5.436178541006119, 48.584852371987708 ], [ 5.436006037621065, 48.585098892843625 ], [ 5.435949665447312, 48.585181043274346 ], [ 5.43589159912101, 48.585263228354087 ], [ 5.435835017501186, 48.585340883208737 ], [ 5.43577779780836, 48.585423050882071 ], [ 5.435719730944196, 48.585505235861753 ], [ 5.43566251089104, 48.585587403468651 ], [ 5.435605081587038, 48.585665075532447 ], [ 5.435547861179473, 48.585747243073513 ], [ 5.435376198879807, 48.585993745498655 ], [ 5.435318977754255, 48.586075912907681 ], [ 5.435302235963722, 48.586098754518503 ], [ 5.433117231500659, 48.589032314800207 ], [ 5.432989663445215, 48.589169916474418 ], [ 5.432477505149499, 48.589679862142461 ], [ 5.431952356879906, 48.589965082316553 ], [ 5.431707506815259, 48.590042082636586 ], [ 5.431584657979402, 48.590080591260843 ], [ 5.43121949866484, 48.590196047136544 ], [ 5.431096649109154, 48.590234555252302 ], [ 5.430728946430212, 48.590350061527737 ], [ 5.430606943225209, 48.590388551829427 ], [ 5.430239238385467, 48.590504056577558 ], [ 5.430116387386818, 48.590542563671903 ], [ 5.430088004066048, 48.590552142852637 ], [ 5.429888669379669, 48.590641709031374 ], [ 5.429777246990218, 48.590688981902801 ], [ 5.429662644667521, 48.590740819354821 ], [ 5.429099377577724, 48.59099080641721 ], [ 5.428986259566334, 48.591038113119055 ], [ 5.428874196950278, 48.591089897923027 ], [ 5.428767008118017, 48.591137083378506 ], [ 5.428687538256405, 48.59121520128565 ], [ 5.428612095103051, 48.591288737189551 ], [ 5.428462263732376, 48.591440287054482 ], [ 5.428386819938589, 48.591513822802071 ], [ 5.428235931715546, 48.591660894140574 ], [ 5.42816238993323, 48.591738890661361 ], [ 5.428086945288391, 48.591812426200967 ], [ 5.428012555973845, 48.591890439904489 ], [ 5.427861665615096, 48.592037510723323 ], [ 5.427786220117978, 48.592111046054391 ], [ 5.427710774409031, 48.592184581333221 ], [ 5.427634689798144, 48.592262629341441 ], [ 5.427485491518729, 48.592409665075216 ], [ 5.427410253352722, 48.592487695644941 ], [ 5.427333959464753, 48.592561247942456 ], [ 5.427260206692302, 48.592634748349454 ], [ 5.427184967867387, 48.592712778762433 ], [ 5.427109520447657, 48.592786313624025 ], [ 5.42703407281609, 48.592859848433378 ], [ 5.426958624972686, 48.592933383190477 ], [ 5.426910089975491, 48.592983870279241 ], [ 5.42690893861343, 48.593105386944977 ], [ 5.426906328761413, 48.593195435115028 ], [ 5.426903718900426, 48.593285483278393 ], [ 5.426901956152488, 48.593375514158559 ], [ 5.42689934627501, 48.593465562308573 ], [ 5.426898430638436, 48.593555575898947 ], [ 5.42689644581321, 48.593659110523809 ], [ 5.427131329934992, 48.594189789640801 ], [ 5.427170257321646, 48.594242992597671 ], [ 5.427230766392992, 48.594322753807681 ], [ 5.4272914840413, 48.594407010474335 ], [ 5.427352840626575, 48.594486754332337 ], [ 5.42753373134348, 48.594730550300376 ], [ 5.427594033111299, 48.594805815803262 ], [ 5.427653057611397, 48.594890106815022 ], [ 5.427714415313063, 48.594969850455158 ], [ 5.42789510093364, 48.595209150288859 ], [ 5.427956459377555, 48.595288893783419 ], [ 5.428016332159251, 48.595373167297787 ], [ 5.428078538135112, 48.595452893434313 ], [ 5.42825943556652, 48.595696688106962 ], [ 5.42831973948948, 48.595771953182727 ], [ 5.428379404916038, 48.595851730995712 ], [ 5.428455570447725, 48.59595817050856 ], [ 5.42848983451286, 48.596020467651329 ], [ 5.428537001504624, 48.596105000169267 ], [ 5.428583112971005, 48.596185054467348 ], [ 5.428627738756741, 48.596269638803243 ], [ 5.428766700012695, 48.596523287937117 ], [ 5.428811326383094, 48.596607872180783 ], [ 5.428857855783917, 48.596696917302552 ], [ 5.428905023978821, 48.596781449627912 ], [ 5.428951345148177, 48.596865999219773 ], [ 5.42898920766053, 48.596932722488681 ], [ 5.428963272536832, 48.597653209518413 ], [ 5.427448542680831, 48.599313017122256 ], [ 5.426526312838051, 48.599925787234653 ], [ 5.425284624012122, 48.600581057508343 ], [ 5.424289271172746, 48.600934315351445 ], [ 5.421607125943807, 48.601452388506722 ], [ 5.42099731050084, 48.601469294296905 ], [ 5.419497399204659, 48.601328806427603 ], [ 5.416492811155221, 48.600962376897286 ], [ 5.415598327836469, 48.600764549358431 ], [ 5.414956851040834, 48.600462588333073 ], [ 5.414128170417523, 48.599925937284027 ], [ 5.414049450303138, 48.599855538842391 ], [ 5.413965647020653, 48.599785243450903 ], [ 5.413885025615454, 48.599710383764808 ], [ 5.413804611696572, 48.599640019516407 ], [ 5.413752552749695, 48.599596078345073 ], [ 5.413735004689235, 48.59956493633748 ], [ 5.413686164023019, 48.599480432560398 ], [ 5.413639017961942, 48.599395894393332 ], [ 5.413591024830652, 48.599311373383451 ], [ 5.413543031854267, 48.59922685234838 ], [ 5.413495039032783, 48.599142331288107 ], [ 5.413447046366204, 48.59905781020263 ], [ 5.413399053854525, 48.598973289091965 ], [ 5.413352115927452, 48.598893246276518 ], [ 5.413303276505392, 48.598808742295851 ], [ 5.413256131666985, 48.598724203930658 ], [ 5.413207292557427, 48.598639699898911 ], [ 5.413161842446758, 48.598555127126708 ], [ 5.413147251105821, 48.598532924474128 ], [ 5.413121268544091, 48.59846595575879 ], [ 5.413086192402748, 48.598385672307487 ] ], [ [ 5.413086192402748, 48.598385672307487 ], [ 5.413049007584854, 48.598296432190047 ], [ 5.413011182871022, 48.59821170473559 ], [ 5.4129765399146, 48.598122413049992 ], [ 5.412941257049747, 48.598037634029197 ], [ 5.412904072725903, 48.597948393841051 ], [ 5.412867942896352, 48.597863631963257 ], [ 5.41283160601876, 48.597774374563201 ], [ 5.41274993497553, 48.597695035655718 ], [ 5.412675248892926, 48.597620054791911 ], [ 5.412599715829997, 48.59754509105133 ], [ 5.412525877369244, 48.597470092909937 ], [ 5.412451191928166, 48.597395111891757 ], [ 5.412376506700927, 48.597320130822119 ], [ 5.412300974498113, 48.59724516687357 ], [ 5.412225442511514, 48.597170202872519 ], [ 5.412151605115206, 48.597095204475984 ], [ 5.412076073558658, 48.597020240370931 ], [ 5.412000542218323, 48.596945276213383 ], [ 5.411926705461146, 48.596870277663534 ], [ 5.411622530079193, 48.596709952842986 ], [ 5.411499519775631, 48.596671948160662 ], [ 5.411375662470752, 48.596633960516016 ], [ 5.41125095816628, 48.596595989906419 ], [ 5.411127948399987, 48.596557984836586 ], [ 5.411005992993625, 48.596524457988359 ], [ 5.410880442040258, 48.596486504150569 ], [ 5.410855459908874, 48.596478010831781 ], [ 5.41074978895373, 48.596466652365571 ], [ 5.410615954227572, 48.596451364593349 ], [ 5.410482119579543, 48.596436076670471 ], [ 5.410349979363081, 48.596420754279599 ], [ 5.410216144870905, 48.59640546605732 ], [ 5.410082310456858, 48.596390177684384 ], [ 5.409950170473159, 48.596374854849131 ], [ 5.40990062044229, 48.596366858845762 ], [ 5.409814208488018, 48.596368608673167 ], [ 5.409678660312824, 48.596371353374103 ], [ 5.409543319000613, 48.596378593436988 ], [ 5.409407770785384, 48.596381337829449 ], [ 5.409272222555951, 48.596384082067551 ], [ 5.409136674312315, 48.596386826151317 ], [ 5.409001126054476, 48.596389570080738 ], [ 5.408865577782436, 48.596392313855809 ], [ 5.408748874195475, 48.596399175755437 ], [ 5.408730236303676, 48.596399552994157 ], [ 5.408599751061827, 48.596420192801055 ], [ 5.40846947250242, 48.59644532798248 ], [ 5.408337292687556, 48.596466001791477 ], [ 5.408205112768345, 48.596486675453363 ], [ 5.408074627102516, 48.596507314683173 ], [ 5.407942653715778, 48.596532483571217 ], [ 5.407810473473023, 48.596553156793789 ], [ 5.407680194204124, 48.596578291108727 ], [ 5.407548013742173, 48.596598964039089 ], [ 5.407473875255325, 48.596609463262325 ], [ 5.407424718377443, 48.596628456482293 ], [ 5.407306485526894, 48.596675845188607 ], [ 5.407191641192978, 48.596723165230948 ], [ 5.407074255101203, 48.596770536566737 ], [ 5.406958356508525, 48.596813377996725 ], [ 5.406842664373538, 48.5968607148316 ], [ 5.406726972029428, 48.596908051552205 ], [ 5.406609585103015, 48.596955422422631 ], [ 5.406494532908459, 48.596998246262523 ], [ 5.406480337340667, 48.59700303301188 ], [ 5.40639576295891, 48.597063239237791 ], [ 5.406302923090641, 48.597128112218748 ], [ 5.40620648763611, 48.597188558121523 ], [ 5.406112800119693, 48.597253448076728 ], [ 5.406018471756847, 48.597322850601572 ], [ 5.405923730002948, 48.597383262009963 ], [ 5.405829194593115, 48.59744816885879 ], [ 5.405735506144869, 48.597513058503282 ], [ 5.405639275873542, 48.597577999446038 ], [ 5.405546434155818, 48.597642871809697 ], [ 5.405451050610687, 48.597707795468914 ], [ 5.405356307505977, 48.597768206406691 ], [ 5.405261770698142, 48.597833112784492 ], [ 5.405171676175511, 48.597902428993102 ], [ 5.405112700250741, 48.597984615318239 ], [ 5.40505521205239, 48.598062271848796 ], [ 5.404997930177579, 48.598144423864376 ], [ 5.404938953707671, 48.598226610087146 ], [ 5.404881671470765, 48.598308762035728 ], [ 5.404823335363747, 48.598386435553437 ], [ 5.404795541300675, 48.598427494379571 ], [ 5.404766052770686, 48.598468587435633 ], [ 5.404708769997923, 48.59855073928474 ], [ 5.404651487045458, 48.598632891100749 ], [ 5.404591662266148, 48.598715094236702 ], [ 5.404534378950232, 48.598797245985303 ], [ 5.404477736220741, 48.598874885068071 ], [ 5.404419605331672, 48.598957053867558 ], [ 5.404362321481232, 48.599039205517087 ], [ 5.404402991440639, 48.599924821742881 ], [ 5.405598343648458, 48.601615045419592 ], [ 5.406530596501374, 48.603391570358212 ], [ 5.406654631907668, 48.605499407750273 ], [ 5.406681396634954, 48.608018677144656 ], [ 5.406466695845087, 48.610137854659357 ], [ 5.406290970936824, 48.610595871360808 ], [ 5.406201496578673, 48.610660675023922 ], [ 5.406113923457601, 48.610729939829042 ], [ 5.406025502694078, 48.610799221693512 ], [ 5.405937929108485, 48.610868486361305 ], [ 5.405850355291203, 48.610937750960737 ], [ 5.405762574631825, 48.611002520022922 ], [ 5.405673305527821, 48.611071818736143 ], [ 5.405586578436861, 48.611141066004826 ], [ 5.405511942611268, 48.611196569940581 ], [ 5.405494560022741, 48.611205920481353 ], [ 5.405384973271409, 48.611257630941445 ], [ 5.405275592873414, 48.611313836767096 ], [ 5.405164310839545, 48.611365581264216 ], [ 5.405055570848997, 48.611417274292798 ], [ 5.4049434409559, 48.611469035699891 ], [ 5.404834700532451, 48.611520728522379 ], [ 5.404724265046879, 48.611572455480228 ], [ 5.404614883281999, 48.611628660684431 ], [ 5.404504447351629, 48.611680387433829 ], [ 5.404394011203061, 48.611732114078613 ], [ 5.404283574836294, 48.61178384061877 ], [ 5.404174833107619, 48.611835532825282 ], [ 5.4040643963062, 48.611887259157761 ], [ 5.403954165745404, 48.611943480854201 ], [ 5.403844575929146, 48.611995189865283 ], [ 5.403734138464726, 48.612046915884704 ], [ 5.403623700782106, 48.612098641799463 ], [ 5.403598897091208, 48.612112641520163 ], [ 5.403510720580912, 48.612150418938988 ], [ 5.403399435024938, 48.612202161751149 ], [ 5.403286247975888, 48.612249443204888 ], [ 5.40317306072242, 48.612296724549203 ], [ 5.403060079648189, 48.612348501252725 ], [ 5.402946891976354, 48.612395782378208 ], [ 5.40283221558775, 48.612447593072829 ], [ 5.402720722374525, 48.612494839769575 ], [ 5.402606045545171, 48.61254665024218 ], [ 5.402492857034995, 48.612593930928377 ], [ 5.402379874646828, 48.612645706973886 ], [ 5.402266685718284, 48.61269298744125 ], [ 5.402153702892719, 48.612744763267933 ], [ 5.402040513545806, 48.612792043516471 ], [ 5.401927530282842, 48.612843819124343 ], [ 5.401814340517561, 48.612891099154048 ], [ 5.4017013568172, 48.612942874543108 ], [ 5.401588166633547, 48.612990154353966 ], [ 5.401473281348517, 48.613037468245949 ], [ 5.401361991893764, 48.613089209116247 ], [ 5.401247312418145, 48.613141018255007 ], [ 5.401135816298211, 48.613188263440847 ], [ 5.401021136381837, 48.613240072357584 ], [ 5.400907944941467, 48.613287351510309 ], [ 5.400794959489757, 48.613339126022503 ], [ 5.400754052832213, 48.613353449853562 ], [ 5.400695739270657, 48.613395122459217 ], [ 5.400603710837239, 48.613459973035866 ], [ 5.40051104088862, 48.613529336095041 ], [ 5.400419859448371, 48.613594169434016 ], [ 5.400327830323396, 48.61365901978683 ], [ 5.400235159657002, 48.613728382619939 ], [ 5.400143977528504, 48.613793215737061 ], [ 5.40005110024974, 48.613858082951182 ], [ 5.400038800576708, 48.613867330164098 ], [ 5.399971346939745, 48.613931684757851 ], [ 5.399894983264168, 48.61400521817059 ], [ 5.39981777190822, 48.614078768613389 ], [ 5.399739712868255, 48.614152336084601 ], [ 5.399663348545545, 48.614225869335442 ], [ 5.399585289069291, 48.614299436696491 ], [ 5.399508924315154, 48.614372969839401 ], [ 5.399431070482963, 48.614451032557454 ], [ 5.399409860524287, 48.614469458522606 ], [ 5.399369318411519, 48.614528770695443 ], [ 5.399312857075023, 48.614610901784033 ], [ 5.399257243037391, 48.614693015760828 ], [ 5.399201628825315, 48.614775129706096 ], [ 5.399145166960101, 48.614857260698521 ], [ 5.399096561557439, 48.614925734477794 ], [ 5.399097179718151, 48.61493922087557 ], [ 5.399102995760684, 48.615029096033453 ], [ 5.399108811823185, 48.615118971184387 ], [ 5.399113780421257, 48.615208863406842 ], [ 5.399119596522239, 48.615298738543935 ], [ 5.399123717668584, 48.615388647831125 ], [ 5.399128068142644, 48.615465053641358 ], [ 5.399134618739126, 48.61547842048298 ], [ 5.399176670921258, 48.61556306574883 ], [ 5.399219570730828, 48.615647693914745 ], [ 5.399261623186262, 48.615732339138788 ], [ 5.399282328754623, 48.615776918014092 ], [ 5.399317235684454, 48.615816711064653 ], [ 5.399388538611762, 48.615891767508508 ], [ 5.3994581467504, 48.61596685806682 ], [ 5.399527961183658, 48.616046444040862 ], [ 5.399598417226918, 48.616121517426222 ], [ 5.399645601832758, 48.616170062143183 ], [ 5.399678837366126, 48.61619189031596 ], [ 5.399775154127898, 48.61625744310885 ], [ 5.399872112507435, 48.616318483277041 ], [ 5.399970124750367, 48.61638400173775 ], [ 5.400066236087495, 48.616445058826038 ], [ 5.4001640426589, 48.616506081661903 ], [ 5.400259513100107, 48.61657165113197 ], [ 5.400357320133275, 48.616632673802727 ], [ 5.400453432378452, 48.61669373056602 ], [ 5.400551446051343, 48.616759248528012 ], [ 5.400648406265251, 48.616820288038923 ], [ 5.400744725397044, 48.616885840013694 ], [ 5.400842533582703, 48.61694686227014 ], [ 5.400914297955072, 48.616994910817802 ], [ 5.400942884535127, 48.617007833168898 ], [ 5.401055535969019, 48.617059556687771 ], [ 5.401166286356617, 48.617106818829683 ], [ 5.401278938224204, 48.617158542133012 ], [ 5.401389895282274, 48.617210299516842 ], [ 5.401471418186489, 48.617249151675821 ], [ 5.401497668761193, 48.617266620629778 ], [ 5.40159717357158, 48.617327608056506 ], [ 5.401696678613791, 48.617388595397031 ], [ 5.401795336368036, 48.617449599748852 ], [ 5.40189568939369, 48.617510569819459 ], [ 5.401995195131379, 48.617571556901353 ], [ 5.40209554862355, 48.617632526797422 ], [ 5.402195054825846, 48.617693513706207 ], [ 5.402293713735404, 48.617754517629812 ], [ 5.402387928899754, 48.617811111527736 ], [ 5.402471104318445, 48.617885926577912 ], [ 5.402550889863569, 48.6179608099769 ], [ 5.402631523165943, 48.618035676214376 ], [ 5.402710255262192, 48.618106081152767 ], [ 5.402790041484891, 48.618180964377949 ], [ 5.402816499352613, 48.618202928475192 ], [ 5.40285198580106, 48.61829220453788 ], [ 5.403234697139961, 48.618941423323349 ], [ 5.403453861835525, 48.619575943859296 ], [ 5.403459685872425, 48.619665818460561 ], [ 5.403464662372742, 48.61975571016422 ], [ 5.403470486448184, 48.619845584751602 ], [ 5.403476310543621, 48.619935459332041 ], [ 5.403480439537175, 48.620025368124445 ], [ 5.403485416107304, 48.620115259800549 ], [ 5.403491240258374, 48.620205134360248 ], [ 5.403465498063087, 48.620291146524487 ], [ 5.403436365516605, 48.62037722711365 ], [ 5.403408286887939, 48.620467786018573 ], [ 5.403379154149089, 48.62055386658119 ], [ 5.4033491737435, 48.620639964239082 ], [ 5.403321094823087, 48.620730523103802 ], [ 5.403292809368471, 48.620816586518295 ], [ 5.403263882680534, 48.620907162464434 ], [ 5.403235597036423, 48.620993225852793 ], [ 5.403206670151897, 48.621083801771803 ], [ 5.40317668915915, 48.621169899348594 ], [ 5.403148609656125, 48.621260458133001 ], [ 5.403118628466717, 48.621346555682607 ], [ 5.403090342346401, 48.62143261900524 ], [ 5.403061414967762, 48.62152319485611 ], [ 5.403033128657945, 48.621609258152581 ], [ 5.403003994666987, 48.621695338542253 ], [ 5.402974219404167, 48.621785931458334 ], [ 5.402945932809035, 48.62187199471542 ], [ 5.402917646120897, 48.621958057959667 ], [ 5.402888718153113, 48.622048633729271 ], [ 5.402860637680594, 48.622139192380047 ], [ 5.402831503111079, 48.622225272689853 ], [ 5.402801520847577, 48.622311370091005 ], [ 5.402773440083283, 48.622401928701571 ], [ 5.402745152825215, 48.62248799186716 ], [ 5.402716017871683, 48.622574072123918 ], [ 5.40268793681856, 48.622664630694651 ], [ 5.402658801672634, 48.622750710924834 ], [ 5.402630720425781, 48.622841269468857 ], [ 5.402611756385987, 48.622927144434122 ], [ 5.402595541498607, 48.62301746351082 ], [ 5.402577631332988, 48.623107816784547 ], [ 5.402561209947161, 48.623193640413852 ], [ 5.402544147276017, 48.623283976566533 ], [ 5.402527932161459, 48.623374295607377 ], [ 5.402524954461931, 48.623383354875159 ], [ 5.402470618623318, 48.62345644469611 ], [ 5.402407165206355, 48.623534218035935 ], [ 5.402344559220229, 48.623611974235651 ], [ 5.402283007030434, 48.623694208724459 ], [ 5.402272607043173, 48.623707917319102 ], [ 5.402200699007165, 48.623767862729302 ], [ 5.402114587564002, 48.623832594216232 ], [ 5.402027834624327, 48.623901838164102 ], [ 5.401942983039363, 48.623975543275357 ], [ 5.401856229635793, 48.62404478709005 ], [ 5.401771171258112, 48.624113996643132 ], [ 5.401690144487063, 48.624178625221177 ], [ 5.401563161623275, 48.62422168268867 ], [ 5.401444654853058, 48.624264569070462 ], [ 5.401322757364753, 48.624307523709042 ], [ 5.40120234866837, 48.62434594860764 ], [ 5.401083841321233, 48.624388834626046 ], [ 5.400961943247487, 48.624431788890952 ], [ 5.400843435509064, 48.62447467466712 ], [ 5.400723026076364, 48.624513099075855 ], [ 5.400603670322893, 48.624556001700341 ], [ 5.400482619101837, 48.624598938379847 ], [ 5.400426652313749, 48.624618064977007 ], [ 5.400355863262221, 48.624628491174647 ], [ 5.40022741200546, 48.624658078006327 ], [ 5.400097059150563, 48.6246832034414 ], [ 5.399965652365959, 48.624703850389523 ], [ 5.399835505427007, 48.62473347096546 ], [ 5.399706847473886, 48.624758561805002 ], [ 5.399575440346203, 48.624779208321357 ], [ 5.399445292999093, 48.624808828469071 ], [ 5.399316634673721, 48.624833918885571 ], [ 5.399185433303197, 48.624859060399082 ], [ 5.399084334701027, 48.624874596101563 ], [ 5.399054873358564, 48.624879689260567 ], [ 5.399018630881739, 48.624884919033526 ], [ 5.39663284728496, 48.625162440468216 ], [ 5.394362057022216, 48.625320612471228 ], [ 5.393460853879587, 48.62544672006949 ], [ 5.393084806149317, 48.625535270390117 ], [ 5.392289888028241, 48.625870712520701 ], [ 5.391503666089241, 48.626340961289237 ], [ 5.391066107900713, 48.626754708701462 ], [ 5.390760366505128, 48.627305294124078 ], [ 5.39076616615362, 48.628565053242767 ], [ 5.391557054235229, 48.630479479801807 ], [ 5.3917367433238, 48.631236294427467 ], [ 5.392449862982539, 48.632747315542495 ], [ 5.392750545340075, 48.633236224199777 ], [ 5.39354478325756, 48.634070677212208 ], [ 5.39398794421983, 48.634687205585443 ], [ 5.394031029232676, 48.635406265070607 ], [ 5.393973975387486, 48.635587393218415 ], [ 5.393338156428556, 48.63632459617812 ], [ 5.390830845219768, 48.6384672309118 ], [ 5.390112250652649, 48.638936104030144 ], [ 5.389383867913251, 48.639135198078051 ], [ 5.38723917980939, 48.63972714222615 ], [ 5.386909775412635, 48.639873228444202 ], [ 5.385726021885955, 48.64009942197012 ], [ 5.385297929309983, 48.640184487176391 ], [ 5.378436366068882, 48.640051728491031 ], [ 5.375981539337431, 48.640078224330885 ], [ 5.373346430909325, 48.64028374159016 ], [ 5.372274907863304, 48.64053456062414 ], [ 5.36650803780561, 48.642669534246991 ], [ 5.366111907001487, 48.642861881291822 ], [ 5.364480454954923, 48.643983144130495 ], [ 5.363231546337177, 48.644687344225147 ], [ 5.363168618114893, 48.644778581530218 ], [ 5.359643270576542, 48.647174673261702 ], [ 5.359043353316225, 48.647366531803073 ], [ 5.357680850020964, 48.647267520967333 ], [ 5.356893509081464, 48.647161616176902 ], [ 5.356518154424113, 48.647119548103959 ], [ 5.355902686061862, 48.647041732815538 ], [ 5.355148867811125, 48.646926154811979 ], [ 5.353312103755783, 48.646849967785528 ], [ 5.352294691501687, 48.646874561340198 ], [ 5.351148181422073, 48.646991682508158 ], [ 5.349951555936201, 48.647429239481461 ], [ 5.347834944892883, 48.648379853338518 ], [ 5.345515328643684, 48.649347922475833 ], [ 5.339654592041351, 48.651307912120608 ], [ 5.33698532019868, 48.652093699567651 ], [ 5.332985372838886, 48.653364424095692 ], [ 5.332523393021046, 48.653607436087775 ], [ 5.332064909198507, 48.65389087195291 ], [ 5.331387974666566, 48.654853483848719 ], [ 5.330888548683697, 48.655628144899921 ], [ 5.329878990833341, 48.656957199898251 ], [ 5.329256261122171, 48.657918735753782 ], [ 5.328559103406707, 48.658791734947485 ], [ 5.328088397731243, 48.660060745134537 ], [ 5.328036987794032, 48.660336208539107 ], [ 5.327512367141888, 48.66161526622848 ], [ 5.327016716251959, 48.662439323044119 ], [ 5.326889042135794, 48.662603791556649 ], [ 5.32682937393121, 48.662712940244461 ], [ 5.324445188215464, 48.666147446904439 ], [ 5.324276048655022, 48.666735654497487 ], [ 5.324304363642606, 48.668174876378927 ], [ 5.324144066766902, 48.674616470575437 ], [ 5.323999970871797, 48.675654111005073 ], [ 5.323586244450224, 48.6767015057737 ], [ 5.323364862160361, 48.67760567217428 ], [ 5.322017778509531, 48.681100838554585 ], [ 5.321655634216706, 48.681877261403677 ], [ 5.319198963421506, 48.6850070487191 ], [ 5.318652221706897, 48.686142487282261 ], [ 5.318359880282415, 48.686962529725697 ], [ 5.318311500857512, 48.687039957039111 ], [ 5.318117025371058, 48.6874621648398 ], [ 5.317380106417279, 48.68883075094967 ], [ 5.316804575365537, 48.689471823698803 ], [ 5.315628114671969, 48.690277537917453 ], [ 5.315099128621013, 48.690512769840026 ], [ 5.313867900450776, 48.691310530016921 ], [ 5.313026572668637, 48.692051222325283 ], [ 5.309646664276329, 48.694708262424903 ], [ 5.307885362070446, 48.696011127753991 ], [ 5.305262892169041, 48.697650054179988 ], [ 5.297975618781742, 48.701889408507206 ], [ 5.296585242599792, 48.702519072406766 ], [ 5.294788919407289, 48.703192523641853 ], [ 5.29244941529715, 48.703880887604122 ], [ 5.290045600316194, 48.704615429905239 ], [ 5.28845326988804, 48.705293862736006 ], [ 5.287662102352059, 48.705718457541145 ], [ 5.287600458195793, 48.705746634417523 ], [ 5.283435878866216, 48.707783536502632 ], [ 5.282504023276619, 48.7082377823819 ], [ 5.281919344247636, 48.70870337534847 ], [ 5.281672378597932, 48.709158006363495 ], [ 5.281369955321341, 48.709568706698839 ], [ 5.280745706267315, 48.710529946146487 ], [ 5.277468198318959, 48.715073616325803 ], [ 5.276291926012402, 48.715910391896514 ], [ 5.27596088235533, 48.716056178061201 ], [ 5.272242637319686, 48.718574523770712 ], [ 5.271450287759624, 48.718999022413179 ], [ 5.268320314749275, 48.720120338933789 ], [ 5.266173172436653, 48.720624539367549 ], [ 5.263215598019904, 48.721198064366966 ], [ 5.258479430844541, 48.721584746058632 ], [ 5.255178566335977, 48.722124075855028 ], [ 5.249878805400069, 48.723380365935135 ], [ 5.248861553589648, 48.723404042800112 ], [ 5.247970985384596, 48.723290355574008 ], [ 5.246746853598547, 48.723286419400438 ], [ 5.24621185159771, 48.723435960164437 ], [ 5.238750230672138, 48.724930379986887 ], [ 5.237544060354138, 48.725227440079045 ], [ 5.233763189569586, 48.726895398954468 ], [ 5.229470600277198, 48.72795194414666 ], [ 5.227263110887972, 48.728591522586754 ], [ 5.223441235473437, 48.729549079758002 ], [ 5.22183669966453, 48.730037852683331 ], [ 5.217392574888726, 48.732041536083472 ], [ 5.217255939347504, 48.732107059068106 ], [ 5.215471428895198, 48.732945499255592 ], [ 5.214554359524814, 48.733551871953829 ], [ 5.212555457187225, 48.735532453676292 ], [ 5.211308010525695, 48.736329375760278 ], [ 5.209471097698755, 48.737281160641437 ], [ 5.207042063637844, 48.738869203688161 ], [ 5.206393902834391, 48.739425545710517 ], [ 5.205408848267002, 48.740078085680679 ], [ 5.202740791718124, 48.74100462472591 ], [ 5.202087067480743, 48.741471067467913 ], [ 5.199084483272447, 48.74374433484666 ], [ 5.196661542867406, 48.745431007496286 ], [ 5.195624868517645, 48.747348566101294 ], [ 5.195206111360609, 48.748390985830468 ], [ 5.194056419274967, 48.750980917577643 ], [ 5.193877319351931, 48.751434085029061 ], [ 5.193107068651754, 48.753261235296421 ], [ 5.192732404649185, 48.753857453315973 ], [ 5.189895873498688, 48.755452584538247 ], [ 5.187202023202103, 48.757188988545565 ], [ 5.185424448902464, 48.758265241815984 ], [ 5.184903603134043, 48.758684157318022 ], [ 5.184582952474663, 48.759049921723701 ], [ 5.184608567012817, 48.759499324420531 ], [ 5.185015423260217, 48.760481596234079 ], [ 5.185042924210336, 48.760975950915338 ], [ 5.184856366373934, 48.761294274142166 ], [ 5.180850089065192, 48.763918272597778 ], [ 5.180725007762871, 48.764100504478812 ], [ 5.178434453713106, 48.765775334312927 ], [ 5.178053892348136, 48.766277130477647 ], [ 5.176813426185853, 48.769453314797438 ], [ 5.176171412469956, 48.770153310140842 ], [ 5.174650556441981, 48.770954781571383 ], [ 5.172980877915082, 48.771534007731908 ], [ 5.172258497326692, 48.772001512089687 ], [ 5.171416581503137, 48.772786089823896 ], [ 5.170826618610779, 48.773206190535049 ], [ 5.167901535685277, 48.774451457646862 ], [ 5.167180936324152, 48.774963882465087 ], [ 5.167002904644157, 48.775102071387856 ], [ 5.166922473283464, 48.775193503110295 ], [ 5.166850936727704, 48.775253283038268 ], [ 5.166814173174979, 48.775289938973842 ], [ 5.165687127715924, 48.776259588589227 ], [ 5.163927492438996, 48.777425131086375 ], [ 5.161818374693827, 48.778700438506952 ], [ 5.160759268685, 48.779218946440622 ], [ 5.158487180442452, 48.779993296083205 ], [ 5.157013630152779, 48.780429285651891 ], [ 5.155111842865222, 48.78174570790415 ], [ 5.154786278062975, 48.782021495708207 ], [ 5.154090808629481, 48.782983238004618 ], [ 5.153450658429756, 48.783719049370752 ], [ 5.152472221121656, 48.784505937911788 ], [ 5.151629806059731, 48.785290367584167 ], [ 5.150510701348414, 48.785989800251834 ], [ 5.149586910176176, 48.786514762381159 ], [ 5.148787978334795, 48.786848532055437 ], [ 5.148113286466188, 48.786955134904538 ], [ 5.147703451959316, 48.786922016378291 ], [ 5.147011554017597, 48.786714024022821 ], [ 5.146259548580964, 48.786637565428578 ], [ 5.145511427941954, 48.786655501813129 ], [ 5.143889920596389, 48.78687355018792 ], [ 5.142137438884999, 48.787197391157925 ], [ 5.140581234507598, 48.787369237705171 ], [ 5.139290570968807, 48.787396854653856 ], [ 5.138343736325396, 48.787508274654861 ], [ 5.137673549236385, 48.787704707907366 ], [ 5.130852884447172, 48.791204936602888 ], [ 5.126081058680283, 48.792311103075967 ], [ 5.123795332091508, 48.792860083104337 ], [ 5.122054522183007, 48.793394843256337 ], [ 5.12012411102469, 48.794207348620318 ], [ 5.120006997448235, 48.794299396099731 ], [ 5.11927165777602, 48.794550859836576 ], [ 5.117167940019614, 48.794912043534637 ], [ 5.113735407598062, 48.795625091119831 ], [ 5.113469561840407, 48.795764747348208 ], [ 5.112697222661826, 48.796322718858121 ], [ 5.112380326392594, 48.796778166873203 ], [ 5.111960055413212, 48.797833734754057 ], [ 5.111412963664468, 48.799057983163273 ], [ 5.109883000536347, 48.800983346778757 ], [ 5.109165951632539, 48.801585298976129 ], [ 5.1083101203829, 48.802144710470579 ], [ 5.104303284330273, 48.803596345772931 ], [ 5.101987020371504, 48.804820189283632 ], [ 5.101008563199496, 48.805381701280098 ], [ 5.100409571442399, 48.805621648321008 ], [ 5.098252153229166, 48.806037409883281 ], [ 5.093973349096619, 48.806454331075855 ], [ 5.09275204780714, 48.806525204793907 ], [ 5.090037864482424, 48.806581696548506 ], [ 5.084832182202677, 48.807324880980282 ], [ 5.083359691694521, 48.807224603137989 ], [ 5.078350670689564, 48.804810720684586 ], [ 5.077100244168966, 48.804342137069085 ], [ 5.0739934820376, 48.803514411939879 ], [ 5.072514000140093, 48.803427618829531 ], [ 5.07159274501719, 48.803529060488671 ], [ 5.070129529627405, 48.803680369206695 ], [ 5.068372998912303, 48.803647805518253 ], [ 5.066703151293251, 48.803375304077171 ], [ 5.065732288517755, 48.803041217559532 ], [ 5.064730938248498, 48.802388266513809 ], [ 5.06431118808528, 48.802170599847848 ], [ 5.063627309149522, 48.802096942129552 ], [ 5.062264890049216, 48.802084473637187 ], [ 5.057217737538318, 48.803197086397418 ], [ 5.05635160911782, 48.803531375061993 ], [ 5.054151980342859, 48.804437381886885 ], [ 5.052427913599405, 48.805294695328321 ], [ 5.050181097496377, 48.806606284543207 ], [ 5.05001583994834, 48.806690089000178 ], [ 5.049001346832456, 48.80721579562217 ], [ 5.048091568006344, 48.808045584001867 ], [ 5.047193136966587, 48.809100085359375 ], [ 5.046207007428205, 48.80976472744635 ], [ 5.045751563607162, 48.810177370648098 ], [ 5.044074944683282, 48.813273890085277 ], [ 5.043792225959371, 48.814358312309551 ], [ 5.043619990634284, 48.814721119407558 ], [ 5.042778063084032, 48.815549698136223 ], [ 5.041127641629216, 48.816540520234547 ], [ 5.040052843832959, 48.816837759654966 ], [ 5.039579817033581, 48.816890813812407 ], [ 5.03662149757684, 48.816792808056839 ], [ 5.036490463591186, 48.816795040386751 ], [ 5.036356552862986, 48.816810816357894 ], [ 5.036220764740954, 48.816822125895982 ], [ 5.036086002990722, 48.816837916057011 ], [ 5.035952767352768, 48.816849181813517 ], [ 5.035817154580064, 48.816864986162507 ], [ 5.03568306794324, 48.816876266108615 ], [ 5.035547279504719, 48.8168875748812 ], [ 5.035413368253556, 48.816903349794721 ], [ 5.035278430558383, 48.816914643774183 ], [ 5.035144519156378, 48.816930418386256 ], [ 5.035009581332933, 48.816941712062039 ], [ 5.034739705510696, 48.816964298956449 ], [ 5.034605793818212, 48.816980072964469 ], [ 5.034470004875765, 48.816991380512611 ], [ 5.034336943906286, 48.817007139738337 ], [ 5.034202005709415, 48.817018432501982 ], [ 5.034066391965967, 48.817034234862923 ], [ 5.033932304515264, 48.817045512843997 ], [ 5.033798392369992, 48.817061285946622 ], [ 5.033662603040994, 48.817072592577006 ], [ 5.033529541620285, 48.817088350903099 ], [ 5.033393752162516, 48.817099657227907 ], [ 5.03325881352199, 48.817110948926192 ], [ 5.033124725699372, 48.817122226000883 ], [ 5.032989111359548, 48.817138027138505 ], [ 5.03272196154848, 48.81716506133678 ], [ 5.032586171715864, 48.817176366743681 ], [ 5.032451232701968, 48.817187657529807 ], [ 5.032315617987904, 48.817203457902657 ], [ 5.032181529723442, 48.817214733918696 ], [ 5.032047616614066, 48.817230505058163 ], [ 5.03191267734347, 48.817241795235979 ], [ 5.031778764083287, 48.817257566073977 ], [ 5.031643824684456, 48.817268855948107 ], [ 5.031508034347823, 48.81728016012957 ], [ 5.03137412086674, 48.817295930513851 ], [ 5.031238330401139, 48.81730723438875 ], [ 5.031105267649145, 48.817322990013722 ], [ 5.030971178815608, 48.817334264671238 ], [ 5.030835388162836, 48.817345568088157 ], [ 5.030700623429437, 48.817361352172163 ], [ 5.030535226890382, 48.817377656408631 ], [ 5.030432795480912, 48.817392890979683 ], [ 5.02963596589865, 48.817505383778432 ], [ 5.029501375383749, 48.817525661784813 ], [ 5.028836580221612, 48.817617914577923 ], [ 5.028703865803601, 48.817642658080153 ], [ 5.028303996446493, 48.817694425749181 ], [ 5.028169906052238, 48.817705697261552 ], [ 5.028033938956371, 48.817712502215592 ], [ 5.027898146682038, 48.817723802293003 ], [ 5.027763030391259, 48.817730592504851 ], [ 5.027628764953199, 48.817737368131851 ], [ 5.027492972526312, 48.817748667748873 ], [ 5.027221037898339, 48.817762275962259 ], [ 5.027085245318238, 48.817773575115993 ], [ 5.026949277903848, 48.817780378836233 ], [ 5.026814336106738, 48.81779166325483 ], [ 5.026542401077458, 48.817805269924307 ], [ 5.026410011796497, 48.817816510613213 ], [ 5.026274044182058, 48.81782331356537 ], [ 5.026138251237817, 48.817834611643022 ], [ 5.026002283540727, 48.817841414286029 ], [ 5.02586649049047, 48.817852712054872 ], [ 5.025594554895519, 48.817866316567965 ], [ 5.025459612582872, 48.817877599456843 ], [ 5.025325346467052, 48.817884372496493 ], [ 5.025189378534171, 48.817891174214822 ], [ 5.025053585178216, 48.817902471059973 ], [ 5.024917617162696, 48.81790927246918 ], [ 5.024645855602582, 48.817927370105579 ], [ 5.02451073836094, 48.817934156641073 ], [ 5.024374770191999, 48.817940957432803 ], [ 5.024240678314633, 48.817952224536342 ], [ 5.02397061808118, 48.817970291821403 ], [ 5.023826140818873, 48.817977236049465 ], [ 5.023698332386807, 48.817974901455095 ], [ 5.023425697699628, 48.81797051990165 ], [ 5.02328938037322, 48.817968328891808 ], [ 5.023153913951146, 48.817966123326293 ], [ 5.023017596647652, 48.817963932006592 ], [ 5.022881104930289, 48.817957245247086 ], [ 5.022746489447089, 48.817955024821643 ], [ 5.022473854943836, 48.817950641097823 ], [ 5.022337537709402, 48.817948449002792 ], [ 5.022201220486429, 48.817946256752371 ], [ 5.022064903274917, 48.817944064346499 ], [ 5.021917350125992, 48.817937563588906 ], [ 5.021668499359285, 48.817887793422393 ], [ 5.021538117912596, 48.817863008865586 ], [ 5.021280584667796, 48.817808886488841 ], [ 5.021150880217664, 48.817779591833677 ], [ 5.021020499287545, 48.817754806710077 ], [ 5.020942371263942, 48.817738134575286 ], [ 5.020889944228466, 48.817725526155549 ], [ 5.02074747686808, 48.817696446822282 ], [ 5.020526841470416, 48.817605713256157 ], [ 5.020399670447601, 48.817553883807456 ], [ 5.020295822003952, 48.817510656545245 ], [ 5.020064803379745, 48.817415599379963 ], [ 5.019858983700074, 48.817333610709113 ], [ 5.019833959758293, 48.817325037051717 ], [ 5.019716323966574, 48.817277544011411 ], [ 5.019601066894555, 48.817225512436295 ], [ 5.019287147501438, 48.817100366666921 ], [ 5.019252764089054, 48.817091950986068 ], [ 5.018397204835441, 48.816809516073512 ], [ 5.018275665190972, 48.816771084017589 ], [ 5.017421992184524, 48.816493108612377 ], [ 5.017346922795948, 48.81646738607504 ], [ 5.017292467113506, 48.81646830503594 ], [ 5.017157855712291, 48.816466078315791 ], [ 5.017021542582464, 48.816463880157386 ], [ 5.016748742465624, 48.816454988075037 ], [ 5.016612429382033, 48.816452789450203 ], [ 5.016205868965391, 48.816441654290585 ], [ 5.016071431512595, 48.816443921647462 ], [ 5.015798631662205, 48.816435027397219 ], [ 5.015662318670862, 48.816432827689184 ], [ 5.015389518948295, 48.816423932505451 ], [ 5.015254230635772, 48.816426213288558 ], [ 5.014981431017425, 48.816417317173723 ], [ 5.014845118106858, 48.816415116533982 ], [ 5.014574020355938, 48.816406190807193 ], [ 5.014437881183922, 48.816408485005873 ], [ 5.01402961983764, 48.816397371122562 ], [ 5.013893307019391, 48.816395169397687 ], [ 5.013620507795665, 48.816386270177581 ], [ 5.013485896763164, 48.816384039323331 ], [ 5.013213271253805, 48.816379634478409 ], [ 5.013078660255855, 48.816377403165681 ], [ 5.012805861264117, 48.816368502086782 ], [ 5.01266954857302, 48.816366298966713 ], [ 5.012396923225384, 48.816361892260367 ], [ 5.01226146143851, 48.816359674351332 ], [ 5.011988662679027, 48.816350771407812 ], [ 5.011852350068813, 48.816348567356073 ], [ 5.011581426622152, 48.816344130150526 ], [ 5.011472341873435, 48.816341467488648 ], [ 5.011446138350273, 48.816346406625037 ], [ 5.011051209764825, 48.816416026299599 ], [ 5.010920018323475, 48.816436226152881 ], [ 5.009605056880322, 48.816669755430667 ], [ 5.009472162488825, 48.81668998229852 ], [ 5.00920824839218, 48.816734902297121 ], [ 5.009111090513962, 48.816754528113563 ], [ 5.009076882203432, 48.816750604813272 ], [ 5.008806288157472, 48.81673266109312 ], [ 5.008669628291404, 48.816721462794092 ], [ 5.008534670236846, 48.816710235746299 ], [ 5.008399034536811, 48.816703518151812 ], [ 5.008264076586953, 48.816692290798414 ], [ 5.008128440968453, 48.816685572896894 ], [ 5.007858525336264, 48.816663117426451 ], [ 5.007722889845895, 48.816656399064691 ], [ 5.007587932163568, 48.816645170947652 ], [ 5.007452296754741, 48.816638452278831 ], [ 5.007317339177127, 48.816627223856202 ], [ 5.007182554725159, 48.816620490593685 ], [ 5.006911788962168, 48.816598047271398 ], [ 5.006776153763034, 48.816591327835305 ], [ 5.006641196452975, 48.816580098649041 ], [ 5.006506412210125, 48.816573364624055 ], [ 5.00637060413006, 48.816562149414011 ], [ 5.006233945233974, 48.816550948329457 ], [ 5.005963353202507, 48.81653299817232 ], [ 5.005828396218444, 48.816521768068071 ], [ 5.00569191048333, 48.816515061678558 ], [ 5.005557804478, 48.816503816992679 ], [ 5.005422847656799, 48.816492586430378 ], [ 5.00528721292386, 48.816485865304642 ], [ 5.005152256207396, 48.816474634436737 ], [ 5.005015770682609, 48.816467927275148 ], [ 5.004881664944302, 48.816456681830473 ], [ 5.004737348786318, 48.816445607466392 ], [ 5.004608866938517, 48.816447762050473 ], [ 5.004472900054041, 48.816454540219958 ], [ 5.004064653591982, 48.816465883165151 ], [ 5.003928513802987, 48.816468165397829 ], [ 5.003521968863891, 48.816479477963043 ], [ 5.003386001755456, 48.816486254896368 ], [ 5.00297843297848, 48.816493084554367 ], [ 5.002842465763933, 48.816499860869541 ], [ 5.002696966212056, 48.816502298512688 ], [ 5.002572898709284, 48.816486384102397 ], [ 5.002438620792277, 48.816470640597984 ], [ 5.002306044704242, 48.816454868438726 ], [ 5.002035614904544, 48.816418913857859 ], [ 5.00190303906991, 48.816403141251037 ], [ 5.001501735980071, 48.816351384210222 ], [ 5.001368482171745, 48.816340120577841 ], [ 5.001101457100845, 48.81630410689943 ], [ 5.000968030969063, 48.816288347497618 ], [ 5.000698453826601, 48.816252375644737 ], [ 5.000564349573861, 48.816241125355667 ], [ 5.000297325565249, 48.816205109878283 ], [ 5.000230612737438, 48.816197229746656 ], [ 5.000164244851987, 48.816198340226549 ], [ 4.999346880852388, 48.816176027819104 ], [ 4.999276086239408, 48.816172713634643 ], [ 4.999212615733474, 48.816182771546721 ], [ 4.998949718596064, 48.816232150018102 ], [ 4.998818522931174, 48.816252336596548 ], [ 4.998423578204589, 48.816321914567432 ], [ 4.998290680363787, 48.816342129013677 ], [ 4.998026758398422, 48.816387024345737 ], [ 4.997897263735346, 48.816407181467603 ], [ 4.997500614855603, 48.816476784821369 ], [ 4.997369590235496, 48.81650146513261 ], [ 4.996972939934285, 48.816571066730077 ], [ 4.996842593529181, 48.816591236920381 ], [ 4.996578669056364, 48.816636129046131 ], [ 4.996445769699634, 48.816656341436136 ], [ 4.996050818747492, 48.816725911544573 ], [ 4.995919620718228, 48.816746094933336 ], [ 4.995657568504158, 48.816795451934944 ], [ 4.995524668384363, 48.8168156632983 ], [ 4.995129714996692, 48.816885230354373 ], [ 4.99499766532679, 48.816905426929502 ], [ 4.994733737675579, 48.816950314970391 ], [ 4.994686432148324, 48.816960100709181 ], [ 4.994599641950622, 48.816961548842535 ], [ 4.994463156509939, 48.816954829638242 ], [ 4.994056089914994, 48.816952624024765 ], [ 4.993919604567713, 48.816945904199954 ], [ 4.99351168718113, 48.816943710925322 ], [ 4.993459611351142, 48.816940081132415 ], [ 4.993377410823072, 48.816927957251437 ], [ 4.993244664446923, 48.816907679720202 ], [ 4.993113619941035, 48.816887373668209 ], [ 4.992980022887563, 48.816867110028923 ], [ 4.992847276820841, 48.816846832055397 ], [ 4.992704999328283, 48.816822214621418 ], [ 4.992452099171792, 48.816776949854876 ], [ 4.992321906184656, 48.816756628751037 ], [ 4.991927409051141, 48.81668223529622 ], [ 4.991811853210715, 48.816666167941698 ], [ 4.991295315540122, 48.816517336452392 ], [ 4.991170564735206, 48.816483428867137 ], [ 4.990668838868718, 48.816343344384329 ], [ 4.990623227559977, 48.81633060932608 ], [ 4.990552933611079, 48.816295794275966 ], [ 4.990331841852655, 48.816191518872259 ], [ 4.990220870868976, 48.816139388096431 ], [ 4.99011160184971, 48.816087228884932 ], [ 4.989998929567239, 48.816035126228591 ], [ 4.989776989152992, 48.815930863939123 ], [ 4.989716227418214, 48.815900387934434 ], [ 4.989679290053989, 48.815869515362273 ], [ 4.98959656369055, 48.815798921114052 ], [ 4.989429409906721, 48.81565776075324 ], [ 4.989344982490847, 48.815587194638283 ], [ 4.989176979205639, 48.815446048057751 ], [ 4.989147871736452, 48.81541954322546 ], [ 4.989080983440992, 48.815384670648577 ], [ 4.988976650805015, 48.815327930074091 ], [ 4.988870445195004, 48.815266722374027 ], [ 4.988766113024087, 48.815209981609883 ], [ 4.988661781080214, 48.815153240751819 ], [ 4.98855744936338, 48.815096499799878 ], [ 4.988517452741236, 48.815074674154303 ], [ 4.988439167684514, 48.81505348539784 ], [ 4.988313571384348, 48.815019588940991 ], [ 4.98818797524746, 48.8149856923512 ], [ 4.9880630587133, 48.814947286131087 ], [ 4.987936783463511, 48.814917898772741 ], [ 4.987811016424558, 48.814879506436689 ], [ 4.987757749426144, 48.814866897607708 ], [ 4.987679128279551, 48.814859208540909 ], [ 4.987544522305926, 48.814856948478592 ], [ 4.987137466564494, 48.814832228420322 ], [ 4.9870009876589, 48.814825500685437 ], [ 4.986595634123077, 48.814800750495742 ], [ 4.986459155369771, 48.814794022142181 ], [ 4.986187728419218, 48.814776041342974 ], [ 4.986051421023046, 48.814773807874033 ], [ 4.985645046284366, 48.814744573246251 ], [ 4.985508738993695, 48.814742339158563 ], [ 4.985102535962341, 48.814717598037447 ], [ 4.984966908469533, 48.814710853850521 ], [ 4.98488913881985, 48.814703148819497 ], [ 4.98483213186194, 48.814704095382112 ], [ 4.983063710145869, 48.814656976077003 ], [ 4.982927403194824, 48.814654739046318 ], [ 4.980479662321252, 48.814587360993997 ], [ 4.980457540236521, 48.814587727504218 ], [ 4.980350159568906, 48.814562517359597 ], [ 4.979835041074766, 48.814449598964188 ], [ 4.979706219126863, 48.814420245176585 ], [ 4.979061260718051, 48.81427348823172 ], [ 4.978934141329193, 48.814244105434597 ], [ 4.978288506998077, 48.814101853747161 ], [ 4.978160537621372, 48.814072484204097 ], [ 4.9775155878635, 48.813925718876135 ], [ 4.977388470193282, 48.813896334426602 ], [ 4.977000311341081, 48.813808292837642 ], [ 4.973480395419121, 48.812854365125311 ], [ 4.970227087053474, 48.811810475458657 ], [ 4.970144390438439, 48.811784849396453 ], [ 4.970022728237632, 48.811741872742793 ], [ 4.969902937685392, 48.811703363306535 ], [ 4.969781275873655, 48.811660386404043 ], [ 4.969538973460937, 48.811578913590616 ], [ 4.969419013844666, 48.811535908277122 ], [ 4.969295821003275, 48.81149745429731 ], [ 4.969175861774885, 48.81145444873674 ], [ 4.969056072508186, 48.811415938442167 ], [ 4.968932710464697, 48.811372988695958 ], [ 4.968690410712916, 48.81129151414202 ], [ 4.968570452457461, 48.811248507966162 ], [ 4.968448962515749, 48.811210025080086 ], [ 4.968327303053081, 48.811167046679238 ], [ 4.968205813480555, 48.811128563543299 ], [ 4.968085855999528, 48.811085556875007 ], [ 4.967964366795, 48.811047073490933 ], [ 4.967842708111815, 48.811004094590771 ], [ 4.967722751216514, 48.810961087553402 ], [ 4.967600411776787, 48.810922617801118 ], [ 4.967480455268702, 48.810879610517532 ], [ 4.967358966990655, 48.810841126511257 ], [ 4.967239010869115, 48.810798118982312 ], [ 4.967117522959065, 48.81075963472788 ], [ 4.966995865644293, 48.810716654955037 ], [ 4.96687420853004, 48.810673675056748 ], [ 4.966754422756326, 48.810635162429399 ], [ 4.966631915243191, 48.810592196280453 ], [ 4.966611326781634, 48.810588036839079 ], [ 4.966519447836956, 48.810544566641752 ], [ 4.966408512676409, 48.810492413506751 ], [ 4.966295025381027, 48.810440302253639 ], [ 4.966184260179666, 48.810392644301722 ], [ 4.966071624109462, 48.810340518837002 ], [ 4.965960689830775, 48.810288365277032 ], [ 4.965848904991597, 48.810236225604299 ], [ 4.965738140631334, 48.810188567230441 ], [ 4.965625505447762, 48.810136441335992 ], [ 4.965512870489343, 48.810084315332986 ], [ 4.965401086535229, 48.810032175232109 ], [ 4.965290153582955, 48.80998002103572 ], [ 4.965177519297532, 48.80992789470956 ], [ 4.965065905428867, 48.809880249687659 ], [ 4.964954973134932, 48.809828095173224 ], [ 4.964842339512624, 48.809775968524278 ], [ 4.964731407664071, 48.809723813797582 ], [ 4.964618774490424, 48.809671686933193 ], [ 4.964508012453244, 48.809624027395806 ], [ 4.964394528946467, 48.809571914298566 ], [ 4.964283597979758, 48.80951975914693 ], [ 4.964171816464645, 48.809467617870588 ], [ 4.964059184403589, 48.809415490467167 ], [ 4.963948423421877, 48.809367830400511 ], [ 4.963835791799602, 48.809315702782023 ], [ 4.963724861936602, 48.809263547100095 ], [ 4.963613081529227, 48.809211405289503 ], [ 4.963502152110782, 48.809159249396131 ], [ 4.963388839888267, 48.80911163072782 ], [ 4.963277910906284, 48.809059474621762 ], [ 4.963165280620101, 48.809007346357333 ], [ 4.963054352083492, 48.808955190039015 ], [ 4.962932702326401, 48.808912206062871 ], [ 4.962814455813327, 48.808869166077429 ], [ 4.962695358735212, 48.808826139943513 ], [ 4.962575580290784, 48.808787623066252 ], [ 4.962455632837005, 48.808744610659701 ], [ 4.962334834822802, 48.808701612098751 ], [ 4.96221488776538, 48.808658599447377 ], [ 4.962086090041498, 48.808629226525149 ], [ 4.96195576009197, 48.808604376802421 ], [ 4.961827813404271, 48.808574989635638 ], [ 4.961695613081283, 48.808545672146387 ], [ 4.961568686548696, 48.808520766147673 ], [ 4.961438188018975, 48.808491420448071 ], [ 4.961308540390744, 48.808462060644992 ], [ 4.961179912737953, 48.808437182152211 ], [ 4.96104941463612, 48.808407836026056 ], [ 4.960921468941272, 48.808378447884159 ], [ 4.960791140173321, 48.808353596886271 ], [ 4.960662344004503, 48.808324222422222 ], [ 4.960532866247714, 48.808299357185902 ], [ 4.960402368854813, 48.808270010349858 ], [ 4.960274592859302, 48.80824511692493 ], [ 4.960144095747442, 48.808215769805571 ], [ 4.960013598782442, 48.808186422542981 ], [ 4.959886336001573, 48.808152523922665 ], [ 4.959756177242988, 48.808132167205557 ], [ 4.959628401893608, 48.808107273086939 ], [ 4.959497736561112, 48.808073429843802 ], [ 4.95936740923376, 48.808048577287089 ], [ 4.95923929646135, 48.808014691920299 ], [ 4.959108969403924, 48.807989839080527 ], [ 4.958981363596422, 48.807969439683021 ], [ 4.958849848282397, 48.807935609671318 ], [ 4.958720372354498, 48.807910742463406 ], [ 4.958592260341043, 48.807876856399083 ], [ 4.95846193393637, 48.807852002850929 ], [ 4.9583350106362, 48.807827093403709 ], [ 4.958202814172417, 48.80779777203265 ], [ 4.958074189639461, 48.807772890183671 ], [ 4.957946078384453, 48.807739003422732 ], [ 4.957815752632174, 48.807714149167097 ], [ 4.957685940203662, 48.807680289996469 ], [ 4.95755561472206, 48.807655435455949 ], [ 4.957427159598117, 48.807635048327015 ], [ 4.957299049102086, 48.807601160868565 ], [ 4.957167873261287, 48.807576319835363 ], [ 4.957039763077979, 48.807542432097286 ], [ 4.956909438248788, 48.8075175768493 ], [ 4.956779964283847, 48.807492707530642 ], [ 4.956651172500226, 48.80746332872279 ], [ 4.956520848053881, 48.80743847304943 ], [ 4.956392738629565, 48.80740458461387 ], [ 4.956262414453168, 48.807379728657487 ], [ 4.956133791876904, 48.807354844711575 ], [ 4.956003130697172, 48.807320997626341 ], [ 4.955873826266642, 48.807300622744812 ], [ 4.955746568337954, 48.807266719691029 ], [ 4.955616244813991, 48.807241863027201 ], [ 4.955485584253168, 48.807208015372922 ], [ 4.955356111735638, 48.807183144505352 ], [ 4.95522749007658, 48.80715825958 ], [ 4.955099550727883, 48.807128865174825 ], [ 4.954969227856739, 48.807104007802607 ], [ 4.954838568061162, 48.807070159437032 ], [ 4.954709946927668, 48.807045273952362 ], [ 4.954580475183994, 48.807020402241172 ], [ 4.954452368047354, 48.80698651171371 ], [ 4.954321363587696, 48.806966162969971 ], [ 4.954296355402083, 48.80695757552072 ], [ 4.954204493117967, 48.806914095719911 ], [ 4.954093746454257, 48.806866426417983 ], [ 4.953980447803617, 48.806818798735918 ], [ 4.953866980920309, 48.806766675516506 ], [ 4.953753514263787, 48.806714552186968 ], [ 4.953640898561384, 48.806662414841632 ], [ 4.953527600767437, 48.806614786721774 ], [ 4.953414303180411, 48.806567158492527 ], [ 4.953303557975572, 48.806519488443961 ], [ 4.953188390971327, 48.8064673923733 ], [ 4.953075776367493, 48.806415254484186 ], [ 4.952962311266178, 48.806363130387481 ], [ 4.952850547835265, 48.806310978380473 ], [ 4.952735550084324, 48.806263377295366 ], [ 4.952624806144863, 48.80621570660518 ], [ 4.952511510249138, 48.806168077503521 ], [ 4.952397195530702, 48.806115966756728 ], [ 4.952285433194473, 48.806063814209992 ], [ 4.952171969647536, 48.806011689346931 ], [ 4.952059525324855, 48.805964045913022 ], [ 4.95194452906076, 48.805916444052365 ], [ 4.951833786580903, 48.805868772614758 ], [ 4.951718622481529, 48.805816675098157 ], [ 4.951606861465123, 48.805764521903214 ], [ 4.951493399247409, 48.805712396382312 ], [ 4.951380787968066, 48.805660256861643 ], [ 4.951267494414888, 48.80561262655759 ], [ 4.95115505177872, 48.80556498225608 ], [ 4.95104346005732, 48.805517323959563 ], [ 4.950928297523353, 48.805465225665401 ], [ 4.950815687342562, 48.805413085601018 ], [ 4.945228632651878, 48.802890706978737 ], [ 4.941402543205013, 48.801221120754377 ], [ 4.941354237888151, 48.801203912721789 ], [ 4.941230406836694, 48.801169938759706 ], [ 4.941106408624875, 48.80113146920003 ], [ 4.940984279186674, 48.801097467347589 ], [ 4.940860114028451, 48.801054502061199 ], [ 4.940736283653516, 48.801020527582736 ], [ 4.940711280555268, 48.801011937246557 ], [ 4.940621141342837, 48.800968419152383 ], [ 4.940510419717321, 48.800920737016973 ], [ 4.940397829761613, 48.800868586929823 ], [ 4.940286090666564, 48.800816422923461 ], [ 4.940173668400376, 48.800768768091231 ], [ 4.940060228475383, 48.800716631489053 ], [ 4.939950358530264, 48.800668935015104 ], [ 4.939836068413178, 48.800616812003945 ], [ 4.93972790014657, 48.80056908770618 ], [ 4.939614461101367, 48.800516950671749 ], [ 4.939500004471844, 48.800460331859249 ], [ 4.939389284949627, 48.800412648663951 ], [ 4.939277547839807, 48.80036048369378 ], [ 4.939169213463646, 48.800308263405533 ], [ 4.939055775544057, 48.800256125828881 ], [ 4.938945056861352, 48.80020844221351 ], [ 4.938831619382886, 48.800156304419531 ], [ 4.938720734004183, 48.800104125116611 ], [ 4.938608147600293, 48.800051973306118 ], [ 4.938497262666908, 48.799999793791095 ], [ 4.938383826089749, 48.799947655562562 ], [ 4.938272941602501, 48.799895475834624 ], [ 4.938253043174672, 48.799886802196923 ], [ 4.938139774149156, 48.799839159208965 ], [ 4.938028039517318, 48.79978699304435 ], [ 4.937915621532629, 48.799739336045079 ], [ 4.937800651899796, 48.799691720317369 ], [ 4.937687216688844, 48.799639581413523 ], [ 4.937574632320863, 48.799587428608163 ], [ 4.937462898793392, 48.799535261903671 ], [ 4.937349631252871, 48.79948761815217 ], [ 4.937237214533147, 48.799439960502255 ], [ 4.937123947405686, 48.799392316532888 ], [ 4.937010513522186, 48.799340176973054 ], [ 4.936897930476951, 48.799288023516532 ], [ 4.936784497046148, 48.799235883737417 ], [ 4.93667378260511, 48.799188197975262 ], [ 4.936558648397184, 48.799136085547353 ], [ 4.936446233157672, 48.799088427138727 ], [ 4.936332116908319, 48.79904079618769 ], [ 4.936217833973855, 48.798988669642064 ], [ 4.936106103085745, 48.798936501641698 ], [ 4.935993688689788, 48.798888842799059 ], [ 4.935881958239652, 48.798836674584557 ], [ 4.935767843056265, 48.798789043084206 ], [ 4.935654578684194, 48.798741397695068 ], [ 4.935541147684792, 48.798689256710851 ], [ 4.93542856751343, 48.798637101840363 ], [ 4.935315136966723, 48.798584960636873 ], [ 4.935203574650678, 48.798537287260928 ], [ 4.935089460741646, 48.798489655100312 ], [ 4.934977898835668, 48.798441981509725 ], [ 4.934864469163698, 48.798389839869571 ], [ 4.934749338525325, 48.798337725662144 ], [ 4.934638461095782, 48.7982855424885 ], [ 4.934525198848466, 48.79823789600799 ], [ 4.934412620666945, 48.798185740159838 ], [ 4.934299358842594, 48.798138093461112 ], [ 4.934186097225145, 48.798090446653063 ], [ 4.934073519700869, 48.798038290478729 ], [ 4.933960091810651, 48.797986147961744 ], [ 4.933847514737422, 48.797933991569742 ], [ 4.933734253975817, 48.797886344324944 ], [ 4.933621677343766, 48.797834187715651 ], [ 4.933508583661295, 48.797791035744808 ], [ 4.933395156873381, 48.797738892680336 ], [ 4.93328173031222, 48.797686749505807 ], [ 4.933169154563343, 48.797634592461122 ], [ 4.933057596240944, 48.797586917042203 ], [ 4.932943319763675, 48.797534787298922 ], [ 4.932831595264227, 48.797482616170733 ], [ 4.932716801832565, 48.797439490952833 ], [ 4.932604227182102, 48.797387333364661 ], [ 4.932490802175923, 48.797335189423393 ], [ 4.932379245113752, 48.797287513358768 ], [ 4.93226411939097, 48.79723539670686 ], [ 4.932153246790424, 48.797183211177078 ], [ 4.932041006311684, 48.797140044039921 ], [ 4.931925881252264, 48.797087927055443 ], [ 4.931814158727376, 48.797035754955637 ], [ 4.931700735275348, 48.796983610248446 ], [ 4.931588329112516, 48.79693594718055 ], [ 4.931474906103227, 48.796883802254463 ], [ 4.931362500361786, 48.796836138969972 ], [ 4.931247543109021, 48.796788516817273 ], [ 4.931135821903763, 48.796736344069622 ], [ 4.931023250351371, 48.796684184960057 ], [ 4.930909994882858, 48.796636534986497 ], [ 4.930796573202602, 48.796584389402931 ], [ 4.930684002317307, 48.796532229966843 ], [ 4.93057244862349, 48.796484552182086 ], [ 4.930457492866707, 48.796436929254739 ], [ 4.930344922638641, 48.796384769492512 ], [ 4.930231502070604, 48.796332623361131 ], [ 4.930119098652845, 48.796284958884122 ], [ 4.930007379654561, 48.7962327850585 ], [ 4.929894126093934, 48.796185134103389 ], [ 4.929779855848604, 48.796133001271087 ], [ 4.929666602712426, 48.796085350096178 ], [ 4.929554884594157, 48.796033175838446 ], [ 4.929440615020694, 48.795981042674832 ], [ 4.929327362524277, 48.795933391172085 ], [ 4.929215811350873, 48.795885712095952 ], [ 4.929103243553738, 48.795833551138912 ], [ 4.92898982542529, 48.795781403803879 ], [ 4.928876573774033, 48.795733751865598 ], [ 4.928764006643985, 48.79568159058207 ], [ 4.92865075541568, 48.795633938425617 ], [ 4.928538188726795, 48.795581776924813 ], [ 4.928424937921442, 48.795534124550187 ], [ 4.928311521122005, 48.795481976557731 ], [ 4.92819827074035, 48.79543432396413 ], [ 4.928085704934607, 48.795382162027977 ], [ 4.927973139353965, 48.795329999983409 ], [ 4.927859039062741, 48.795282360785201 ], [ 4.927748341171227, 48.795234666589678 ], [ 4.927634075152141, 48.795182531662185 ], [ 4.927520659907628, 48.795130382903089 ], [ 4.927407411011629, 48.795082729545349 ], [ 4.927294846755285, 48.795030566848183 ], [ 4.927183465472149, 48.794987381349202 ], [ 4.927068350016075, 48.794935259587071 ], [ 4.926957487501554, 48.794883069131842 ], [ 4.926842372501427, 48.794830947147261 ], [ 4.926730659893982, 48.794778770192003 ], [ 4.926616561942964, 48.794731129784488 ], [ 4.926504849775107, 48.794678952613573 ], [ 4.926389901710253, 48.794631325698241 ], [ 4.926279206543295, 48.794583630114637 ], [ 4.926166644491907, 48.794531466331982 ], [ 4.926052381593698, 48.794479329860017 ], [ 4.925939819994152, 48.794427165858927 ], [ 4.925826574068692, 48.794379510973727 ], [ 4.925714344857269, 48.794336337788792 ], [ 4.925599232305547, 48.794284214581765 ], [ 4.925488372644237, 48.794232022733873 ], [ 4.925374111079713, 48.794179885599682 ], [ 4.925261550804443, 48.794127720946051 ], [ 4.925148140224655, 48.794075569887099 ], [ 4.925035746314444, 48.794027900534687 ], [ 4.924922502081508, 48.793980244776101 ], [ 4.924810108582836, 48.793932575207499 ], [ 4.924698399931651, 48.793880396311401 ], [ 4.924583289400993, 48.793828272104911 ], [ 4.924472431724912, 48.7937760792937 ], [ 4.924357487504838, 48.793728450385771 ], [ 4.92424611143322, 48.793685262099856 ], [ 4.924131852307671, 48.793633123752919 ], [ 4.924020144976048, 48.793580944209097 ], [ 4.923906736825822, 48.79352879194704 ], [ 4.923792478382126, 48.793476653268463 ], [ 4.923680771724968, 48.793424473400243 ], [ 4.923567695825075, 48.793381311855896 ], [ 4.923453603818709, 48.793333668370209 ], [ 4.92334189780664, 48.793281488178685 ], [ 4.9232293415017, 48.793229321569818 ], [ 4.923211149150219, 48.793220617998237 ], [ 4.923118486452859, 48.793177127475197 ], [ 4.923003379052421, 48.793125001714749 ], [ 4.922892524451305, 48.79307280740575 ], [ 4.922783536814856, 48.79302508114489 ], [ 4.922674383670572, 48.792972859256331 ], [ 4.922560127676004, 48.792920719374081 ], [ 4.922449273952401, 48.79286852464454 ], [ 4.922338420450605, 48.792816329809789 ], [ 4.922226716661612, 48.792764148552152 ], [ 4.922118415128792, 48.792711912461492 ], [ 4.922005010768695, 48.792659758354958 ], [ 4.921895174300407, 48.792612044947383 ], [ 4.921783990639542, 48.792550858528514 ], [ 4.921673138478299, 48.792498663062077 ], [ 4.921633730855622, 48.792481680429702 ] ], [ [ 5.526157587516373, 48.585432870999909 ], [ 5.523555805149641, 48.585173088091267 ], [ 5.505950308016057, 48.583425744051127 ], [ 5.489689584239587, 48.581584684530448 ], [ 5.488897669555643, 48.581475257291807 ], [ 5.488321734354457, 48.581397306842497 ], [ 5.486811985982849, 48.581077882902072 ], [ 5.485067915724527, 48.580268346394952 ], [ 5.484309662808933, 48.580063688130529 ], [ 5.48198931270536, 48.579810627633513 ], [ 5.480971560513642, 48.579800357614403 ], [ 5.476785866418668, 48.580094569735273 ], [ 5.475839254791602, 48.580118773665326 ], [ 5.475156011305772, 48.580047493196929 ], [ 5.4694832212167, 48.578360934543127 ] ], [ [ 5.420088431101616, 48.600997310834693 ], [ 5.419094429085298, 48.601215505677487 ], [ 5.416500280730911, 48.600903729132433 ], [ 5.41562253585561, 48.600701062228815 ], [ 5.414997986694634, 48.600416756645053 ], [ 5.414196399710634, 48.599897555080432 ], [ 5.41382458523715, 48.599576618609902 ], [ 5.413211035867933, 48.598500133193333 ], [ 5.413086192402748, 48.598385672307487 ] ] ] } },
{ "type": "Feature", "properties": { "fid": 78, "gid": 78, "CdEuMasseDEau": "FRB1R472", "NomMasseDEau": "MEUSE 3", "Etat masse eau ": "Moyen", "Etat ecologique": "Bon", "Etat chimique": "Non atteint", "_swEcologicalStatusOrPotentialValue": "2", "_swChemicalStatusValue": "3" }, "geometry": { "type": "MultiLineString", "coordinates": [ [ [ 5.70386097540556, 48.461969346324089 ], [ 5.703873956000052, 48.46201979500006 ], [ 5.704016581000076, 48.462588138000058 ], [ 5.704062925000073, 48.463307198000052 ], [ 5.70364558600005, 48.464171844000077 ], [ 5.702887785000087, 48.465012736000062 ], [ 5.702322225000046, 48.465480186000043 ], [ 5.701658275000057, 48.465679831000045 ], [ 5.701600154000062, 48.465816175000043 ], [ 5.70064854900005, 48.465752318000057 ], [ 5.700087541000073, 48.466489696000053 ], [ 5.699061946000086, 48.467372657000055 ], [ 5.698631866000085, 48.468057542000047 ], [ 5.699108712000054, 48.470207033000072 ], [ 5.69909752500007, 48.470877890000047 ], [ 5.698977486000047, 48.471110155000083 ], [ 5.699020612000084, 48.471784278000086 ], [ 5.699316680000038, 48.472178107000047 ], [ 5.69973641100006, 48.472393595000085 ], [ 5.700358734000076, 48.472599974000047 ], [ 5.701130377000084, 48.473027985000051 ], [ 5.701747239000042, 48.473144467000047 ], [ 5.702625052000087, 48.47311998400005 ], [ 5.703157039000075, 48.472968350000087 ], [ 5.703612166000084, 48.472687943000039 ], [ 5.704210907000061, 48.472534783000071 ], [ 5.70442552600008, 48.472709921000046 ], [ 5.704789246000075, 48.47310219600007 ], [ 5.706567254000049, 48.474438882000072 ], [ 5.706817952000051, 48.474968748000038 ], [ 5.706908336000083, 48.47532674200005 ], [ 5.706928792000042, 48.475641324000037 ], [ 5.706861182000068, 48.475642866000051 ], [ 5.706848612000044, 48.476498283000069 ], [ 5.706730682000057, 48.476771013000082 ], [ 5.706692635000081, 48.477230950000042 ], [ 5.706319456000074, 48.477739034000081 ], [ 5.70600184400007, 48.478061321000041 ], [ 5.705637296000077, 48.478704225000058 ], [ 5.70560193700004, 48.479200105000082 ], [ 5.705790514000057, 48.479821401000038 ], [ 5.706245759000069, 48.48057613900005 ], [ 5.706459341000084, 48.480746796000062 ], [ 5.707522084000061, 48.481483178000083 ], [ 5.707815337000056, 48.481836544000032 ], [ 5.707835570000043, 48.482146628000073 ], [ 5.707477345000086, 48.482879405000062 ], [ 5.706551363000074, 48.483220064000079 ], [ 5.706295857000043, 48.483450922000088 ], [ 5.706004378000046, 48.484182171000043 ], [ 5.70608929000008, 48.484450275000086 ], [ 5.706619166000053, 48.485108795000087 ], [ 5.706868203000056, 48.485818722000033 ], [ 5.707220451000069, 48.486035723000043 ], [ 5.707699068000068, 48.486110322000059 ], [ 5.708098477000078, 48.486011200000064 ], [ 5.708571608000057, 48.485995908000064 ], [ 5.709120403000043, 48.486118407000049 ], [ 5.709556899000063, 48.486590017000083 ], [ 5.709545680000076, 48.487454399000057 ], [ 5.709651092000058, 48.488037078000048 ], [ 5.710093098000073, 48.488598573000047 ], [ 5.710910894000051, 48.489520541000047 ], [ 5.711233130000039, 48.490318800000068 ], [ 5.711512305000042, 48.490447445000086 ], [ 5.711991200000057, 48.490526521000049 ], [ 5.712916198000073, 48.490181345000053 ], [ 5.713065614000072, 48.490402964000047 ], [ 5.713050817000067, 48.491213419000083 ], [ 5.712823617000083, 48.491893706000042 ], [ 5.712639130000071, 48.492172459000081 ], [ 5.712658781000073, 48.492487055000083 ], [ 5.713022700000067, 48.492879299000037 ], [ 5.713423824000074, 48.49363074200005 ], [ 5.713869786000089, 48.494250641000072 ], [ 5.714112622000073, 48.494870679000087 ], [ 5.714159133000067, 48.495589718000083 ], [ 5.713771733000044, 48.495873109000058 ], [ 5.713046146000067, 48.496164226000083 ], [ 5.712531048000073, 48.496581048000053 ], [ 5.712493038000048, 48.497040980000072 ], [ 5.712624496000046, 48.498028115000068 ], [ 5.712808807000044, 48.498563979000039 ], [ 5.713268733000064, 48.499404090000041 ], [ 5.713708781000093, 48.49992510900006 ], [ 5.715614770000059, 48.501128215000051 ], [ 5.716542768000068, 48.501867598000047 ], [ 5.716700908000064, 48.502224030000043 ], [ 5.71675758300006, 48.502893325000059 ], [ 5.716717044000063, 48.503303807000073 ], [ 5.71630192300006, 48.504213423000067 ], [ 5.716054187000054, 48.504579137000064 ], [ 5.715219215000047, 48.505277817000042 ], [ 5.715099402000078, 48.50551458700005 ], [ 5.715005138000038, 48.506146826000077 ], [ 5.715412768000078, 48.507217651000083 ], [ 5.715740037000046, 48.507880757000073 ], [ 5.716022025000086, 48.508045332000052 ], [ 5.716227307000054, 48.508085645000051 ], [ 5.716632984000057, 48.508071867000069 ], [ 5.717091517000085, 48.507836350000048 ], [ 5.717497191000064, 48.507822569000041 ], [ 5.717846456000075, 48.507994602000053 ], [ 5.717928292000067, 48.508217760000043 ], [ 5.717962237000052, 48.509787690000053 ], [ 5.71822681000009, 48.510726760000068 ], [ 5.718690106000054, 48.511611774000073 ], [ 5.718876857000055, 48.512192576000082 ], [ 5.719008473000088, 48.513179692000051 ], [ 5.719419183000071, 48.514290935000083 ], [ 5.720035224000071, 48.515442481000044 ], [ 5.720882857000049, 48.516813748000061 ], [ 5.721402892000072, 48.517517428000083 ], [ 5.721857843000066, 48.518272103000072 ], [ 5.722779872000047, 48.51892156100007 ], [ 5.723867140000039, 48.520012780000059 ], [ 5.724222869000073, 48.520274658000062 ], [ 5.72463967200008, 48.52044062300007 ], [ 5.724636491000069, 48.520395690000043 ], [ 5.727213099000039, 48.521268195000061 ], [ 5.727561783000056, 48.52142671200005 ], [ 5.730148212000074, 48.521623843000043 ], [ 5.731111924000061, 48.521867229000073 ], [ 5.731670475000044, 48.522119923000048 ], [ 5.733656420000045, 48.523500932000047 ], [ 5.734091807000084, 48.523940972000048 ], [ 5.734661465000045, 48.524373419000085 ], [ 5.734895467000058, 48.524638068000058 ], [ 5.73428066200006, 48.525597336000033 ], [ 5.733986995000066, 48.526283678000077 ], [ 5.733936768000092, 48.526554867000073 ], [ 5.735068267000088, 48.527284924000071 ], [ 5.735285558000044, 48.527504950000043 ], [ 5.735740561000057, 48.528255071000046 ], [ 5.735759443000063, 48.529379775000052 ], [ 5.73564473600004, 48.529697454000086 ], [ 5.735336798000048, 48.53015909800007 ], [ 5.734816007000063, 48.53048612300006 ], [ 5.733545661000051, 48.530749378000053 ], [ 5.732628571000077, 48.531225024000037 ], [ 5.731637406000061, 48.53161235500005 ], [ 5.728401346000055, 48.531848712000055 ], [ 5.726996417000066, 48.532114985000078 ], [ 5.72666694600008, 48.53226206100004 ], [ 5.72654347100007, 48.532444915000042 ], [ 5.726766882000049, 48.532750325000052 ], [ 5.726716612000075, 48.533021510000083 ], [ 5.724082812000063, 48.534189036000043 ], [ 5.721097410000084, 48.536206144000062 ], [ 5.720652417000053, 48.536445856000057 ], [ 5.719790931000091, 48.536740103000056 ], [ 5.718945659000042, 48.536448909000057 ], [ 5.71709086900006, 48.536063778000077 ], [ 5.715359775000081, 48.535482272000081 ], [ 5.715148037000063, 48.535352094000082 ], [ 5.71492762400004, 48.535087100000055 ], [ 5.714870063000092, 48.534188316000041 ], [ 5.71470022200009, 48.533656636000046 ], [ 5.714244394000048, 48.532901963000086 ], [ 5.713972823000063, 48.532057570000063 ], [ 5.71393495600006, 48.531473369000082 ], [ 5.714100132000056, 48.530884532000073 ], [ 5.714471287000038, 48.530331493000062 ], [ 5.715128160000063, 48.528966333000085 ], [ 5.715168498000082, 48.528551364000073 ], [ 5.71535394600005, 48.528272596000079 ], [ 5.715301042000078, 48.527463711000053 ], [ 5.715044505000037, 48.526844 ], [ 5.714539251000076, 48.526360485000055 ], [ 5.713828508000063, 48.525850158000083 ], [ 5.713623391000056, 48.525814337000043 ], [ 5.713194504000057, 48.525464089000081 ], [ 5.712271866000037, 48.52481907400005 ], [ 5.711995677000061, 48.524735368000051 ], [ 5.711521965000088, 48.524746178000044 ], [ 5.711131164000051, 48.524984622000034 ], [ 5.710507489000065, 48.52581344400005 ], [ 5.710121937000054, 48.526137274000064 ], [ 5.709657951000054, 48.52628737100008 ], [ 5.708922416000064, 48.526443657000073 ], [ 5.706818442000042, 48.526374588000067 ], [ 5.706075091000059, 48.526396018000071 ], [ 5.70554573600009, 48.526592593000032 ], [ 5.704840143000069, 48.527198221000049 ], [ 5.702564294000069, 48.527623543000061 ], [ 5.701105555000083, 48.52811125900007 ], [ 5.700382614000091, 48.528447223000057 ], [ 5.700349908000078, 48.530887229000086 ], [ 5.700287704000061, 48.530978652000051 ], [ 5.700196377000054, 48.531655798000088 ], [ 5.698794944000042, 48.534081881000077 ], [ 5.698879900000065, 48.534349980000059 ], [ 5.699229048000063, 48.534517569000059 ], [ 5.699745462000067, 48.534955886000034 ], [ 5.700302265000062, 48.536243870000078 ], [ 5.70051833000008, 48.537494589000062 ], [ 5.700755962000073, 48.538029244000086 ], [ 5.700852737000048, 48.538477091000061 ], [ 5.70066694500008, 48.538751340000033 ], [ 5.699530130000085, 48.539821268000082 ], [ 5.698638479000067, 48.540701100000042 ], [ 5.698444032000054, 48.540840527000057 ], [ 5.697976492000066, 48.540941149000048 ], [ 5.697842564000041, 48.540939688000037 ], [ 5.69770671200007, 48.540933771000077 ], [ 5.697570861000088, 48.540927853000085 ], [ 5.697436087000085, 48.540926411000051 ], [ 5.697301927000069, 48.540920455000048 ], [ 5.697166076000087, 48.540914536000059 ], [ 5.697030224000059, 48.54090861800006 ], [ 5.696895219000055, 48.540902680000045 ], [ 5.696759599000075, 48.540901257000087 ], [ 5.696623748000093, 48.540895338000041 ], [ 5.696489589000066, 48.540889381000056 ], [ 5.696355661000041, 48.540887918000067 ], [ 5.69621980900007, 48.540881999000078 ], [ 5.696083958000088, 48.540876080000032 ], [ 5.696007571000052, 48.540873312000087 ], [ 5.695295360000046, 48.541389011000042 ], [ 5.695174912000084, 48.541616764000082 ], [ 5.69534712400008, 48.542197915000088 ], [ 5.695311625000045, 48.54269376700006 ], [ 5.695052622000048, 48.542879657000071 ], [ 5.694319968000059, 48.54308078300005 ], [ 5.692850023000062, 48.543393117000051 ], [ 5.690623220000077, 48.544591146000073 ], [ 5.688801830000045, 48.545766460000038 ], [ 5.688268833000052, 48.545913527000039 ], [ 5.687719692000087, 48.545795432000034 ], [ 5.686943936000091, 48.545322425000052 ], [ 5.686532509000074, 48.545246216000074 ], [ 5.685720335000042, 48.545269068000039 ], [ 5.685120479000091, 48.545417631000078 ], [ 5.684667155000056, 48.545747397000071 ], [ 5.683840169000064, 48.546589643000061 ], [ 5.683209850000082, 48.547103414000048 ], [ 5.682944487000043, 48.547199411000072 ], [ 5.681245473000047, 48.547111732000083 ], [ 5.679946882000081, 48.547150014000067 ], [ 5.678731601000038, 48.547226908000077 ], [ 5.677852766000058, 48.54725570800008 ], [ 5.677311987000053, 48.547267888000079 ], [ 5.67663878500008, 48.547341552000034 ], [ 5.675771437000037, 48.547545593000052 ], [ 5.675509429000044, 48.547691001000032 ], [ 5.674872505000053, 48.548110367000049 ], [ 5.67411257100008, 48.548942029000045 ], [ 5.673867698000038, 48.549357070000042 ], [ 5.67396403500004, 48.54980043900008 ], [ 5.674294883000073, 48.550738073000048 ], [ 5.674247465000064, 48.55105416400005 ], [ 5.674056055000051, 48.551238484000073 ], [ 5.67292031900007, 48.551498041000059 ], [ 5.672532053000055, 48.551776791000073 ], [ 5.672551486000089, 48.552091378000057 ], [ 5.672769464000055, 48.552311496000073 ], [ 5.672724328000072, 48.552672538000081 ], [ 5.672550047000072, 48.553126490000068 ], [ 5.672716154000057, 48.553392777000056 ], [ 5.673063052000089, 48.553515489000063 ], [ 5.673674519000088, 48.553542243000038 ], [ 5.674689114000046, 48.55351492300008 ], [ 5.675100818000089, 48.553595667000081 ], [ 5.675388591000058, 48.553854713000078 ], [ 5.675352896000049, 48.554350554000052 ], [ 5.675099430000046, 48.554630778000046 ], [ 5.674764007000078, 48.554683328000067 ], [ 5.673414194000088, 48.554767690000062 ], [ 5.673022767000077, 48.555001507000043 ], [ 5.672975337000082, 48.555317597000055 ], [ 5.673260198000094, 48.555536210000071 ], [ 5.674286318000043, 48.555684148000068 ], [ 5.674503472000083, 48.555904281000039 ], [ 5.674512048000054, 48.556039098000042 ], [ 5.674182280000082, 48.556186026000034 ], [ 5.67351141100005, 48.556291119000043 ], [ 5.673323348000054, 48.556524864000039 ], [ 5.673492844000066, 48.557056593000077 ], [ 5.673736569000084, 48.557681159000083 ], [ 5.674033162000057, 48.558079520000042 ], [ 5.675495494000074, 48.558487658000047 ], [ 5.675847871000087, 48.558700245000068 ], [ 5.675995030000081, 48.558876946000055 ], [ 5.676167932000055, 48.55945809800005 ], [ 5.676396604000047, 48.559853481000061 ], [ 5.676681504000044, 48.560072084000069 ], [ 5.677567070000066, 48.560137653000083 ], [ 5.678105456000083, 48.560076026000047 ], [ 5.67907953100007, 48.559419536000064 ], [ 5.679411835000053, 48.559322042000083 ], [ 5.679961945000059, 48.559440155000061 ], [ 5.680704498000068, 48.560453994000056 ], [ 5.681309337000073, 48.561425931000088 ], [ 5.682048295000072, 48.562169823000033 ], [ 5.682414540000082, 48.562602594000055 ], [ 5.682493779000083, 48.562776320000069 ], [ 5.682475801000066, 48.56355078200005 ], [ 5.682425502000058, 48.563826436000056 ], [ 5.682510192000052, 48.564090045000057 ], [ 5.682930130000045, 48.564296587000058 ], [ 5.683482603000073, 48.564459635000048 ], [ 5.684565977000091, 48.564430683000069 ], [ 5.684983005000049, 48.564596781000034 ], [ 5.685479749000081, 48.564945591000082 ], [ 5.685561306000068, 48.565164265000078 ], [ 5.685531154000046, 48.56574998800005 ], [ 5.685343111000066, 48.565983751000033 ], [ 5.684779225000057, 48.566491518000078 ], [ 5.684464323000043, 48.566863152000053 ], [ 5.68440834800009, 48.567044428000088 ], [ 5.684437308000042, 48.567493806000073 ], [ 5.68503284500008, 48.568330922000087 ], [ 5.685341110000081, 48.568904503000056 ], [ 5.685319561000085, 48.569625039000073 ], [ 5.684768594000047, 48.570551040000055 ], [ 5.684532925000042, 48.571096396000087 ], [ 5.684611568000093, 48.571274633000087 ], [ 5.684904656000072, 48.571403027000088 ], [ 5.685722230000067, 48.57146107300008 ], [ 5.686069279000037, 48.571583745000055 ], [ 5.686095105000049, 48.571988189000081 ], [ 5.685841611000058, 48.572268432000051 ], [ 5.684791501000063, 48.572800674000064 ], [ 5.684614108000062, 48.573209705000068 ], [ 5.685239530000047, 48.574496172000067 ], [ 5.686055595000084, 48.575598319000051 ], [ 5.686312258000044, 48.576222563000051 ], [ 5.68654108000004, 48.576617921000043 ], [ 5.686911924000071, 48.577104576000067 ], [ 5.686870016000057, 48.577510549000067 ], [ 5.68667309500006, 48.577605002000041 ], [ 5.68605818900005, 48.577533383000059 ], [ 5.68536378400006, 48.577283545000057 ], [ 5.684895893000089, 48.577384112000061 ], [ 5.684377699000038, 48.577760330000046 ], [ 5.684268029000066, 48.578167830000041 ], [ 5.684576574000062, 48.578745903000083 ], [ 5.684543253000072, 48.579286688000082 ], [ 5.684304392000058, 48.579787108000062 ], [ 5.684392498000079, 48.580100139000081 ], [ 5.684465699000043, 48.580188492000048 ], [ 5.684804196000073, 48.58017635300007 ], [ 5.685657984000045, 48.579747556000086 ], [ 5.685990404000052, 48.579650045000051 ], [ 5.686328898000056, 48.579637901000069 ], [ 5.686605335000081, 48.579721664000033 ], [ 5.686828946000048, 48.580031633000033 ], [ 5.68691937400007, 48.580389612000033 ], [ 5.686798800000076, 48.580617349000079 ], [ 5.686609632000057, 48.580846635000057 ], [ 5.685642499000039, 48.581413006000048 ], [ 5.685389573000066, 48.581688731000042 ], [ 5.685359411000093, 48.582274447000088 ], [ 5.685599396000043, 48.58285406300007 ], [ 5.685716496000055, 48.583616464000045 ], [ 5.685936966000043, 48.583881503000043 ], [ 5.686709900000039, 48.584305075000088 ], [ 5.686930377000067, 48.584570111000062 ], [ 5.686856010000042, 48.585516845000086 ], [ 5.686712518000093, 48.586240126000064 ], [ 5.686482489000071, 48.586879856000053 ], [ 5.686330896000072, 48.587693323000053 ], [ 5.68592949400005, 48.588827446000039 ], [ 5.685611314000084, 48.589154146000055 ], [ 5.685225141000046, 48.589477878000082 ], [ 5.685106844000074, 48.589750562000063 ], [ 5.685132671000076, 48.590155001000085 ], [ 5.685503598000082, 48.59064165500007 ], [ 5.68520733400004, 48.59109836500005 ], [ 5.683967621000079, 48.591859873000033 ], [ 5.683274958000084, 48.592690035000032 ], [ 5.682968491000054, 48.593196470000073 ], [ 5.682982549000087, 48.593421164000063 ], [ 5.683265125000048, 48.593590301000063 ], [ 5.683473868000078, 48.593675598000061 ], [ 5.684689142000082, 48.593594182000061 ], [ 5.685154873000045, 48.593448667000082 ], [ 5.685495761000084, 48.593481476000079 ], [ 5.685919560000059, 48.593741924000085 ], [ 5.685934478000092, 48.593966598000073 ], [ 5.685412744000075, 48.594293389000086 ], [ 5.683628536000072, 48.595022175000047 ], [ 5.683306922000043, 48.595299440000083 ], [ 5.683183147000079, 48.595482240000081 ], [ 5.683397353000089, 48.595657418000087 ], [ 5.68395330900006, 48.595865390000085 ], [ 5.684185071000059, 48.596085173000063 ], [ 5.684098031000076, 48.596852172000069 ], [ 5.682410215000061, 48.59802428100005 ], [ 5.681768012000077, 48.598583279000081 ], [ 5.680655412000078, 48.599926903000039 ], [ 5.67921018900006, 48.601003492000082 ], [ 5.678844226000081, 48.60164175500006 ], [ 5.678019434000078, 48.603374885000051 ], [ 5.677067153000053, 48.604390846000058 ], [ 5.676311881000061, 48.605312365000088 ], [ 5.676213823000069, 48.605899591000082 ], [ 5.676301926000065, 48.606212621000047 ], [ 5.676661148000051, 48.606519554000045 ], [ 5.677341016000071, 48.606544764000034 ], [ 5.678283409000073, 48.60642905800006 ], [ 5.679095458000063, 48.606401782000034 ], [ 5.679578512000092, 48.606525913000041 ], [ 5.680014866000079, 48.606781598000055 ], [ 5.680306334000079, 48.607090046000053 ], [ 5.682645196000067, 48.611614015000043 ], [ 5.682680924000067, 48.611698713000067 ], [ 5.682714958000076, 48.611783449000086 ], [ 5.682750070000054, 48.611872661000064 ], [ 5.682785799000044, 48.611957358000041 ], [ 5.682820911000079, 48.612046570000082 ], [ 5.682854945000088, 48.612131306000038 ], [ 5.682890905000079, 48.612220498000056 ], [ 5.682925787000045, 48.612305215000049 ], [ 5.682960052000055, 48.612394445000064 ], [ 5.682968599000048, 48.612412253000059 ], [ 5.682979912000064, 48.612484001000041 ], [ 5.682993841000041, 48.612573690000033 ], [ 5.683008618000088, 48.612663360000056 ], [ 5.683022317000052, 48.612748554000063 ], [ 5.683036246000086, 48.612838243000056 ], [ 5.683050175000062, 48.612927932000048 ], [ 5.683065799000076, 48.613017582000055 ], [ 5.683078881000085, 48.613107290000073 ], [ 5.683081728000047, 48.613129727000057 ], [ 5.683050213000058, 48.613193439000042 ], [ 5.683010528000068, 48.61327983700005 ], [ 5.682969996000054, 48.613366253000038 ], [ 5.682927770000049, 48.613452707000079 ], [ 5.682887237000045, 48.613539124000056 ], [ 5.682846705000088, 48.613625540000051 ], [ 5.682847694000088, 48.613711020000039 ], [ 5.682853996000063, 48.613800881000088 ], [ 5.682859452000059, 48.61389076100005 ], [ 5.68286575500008, 48.613980622000042 ], [ 5.682871211000077, 48.614070502000061 ], [ 5.682874823000077, 48.614124422000089 ], [ 5.682894461000046, 48.614159981000057 ], [ 5.682942055000069, 48.614244411000072 ], [ 5.682991344000072, 48.614328802000045 ], [ 5.68303955500005, 48.61440871800005 ], [ 5.683086302000049, 48.614493167000042 ], [ 5.683136438000076, 48.614577540000077 ], [ 5.683184880000056, 48.614661951000073 ], [ 5.683231628000044, 48.614746400000058 ], [ 5.683280917000047, 48.614830791000088 ], [ 5.68333020700004, 48.614915183000051 ], [ 5.683376955000085, 48.614999632000043 ], [ 5.683409379000068, 48.615052903000048 ], [ 5.683439573000044, 48.615079223000073 ], [ 5.683528616000046, 48.615144718000067 ], [ 5.683617889000061, 48.615214707000064 ], [ 5.683694608000053, 48.615271480000047 ], [ 5.683712634000074, 48.615275573000083 ], [ 5.683831878000092, 48.61531788700006 ], [ 5.683953665000047, 48.615360142000043 ], [ 5.68407437400009, 48.615397922000056 ], [ 5.684195314000078, 48.615440196000073 ], [ 5.684316254000066, 48.615482471000064 ], [ 5.68443865800009, 48.615520212000042 ], [ 5.684558751000054, 48.615562505000071 ], [ 5.684679692000088, 48.61560477900008 ], [ 5.684799554000051, 48.615642577000081 ], [ 5.684901080000088, 48.615703289000074 ], [ 5.685001759000045, 48.615764020000086 ], [ 5.685103285000082, 48.615824732000078 ], [ 5.685203734000083, 48.615880968000056 ], [ 5.685303566000073, 48.615941719000034 ], [ 5.685405940000066, 48.616002411000068 ], [ 5.685506620000069, 48.616063142000087 ], [ 5.685524260000079, 48.616076244000055 ], [ 5.68557833300008, 48.616138027000034 ], [ 5.685643498000047, 48.616217559000063 ], [ 5.685709510000038, 48.616297072000073 ], [ 5.685775523000075, 48.616376585000069 ], [ 5.685817888000088, 48.616425131000085 ], [ 5.685831367000048, 48.616456328000083 ], [ 5.685873036000089, 48.616540891000056 ], [ 5.685914088000061, 48.616629967000051 ], [ 5.685952984000039, 48.616710092000062 ], [ 5.685994036000068, 48.616799168000057 ], [ 5.686034858000085, 48.616883750000056 ], [ 5.686074833000077, 48.616968351000082 ], [ 5.686114191000058, 48.617057465000073 ], [ 5.686132138000062, 48.617093062000038 ], [ 5.686146539000049, 48.617142238000042 ], [ 5.686169797000048, 48.617231716000049 ], [ 5.68619220700009, 48.617321213000082 ], [ 5.686218006000047, 48.617410634000073 ], [ 5.686241264000046, 48.617500112000073 ], [ 5.686264522000045, 48.61758959000008 ], [ 5.686287549000042, 48.617674573000045 ], [ 5.686310576000039, 48.617759556000067 ], [ 5.686410530000046, 48.618252315000063 ], [ 5.686713025000074, 48.618740503000083 ], [ 5.686818448000054, 48.619323141000052 ], [ 5.68664722300008, 48.619822019000082 ], [ 5.686707027000068, 48.620540690000041 ], [ 5.686614521000081, 48.621217796000053 ], [ 5.686222656000041, 48.621451644000047 ], [ 5.685951691000071, 48.621462258000072 ], [ 5.685742833000063, 48.62137696700006 ], [ 5.685369380000054, 48.62084537700008 ], [ 5.684134820000054, 48.619802188000051 ], [ 5.683620575000077, 48.619188263000069 ], [ 5.683131937000041, 48.61897427100007 ], [ 5.682793189000051, 48.618986405000051 ], [ 5.682528309000077, 48.619082376000051 ], [ 5.682156320000047, 48.619306763000047 ], [ 5.68206762300008, 48.620357289000083 ], [ 5.681816795000088, 48.620677948000044 ], [ 5.680971372000045, 48.621250503000056 ], [ 5.680798741000046, 48.621524397000087 ], [ 5.680827701000055, 48.621973755000056 ], [ 5.681187058000091, 48.622280671000055 ], [ 5.682163922000086, 48.62269967900005 ], [ 5.682316738000054, 48.622966243000064 ], [ 5.682351167000093, 48.623505480000063 ], [ 5.681787363000069, 48.624242697000057 ], [ 5.681842151000069, 48.62509648200006 ], [ 5.682461318000037, 48.626068056000072 ], [ 5.682546340000044, 48.626336146000085 ], [ 5.68353505500005, 48.626934880000078 ], [ 5.684296608000068, 48.627174220000086 ], [ 5.685251127000072, 48.627238199000033 ], [ 5.685854844000062, 48.627130081000082 ], [ 5.687655281000048, 48.626630445000046 ], [ 5.688261296000064, 48.626567263000076 ], [ 5.688467869000078, 48.626607600000057 ], [ 5.688827303000039, 48.626914491000043 ], [ 5.68913279700007, 48.627443104000072 ], [ 5.689562358000046, 48.627793411000077 ], [ 5.690059501000064, 48.628137689000077 ], [ 5.690612670000064, 48.628300694000082 ], [ 5.695681955000055, 48.62882505500005 ], [ 5.696653577000063, 48.629154064000033 ], [ 5.697354438000048, 48.629498198000078 ], [ 5.697857132000081, 48.629932321000069 ], [ 5.698710701000039, 48.630538495000053 ], [ 5.699338066000053, 48.630789782000079 ], [ 5.700862748000077, 48.631277223000041 ], [ 5.70222631900009, 48.631372291000048 ], [ 5.704484522000087, 48.631667534000087 ], [ 5.705331251000075, 48.631958809000082 ], [ 5.706176269000082, 48.632430122000073 ], [ 5.706403394000063, 48.632784969000056 ], [ 5.706558688000087, 48.63309644800006 ], [ 5.706455420000054, 48.633593808000057 ], [ 5.705987067000081, 48.633694454000079 ], [ 5.705583586000046, 48.633753123000083 ], [ 5.703869041000075, 48.633486057000077 ], [ 5.703533142000083, 48.633538684000087 ], [ 5.703277121000042, 48.633774002000052 ], [ 5.703356769000038, 48.633952198000088 ], [ 5.703653787000064, 48.63434596500008 ], [ 5.703662451000071, 48.634480771000085 ], [ 5.703944700000079, 48.634654367000053 ], [ 5.70488333500009, 48.635524072000067 ], [ 5.705260263000071, 48.636100524000085 ], [ 5.70636154400006, 48.638226551000059 ], [ 5.706402577000063, 48.638855632000059 ], [ 5.706493241000089, 48.639213580000046 ], [ 5.70671954900007, 48.639568444000084 ], [ 5.706995343000074, 48.640682699000081 ], [ 5.707070473000044, 48.641626010000039 ], [ 5.70675527700007, 48.641997680000088 ], [ 5.706215851000081, 48.642054939000047 ], [ 5.705805960000077, 48.642023750000078 ], [ 5.705328861000055, 48.641989587000069 ], [ 5.70438426000004, 48.642074040000068 ], [ 5.702975169000069, 48.642335530000082 ], [ 5.70204424700006, 48.642635657000085 ], [ 5.700938747000066, 48.643385243000068 ], [ 5.700104527000065, 48.644128667000082 ], [ 5.699733030000061, 48.644677096000073 ], [ 5.699558909000075, 48.645135548000042 ], [ 5.699522533000049, 48.645631379000072 ], [ 5.699560090000091, 48.646211035000078 ], [ 5.699260267000057, 48.646816336000086 ], [ 5.698876073000065, 48.647185046000061 ], [ 5.697880143000077, 48.647527110000055 ], [ 5.697408714000062, 48.647587287000079 ], [ 5.695844397000087, 48.647541700000033 ], [ 5.692898829000058, 48.647131322000064 ], [ 5.689871836000066, 48.64650671000004 ], [ 5.687973870000064, 48.64655855500007 ], [ 5.686362159000055, 48.646828915000071 ], [ 5.683852076000051, 48.646862996000038 ], [ 5.682579496000074, 48.647125663000047 ], [ 5.681989610000073, 48.647458447000083 ], [ 5.681804179000039, 48.647732623000081 ], [ 5.681886080000083, 48.647955780000082 ], [ 5.681959371000062, 48.648044130000073 ], [ 5.682510420000085, 48.648162222000053 ], [ 5.682863429000065, 48.648374773000057 ], [ 5.682824587000084, 48.648825649000059 ], [ 5.682712680000066, 48.649192670000048 ], [ 5.682767279000075, 48.650041943000083 ], [ 5.683005241000046, 48.650576584000078 ], [ 5.683248161000051, 48.65097611300007 ], [ 5.684305187000064, 48.651573301000042 ], [ 5.684672538000086, 48.652015023000047 ], [ 5.685320489000048, 48.652580920000048 ], [ 5.686717919000046, 48.654250413000057 ], [ 5.686873160000061, 48.654561912000077 ], [ 5.686854230000051, 48.655102339000052 ], [ 5.686791855000081, 48.655193745000084 ], [ 5.685945467000067, 48.655757329000039 ], [ 5.685626648000039, 48.656079516000034 ], [ 5.685440589000052, 48.656358209000082 ], [ 5.685540378000042, 48.656846459000064 ], [ 5.685837623000055, 48.657244757000058 ], [ 5.686117626000055, 48.657373444000086 ], [ 5.688332590000073, 48.658029984000052 ], [ 5.689150674000075, 48.658088022000072 ], [ 5.690097130000083, 48.658017157000081 ], [ 5.691031556000041, 48.657762055000042 ], [ 5.692112847000089, 48.657688128000082 ], [ 5.693895123000061, 48.65795384200004 ], [ 5.694423535000055, 48.657712394000043 ], [ 5.694732816000055, 48.657255398000082 ], [ 5.695057683000073, 48.657018550000032 ], [ 5.695523101000049, 48.656873021000081 ], [ 5.696342023000057, 48.656930990000042 ], [ 5.697723560000043, 48.657295717000068 ], [ 5.699477546000082, 48.657966990000034 ], [ 5.701413502000094, 48.658494612000077 ], [ 5.702329083000052, 48.659009351000073 ], [ 5.704067292000048, 48.65963591600007 ], [ 5.706960365000043, 48.660263224000062 ], [ 5.707846819000054, 48.660328582000034 ], [ 5.708316023000066, 48.660223417000047 ], [ 5.709609569000065, 48.660279507000041 ], [ 5.711544235000076, 48.660581996000083 ], [ 5.714551727000071, 48.660891517000039 ], [ 5.715017973000045, 48.660745893000069 ], [ 5.715148155000065, 48.660652926000068 ], [ 5.715121213000089, 48.660248537000086 ], [ 5.714750366000089, 48.659761984000056 ], [ 5.714707524000062, 48.659312957000047 ], [ 5.715031699000065, 48.659080568000043 ], [ 5.715506393000055, 48.659065250000083 ], [ 5.715786479000087, 48.659193867000056 ], [ 5.716114704000063, 48.659856891000061 ], [ 5.716400314000055, 48.66007538100007 ], [ 5.717897176000065, 48.660122246000071 ], [ 5.718233232000046, 48.660069579000037 ], [ 5.718486977000055, 48.65978928800007 ], [ 5.718687335000084, 48.659739716000047 ], [ 5.718967433000046, 48.659868325000048 ], [ 5.719327041000042, 48.660170621000077 ], [ 5.719553527000073, 48.660525455000077 ], [ 5.719995226000037, 48.661050877000037 ], [ 5.720851431000085, 48.661692834000064 ], [ 5.721146633000046, 48.66204609600004 ], [ 5.721484329000077, 48.663068892000069 ], [ 5.721877549000055, 48.663689915000077 ], [ 5.722602618000053, 48.664388855000077 ], [ 5.72276129100004, 48.664745232000087 ], [ 5.723253035000084, 48.666034503000049 ], [ 5.723635683000055, 48.666696261000077 ], [ 5.723971350000056, 48.667678594000051 ], [ 5.724254852000058, 48.668702617000072 ], [ 5.724348463000069, 48.670140482000079 ], [ 5.723715385000048, 48.673768457000051 ], [ 5.723361368000042, 48.674586547000047 ], [ 5.722995429000093, 48.675224907000086 ], [ 5.722913492000089, 48.675298779000059 ], [ 5.722830473000045, 48.675368175000081 ], [ 5.722748535000051, 48.675442047000047 ], [ 5.722666364000077, 48.675511424000042 ], [ 5.722584426000083, 48.675585295000083 ], [ 5.722502254000062, 48.675654672000064 ], [ 5.722419468000055, 48.675728563000064 ], [ 5.722337295000045, 48.675797940000052 ], [ 5.722254508000049, 48.675871831000052 ], [ 5.722172336000085, 48.675941207000051 ], [ 5.722090396000056, 48.676015079000081 ], [ 5.722031041000093, 48.676065934000064 ], [ 5.722003981000057, 48.676084552000077 ], [ 5.721910311000045, 48.676145191000046 ], [ 5.721815178000043, 48.676210363000052 ], [ 5.721720893000054, 48.676275516000032 ], [ 5.721626607000076, 48.676340669000069 ], [ 5.721532322000087, 48.676405822000049 ], [ 5.721438036000052, 48.676470975000086 ], [ 5.721343516000047, 48.676531633000081 ], [ 5.721249464000039, 48.676601280000057 ], [ 5.721154943000045, 48.676661938000052 ], [ 5.721059808000064, 48.676727109000069 ], [ 5.720966370000042, 48.676792242000033 ], [ 5.720871234000072, 48.67685741400004 ], [ 5.720795757000076, 48.676908637000047 ], [ 5.720783119000089, 48.676926925000032 ], [ 5.720721772000047, 48.67700482500004 ], [ 5.720658727000057, 48.677082764000033 ], [ 5.720596765000039, 48.677165178000052 ], [ 5.720534568000062, 48.677243097000087 ], [ 5.720471757000041, 48.677325530000083 ], [ 5.720410408000077, 48.677403430000084 ], [ 5.72034844500007, 48.677485844000046 ], [ 5.720294264000074, 48.677554580000049 ], [ 5.720286248000093, 48.67756376300008 ], [ 5.720236161000059, 48.677645906000073 ], [ 5.720186309000042, 48.677732543000047 ], [ 5.720134526000038, 48.677814725000083 ], [ 5.720083590000058, 48.677896887000088 ], [ 5.720033738000041, 48.677983524000069 ], [ 5.719987425000056, 48.678056580000089 ], [ 5.719995964000077, 48.678155385000082 ], [ 5.720004035000045, 48.678245200000049 ], [ 5.720013803000086, 48.678334977000077 ], [ 5.720021875000043, 48.678424792000051 ], [ 5.720029098000055, 48.678514627000077 ], [ 5.720033133000072, 48.678559534000051 ], [ 5.720041411000068, 48.678604345000053 ], [ 5.720057118000057, 48.678693986000042 ], [ 5.720073440000078, 48.678779113000083 ], [ 5.72008999500008, 48.678868735000037 ], [ 5.720104854000056, 48.678958395000052 ], [ 5.72012225800006, 48.679047997000055 ], [ 5.720138814000052, 48.679137619000073 ], [ 5.720122282000091, 48.679227996000073 ], [ 5.720101508000084, 48.679318469000073 ], [ 5.720083893000037, 48.679404371000032 ], [ 5.72006566400006, 48.679494786000078 ], [ 5.720047435000083, 48.679585201000073 ], [ 5.720035818000042, 48.679639466000083 ], [ 5.720021336000059, 48.679671296000038 ], [ 5.719980814000053, 48.679757720000055 ], [ 5.719941988000073, 48.679844106000083 ], [ 5.71990231400008, 48.679930510000077 ], [ 5.719861792000074, 48.680016934000037 ], [ 5.719822966000038, 48.680103320000057 ], [ 5.719783291000056, 48.680189724000059 ], [ 5.71974276800006, 48.680276148000083 ], [ 5.719703708000054, 48.680358039000055 ], [ 5.719678517000091, 48.680412613000051 ], [ 5.719657246000054, 48.680444599000047 ], [ 5.719602914000063, 48.680526838000048 ], [ 5.719546885000057, 48.680609115000038 ], [ 5.71949085500006, 48.680691393000082 ], [ 5.719434826000054, 48.680773671000047 ], [ 5.719381341000087, 48.680855890000032 ], [ 5.71932531200008, 48.680938168000068 ], [ 5.719270978000054, 48.681020407000062 ], [ 5.719215563000091, 48.681098170000041 ], [ 5.719182500000045, 48.681148424000071 ], [ 5.719164857000067, 48.681184826000049 ], [ 5.719124332000092, 48.681271250000073 ], [ 5.719082959000048, 48.681357693000052 ], [ 5.719040737000057, 48.681444155000072 ], [ 5.718999130000043, 48.681526104000056 ], [ 5.718959453000082, 48.681612508000057 ], [ 5.718917230000045, 48.68169897000007 ], [ 5.718875008000055, 48.681785432000083 ], [ 5.718834248000064, 48.681867361000059 ], [ 5.718792026000074, 48.681953824000061 ], [ 5.71876367200008, 48.682012970000073 ], [ 5.718762530000049, 48.682039996000071 ], [ 5.718760418000045, 48.682130043000086 ], [ 5.718758306000041, 48.682220090000051 ], [ 5.718753649000064, 48.682310195000071 ], [ 5.718752386000062, 48.682400223000059 ], [ 5.718749426000045, 48.682490290000032 ], [ 5.718747314000041, 48.682580337000047 ], [ 5.718743505000077, 48.682670423000047 ], [ 5.718742536000093, 48.682733445000054 ], [ 5.718742242000076, 48.682760451000043 ], [ 5.718746070000066, 48.682850363000057 ], [ 5.718749049000053, 48.682940294000048 ], [ 5.71875202800004, 48.683030225000039 ], [ 5.718754158000081, 48.683120176000045 ], [ 5.718757138000058, 48.683210107000043 ], [ 5.718760117000045, 48.683300038000077 ], [ 5.718762247000086, 48.683389988000044 ], [ 5.718765226000073, 48.683479919000042 ], [ 5.71876820600005, 48.683569850000083 ], [ 5.718770336000091, 48.683659801000033 ], [ 5.718772467000065, 48.68374975100005 ], [ 5.718776295000055, 48.683839663000072 ], [ 5.718777577000083, 48.683929633000048 ], [ 5.718783102000089, 48.684019506000077 ], [ 5.71878438400006, 48.684109475000071 ], [ 5.718787363000047, 48.684199406000062 ], [ 5.718791191000093, 48.684289318000083 ], [ 5.71879042900008, 48.684307335000085 ], [ 5.718769330000043, 48.684375316000057 ], [ 5.718741763000082, 48.684465943000077 ], [ 5.718734447000088, 48.684488610000074 ], [ 5.718675079000093, 48.684539463000078 ], [ 5.718593121000083, 48.684613332000083 ], [ 5.718510930000093, 48.684682705000057 ], [ 5.718428123000081, 48.684756593000088 ], [ 5.71841270300007, 48.684770444000037 ], [ 5.717323963000069, 48.685789754000041 ], [ 5.716675534000046, 48.686259027000062 ], [ 5.716147551000063, 48.686496055000077 ], [ 5.715012737000052, 48.686809901000061 ], [ 5.714493442000048, 48.687181721000059 ], [ 5.713965673000075, 48.68742323400005 ], [ 5.713307647000079, 48.68775770700006 ], [ 5.713265856000078, 48.688163652000071 ], [ 5.713040985000077, 48.688888757000086 ], [ 5.712898421000091, 48.689611988000081 ], [ 5.71281164700008, 48.690378948000046 ], [ 5.712708325000051, 48.690876289000073 ], [ 5.712262609000049, 48.691340921000062 ], [ 5.711802444000057, 48.691576384000086 ], [ 5.711130147000063, 48.691686172000061 ], [ 5.709780501000068, 48.691824853000071 ], [ 5.708512465000069, 48.692177660000077 ], [ 5.708057783000072, 48.692502981000082 ], [ 5.707944879000081, 48.692865537000046 ], [ 5.708165922000092, 48.69313051000006 ], [ 5.708322254000052, 48.693441951000068 ], [ 5.70834280400004, 48.693756477000079 ], [ 5.707970192000062, 48.694304927000083 ], [ 5.707930176000048, 48.695565804000069 ], [ 5.707964918000073, 48.696105001000042 ], [ 5.708109393000086, 48.696236716000051 ], [ 5.70832176600004, 48.696366889000046 ], [ 5.709147063000046, 48.696519136000063 ], [ 5.710397356000044, 48.696936210000047 ], [ 5.710682912000038, 48.697150212000047 ], [ 5.710700297000074, 48.697419810000042 ], [ 5.710464560000048, 48.697969655000072 ], [ 5.710074558000088, 48.698248512000077 ], [ 5.709006884000075, 48.698551766000037 ], [ 5.708193187000063, 48.698574749000045 ], [ 5.707163932000071, 48.69842262700007 ], [ 5.706538895000051, 48.698216322000064 ], [ 5.706199871000081, 48.698233017000064 ], [ 5.705746203000047, 48.698562803000073 ], [ 5.706173051000064, 48.698863607000078 ], [ 5.706942110000057, 48.699192641000081 ], [ 5.708350898000049, 48.69996162700005 ], [ 5.709001412000077, 48.700347339000082 ], [ 5.709437215000094, 48.700787424000055 ], [ 5.709746530000075, 48.70136087800006 ], [ 5.709920278000084, 48.701941912000052 ], [ 5.710277176000091, 48.702203793000081 ], [ 5.710494857000072, 48.702419339000073 ], [ 5.710570073000042, 48.704622560000082 ], [ 5.710397322000063, 48.70489647800008 ], [ 5.709686198000043, 48.705457120000062 ], [ 5.708970015000091, 48.705936875000077 ], [ 5.708031404000053, 48.706142685000088 ], [ 5.70580151200005, 48.706341794000082 ], [ 5.705117156000085, 48.706271823000073 ], [ 5.704836844000056, 48.706143185000087 ], [ 5.704760257000089, 48.706009927000082 ], [ 5.704788547000078, 48.705604300000061 ], [ 5.705036466000081, 48.705238690000051 ], [ 5.705358640000043, 48.70496139100004 ], [ 5.705656864000048, 48.704320147000033 ], [ 5.705630822000046, 48.703915752000057 ], [ 5.705135183000039, 48.703616507000049 ], [ 5.704596200000083, 48.703678230000037 ], [ 5.703725518000056, 48.703882467000085 ], [ 5.703067220000094, 48.704216879000057 ], [ 5.702353469000059, 48.704728038000042 ], [ 5.702102592000074, 48.705053211000063 ], [ 5.70187246100005, 48.705697402000055 ], [ 5.701406009000039, 48.705847464000051 ], [ 5.701001734000045, 48.705901619000088 ], [ 5.700385299000061, 48.705830082000034 ], [ 5.699955024000076, 48.705479837000041 ], [ 5.69966312400004, 48.705175957000051 ], [ 5.699575564000043, 48.704862951000052 ], [ 5.699151027000084, 48.704607071000055 ], [ 5.697619410000073, 48.705096210000079 ], [ 5.697297426000091, 48.705377982000073 ], [ 5.696857555000065, 48.705927909000081 ], [ 5.696341342000039, 48.70634906500004 ], [ 5.695671142000037, 48.70650371000005 ], [ 5.695197091000068, 48.706523424000068 ], [ 5.693418867000048, 48.706352107000043 ], [ 5.692401315000041, 48.706379583000057 ], [ 5.691053092000061, 48.706554007000079 ], [ 5.689719594000053, 48.70694857400008 ], [ 5.688789758000041, 48.707293527000047 ], [ 5.688252800000043, 48.707395628000086 ], [ 5.687707899000088, 48.707376411000041 ], [ 5.68687594000005, 48.707129669000039 ], [ 5.686197920000041, 48.707149442000059 ], [ 5.683798669000055, 48.707891926000059 ], [ 5.683705978000091, 48.70795700900004 ], [ 5.683615214000042, 48.708026548000078 ], [ 5.683523371000092, 48.708091612000032 ], [ 5.683431527000039, 48.708156676000051 ], [ 5.683344546000058, 48.708217130000037 ], [ 5.683223147000092, 48.708269359000042 ], [ 5.683108308000044, 48.708316940000088 ], [ 5.682993468000063, 48.708364522000068 ], [ 5.682878629000072, 48.708412103000057 ], [ 5.682762940000089, 48.708459703000081 ], [ 5.682648949000054, 48.708507265000037 ], [ 5.682534109000073, 48.708554846000077 ], [ 5.682417802000089, 48.708606960000047 ], [ 5.680662475000076, 48.708799419000059 ], [ 5.677545123000073, 48.708932443000037 ], [ 5.676577362000046, 48.708688679000034 ], [ 5.676155829000038, 48.708473149000042 ], [ 5.675584649000086, 48.708040487000062 ], [ 5.675284273000045, 48.707601748000059 ], [ 5.674964166000052, 48.706843966000072 ], [ 5.674731953000048, 48.706624186000056 ], [ 5.674166255000046, 48.706281389000083 ], [ 5.670994798000038, 48.70556950100007 ], [ 5.669272632000059, 48.705212080000081 ], [ 5.668441873000063, 48.704969685000037 ], [ 5.667448482000054, 48.704321443000083 ], [ 5.666495424000061, 48.703447302000086 ], [ 5.665740960000051, 48.703333676000057 ], [ 5.665610584000092, 48.703426586000042 ], [ 5.66530516000006, 48.703752896000083 ], [ 5.665320020000081, 48.703977553000072 ], [ 5.665475051000044, 48.704284572000063 ], [ 5.666423106000082, 48.705293825000069 ], [ 5.666443408000077, 48.705608354000049 ], [ 5.666322456000046, 48.705836047000048 ], [ 5.665855901000043, 48.705985970000086 ], [ 5.665386821000084, 48.706086449000047 ], [ 5.665038928000058, 48.705963731000047 ], [ 5.664816215000087, 48.705662724000042 ], [ 5.664269347000072, 48.704554502000072 ], [ 5.664070343000049, 48.703784988000052 ], [ 5.664092242000038, 48.703064535000067 ], [ 5.664213197000038, 48.702836845000043 ], [ 5.665264295000043, 48.70226888500008 ], [ 5.665917375000049, 48.701844806000047 ], [ 5.666041462000067, 48.701662041000077 ], [ 5.666015727000058, 48.701257636000037 ], [ 5.665936104000082, 48.701079425000046 ], [ 5.665791721000062, 48.700947659000072 ], [ 5.665234719000068, 48.700739621000082 ], [ 5.663998701000082, 48.700546751000047 ], [ 5.663385519000087, 48.700519950000057 ], [ 5.661916848000089, 48.700930726000081 ], [ 5.661648376000073, 48.700981716000058 ], [ 5.66136842800006, 48.700857471000063 ], [ 5.661283394000066, 48.700589382000032 ], [ 5.661345868000069, 48.700497992000066 ], [ 5.662193246000072, 48.699934604000077 ], [ 5.662313744000073, 48.699697926000056 ], [ 5.662301810000088, 48.698663242000073 ], [ 5.66219650000005, 48.698080621000088 ], [ 5.662052135000067, 48.697948851000042 ], [ 5.661634117000062, 48.697782691000043 ], [ 5.661365659000069, 48.697833681000077 ], [ 5.661170986000059, 48.697982019000051 ], [ 5.660982129000047, 48.698211223000051 ], [ 5.660677117000091, 48.698762503000069 ], [ 5.660355592000087, 48.699039663000072 ], [ 5.659827454000038, 48.699280934000058 ], [ 5.659357573000079, 48.699381409000068 ], [ 5.658470747000081, 48.699320188000058 ], [ 5.65804309300006, 48.699014738000074 ], [ 5.65788475700009, 48.698658285000079 ], [ 5.657604831000072, 48.698534031000072 ], [ 5.656195061000062, 48.698799431000047 ], [ 5.654724848000058, 48.699196653000058 ], [ 5.65447187500007, 48.699485770000081 ], [ 5.654688858000043, 48.699692429000038 ], [ 5.655559662000087, 48.69948854900008 ], [ 5.655966219000049, 48.699479494000059 ], [ 5.65631404800007, 48.699602239000058 ], [ 5.656334288000039, 48.699916772000051 ], [ 5.656018380000091, 48.70028829000006 ], [ 5.655710910000039, 48.701645067000072 ], [ 5.655745573000047, 48.702193266000052 ], [ 5.655827448000082, 48.702416430000085 ], [ 5.655853953000076, 48.702820818000077 ], [ 5.655526111000086, 48.703008109000052 ], [ 5.655254488000082, 48.703014157000041 ], [ 5.654697506000048, 48.702806070000072 ], [ 5.654553147000058, 48.702674291000051 ], [ 5.65440360000008, 48.702457132000063 ], [ 5.653933210000048, 48.701477655000083 ], [ 5.65331909300005, 48.70059586900004 ], [ 5.65216249000008, 48.699505659000067 ], [ 5.651517218000038, 48.698980037000069 ], [ 5.651082145000089, 48.698544235000043 ], [ 5.650652489000038, 48.698198305000062 ], [ 5.650433995000071, 48.69797817400007 ], [ 5.649798372000078, 48.697591822000049 ], [ 5.649300606000054, 48.697242901000038 ], [ 5.648774707000086, 48.696674115000064 ], [ 5.648274058000084, 48.696284757000058 ], [ 5.647821746000091, 48.695574839000074 ], [ 5.647088717000088, 48.694740659000047 ], [ 5.646659118000059, 48.694394714000055 ], [ 5.644443137000053, 48.693737420000048 ], [ 5.643689316000064, 48.693632643000058 ], [ 5.643349847000081, 48.693640169000048 ], [ 5.642883335000079, 48.69379000400005 ], [ 5.642759186000092, 48.693972746000043 ], [ 5.642976781000073, 48.694192911000073 ], [ 5.643743555000071, 48.694486395000069 ], [ 5.643960929000059, 48.694702064000069 ], [ 5.644048988000065, 48.695015095000088 ], [ 5.644012050000072, 48.695510887000069 ], [ 5.643692959000077, 48.695837446000041 ], [ 5.643427617000043, 48.695933324000073 ], [ 5.642607688000055, 48.695866003000049 ], [ 5.641163862000042, 48.695592011000087 ], [ 5.639233152000088, 48.695148789000086 ], [ 5.638822886000071, 48.695117372000077 ], [ 5.637464002000058, 48.695111440000062 ], [ 5.636980683000047, 48.694996137000032 ], [ 5.636766226000077, 48.694820890000081 ], [ 5.635938051000039, 48.694623214000046 ], [ 5.635109955000075, 48.694646018000071 ], [ 5.634654497000042, 48.694746078000037 ], [ 5.633482617000084, 48.694690971000057 ], [ 5.632306264000079, 48.694361468000068 ], [ 5.632102579000048, 48.694365965000088 ], [ 5.631630652000069, 48.69442587900005 ], [ 5.631309, 48.694702962000072 ], [ 5.631015294000065, 48.695433901000058 ], [ 5.629961850000086, 48.696820560000049 ], [ 5.629674109000064, 48.697636858000067 ], [ 5.629256156000054, 48.698550518000047 ], [ 5.629202111000041, 48.698776696000039 ], [ 5.62768486300007, 48.700574028000062 ], [ 5.627360043000067, 48.700806171000067 ], [ 5.626534333000052, 48.70150381600007 ], [ 5.626034547000074, 48.702194278000043 ], [ 5.625912578000055, 48.702421949000041 ], [ 5.626015006000046, 48.702955158000073 ], [ 5.626314319000073, 48.703398536000073 ], [ 5.626823351000041, 48.703922789000046 ], [ 5.627928867000037, 48.70420891200007 ], [ 5.628754280000067, 48.704366208000067 ], [ 5.629656090000083, 48.70465680500007 ], [ 5.630710478000083, 48.705209513000057 ], [ 5.631230267000092, 48.70569301200004 ], [ 5.631318268000086, 48.706006049000052 ], [ 5.63129880300005, 48.706766927000047 ], [ 5.63108991900009, 48.707765967000057 ], [ 5.630909384000063, 48.708129925000037 ], [ 5.630007483000043, 48.708919263000041 ], [ 5.629821562000075, 48.709193344000077 ], [ 5.62971119000008, 48.70960074900006 ], [ 5.629739759000074, 48.71005008700007 ], [ 5.629547301000059, 48.711089255000047 ], [ 5.629644240000061, 48.711546085000073 ], [ 5.630037860000073, 48.712392343000033 ], [ 5.630181958000037, 48.71251965600004 ], [ 5.631108935000043, 48.713205660000085 ], [ 5.631326561000037, 48.713425842000049 ], [ 5.631632206000063, 48.713959059000047 ], [ 5.631810281000071, 48.714625580000082 ], [ 5.632426463000058, 48.715552413000069 ], [ 5.632867978000093, 48.716082628000038 ], [ 5.633168046000037, 48.716521471000078 ], [ 5.633278450000091, 48.717193982000083 ], [ 5.633227518000069, 48.717465086000061 ], [ 5.632745110000087, 48.718434160000072 ], [ 5.632312945000081, 48.719118645000037 ], [ 5.63232681900007, 48.719343321000053 ], [ 5.632400975000053, 48.719431677000046 ], [ 5.632649498000092, 48.720146136000039 ], [ 5.63295779300006, 48.720494804000055 ], [ 5.633520485000076, 48.720797359000073 ], [ 5.63399803100009, 48.72082731200004 ], [ 5.635182812000039, 48.721278109000082 ], [ 5.635937468000066, 48.72139192700007 ], [ 5.636622156000044, 48.721466789000033 ], [ 5.638011220000067, 48.721922043000063 ], [ 5.640753459000052, 48.721213422000062 ], [ 5.641163310000081, 48.721249345000047 ], [ 5.641920647000063, 48.721399063000042 ], [ 5.642268589000082, 48.721521847000083 ], [ 5.642981128000088, 48.722046022000086 ], [ 5.64371759900007, 48.722925135000082 ], [ 5.644036784000093, 48.723453521000067 ], [ 5.644141943000079, 48.724036145000071 ], [ 5.644435901000065, 48.724385102000042 ], [ 5.645151626000086, 48.724954190000062 ], [ 5.645856332000051, 48.725339032000079 ], [ 5.646204310000087, 48.725461804000084 ], [ 5.646631262000085, 48.725767309000048 ], [ 5.64749951500005, 48.726593979000086 ], [ 5.647664120000059, 48.727040291000037 ], [ 5.647443225000075, 48.72763014700007 ], [ 5.646931804000076, 48.728140954000082 ], [ 5.646536060000074, 48.728334218000043 ], [ 5.645004560000075, 48.728831642000046 ], [ 5.644012349000093, 48.729267600000071 ], [ 5.643752239000094, 48.729453349000039 ], [ 5.643573991000039, 48.729862265000072 ], [ 5.643611217000057, 48.730446391000051 ], [ 5.644044217000044, 48.730837264000058 ], [ 5.644757750000053, 48.731361405000087 ], [ 5.646547446000056, 48.732568119000064 ], [ 5.646989248000068, 48.733098274000042 ], [ 5.64737142000007, 48.733760239000048 ], [ 5.64839568900004, 48.734893912000082 ], [ 5.648784152000076, 48.73564572500004 ], [ 5.648815635000062, 48.736148983000078 ], [ 5.648431505000076, 48.736521977000052 ], [ 5.647342264000088, 48.736505650000083 ], [ 5.646920627000043, 48.736290023000038 ], [ 5.646340851000048, 48.735722432000046 ], [ 5.645842972000082, 48.735378003000051 ], [ 5.645302743000059, 48.735439476000067 ], [ 5.643742125000074, 48.736558466000083 ], [ 5.642947130000039, 48.736895548000064 ], [ 5.64219763300008, 48.736871649000079 ], [ 5.64074148900005, 48.736426924000057 ], [ 5.639983483000037, 48.736268211000038 ], [ 5.63944011600006, 48.736284731000069 ], [ 5.639378409000074, 48.736376087000053 ], [ 5.63897922700005, 48.736519904000033 ], [ 5.638547221000067, 48.737208895000038 ], [ 5.638221372000089, 48.737441078000082 ], [ 5.637752183000089, 48.737545942000047 ], [ 5.637005798000075, 48.737566937000047 ], [ 5.636321126000041, 48.737496572000055 ], [ 5.634117786000047, 48.737072772000033 ], [ 5.633775767000088, 48.737035325000079 ], [ 5.633232390000046, 48.737051816000083 ], [ 5.631561263000037, 48.737502641000049 ], [ 5.629762695000068, 48.738091236000059 ], [ 5.628885771000057, 48.738205049000051 ], [ 5.625590826000064, 48.738799537000034 ], [ 5.625126970000053, 48.738994223000077 ], [ 5.624740164000059, 48.739317700000072 ], [ 5.624765597000078, 48.739722101000041 ], [ 5.625673367000047, 48.740102592000085 ], [ 5.625690327000086, 48.740372192000052 ], [ 5.625161611000067, 48.740613301000053 ], [ 5.623730482000042, 48.740563780000059 ], [ 5.622664324000084, 48.740906683000048 ], [ 5.620747012000038, 48.74177671700005 ], [ 5.619815875000086, 48.742116628000083 ] ], [ [ 5.690398856000058, 48.714461404000083 ], [ 5.689567146000059, 48.714700650000047 ], [ 5.688368421000064, 48.715092155000043 ], [ 5.68749540400006, 48.715255821000085 ], [ 5.685465416000056, 48.715400536000061 ], [ 5.685329805000038, 48.71540808900005 ], [ 5.683436891000042, 48.715491187000055 ], [ 5.675567886000067, 48.715744450000045 ], [ 5.675432043000058, 48.715747497000052 ], [ 5.675296200000048, 48.715750544000059 ], [ 5.675160126000037, 48.715749096000081 ], [ 5.675024283000084, 48.715752142000042 ], [ 5.674888440000075, 48.715755189000049 ], [ 5.674753446000068, 48.71575821600004 ], [ 5.674617373000046, 48.715756767000073 ], [ 5.674481529000047, 48.715759813000034 ], [ 5.674345686000038, 48.715762859000051 ], [ 5.674209843000085, 48.715765905000069 ], [ 5.674074, 48.71576895000004 ], [ 5.673937926000065, 48.715767501000073 ], [ 5.673802083000055, 48.715770546000051 ], [ 5.673666240000045, 48.715773591000072 ], [ 5.673530397000093, 48.715776636000051 ], [ 5.673394323000082, 48.715775186000087 ], [ 5.673258480000072, 48.715778230000069 ], [ 5.673123486000065, 48.715781255000081 ], [ 5.672987642000066, 48.715784300000053 ], [ 5.672851799000057, 48.715787344000034 ], [ 5.672715725000046, 48.715785893000088 ], [ 5.672579882000093, 48.71578893700007 ], [ 5.672444039000084, 48.715791980000063 ], [ 5.672308195000085, 48.715795024000045 ], [ 5.672172122000063, 48.715793572000052 ], [ 5.672036278000064, 48.715796616000034 ], [ 5.672017600000061, 48.715797034000047 ], [ 5.670324599000082, 48.715767451000033 ], [ 5.666708840000069, 48.715686351000045 ], [ 5.66616883800009, 48.71574791900008 ], [ 5.665837809000038, 48.715890309000088 ], [ 5.665391463000049, 48.716354756000051 ], [ 5.66520799500006, 48.716673836000041 ], [ 5.665215978000049, 48.716763652000047 ], [ 5.665222263000089, 48.716853506000064 ], [ 5.665229397000076, 48.716943341000047 ], [ 5.665236531000062, 48.717033176000086 ], [ 5.665241967000043, 48.717123049000072 ], [ 5.665249950000089, 48.717212865000079 ], [ 5.665257085000064, 48.717302699000072 ], [ 5.665263370000048, 48.717392553000082 ], [ 5.665271353000037, 48.717482369000038 ], [ 5.665277638000077, 48.717572223000047 ], [ 5.665283074000058, 48.717662096000083 ], [ 5.665292756000042, 48.717751874000051 ], [ 5.66529819200008, 48.71784174700008 ], [ 5.665305327000056, 48.717931582000062 ], [ 5.665312232000076, 48.718016922000061 ], [ 5.665313149000042, 48.718034901000067 ], [ 5.665568655000072, 48.721025998000073 ], [ 5.665763053000092, 48.723851965000051 ], [ 5.665972744000044, 48.726061127000037 ], [ 5.666245280000055, 48.730100247000053 ], [ 5.666194506000068, 48.730371362000085 ], [ 5.666217962000076, 48.730730811000058 ], [ 5.665873765000072, 48.731732928000042 ], [ 5.664932926000063, 48.732973352000045 ], [ 5.66415298700008, 48.733535227000061 ], [ 5.663362161000066, 48.733917352000049 ], [ 5.661843627000053, 48.734419200000048 ], [ 5.659841665000044, 48.735012797000081 ], [ 5.658651044000067, 48.735543290000066 ], [ 5.657549230000086, 48.736382266000078 ], [ 5.65549726900008, 48.73833578600005 ], [ 5.654389304000063, 48.73908937300007 ], [ 5.653467836000061, 48.73956432600005 ], [ 5.652667442000052, 48.739811600000053 ], [ 5.651385948000041, 48.739979565000056 ], [ 5.64637446800009, 48.740311280000071 ], [ 5.644074928000066, 48.740510737000079 ], [ 5.641054956000062, 48.741144554000073 ], [ 5.63750243700008, 48.741961048000064 ], [ 5.633944875000054, 48.742696552000041 ], [ 5.632587020000074, 48.742735511000042 ], [ 5.631633570000076, 48.74271604200004 ], [ 5.631087868000066, 48.742687578000073 ], [ 5.629245816000093, 48.742602185000067 ], [ 5.619815875000086, 48.742116628000083 ] ], [ [ 5.619815875000086, 48.742116628000083 ], [ 5.618189881000092, 48.743286191000038 ], [ 5.616472212000076, 48.744952686000033 ], [ 5.614810104000071, 48.746626933000073 ], [ 5.613735179000059, 48.747919337000042 ], [ 5.613548184000081, 48.748193402000084 ], [ 5.613225255000089, 48.748470442000041 ], [ 5.61290649700004, 48.748796885000047 ], [ 5.611714260000042, 48.750177324000049 ], [ 5.611091664000071, 48.751095342000042 ], [ 5.610543437000047, 48.752106217000062 ], [ 5.610127811000041, 48.753064695000042 ], [ 5.609579096000061, 48.754066576000071 ], [ 5.609131923000064, 48.75453079600004 ], [ 5.60841903700009, 48.75509081000007 ], [ 5.607629723000059, 48.755517505000057 ], [ 5.606505856000069, 48.75604148900004 ] ], [ [ 5.606505856000069, 48.75604148900004 ], [ 5.604992318000086, 48.75663245700008 ], [ 5.604205196000066, 48.75710407400004 ], [ 5.603140101000065, 48.757869712000058 ], [ 5.602708161000066, 48.758180592000087 ], [ 5.60206622600009, 48.758784011000046 ], [ 5.601033232000077, 48.759665913000049 ], [ 5.600062008000066, 48.760456470000072 ], [ 5.598588243000052, 48.761901375000043 ], [ 5.596099701000071, 48.764308702000051 ], [ 5.594169685000054, 48.766078418000063 ], [ 5.593776318000039, 48.766311934000043 ], [ 5.592595795000079, 48.76702147900005 ], [ 5.591144124000039, 48.767736895000041 ], [ 5.590209250000044, 48.768031640000061 ], [ 5.584042839000063, 48.769515051000042 ], [ 5.579550740000059, 48.770588532000033 ], [ 5.576136537000082, 48.771490113000077 ], [ 5.575139872000079, 48.771880555000052 ], [ 5.573229830000059, 48.772884584000053 ], [ 5.571224122000047, 48.77433157300004 ], [ 5.570453115000078, 48.775072560000069 ], [ 5.569365951000066, 48.77618478800008 ], [ 5.568357518000084, 48.777479781000068 ], [ 5.568266539000092, 48.77768870500006 ], [ 5.568109568000068, 48.778061023000078 ] ], [ [ 5.606505856000069, 48.75604148900004 ], [ 5.606564713000068, 48.756760116000073 ], [ 5.606858830000078, 48.757113650000072 ], [ 5.60721536300008, 48.757371332000048 ], [ 5.607778929000062, 48.757669485000072 ], [ 5.608001984000055, 48.757979574000046 ], [ 5.60836409500007, 48.758331620000043 ], [ 5.609004098000071, 48.758763080000051 ], [ 5.609012538000059, 48.758897880000063 ], [ 5.60908586100004, 48.758986266000079 ], [ 5.609049396000046, 48.759482002000077 ], [ 5.608924972000068, 48.759664699000041 ], [ 5.60894185300009, 48.759934297000086 ], [ 5.60915401200009, 48.760060145000068 ], [ 5.609784975000082, 48.760361315000068 ], [ 5.610166682000056, 48.760798416000057 ], [ 5.610565705000056, 48.761734574000059 ], [ 5.610941428000047, 48.762306786000067 ], [ 5.61165793300006, 48.762871543000081 ], [ 5.612093437000056, 48.763311960000067 ], [ 5.612591360000067, 48.763656521000087 ], [ 5.613293247000058, 48.763996617000032 ], [ 5.613582098000052, 48.764260261000061 ], [ 5.613740954000093, 48.764612239000087 ], [ 5.613788366000051, 48.765151133000082 ], [ 5.613728832000049, 48.76528741900006 ], [ 5.613335784000071, 48.765525493000041 ], [ 5.612492165000049, 48.766178373000059 ], [ 5.612121129000059, 48.766771417000086 ], [ 5.612013597000043, 48.767223711000042 ], [ 5.61158633000008, 48.768002458000069 ], [ 5.611332110000092, 48.768277983000083 ], [ 5.610599518000072, 48.768532470000082 ], [ 5.610191790000044, 48.768545883000058 ], [ 5.609159195000075, 48.768347979000055 ], [ 5.60785401600009, 48.768160519000048 ], [ 5.606073755000068, 48.767983414000071 ], [ 5.603767506000054, 48.768092218000049 ], [ 5.603230205000045, 48.768202920000078 ], [ 5.602958462000061, 48.76821334300007 ], [ 5.602290283000059, 48.768412382000072 ], [ 5.601362491000089, 48.768797049000057 ], [ 5.59978865000005, 48.769740202000037 ], [ 5.599125543000071, 48.770024600000056 ], [ 5.598591077000037, 48.770175712000082 ], [ 5.598398596000038, 48.770359876000043 ], [ 5.598358933000043, 48.770810678000032 ], [ 5.59823444500006, 48.77099336200007 ], [ 5.59797418800008, 48.771183499000081 ], [ 5.596573248000084, 48.771636910000041 ], [ 5.595636099000046, 48.771886751000068 ], [ 5.593165438000085, 48.772628830000087 ], [ 5.591970826000079, 48.773109201000068 ], [ 5.590535363000072, 48.774103210000078 ], [ 5.589813616000072, 48.774528305000047 ], [ 5.589414855000086, 48.774671933000043 ], [ 5.587571966000041, 48.774590394000086 ], [ 5.585106468000049, 48.77434233200006 ], [ 5.58395153400005, 48.774371826000049 ], [ 5.583257746000072, 48.774400333000081 ], [ 5.582330485000057, 48.77455986700005 ], [ 5.581396512000083, 48.77485901700004 ], [ 5.581131662000075, 48.775026718000049 ], [ 5.581019448000063, 48.775218115000087 ], [ 5.580621639000071, 48.775811625000081 ], [ 5.580278186000044, 48.776093504000073 ], [ 5.579985236000084, 48.776243812000082 ], [ 5.579510287000062, 48.776258570000039 ], [ 5.577195522000068, 48.775152217000077 ], [ 5.576845459000083, 48.775128276000032 ], [ 5.576515727000071, 48.775171385000078 ], [ 5.576250303000052, 48.775276096000077 ], [ 5.575936216000059, 48.775687810000079 ], [ 5.575986363000084, 48.77649660600008 ], [ 5.575787053000056, 48.776716872000073 ], [ 5.575485105000041, 48.776840366000044 ], [ 5.575047662000088, 48.77680480500004 ], [ 5.574727930000051, 48.776654222000047 ], [ 5.574179426000057, 48.776040641000073 ], [ 5.573971795000091, 48.775833648000059 ], [ 5.573544009000045, 48.775527915000055 ], [ 5.573134, 48.775496256000046 ], [ 5.572867274000089, 48.775591989000077 ], [ 5.572002621000081, 48.776263013000062 ], [ 5.571417309000083, 48.776352105000058 ], [ 5.570025116000068, 48.776472058000081 ], [ 5.569564782000043, 48.776679933000082 ], [ 5.56929001900005, 48.777234759000073 ], [ 5.568924092000088, 48.777580078000085 ], [ 5.568445263000058, 48.777792845000079 ], [ 5.568109568000068, 48.778061023000078 ] ], [ [ 5.568109568000068, 48.778061023000078 ], [ 5.567511533000072, 48.779500157000086 ], [ 5.56739801100008, 48.77992553100006 ], [ 5.566951872000061, 48.782013789000082 ], [ 5.566988276000075, 48.782597913000082 ], [ 5.566981675000079, 48.783587895000039 ], [ 5.566833772000052, 48.784490928000082 ], [ 5.566747268000086, 48.78615751500007 ], [ 5.566837229000043, 48.786515523000048 ], [ 5.567086024000048, 48.78723005900008 ], [ 5.567385948000037, 48.787669040000083 ], [ 5.567710047000048, 48.787855542000045 ], [ 5.568461176000085, 48.788140844000047 ], [ 5.569086981000055, 48.788577313000083 ], [ 5.569498941000063, 48.789009380000039 ], [ 5.570033765000062, 48.789758250000034 ], [ 5.570511479000061, 48.79064332300004 ], [ 5.572038847000044, 48.792221181000059 ], [ 5.572347414000092, 48.792799440000067 ], [ 5.572378208000089, 48.792888762000082 ], [ 5.572482879000063, 48.793871842000051 ], [ 5.572134325000093, 48.79476119800006 ], [ 5.571102670000073, 48.795539276000056 ], [ 5.570565196000075, 48.795739809000047 ], [ 5.570505114000071, 48.795781594000061 ], [ 5.569648989000086, 48.796218439000086 ], [ 5.568921558000056, 48.796589521000051 ], [ 5.56817957800007, 48.796699956000047 ], [ 5.566548149000084, 48.796744010000047 ], [ 5.56565343300008, 48.796587757000047 ], [ 5.564979476000076, 48.796696711000038 ], [ 5.563960537000071, 48.796732079000037 ], [ 5.563130799000078, 48.79652942000007 ], [ 5.56249987700005, 48.796457469000082 ], [ 5.561613502000057, 48.796435983000038 ], [ 5.560811800000067, 48.796682629000088 ], [ 5.560667419000083, 48.796550747000083 ], [ 5.560594734000063, 48.795382509000042 ], [ 5.560640856000077, 48.79502158300005 ], [ 5.560601457000075, 48.794392537000078 ], [ 5.560375692000093, 48.794041937000088 ], [ 5.559874547000049, 48.793647746000033 ], [ 5.559597400000087, 48.793568199000049 ], [ 5.55912121700004, 48.793578400000058 ], [ 5.55872465200008, 48.793771362000086 ], [ 5.558345343000042, 48.794229407000046 ], [ 5.558038686000089, 48.794780378000041 ], [ 5.557879227000058, 48.795503666000059 ], [ 5.557292756000038, 48.795921149000037 ], [ 5.557236094000075, 48.796102330000053 ], [ 5.557334320000052, 48.796595140000079 ], [ 5.557858213000088, 48.797348790000058 ], [ 5.558454371000039, 48.797961415000088 ], [ 5.559099709000066, 48.798483 ], [ 5.559526528000049, 48.798784302000058 ], [ 5.559687551000081, 48.799185781000062 ], [ 5.559095162000062, 48.799517913000045 ], [ 5.55862503600008, 48.799617965000039 ], [ 5.557535167000083, 48.799614302000073 ], [ 5.557325806000051, 48.799528800000083 ], [ 5.556479427000056, 48.799056500000063 ], [ 5.556270070000039, 48.798970995000047 ], [ 5.555862941000044, 48.798984204000078 ], [ 5.555398289000038, 48.79917860900008 ], [ 5.555071683000051, 48.799410553000087 ], [ 5.554953080000075, 48.799683040000048 ], [ 5.555127634000087, 48.800309194000079 ], [ 5.555011231000037, 48.800626626000053 ], [ 5.550030276000086, 48.800665542000047 ], [ 5.548497489000056, 48.800518276000048 ], [ 5.547415365000063, 48.800446869000041 ], [ 5.546898706000093, 48.800448884000048 ], [ 5.546490713000082, 48.800462079000056 ], [ 5.544992938000064, 48.80068295500007 ], [ 5.543921991000048, 48.800980209000045 ], [ 5.540417084000069, 48.802431517000059 ], [ 5.539405215000045, 48.80259699800007 ], [ 5.537779653000087, 48.802730514000082 ], [ 5.53717337900008, 48.802833371000077 ], [ 5.536250156000051, 48.803316381000059 ], [ 5.535277356000051, 48.804110876000038 ], [ 5.534275354000044, 48.805531359000042 ], [ 5.533895746000042, 48.805989322000073 ], [ 5.532922642000074, 48.806779301000063 ], [ 5.532477369000048, 48.807288140000082 ], [ 5.532434075000083, 48.807693978000088 ], [ 5.533071020000079, 48.80808090000005 ], [ 5.53329991600009, 48.808480968000083 ], [ 5.533498918000078, 48.809282090000067 ], [ 5.533665844000041, 48.809773454000037 ], [ 5.533951510000065, 48.809992353000041 ], [ 5.53450915500008, 48.810200984000062 ], [ 5.534933960000046, 48.810461921000069 ], [ 5.534966989000054, 48.811001113000088 ], [ 5.534612312000093, 48.811359566000078 ], [ 5.534450396000068, 48.811461980000047 ], [ 5.533988588000057, 48.811701226000082 ], [ 5.533537846000058, 48.812115701000039 ], [ 5.53342172300006, 48.812442098000083 ], [ 5.533435195000038, 48.812666767000053 ], [ 5.53371522000009, 48.812786806000076 ], [ 5.53473796600008, 48.812805611000051 ], [ 5.53522759100008, 48.813015682000071 ], [ 5.535450452000077, 48.81332589200008 ], [ 5.535630801000082, 48.813812467000048 ], [ 5.535394878000091, 48.814406853000037 ], [ 5.535020437000071, 48.814954687000068 ], [ 5.534548781000069, 48.816147949000083 ], [ 5.534508532000075, 48.81659871100004 ], [ 5.534674421000091, 48.817085593000058 ], [ 5.534766108000042, 48.818568345000081 ], [ 5.534500260000073, 48.819563778000088 ], [ 5.534191016000079, 48.820069731000046 ], [ 5.534085734000087, 48.820566861000088 ], [ 5.533966123000084, 48.820839340000077 ], [ 5.533577294000054, 48.821162516000072 ], [ 5.532979270000055, 48.821404642000061 ], [ 5.531899796000062, 48.821571481000042 ], [ 5.531095385000072, 48.82177297700008 ], [ 5.530834412000047, 48.82195846500008 ], [ 5.530255478000072, 48.822524104000081 ], [ 5.529631217000087, 48.823437125000055 ], [ 5.529215716000067, 48.824440205000087 ], [ 5.528839177000066, 48.825842873000056 ], [ 5.528599874000065, 48.826387819000047 ], [ 5.527907685000059, 48.827306762000042 ], [ 5.527269243000092, 48.827999613000088 ], [ 5.526755661000038, 48.828509859000064 ], [ 5.52645474500008, 48.829155079000088 ], [ 5.526382324000053, 48.830191383000056 ], [ 5.526259620000076, 48.830418927000039 ], [ 5.525740797000083, 48.830839298000058 ], [ 5.525006473000076, 48.831084258000033 ], [ 5.522984961000077, 48.831450861000064 ], [ 5.52062107800009, 48.831784156000083 ], [ 5.518604033000088, 48.832209076000083 ], [ 5.517936666000082, 48.832448081000052 ], [ 5.516357225000093, 48.833345137000038 ], [ 5.515789019000067, 48.833856481000055 ], [ 5.513956189000055, 48.835082760000034 ], [ 5.513502284000083, 48.835456718000046 ], [ 5.512727384000073, 48.836152349000088 ], [ 5.512409411000078, 48.836518947000059 ], [ 5.51208841600004, 48.836840618000053 ], [ 5.511517732000073, 48.837531949000038 ], [ 5.511085370000046, 48.838265361000083 ], [ 5.510835459000077, 48.838630524000052 ], [ 5.510384300000055, 48.839044902000069 ], [ 5.509595078000075, 48.839515861000052 ], [ 5.50933933500005, 48.839795663000082 ], [ 5.509288922000053, 48.840075656000067 ], [ 5.509318689000054, 48.84056991500006 ], [ 5.50964326400009, 48.841188456000047 ], [ 5.510013487000037, 48.841675570000064 ], [ 5.510391699000081, 48.84229298300005 ], [ 5.510435710000081, 48.843011889000081 ], [ 5.510602526000071, 48.843503269000053 ], [ 5.511060070000042, 48.844298972000047 ], [ 5.511950185000046, 48.845265545000082 ], [ 5.513254074000088, 48.846524844000051 ], [ 5.513627388000089, 48.847056870000081 ], [ 5.514133669000046, 48.847536611000073 ], [ 5.516249034000055, 48.848693338000032 ], [ 5.517158760000086, 48.849074600000051 ], [ 5.520155671000055, 48.849938269000063 ], [ 5.522986611000079, 48.850539929000043 ], [ 5.52403111700005, 48.85090480000008 ], [ 5.525890273000073, 48.851216470000047 ], [ 5.526568048000058, 48.851152667000072 ], [ 5.527353410000046, 48.850636693000069 ], [ 5.528327417000071, 48.849846790000072 ], [ 5.528452339000069, 48.849664192000034 ], [ 5.528394613000046, 48.848720635000063 ], [ 5.528649664000056, 48.848445306000087 ], [ 5.529194235000091, 48.848429293000038 ], [ 5.531134250000093, 48.848950621000085 ], [ 5.531978174000074, 48.849378155000068 ], [ 5.532737495000049, 48.84953753700006 ], [ 5.533677497000042, 48.850187971000082 ], [ 5.534067569000058, 48.850989518000063 ], [ 5.534188060000076, 48.851837265000086 ], [ 5.534411931000079, 48.852147448000039 ], [ 5.535065963000079, 48.85280393000005 ], [ 5.535436506000053, 48.853290959000049 ], [ 5.535594255000092, 48.853643031000047 ], [ 5.535625131000074, 48.854137260000073 ], [ 5.536567440000056, 48.854832612000052 ], [ 5.536646855000072, 48.85501088500007 ], [ 5.537414544000058, 48.855305029000078 ], [ 5.540182882000067, 48.855993098000056 ], [ 5.54148499900009, 48.856095909000032 ], [ 5.542365853000092, 48.856018705000047 ], [ 5.543919716000062, 48.855796715000047 ], [ 5.544667831000083, 48.855776304000081 ], [ 5.545081501000084, 48.855852983000034 ], [ 5.545778945000052, 48.856103580000081 ], [ 5.546631400000081, 48.856665799000041 ], [ 5.547223078000059, 48.857193075000055 ], [ 5.547452078000049, 48.857588604000057 ], [ 5.547621488000061, 48.858124869000051 ], [ 5.547524555000052, 48.858756785000082 ], [ 5.547339864000094, 48.85907564300004 ], [ 5.547206689000063, 48.859123468000064 ], [ 5.546789940000053, 48.859001872000078 ], [ 5.54644938000007, 48.859009122000032 ], [ 5.546120382000083, 48.859200581000039 ], [ 5.54614306700006, 48.859560013000078 ], [ 5.547020471000053, 48.860526601000061 ], [ 5.548028669000075, 48.861395920000064 ], [ 5.548399395000047, 48.861882905000073 ], [ 5.548718465000093, 48.862411480000048 ], [ 5.548880453000038, 48.862812932000047 ], [ 5.548890102000087, 48.864072425000082 ], [ 5.548738606000086, 48.864930446000074 ], [ 5.548737750000043, 48.866010203000087 ], [ 5.548977522000087, 48.866589953000073 ], [ 5.548935159000052, 48.866995758000087 ], [ 5.548576746000037, 48.867597248000038 ], [ 5.548131106000085, 48.868106117000082 ], [ 5.548147487000051, 48.868371204000077 ], [ 5.548229162000041, 48.868594409000082 ], [ 5.548178491000044, 48.868865422000056 ], [ 5.547656411000048, 48.869240950000062 ], [ 5.546197373000041, 48.869910849000064 ], [ 5.54553072200008, 48.870154477000085 ], [ 5.545332439000049, 48.870248672000059 ], [ 5.544787644000053, 48.870264759000072 ], [ 5.54444176700008, 48.870182137000086 ], [ 5.543605693000075, 48.869889490000048 ], [ 5.543200201000047, 48.869947597000078 ], [ 5.542601881000053, 48.870194254000069 ], [ 5.542054892000067, 48.870165386000053 ], [ 5.541306569000085, 48.870185780000043 ], [ 5.540568720000067, 48.870385903000056 ], [ 5.537059588000091, 48.870973229000072 ], [ 5.535712668000087, 48.871235721000062 ], [ 5.534005960000059, 48.871199894000085 ], [ 5.531729941000037, 48.870991636000042 ], [ 5.530286214000057, 48.870806229000038 ], [ 5.529802135000068, 48.870685998000056 ], [ 5.52958646400009, 48.870510603000071 ], [ 5.529286163000052, 48.870067065000057 ], [ 5.529267476000086, 48.869752540000043 ], [ 5.529762117000075, 48.868932288000053 ], [ 5.52973128900004, 48.868438065000078 ], [ 5.529581569000072, 48.868216287000052 ], [ 5.529012038000076, 48.867827928000047 ], [ 5.528249427000048, 48.867623600000059 ], [ 5.527364888000079, 48.86764678600008 ], [ 5.526695145000076, 48.867845384000077 ], [ 5.526112822000073, 48.868352555000058 ], [ 5.526062035000052, 48.868623558000081 ], [ 5.525996090000092, 48.868669939000085 ], [ 5.52566084700004, 48.869860215000081 ], [ 5.525404823000088, 48.870135549000047 ], [ 5.525004520000039, 48.870283462000089 ], [ 5.524392225000042, 48.87029638100006 ], [ 5.522810111000069, 48.870068815000081 ], [ 5.521838125000045, 48.869783383000083 ], [ 5.520415834000062, 48.869053046000033 ], [ 5.519654091000064, 48.86884864600006 ], [ 5.518964827000048, 48.868732692000037 ], [ 5.518319021000082, 48.868210923000049 ], [ 5.517690523000056, 48.867958718000068 ], [ 5.51706983400004, 48.867850308000072 ], [ 5.515771345000076, 48.867792139000073 ], [ 5.515419703000077, 48.867624077000073 ], [ 5.515049245000057, 48.867136992000042 ], [ 5.514411711000093, 48.866749994000088 ], [ 5.513017698000056, 48.866248418000055 ], [ 5.511953499000072, 48.865780391000051 ], [ 5.511936235000064, 48.865510823000079 ], [ 5.512331568000093, 48.865277580000047 ], [ 5.51423163000004, 48.865138692000073 ], [ 5.514486619000081, 48.864858904000073 ], [ 5.514590007000038, 48.86431686800006 ], [ 5.514298299000075, 48.864012578000086 ], [ 5.513672675000066, 48.863800781000073 ], [ 5.512991700000043, 48.863819586000034 ], [ 5.511987611000052, 48.864119600000038 ], [ 5.511163038000063, 48.864006443000051 ], [ 5.510884523000072, 48.863922312000057 ], [ 5.510460253000076, 48.863661284000045 ], [ 5.509904299000084, 48.863497494000057 ], [ 5.508737199000052, 48.863351016000081 ], [ 5.507622931000071, 48.86297397800007 ], [ 5.506868669000085, 48.862904307000072 ], [ 5.506515357000069, 48.862700264000068 ], [ 5.506501555000057, 48.862466613000038 ], [ 5.507037235000041, 48.862315925000082 ], [ 5.507233393000092, 48.862176849000043 ], [ 5.50753555600005, 48.86176112000004 ], [ 5.507712306000087, 48.861307530000033 ], [ 5.507670481000048, 48.86063357900008 ], [ 5.507585977000076, 48.860365419000061 ], [ 5.50736329700004, 48.860059665000051 ], [ 5.50694124000006, 48.859843567000041 ], [ 5.50605597200007, 48.859866614000055 ], [ 5.505514288000086, 48.859927447000082 ], [ 5.505103656000074, 48.859895557000073 ], [ 5.504355682000039, 48.859920215000045 ], [ 5.503819168000064, 48.860070909000058 ], [ 5.503305040000043, 48.860581041000046 ], [ 5.502717400000051, 48.860998232000043 ], [ 5.501914427000088, 48.861244468000052 ], [ 5.500831019000088, 48.861366095000051 ], [ 5.499481156000058, 48.861583255000085 ], [ 5.499225035000052, 48.861858536000057 ], [ 5.499182288000043, 48.86226432400008 ], [ 5.499122344000057, 48.862400542000046 ], [ 5.498727824000071, 48.862633724000034 ], [ 5.49764997300008, 48.862854179000067 ], [ 5.497566560000053, 48.862909906000077 ], [ 5.494531105000078, 48.863117197000072 ], [ 5.493584393000049, 48.863406862000033 ], [ 5.493106798000042, 48.863596768000043 ], [ 5.491805812000052, 48.864267201000082 ], [ 5.491349773000081, 48.864605112000049 ], [ 5.491093595000052, 48.864880374000052 ], [ 5.490976658000079, 48.865197726000083 ], [ 5.490974605000076, 48.866277482000051 ], [ 5.490943713000092, 48.867146394000088 ], [ 5.490994077000039, 48.868324030000053 ], [ 5.490996260000088, 48.869813085000033 ], [ 5.491171330000043, 48.870407779000061 ], [ 5.491484900000046, 48.870779148000047 ], [ 5.491969856000082, 48.871133452000038 ], [ 5.493572442000072, 48.87204031300007 ], [ 5.495450481000091, 48.873125859000083 ], [ 5.49643724200007, 48.874077014000079 ], [ 5.497079604000078, 48.875152317000072 ], [ 5.49811642800006, 48.877092144000073 ], [ 5.499572170000079, 48.87901871300005 ], [ 5.500037066000061, 48.879431887000067 ], [ 5.500592880000056, 48.879820665000068 ], [ 5.501210018000052, 48.879870752000045 ], [ 5.501888446000066, 48.87954615600006 ], [ 5.502598362000072, 48.87950432100007 ], [ 5.503484867000054, 48.879854679000061 ], [ 5.50575684100005, 48.882258962000037 ], [ 5.506852172000038, 48.883243748000041 ], [ 5.509649189000072, 48.884345814000085 ], [ 5.512587558000064, 48.885246903000052 ] ], [ [ 5.512587558000064, 48.885246903000052 ], [ 5.513525884000046, 48.885254195000073 ], [ 5.513883456000087, 48.885260182000081 ], [ 5.517584431000046, 48.885564789000057 ], [ 5.520462447000057, 48.885567203000051 ], [ 5.524003534000087, 48.885474588000079 ], [ 5.528558166000039, 48.885252490000077 ], [ 5.529443856000057, 48.885229278000047 ], [ 5.53130927400008, 48.885626225000067 ], [ 5.53391115900007, 48.886682375000078 ], [ 5.534006441000088, 48.886747840000055 ], [ 5.534101504000091, 48.886808810000048 ], [ 5.53419763900007, 48.886874257000045 ], [ 5.534292922000077, 48.886939722000079 ], [ 5.534386501000085, 48.887005222000077 ], [ 5.534482417000049, 48.887066175000086 ], [ 5.534577701000046, 48.887131639000081 ], [ 5.534672985000043, 48.887197103000062 ], [ 5.53476826900004, 48.88726256700005 ], [ 5.534863334000079, 48.887323537000043 ], [ 5.534959470000047, 48.887388983000051 ], [ 5.53505475500009, 48.887454447000039 ], [ 5.535148336000077, 48.887519947000051 ], [ 5.535243402000049, 48.887580917000037 ], [ 5.535339540000052, 48.887646363000052 ], [ 5.535435677000066, 48.887711808000063 ], [ 5.535530744000084, 48.887772778000055 ], [ 5.53562432700005, 48.887838277000071 ], [ 5.535720465000054, 48.887903723000079 ], [ 5.535815752000076, 48.887969186000078 ], [ 5.535832594000056, 48.887982326000042 ], [ 5.535879324000064, 48.888048818000073 ], [ 5.535935229000074, 48.88812861200006 ], [ 5.535949954000046, 48.888150794000069 ], [ 5.536132835000046, 48.88842134500004 ], [ 5.536131518000047, 48.888551838000069 ] ], [ [ 5.512587558000064, 48.885246903000052 ], [ 5.513431917000048, 48.885674553000058 ], [ 5.513488638000069, 48.885754340000062 ], [ 5.51354557500008, 48.885838621000062 ], [ 5.513601444000074, 48.885918425000057 ], [ 5.513660938000044, 48.886002652000059 ], [ 5.513717659000065, 48.886082439000063 ], [ 5.513773746000084, 48.886166738000043 ], [ 5.513848855000049, 48.886327116000082 ], [ 5.513865068000087, 48.886592202000088 ], [ 5.513820917000089, 48.886755085000061 ], [ 5.513789045000067, 48.886836732000063 ], [ 5.513699029000065, 48.886915101000056 ], [ 5.513616246000083, 48.886984321000057 ], [ 5.513532611000073, 48.887053559000037 ], [ 5.51346557800008, 48.887113450000072 ], [ 5.513445567000076, 48.887122868000063 ], [ 5.513341904000072, 48.887183529000083 ], [ 5.513237172000061, 48.887239713000042 ], [ 5.513133292000077, 48.887295879000078 ], [ 5.513028776000056, 48.887356557000032 ], [ 5.512924895000083, 48.887412723000068 ], [ 5.512821231000089, 48.887473383000042 ], [ 5.512715646000061, 48.887529585000038 ], [ 5.512611764000042, 48.887585750000085 ], [ 5.512507248000077, 48.887646428000039 ], [ 5.512403366000058, 48.887702594000082 ], [ 5.512344401000064, 48.887735323000072 ], [ 5.512310140000068, 48.887767533000051 ], [ 5.512232681000057, 48.887841139000045 ], [ 5.512156075000064, 48.887914727000073 ], [ 5.512078833000089, 48.887992826000072 ], [ 5.512001374000079, 48.888066432000073 ], [ 5.511959911000076, 48.888143781000053 ], [ 5.511965952000082, 48.888233629000069 ], [ 5.512151635000066, 48.888441174000043 ], [ 5.512445014000093, 48.888565480000068 ], [ 5.512497212000085, 48.888586878000069 ], [ 5.51261672600009, 48.888624858000071 ], [ 5.51273752600008, 48.888671809000073 ], [ 5.512857257000064, 48.88871428300007 ], [ 5.512976771000069, 48.888752263000072 ], [ 5.513114827000038, 48.888803349000057 ], [ 5.513422226000046, 48.888882372000069 ], [ 5.514182804000086, 48.888915885000081 ], [ 5.514953289000061, 48.888836717000061 ], [ 5.515746172000092, 48.888797562000043 ], [ 5.516629189000071, 48.888805993000062 ], [ 5.517186200000083, 48.888879758000087 ], [ 5.518160607000084, 48.888908749000052 ], [ 5.520256891000088, 48.888842138000086 ], [ 5.521950545000038, 48.888685 ], [ 5.523292341000058, 48.888323813000056 ], [ 5.524803941000073, 48.888035509000083 ], [ 5.526876091000076, 48.887946795000062 ], [ 5.528122996000093, 48.888073425000073 ], [ 5.532264294000072, 48.888062366000042 ], [ 5.532655767000051, 48.888081076000049 ], [ 5.533769222000046, 48.888426413000047 ], [ 5.535525779000068, 48.888528681000082 ], [ 5.536131518000047, 48.888551838000069 ] ], [ [ 5.536131518000047, 48.888551838000069 ], [ 5.536360259000048, 48.888713447000043 ], [ 5.536438532000091, 48.88895472300004 ], [ 5.536413379000066, 48.891168661000052 ], [ 5.537215994000064, 48.892483291000083 ], [ 5.538080274000038, 48.89322526400008 ], [ 5.538807988000087, 48.893772181000088 ], [ 5.540342174000045, 48.894643889000072 ], [ 5.54141364600008, 48.895435426000063 ], [ 5.54181935400004, 48.895831703000056 ], [ 5.542304928000078, 48.896361245000037 ], [ 5.542543995000074, 48.896994994000067 ], [ 5.542536407000057, 48.897782440000071 ], [ 5.542314568000052, 48.898601428000063 ], [ 5.541893250000044, 48.899510126000052 ], [ 5.54130613500007, 48.900831728000071 ], [ 5.541086239000037, 48.901691158000062 ], [ 5.541024164000078, 48.901782450000042 ], [ 5.541032452000081, 48.901917237000077 ], [ 5.54080730600009, 48.902686802000062 ], [ 5.540769238000053, 48.903182471000036 ], [ 5.540482223000083, 48.904047821000063 ], [ 5.539984372000049, 48.904823168000064 ], [ 5.539217516000065, 48.90566270000005 ], [ 5.537810191000062, 48.906961176000038 ], [ 5.536764891000075, 48.907707619000064 ], [ 5.534649605000084, 48.908800611000061 ], [ 5.532298590000039, 48.909732096000077 ], [ 5.531076804000065, 48.910360751000042 ], [ 5.529180403000055, 48.911871889000047 ], [ 5.52716237900006, 48.913516021000078 ], [ 5.526762516000076, 48.913591939000071 ], [ 5.526519017000055, 48.913637564000055 ], [ 5.526220160000094, 48.913720346000048 ], [ 5.52534223300006, 48.913878320000038 ], [ 5.519589447000044, 48.915749465000033 ], [ 5.519074924000051, 48.916259638000042 ], [ 5.518911724000077, 48.916712935000078 ], [ 5.518964149000055, 48.91756657500008 ], [ 5.519063094000046, 48.918059345000081 ], [ 5.519368573000065, 48.918588258000057 ], [ 5.519456261000073, 48.918901318000053 ], [ 5.519211226000039, 48.919356336000078 ], [ 5.518696663000071, 48.919866506000062 ], [ 5.517389748000085, 48.920807203000038 ], [ 5.516730537000058, 48.921185445000049 ], [ 5.515128057000084, 48.921767936000037 ], [ 5.51263789300009, 48.92232854100007 ], [ 5.510747623000043, 48.922660587000053 ], [ 5.509065605000046, 48.923064717000045 ], [ 5.508068337000054, 48.92349497500004 ], [ 5.507088311000075, 48.924194779000061 ], [ 5.506772143000092, 48.924610768000043 ], [ 5.50666035100005, 48.925017981000053 ], [ 5.50635845000005, 48.925429171000083 ], [ 5.506303634000062, 48.925655247000073 ], [ 5.506230677000076, 48.926691448000042 ], [ 5.506136565000077, 48.92737720100007 ], [ 5.505969943000082, 48.928010488000041 ], [ 5.505722799000068, 48.928425028000049 ], [ 5.505324791000078, 48.928613295000048 ], [ 5.504847578000067, 48.928627773000073 ], [ 5.503001812000093, 48.927460734000078 ], [ 5.502511239000057, 48.927250553000079 ], [ 5.501216459000091, 48.927282093000088 ], [ 5.500677081000049, 48.927387823000061 ], [ 5.500284236000084, 48.927665937000086 ], [ 5.500162257000056, 48.92789791000007 ], [ 5.500017957000068, 48.928890606000039 ], [ 5.49977571800008, 48.929390502000047 ], [ 5.499590915000056, 48.929718254000079 ], [ 5.499064862000068, 48.930048627000083 ], [ 5.498395061000053, 48.930247038000061 ], [ 5.497920625000063, 48.930301916000083 ], [ 5.497367009000072, 48.930183 ], [ 5.497080837000056, 48.929964038000037 ], [ 5.496908919000077, 48.929387308000059 ], [ 5.496548529000052, 48.929079920000049 ], [ 5.496137357000066, 48.929048 ], [ 5.495867546000056, 48.929098607000071 ], [ 5.495671105000042, 48.929237656000055 ], [ 5.495494019000091, 48.929691201000082 ], [ 5.495537899000055, 48.930410055000038 ], [ 5.495426859000077, 48.930817237000042 ], [ 5.495066868000038, 48.931638971000041 ], [ 5.495026188000054, 48.932089672000082 ], [ 5.494849087000091, 48.932543214000077 ], [ 5.494884786000057, 48.933127281000047 ], [ 5.494762555000079, 48.93335475300006 ], [ 5.49442967300007, 48.933496640000051 ], [ 5.493403061000038, 48.933446033000052 ], [ 5.492792385000087, 48.933508224000043 ], [ 5.492464657000085, 48.933739969000051 ], [ 5.492492164000055, 48.934189249000042 ], [ 5.49295354800006, 48.934804945000053 ], [ 5.493310097000062, 48.935067438000033 ], [ 5.494158115000062, 48.935540127000081 ], [ 5.494986792000077, 48.935698316000071 ], [ 5.495668715000079, 48.935679615000083 ], [ 5.49668719500005, 48.935595417000059 ], [ 5.497244094000052, 48.93576375300006 ], [ 5.497533094000062, 48.936023142000067 ], [ 5.497554623000042, 48.936382576000085 ], [ 5.49730135100009, 48.93670725000004 ], [ 5.496908418000089, 48.936985350000043 ], [ 5.496307166000065, 48.937191315000064 ], [ 5.495977273000051, 48.937378128000034 ], [ 5.495865369000057, 48.937785326000039 ], [ 5.495829857000047, 48.938325888000072 ], [ 5.49592044700006, 48.938683882000078 ], [ 5.495974973000045, 48.939357523000069 ], [ 5.495789680000087, 48.939676279000082 ], [ 5.495754165000051, 48.940216839000072 ], [ 5.496210391000091, 48.940972082000087 ], [ 5.497538262000091, 48.942599863000055 ], [ 5.49808954100007, 48.94357354300007 ], [ 5.498708777000047, 48.944770729000084 ], [ 5.499014421000084, 48.945304174000057 ], [ 5.499385070000073, 48.945786780000049 ], [ 5.500168104000068, 48.946305767000069 ], [ 5.501974117000088, 48.947698596000073 ], [ 5.502634120000039, 48.948445059000051 ], [ 5.503067875000056, 48.94883636600008 ], [ 5.503580446000058, 48.949410463000049 ], [ 5.503739124000049, 48.949762528000072 ], [ 5.503692687000068, 48.950127875000078 ], [ 5.503562256000066, 48.950220569000066 ], [ 5.502743680000037, 48.950242164000088 ], [ 5.502395175000061, 48.950114487000064 ], [ 5.502119445000062, 48.950079758000072 ], [ 5.501781298000083, 48.950131801000055 ], [ 5.501448328000038, 48.950273706000083 ], [ 5.501296971000045, 48.95225619200005 ], [ 5.501073991000055, 48.953974760000051 ], [ 5.501117972000088, 48.954054814000081 ], [ 5.501164092000067, 48.954143821000059 ], [ 5.501207437000062, 48.954228387000057 ], [ 5.501251635000074, 48.954312936000072 ], [ 5.501296686000046, 48.954397466000046 ], [ 5.501306081000052, 48.954415264000033 ], [ 5.501715510000054, 48.954406719000083 ], [ 5.501977036000085, 48.954216824000071 ], [ 5.502582128000086, 48.954069237000056 ], [ 5.502923100000089, 48.954057619000082 ], [ 5.503144208000037, 48.954322910000087 ], [ 5.503165784000089, 48.954682336000083 ], [ 5.502991694000059, 48.955180802000086 ], [ 5.503224385000067, 48.956750402000068 ], [ 5.503453488000048, 48.957145979000082 ], [ 5.504471513000055, 48.957929936000085 ], [ 5.504700848000084, 48.95833000500005 ], [ 5.504722436000065, 48.95868942900006 ], [ 5.504408841000043, 48.959145826000046 ], [ 5.504578138000056, 48.959682102000045 ], [ 5.504392989000053, 48.959933385000056 ], [ 5.504210527000055, 48.960364548000086 ], [ 5.50389518500009, 48.960784992000072 ], [ 5.503529939000089, 48.961516868000047 ], [ 5.503292763000047, 48.962106617000082 ], [ 5.502965971000037, 48.962342861000081 ], [ 5.502764242000069, 48.962392057000045 ], [ 5.50274, 48.963112311000089 ], [ 5.503072608000082, 48.963865600000076 ], [ 5.503443642000093, 48.964352679000058 ], [ 5.504388108000057, 48.965273123000088 ], [ 5.504841443000089, 48.965978900000039 ], [ 5.505485308000061, 48.966455773000064 ], [ 5.505692237000062, 48.966496433000088 ], [ 5.505779923000091, 48.96680948900007 ], [ 5.505823976000045, 48.967528315000038 ], [ 5.505387476000067, 48.967987278000066 ], [ 5.504861926000046, 48.96831764600006 ], [ 5.504594086000054, 48.968413210000051 ], [ 5.504182598000057, 48.968381319000059 ], [ 5.502697801000068, 48.96778704500008 ], [ 5.50208155200005, 48.967759421000039 ], [ 5.501754719000076, 48.967995660000042 ], [ 5.501310993000061, 48.96855372300007 ], [ 5.500705679000077, 48.969605479000052 ], [ 5.500195399000063, 48.970200912000053 ], [ 5.499020173000076, 48.971089103000047 ], [ 5.498439654000038, 48.971645505000083 ], [ 5.497250792000045, 48.972304543000064 ], [ 5.496121560000063, 48.972836373000064 ], [ 5.495328019000056, 48.973262241000043 ], [ 5.493045132000077, 48.973908010000059 ], [ 5.492232197000078, 48.974019375000069 ], [ 5.490658243000041, 48.973971108000057 ], [ 5.488989014000083, 48.974608548000049 ], [ 5.488070024000081, 48.975216904000042 ], [ 5.487289696000062, 48.975867359000063 ], [ 5.486829215000057, 48.976151309000045 ], [ 5.486242501000049, 48.976617807000082 ], [ 5.485838901000079, 48.976716141000047 ], [ 5.484534941000049, 48.976617212000072 ], [ 5.48311268100008, 48.976831103000052 ], [ 5.481613347000064, 48.976880134000055 ], [ 5.481081558000085, 48.977120553000077 ], [ 5.480953164000084, 48.977258159000087 ], [ 5.480977596000059, 48.977662503000033 ], [ 5.481211982000048, 48.978152469000072 ], [ 5.481509283000094, 48.978546668000043 ], [ 5.481665115000055, 48.978858326000079 ], [ 5.481616135000081, 48.97917422200004 ], [ 5.480964068000048, 48.979687027000068 ], [ 5.480838667000057, 48.979869554000061 ], [ 5.480181439000091, 48.980292494000082 ], [ 5.477310949000071, 48.981184012000085 ], [ 5.477161814000056, 48.981191591000083 ], [ 5.47607563400004, 48.981308486000046 ], [ 5.474527997000052, 48.981709290000083 ], [ 5.473065714000086, 48.982378210000043 ], [ 5.471826794000037, 48.983127976000048 ], [ 5.47143956900004, 48.98350031700005 ], [ 5.470940354000049, 48.984284308000042 ], [ 5.470757738000088, 48.984647932000087 ], [ 5.470727914000065, 48.985278305000072 ], [ 5.47030998200006, 48.986281032000079 ], [ 5.469927637000069, 48.986738733000038 ], [ 5.469079481000051, 48.987390451000067 ], [ 5.468686227000092, 48.987672940000039 ], [ 5.468547526000066, 48.987630812000077 ], [ 5.468435299000078, 48.988037965000046 ], [ 5.468391354000062, 48.988443712000048 ], [ 5.469237027000077, 48.988871633000088 ], [ 5.469225965000078, 48.98959158100007 ], [ 5.469051432000072, 48.990089982000086 ], [ 5.468538666000086, 48.990644824000071 ], [ 5.468104638000057, 48.991382471000072 ], [ 5.46781806100006, 48.992292513000052 ], [ 5.467408769000087, 48.993425492000085 ], [ 5.467195369000081, 48.994419492000077 ], [ 5.467072872000074, 48.994646923000062 ], [ 5.466772601000059, 48.995107418000032 ], [ 5.466316745000086, 48.995476649000068 ], [ 5.465445361000093, 48.995768953000038 ], [ 5.465049891000092, 48.996006489000081 ], [ 5.465005913000084, 48.996412232000068 ], [ 5.465366371000073, 48.996715202000082 ], [ 5.465306182000063, 48.99685138500007 ], [ 5.465109617000053, 48.996994869000048 ], [ 5.464700700000037, 48.99700327100004 ], [ 5.464130669000042, 48.996623637000077 ], [ 5.463922799000045, 48.996582924000052 ], [ 5.463590495000062, 48.996729193000078 ], [ 5.463071422000041, 48.997189673000037 ], [ 5.462695114000041, 48.997741682000083 ], [ 5.462643017000062, 48.998012644000077 ], [ 5.462115825000069, 48.998338339000043 ], [ 5.461845834000087, 48.99839336000008 ], [ 5.46128923200007, 48.998224852000078 ], [ 5.46121006900006, 48.998051047000047 ], [ 5.461248112000078, 48.997555464000072 ], [ 5.461504890000072, 48.997275805000072 ], [ 5.462097173000075, 48.996899296000038 ], [ 5.46201289600009, 48.996635631000061 ], [ 5.461504981000076, 48.996376161000057 ], [ 5.46082012100004, 48.996349728000041 ], [ 5.459128093000061, 48.996618332000082 ], [ 5.45899150300005, 48.99662113100004 ], [ 5.458928317000073, 48.996712391000081 ], [ 5.45803863000009, 48.997594278000072 ], [ 5.457877158000088, 48.998317298000082 ], [ 5.457980785000075, 48.998899940000058 ], [ 5.458139305000088, 48.999252049000063 ], [ 5.458122940000067, 49.000116037000055 ], [ 5.45805762100008, 49.000162357000079 ], [ 5.457374839000067, 49.000180843000066 ], [ 5.456823550000081, 49.000106668000058 ], [ 5.455502896000041, 48.999737865000043 ], [ 5.455398411737693, 48.999749895374954 ] ], [ [ 5.454852653650516, 49.000281044011146 ], [ 5.45485605600004, 49.000335866000057 ], [ 5.45522094200004, 49.000733236000087 ], [ 5.455530593831921, 49.001243164972301 ] ], [ [ 5.455699731797222, 49.001499651291603 ], [ 5.456888442000093, 49.002309448000062 ], [ 5.456961850000084, 49.002397908000034 ], [ 5.456968276526234, 49.002430498480685 ] ], [ [ 5.457037042706673, 49.002779228544348 ], [ 5.457048426000085, 49.002836956000067 ], [ 5.456957825076075, 49.002845196771027 ] ], [ [ 5.455651437596507, 49.003004698262991 ], [ 5.455111056000078, 49.003434389000063 ], [ 5.455064514000071, 49.003480324000073 ], [ 5.454777617000048, 49.003576157000055 ], [ 5.454431208000074, 49.003497778000053 ], [ 5.454170924231827, 49.003339321330984 ] ], [ [ 5.452219091887011, 49.00224538842852 ], [ 5.452212767000049, 49.002976372000042 ], [ 5.452084446000072, 49.003118437000069 ], [ 5.452021478116431, 49.003156106532352 ] ], [ [ 5.45088618796882, 49.003835275759513 ], [ 5.450831067000081, 49.003868251000085 ], [ 5.450298860000089, 49.004108527000085 ], [ 5.450018279795263, 49.004154503090774 ] ] ] } },
{ "type": "Feature", "properties": { "fid": 111, "gid": 111, "CdEuMasseDEau": "FRB1R497", "NomMasseDEau": "RUISSEAU DES ROISES", "Etat masse eau ": "Inconnu", "Etat ecologique": "Bon", "Etat chimique": "Inconnu", "_swEcologicalStatusOrPotentialValue": "2", "_swChemicalStatusValue": "U" }, "geometry": { "type": "MultiLineString", "coordinates": [ [ [ 5.589026846000081, 48.442505528000083 ], [ 5.589455426508723, 48.442347818569452 ] ], [ [ 5.612285836784562, 48.440717539723771 ], [ 5.612852817000089, 48.440741003000085 ], [ 5.61359239300009, 48.440922740000083 ], [ 5.614158282000062, 48.44106329300007 ], [ 5.615209017000041, 48.441431690000059 ], [ 5.615698586000065, 48.441686434000083 ], [ 5.617765920000068, 48.443382579000058 ], [ 5.618612447000089, 48.443944479000038 ], [ 5.619717777000062, 48.444320633000082 ], [ 5.620195888000069, 48.444395587000088 ], [ 5.621042457000044, 48.444957469000087 ], [ 5.621596572000044, 48.445165757000041 ], [ 5.621472936000089, 48.445348514000045 ], [ 5.622521919517314, 48.445708767450967 ] ], [ [ 5.623386409763875, 48.446282069915142 ], [ 5.623657577000074, 48.446542398000084 ], [ 5.623975977000043, 48.447295963000045 ], [ 5.624699003000046, 48.448040576000039 ], [ 5.625624782000045, 48.448780699000046 ], [ 5.626746911000055, 48.449421955000048 ], [ 5.627115094000089, 48.449512817000077 ], [ 5.628363592000085, 48.449822715000039 ], [ 5.628546841000059, 48.449868162000087 ], [ 5.628818160000037, 48.450118687000042 ], [ 5.628977416000055, 48.450259179000057 ], [ 5.629751246000069, 48.450732599000048 ], [ 5.630254991000072, 48.451216503000069 ], [ 5.630738530000087, 48.451381307000077 ], [ 5.631371878000039, 48.451767820000043 ], [ 5.632477465000079, 48.452143853000052 ], [ 5.633664626000041, 48.452729595000051 ], [ 5.634215998000059, 48.452897381000071 ], [ 5.634533969000074, 48.452795808000083 ], [ 5.634671554000079, 48.452756749000059 ], [ 5.634688692612242, 48.452751385458718 ] ], [ [ 5.638667613307582, 48.453895269713485 ], [ 5.638826769000048, 48.453938095000069 ], [ 5.641948690000049, 48.454111663000049 ], [ 5.64268878200005, 48.454045676000078 ], [ 5.643093215000079, 48.454032168000083 ], [ 5.644115230000068, 48.454139918000067 ], [ 5.644717042000082, 48.454031993000058 ], [ 5.644989643000088, 48.454070923000081 ], [ 5.645408780000082, 48.454282112000051 ], [ 5.647463699796715, 48.454475901483939 ] ] ] } },
{ "type": "Feature", "properties": { "fid": 115, "gid": 115, "CdEuMasseDEau": "FRB1R499", "NomMasseDEau": "NOUE DE BUREY", "Etat masse eau ": "Moyen", "Etat ecologique": "Moyen", "Etat chimique": "Bon", "_swEcologicalStatusOrPotentialValue": "3", "_swChemicalStatusValue": "2" }, "geometry": { "type": "MultiLineString", "coordinates": [ [ [ 5.689538049210605, 48.467533111273653 ], [ 5.689669255000069, 48.467558870000062 ], [ 5.689865446000056, 48.467689445000083 ], [ 5.69044703600008, 48.468076824000043 ], [ 5.691204472000038, 48.468280187000062 ], [ 5.691348279000067, 48.46841194600006 ], [ 5.691379319000077, 48.468901817000081 ], [ 5.691335228000071, 48.469262871000069 ], [ 5.691082258000051, 48.469543148000071 ], [ 5.691140186000041, 48.470441970000081 ], [ 5.691691697000067, 48.470604992000062 ], [ 5.691906266000046, 48.470780153000078 ], [ 5.691984783000066, 48.47095839900004 ], [ 5.691864482000085, 48.471186161000048 ], [ 5.691810940000039, 48.471412409000038 ], [ 5.691217401000074, 48.471650901000032 ], [ 5.691110847000061, 48.471882851000032 ], [ 5.690995995000037, 48.472200502000078 ], [ 5.690742779000061, 48.472476282000059 ], [ 5.69073355800009, 48.473385625000049 ], [ 5.691268902000047, 48.475394287000086 ], [ 5.691590984000072, 48.476197103000061 ], [ 5.691730971000084, 48.476270440000064 ], [ 5.692733023000073, 48.476918313000056 ], [ 5.692714764000073, 48.477683839000072 ], [ 5.693078663000051, 48.478080643000055 ], [ 5.693062715000053, 48.47889112200005 ], [ 5.69342408600005, 48.479238476000042 ], [ 5.693959763000066, 48.480211964000034 ], [ 5.693442593000043, 48.480588250000039 ], [ 5.693508637000093, 48.481396867000058 ], [ 5.693742560000089, 48.481882130000088 ], [ 5.694264424000039, 48.48263539800007 ], [ 5.694716143000051, 48.483340748000046 ], [ 5.694748299000082, 48.483835088000042 ], [ 5.694574438000075, 48.484289097000051 ], [ 5.694943859000091, 48.484775782000042 ], [ 5.69502556100008, 48.484998960000041 ], [ 5.694945172000075, 48.485855904000061 ], [ 5.694796602000054, 48.486489364000079 ], [ 5.694792911000093, 48.48748858600004 ], [ 5.694942857000058, 48.487705714000072 ], [ 5.694887234000078, 48.487891502000082 ], [ 5.694630809000046, 48.488122352000062 ], [ 5.69463711700007, 48.488212222000072 ], [ 5.695056726000075, 48.488423229000034 ], [ 5.696050530000093, 48.489152272000069 ], [ 5.696467842000061, 48.489318321000042 ], [ 5.696603098000082, 48.489315249000072 ], [ 5.696931769000059, 48.489172766000081 ], [ 5.697028422000074, 48.489620633000072 ], [ 5.69760055900008, 48.490098204000049 ], [ 5.698518909000086, 48.490477894000037 ], [ 5.69901481100004, 48.490822172000037 ], [ 5.699579758000084, 48.492245027000081 ], [ 5.699840754000093, 48.493139217000078 ], [ 5.700242269000057, 48.49411572200006 ], [ 5.700603179000041, 48.494467564000047 ], [ 5.700825432000045, 48.494773051000038 ], [ 5.700952924000092, 48.495490249000056 ], [ 5.701452280000069, 48.495883946000049 ], [ 5.702159799000071, 48.496358416000078 ], [ 5.702385231000051, 48.49670883400006 ], [ 5.70244338200007, 48.49760763200004 ], [ 5.702658098000086, 48.497782770000072 ], [ 5.702613214000053, 48.498143839000079 ], [ 5.701978771000086, 48.498792859000048 ], [ 5.701992884000049, 48.499017568000056 ], [ 5.702280490000078, 48.499276560000055 ], [ 5.702979422000055, 48.499616202000077 ], [ 5.70347739500005, 48.499784892000037 ], [ 5.703433361000066, 48.500145942000081 ], [ 5.703312197000059, 48.500373729000046 ], [ 5.703394805000073, 48.500596879000057 ], [ 5.70382550800008, 48.500987627000086 ], [ 5.703696548000039, 48.50108057500006 ], [ 5.70255972800004, 48.501295473000077 ], [ 5.702636011000038, 48.501428755000063 ], [ 5.70319104500004, 48.501636653000048 ], [ 5.70424760800006, 48.502278689000043 ], [ 5.705963351000094, 48.502635664000081 ], [ 5.706157637000047, 48.502496220000069 ], [ 5.706359725000084, 48.502491616000043 ], [ 5.70650134400006, 48.502578400000061 ], [ 5.706515479000075, 48.50280310800008 ], [ 5.707094176000055, 48.503370496000059 ], [ 5.707456820000061, 48.503753782000047 ], [ 5.708292846000063, 48.503910245000043 ], [ 5.708578421000084, 48.50412876300004 ], [ 5.708995046000041, 48.50429478500007 ], [ 5.710293409000087, 48.504485695000085 ], [ 5.71064556400006, 48.504698188000077 ], [ 5.71110086200008, 48.505448397000073 ], [ 5.711861475000092, 48.505701070000043 ], [ 5.712605376000056, 48.505679583000081 ], [ 5.713500832000079, 48.505920165000077 ], [ 5.715005138000038, 48.506146826000077 ] ] ] } },
{ "type": "Feature", "properties": { "fid": 90, "gid": 90, "CdEuMasseDEau": "FRB1R500", "NomMasseDEau": "RUISSEAU DE FRAGNE", "Etat masse eau ": "Inconnu", "Etat ecologique": "Médiocre", "Etat chimique": "Inconnu", "_swEcologicalStatusOrPotentialValue": "4", "_swChemicalStatusValue": "U" }, "geometry": { "type": "MultiLineString", "coordinates": [ [ [ 5.609526404000064, 48.482871857000077 ], [ 5.613322863000064, 48.482981877000043 ], [ 5.615346922000072, 48.482878804000052 ], [ 5.618007069000043, 48.483211721000032 ], [ 5.619495260000065, 48.483205900000087 ], [ 5.620508523000069, 48.483179040000039 ], [ 5.62173903900009, 48.483367900000083 ], [ 5.62366181100009, 48.483811481000032 ], [ 5.625088189000053, 48.483905968000045 ], [ 5.62569966500007, 48.483932952000032 ], [ 5.628701877000083, 48.484334575000048 ], [ 5.630497668000089, 48.48469084900006 ], [ 5.631919572000072, 48.484695343000055 ], [ 5.635746870000048, 48.484218899000041 ], [ 5.640900694000038, 48.48439241300008 ], [ 5.641728061000038, 48.484639539000057 ], [ 5.642848436000065, 48.48522667900005 ], [ 5.643929351000054, 48.48519811400007 ], [ 5.644970816000068, 48.485377443000061 ], [ 5.646285525000053, 48.48567218800008 ], [ 5.648270844000081, 48.486577538000063 ], [ 5.650820184000054, 48.487924821000043 ], [ 5.652069629000039, 48.489521615000058 ], [ 5.652152662000049, 48.490829415000064 ], [ 5.653547548000063, 48.492103407000059 ], [ 5.654584575000058, 48.492944331000047 ], [ 5.656621721000079, 48.493978903000077 ], [ 5.658288582000068, 48.494369153000036 ], [ 5.662591699000075, 48.494902828000079 ], [ 5.667577995000045, 48.495853057000033 ], [ 5.672264786000085, 48.497250873000041 ], [ 5.676938050000047, 48.498428287000081 ], [ 5.679630896000049, 48.499443193000047 ], [ 5.682037793000063, 48.501121578000038 ], [ 5.685808038000062, 48.506144503000087 ], [ 5.685194736000085, 48.506815447000072 ], [ 5.685292436000054, 48.508343420000081 ], [ 5.685716962000072, 48.509855002000052 ], [ 5.686541672000089, 48.512451157000051 ], [ 5.687414085000057, 48.515811312000039 ], [ 5.691544748000069, 48.518751148000042 ], [ 5.694643780000092, 48.520953661000078 ], [ 5.694911429000058, 48.52258577300006 ], [ 5.694923208000091, 48.522765526000057 ], [ 5.694684704000053, 48.523265989000038 ], [ 5.694310850000079, 48.523769521000077 ], [ 5.693281114000058, 48.524611955000069 ], [ 5.69185183500008, 48.525557940000056 ], [ 5.691860450000092, 48.525692759000037 ], [ 5.692505296000093, 48.526029187000063 ], [ 5.692793003000077, 48.526288196000053 ], [ 5.69288337900008, 48.52664618700004 ], [ 5.692644837000046, 48.527146645000073 ], [ 5.692620712000064, 48.527831264000042 ], [ 5.692779614000074, 48.528187701000043 ], [ 5.692929053000057, 48.528409339000063 ], [ 5.693721393000089, 48.529142960000058 ], [ 5.694432447000054, 48.529662397000038 ], [ 5.694916910000074, 48.52982693000007 ], [ 5.694903577000048, 48.530457299000034 ] ] ] } },
{ "type": "Feature", "properties": { "fid": 101, "gid": 101, "CdEuMasseDEau": "FRB1R501", "NomMasseDEau": "RUISSEAU D'AMANTY", "Etat masse eau ": "Inconnu", "Etat ecologique": "Moyen", "Etat chimique": "Inconnu", "_swEcologicalStatusOrPotentialValue": "3", "_swChemicalStatusValue": "U" }, "geometry": { "type": "MultiLineString", "coordinates": [ [ [ 5.617321170000082, 48.504833510000083 ], [ 5.61767317500005, 48.50505077300005 ], [ 5.618393368000056, 48.505741465000085 ], [ 5.619444013000077, 48.507149432000062 ], [ 5.620336823000059, 48.508430359000045 ], [ 5.620964599000047, 48.508727038000082 ], [ 5.621463256000084, 48.50911657100005 ], [ 5.621832173000087, 48.509603474000073 ], [ 5.622012747000042, 48.510319553000045 ], [ 5.622338855000066, 48.510982915000056 ], [ 5.622514099000057, 48.511609102000079 ], [ 5.623077194000075, 48.513032297000052 ], [ 5.623919708000074, 48.516519496000058 ], [ 5.62401316800009, 48.517998057000057 ], [ 5.624379076000082, 48.518440014000078 ], [ 5.625652655000067, 48.519302951000043 ], [ 5.625686433000055, 48.519842250000067 ], [ 5.625971750000076, 48.520060963000049 ], [ 5.62661548300008, 48.52040226400004 ], [ 5.626909254000054, 48.520755800000082 ], [ 5.628024488000051, 48.521262183000033 ], [ 5.628599441000063, 48.521785010000087 ], [ 5.629267440000092, 48.522710809000046 ], [ 5.629504279000059, 48.523245613000086 ], [ 5.629495791000068, 48.52419087800007 ], [ 5.629115950000084, 48.524604315000033 ], [ 5.629118205000054, 48.524649269000072 ], [ 5.63139199200009, 48.526115563000083 ], [ 5.632087719000083, 48.526410680000083 ], [ 5.634367032000057, 48.527107234000077 ], [ 5.635282541000038, 48.527662982000038 ], [ 5.635643246000086, 48.528015012000083 ], [ 5.636421389000077, 48.528533295000045 ], [ 5.638026444000047, 48.529073723000067 ], [ 5.639142808000088, 48.529579980000051 ], [ 5.639424278000092, 48.529753744000061 ], [ 5.640253200000075, 48.530000852000057 ], [ 5.647211798000058, 48.530786632000058 ], [ 5.648161400000049, 48.530805979000043 ], [ 5.649166381000043, 48.530630568000049 ], [ 5.650436528000057, 48.530372729000078 ], [ 5.652070387000037, 48.530507294000081 ], [ 5.653744105000044, 48.530190907000083 ], [ 5.656298181000068, 48.529881825000082 ], [ 5.656695744000047, 48.529737926000053 ], [ 5.656672444000037, 48.529378415000053 ], [ 5.65686155700007, 48.529149167000071 ], [ 5.659399183000062, 48.528583861000072 ], [ 5.660339987000043, 48.528463794000061 ], [ 5.661151066000059, 48.528441134000047 ], [ 5.662444440000058, 48.528542676000086 ], [ 5.663883321000071, 48.528807458000081 ], [ 5.664839156000085, 48.528916541000058 ], [ 5.66598214600009, 48.52879189500004 ], [ 5.666523355000038, 48.528775252000059 ], [ 5.667551449000086, 48.528972700000047 ], [ 5.668531675000054, 48.529261222000059 ], [ 5.669448659000068, 48.529821183000081 ], [ 5.67007383300006, 48.530072663000055 ], [ 5.670781529000067, 48.530547307000063 ], [ 5.671283900000049, 48.530981558000072 ], [ 5.672086833000037, 48.531895095000039 ], [ 5.67346662500006, 48.533340202000034 ], [ 5.674992265000071, 48.534737007000047 ], [ 5.676190190000057, 48.535470610000061 ], [ 5.67669494800009, 48.535949788000039 ], [ 5.677211438000086, 48.536608717000043 ], [ 5.677851597000085, 48.53708484100008 ], [ 5.678074974000083, 48.537394837000079 ], [ 5.678952075000041, 48.538180646000058 ], [ 5.680143172000044, 48.539854949000073 ], [ 5.680871417000048, 48.540644100000073 ] ] ] } },
{ "type": "Feature", "properties": { "fid": 88, "gid": 88, "CdEuMasseDEau": "FRB1R478", "NomMasseDEau": "CANAL DE LA HAUTE MEUSE", "Etat masse eau ": "Moyen", "Etat ecologique": "Bon", "Etat chimique": "Non atteint", "_swEcologicalStatusOrPotentialValue": "2", "_swChemicalStatusValue": "3" }, "geometry": { "type": "MultiLineString", "coordinates": [ [ [ 5.700287704000061, 48.530978652000051 ], [ 5.700220868000088, 48.530980170000078 ], [ 5.700096690000066, 48.531167511000042 ], [ 5.699652834000062, 48.531627643000043 ], [ 5.699326219000056, 48.531815080000058 ], [ 5.698581941000043, 48.531836483000063 ], [ 5.697759035000047, 48.531679648000079 ], [ 5.697615270000085, 48.531552398000088 ], [ 5.697222762000081, 48.530706217000045 ], [ 5.696864170000083, 48.530403822000039 ], [ 5.696038133000059, 48.530202041000052 ], [ 5.695842548000087, 48.530170474000045 ], [ 5.695521375000055, 48.530200262000051 ], [ 5.695226122000065, 48.530256464000047 ], [ 5.695079383000064, 48.530318298000047 ], [ 5.694949410000049, 48.530393253000057 ], [ 5.694903577000048, 48.530457299000034 ], [ 5.694988507000062, 48.530725401000041 ], [ 5.694970808000051, 48.535505292000039 ], [ 5.694769902000076, 48.536589955000068 ], [ 5.69476258800006, 48.537535215000048 ], [ 5.694715305000045, 48.537851318000037 ], [ 5.694211433000078, 48.53844779800005 ], [ 5.693755916000043, 48.538732649000053 ], [ 5.693417457000066, 48.538740319000055 ], [ 5.692521533000047, 48.538499592000051 ], [ 5.69211538400009, 48.538508792000073 ], [ 5.691595318000054, 48.538840101000062 ], [ 5.691399793000073, 48.540014640000038 ], [ 5.691278485000055, 48.54024240800004 ], [ 5.690794627000059, 48.540932927000085 ], [ 5.690279759000077, 48.541349619000073 ], [ 5.688885760000062, 48.541804200000058 ], [ 5.688364794000052, 48.542135513000062 ], [ 5.688256075000084, 48.542543009000042 ], [ 5.688122987000042, 48.542591023000057 ], [ 5.687517943000046, 48.542654209000034 ], [ 5.687174003000052, 48.542571976000033 ], [ 5.686750841000048, 48.542316017000083 ], [ 5.686474600000054, 48.542232252000083 ], [ 5.685727866000093, 48.542208623000079 ], [ 5.685335742000063, 48.542442502000085 ], [ 5.684415091000062, 48.542877334000082 ], [ 5.683738964000042, 48.542892601000062 ], [ 5.682708079000065, 48.542663848000082 ], [ 5.681617409000069, 48.542557946000045 ], [ 5.681140614000071, 48.542528197000081 ], [ 5.680737577000059, 48.542582291000087 ], [ 5.680341060000046, 48.542730745000085 ], [ 5.67976069100007, 48.543193870000039 ], [ 5.679459923000081, 48.543790201000043 ], [ 5.679200858000058, 48.543976056000083 ], [ 5.678663487000051, 48.544037671000069 ], [ 5.676798100000042, 48.544538729000067 ], [ 5.675922680000042, 48.544616943000051 ], [ 5.675257628000054, 48.544816428000047 ], [ 5.674507722000044, 48.544747795000042 ], [ 5.674366888000066, 48.54466095500004 ], [ 5.673278715000038, 48.544604424000056 ], [ 5.672284567000077, 48.544946303000081 ], [ 5.671493508000083, 48.54528361000007 ], [ 5.670222257000091, 48.54554169000005 ], [ 5.669901952000089, 48.545823407000057 ], [ 5.669592265000063, 48.546280398000079 ], [ 5.669333382000048, 48.546470727000042 ], [ 5.668519351000043, 48.546457500000088 ], [ 5.667969174000064, 48.546334837000082 ], [ 5.667616912000085, 48.546122225000033 ], [ 5.666743281000038, 48.546236333000081 ], [ 5.666734753000071, 48.548216681000042 ], [ 5.666909577000069, 48.548838308000086 ], [ 5.667699499000094, 48.550391207000082 ], [ 5.66800227400006, 48.550879451000071 ], [ 5.668261949000055, 48.551769192000052 ], [ 5.668798974000083, 48.552747213000032 ], [ 5.669194942000047, 48.55363389200005 ], [ 5.669375021000064, 48.554124886000068 ], [ 5.669508947000054, 48.555156956000083 ], [ 5.669594351000057, 48.556500637000056 ], [ 5.669686262000084, 48.557938678000085 ], [ 5.66985595500006, 48.558474906000072 ], [ 5.669781665000073, 48.560276701000078 ], [ 5.66988991900007, 48.560904315000073 ], [ 5.67020569400006, 48.561612774000082 ], [ 5.670249375000083, 48.561688298000043 ], [ 5.670434559000057, 48.562012662000086 ], [ 5.671089812000048, 48.562713495000082 ], [ 5.671380136000039, 48.563021995000042 ], [ 5.671332689000053, 48.563338083000083 ], [ 5.670757836000064, 48.56366601600007 ], [ 5.670631183000069, 48.563808369000071 ], [ 5.670653518000052, 48.564163392000069 ], [ 5.671029557000054, 48.564739985000081 ], [ 5.671684005000088, 48.565440832000043 ], [ 5.671863159000054, 48.566111852000063 ], [ 5.672153277000064, 48.56641585400007 ], [ 5.672629667000081, 48.566450152000073 ], [ 5.673112109000044, 48.566569818000062 ], [ 5.673129257000085, 48.566839451000078 ], [ 5.672866917000079, 48.566980356000045 ], [ 5.67288491100004, 48.567249969000045 ], [ 5.67318384500004, 48.567693280000071 ], [ 5.673266430000069, 48.567916438000047 ], [ 5.673311135000063, 48.568410465000056 ], [ 5.673539825000091, 48.568805851000043 ], [ 5.674045110000066, 48.569289523000073 ], [ 5.67399223700005, 48.569515726000077 ], [ 5.673868491000064, 48.569698520000088 ], [ 5.672952471000087, 48.570218642000043 ], [ 5.672925317000079, 48.570849292000048 ], [ 5.67308022800006, 48.571160830000053 ], [ 5.67311310000008, 48.572735188000081 ], [ 5.673204268000063, 48.573093161000088 ], [ 5.673334484000065, 48.573850781000033 ], [ 5.673413092000089, 48.574029025000073 ], [ 5.673695762000079, 48.574202682000077 ], [ 5.673985935000076, 48.574506678000034 ], [ 5.674193180000088, 48.575627086000047 ], [ 5.674586499000043, 48.576473293000049 ], [ 5.67529486300009, 48.576947893000067 ], [ 5.675655946000063, 48.577295292000088 ], [ 5.67587633800008, 48.577560350000056 ], [ 5.676186378000068, 48.577953899000079 ], [ 5.676135803000079, 48.57822505200005 ], [ 5.675879930000065, 48.578460322000069 ], [ 5.675105551000058, 48.579067272000088 ], [ 5.674851735000061, 48.579342995000047 ], [ 5.674863459000051, 48.579522742000051 ], [ 5.675143020000064, 48.579651463000062 ], [ 5.676095586000088, 48.579711042000042 ], [ 5.676513786000044, 48.579881644000068 ], [ 5.676815737000084, 48.580365377000078 ], [ 5.676768307000088, 48.580681463000083 ], [ 5.676232853000045, 48.580788015000053 ], [ 5.675234895000074, 48.581084977000046 ], [ 5.675042761000043, 48.581273808000049 ], [ 5.67499302300007, 48.581544941000061 ], [ 5.674874691000071, 48.58181761600008 ], [ 5.67423597800007, 48.582426008000077 ], [ 5.673874438000041, 48.582933661000077 ], [ 5.673588006000045, 48.583750142000042 ], [ 5.673578009000039, 48.584650413000077 ], [ 5.673544570000047, 48.585191192000082 ], [ 5.672944452000081, 48.585344184000064 ], [ 5.672487336000074, 48.585624467000059 ], [ 5.672372351000092, 48.585946566000082 ], [ 5.672274286000061, 48.586533797000072 ], [ 5.672159069000088, 48.586851401000047 ], [ 5.671477999000047, 48.587861244000067 ], [ 5.670962883000072, 48.589132869000082 ], [ 5.670743284000082, 48.589947836000078 ], [ 5.670191388000092, 48.590864764000059 ], [ 5.669913884000039, 48.591825034000067 ], [ 5.669388508000054, 48.593146378000085 ], [ 5.669036033000054, 48.593784312000082 ], [ 5.668872443000055, 48.594418008000048 ], [ 5.668695928000091, 48.594831483000064 ], [ 5.667794258000072, 48.595576231000052 ], [ 5.667495113000086, 48.596212963000085 ], [ 5.667535647000079, 48.596842079000055 ], [ 5.667917085000056, 48.597504054000069 ], [ 5.667954487000088, 48.598088238000059 ], [ 5.667763198000046, 48.59912756500006 ], [ 5.667189332000078, 48.599932458000069 ], [ 5.666716008000037, 48.600780095000061 ], [ 5.666685625000071, 48.601365796000039 ], [ 5.666570799000056, 48.601692381000078 ], [ 5.666628453000044, 48.602591120000056 ], [ 5.666794892000041, 48.603077907000056 ], [ 5.667029340000056, 48.603567670000082 ], [ 5.667563068000049, 48.604271232000087 ], [ 5.66820664700009, 48.604783323000049 ], [ 5.668897578000042, 48.604992839000033 ], [ 5.670678561000045, 48.605254399000046 ], [ 5.67511165500008, 48.605627358000049 ], [ 5.676213823000069, 48.605899591000082 ] ] ] } },
{ "type": "Feature", "properties": { "fid": 119, "gid": 119, "CdEuMasseDEau": "FRB1R502", "NomMasseDEau": "RUISSEAU DE MONTIGNY", "Etat masse eau ": "Inconnu", "Etat ecologique": "Bon", "Etat chimique": "Inconnu", "_swEcologicalStatusOrPotentialValue": "2", "_swChemicalStatusValue": "U" }, "geometry": { "type": "MultiLineString", "coordinates": [ [ [ 5.61518109800005, 48.553767638000068 ], [ 5.616224411000076, 48.555265765000058 ], [ 5.617033389000085, 48.556278514000041 ], [ 5.61718826200007, 48.557445165000047 ], [ 5.617334373000062, 48.557621957000038 ], [ 5.618036624000069, 48.558007018000069 ], [ 5.618673414000057, 48.55843851800006 ], [ 5.618972685000074, 48.558881949000067 ], [ 5.619404084000053, 48.559272967000076 ], [ 5.620190122000054, 48.559926182000083 ], [ 5.620562255000039, 48.56045350800008 ], [ 5.621126253000057, 48.560801095000045 ], [ 5.622114586000066, 48.56121132800007 ], [ 5.623257041000045, 48.562126677000037 ], [ 5.623832395000079, 48.562649510000085 ], [ 5.624350734000075, 48.563353607000067 ], [ 5.624675430000082, 48.564201482000051 ], [ 5.625115366000045, 48.564727297000047 ], [ 5.626170215000059, 48.565329537000082 ], [ 5.626947708000046, 48.565622880000042 ], [ 5.627147792000073, 48.565573459000063 ], [ 5.627350752000041, 48.565564475000087 ], [ 5.627858680000088, 48.566093278000039 ], [ 5.628197039000042, 48.567161352000085 ], [ 5.62833244300009, 48.56823840900006 ], [ 5.628347455000039, 48.572558267000034 ], [ 5.628423652000038, 48.572691589000051 ], [ 5.628627435000055, 48.573762631000079 ], [ 5.628864498000041, 48.574297414000057 ], [ 5.629862036000077, 48.575931431000072 ], [ 5.630110690000038, 48.576645962000043 ], [ 5.630148482000038, 48.578310191000071 ], [ 5.630041471000084, 48.579842615000082 ], [ 5.629944923000039, 48.580249764000087 ], [ 5.629988098000069, 48.580923834000032 ], [ 5.630296648000069, 48.583657609000056 ], [ 5.630474487000072, 48.584328700000071 ], [ 5.630301993000046, 48.584827530000041 ], [ 5.630567352000071, 48.585586688000042 ], [ 5.630619448000061, 48.587484597000071 ], [ 5.630608711000093, 48.588384862000055 ], [ 5.630854104000093, 48.589049957000043 ], [ 5.631615043000068, 48.590153662000034 ], [ 5.63242570400007, 48.59116626000008 ], [ 5.632730646000084, 48.591699529000039 ], [ 5.632905211000093, 48.59232118400007 ], [ 5.632869088000064, 48.592816997000057 ], [ 5.632620576000079, 48.593187005000061 ], [ 5.632618347000061, 48.594222082000051 ], [ 5.632200758000067, 48.594906338000051 ], [ 5.632046039000045, 48.595674780000081 ], [ 5.631918978000044, 48.595812593000062 ], [ 5.631865050000044, 48.596038792000058 ], [ 5.631905155000084, 48.596667920000073 ], [ 5.632100007000076, 48.59760863300005 ], [ 5.632328739000059, 48.59800858300008 ], [ 5.632478742000046, 48.598225770000056 ], [ 5.632548773000053, 48.598269222000056 ], [ 5.632890733000068, 48.59830665800007 ], [ 5.63353350400007, 48.598827947000082 ], [ 5.634822743000086, 48.599690431000056 ], [ 5.634926678000056, 48.599935635000072 ], [ 5.634294271000044, 48.603126703000051 ], [ 5.634018466000043, 48.604977842000039 ], [ 5.635891661000073, 48.605642885000073 ], [ 5.637303338000038, 48.606507130000068 ], [ 5.637869982000041, 48.606895080000072 ], [ 5.637873095000089, 48.606940012000052 ], [ 5.638369700000055, 48.607284511000046 ], [ 5.638881258000083, 48.60785818100004 ], [ 5.639179456000079, 48.608288078000051 ], [ 5.639239049000082, 48.609015769000052 ], [ 5.63901349300005, 48.609740782000081 ], [ 5.638994402000037, 48.610506218000069 ], [ 5.639087670000038, 48.610909156000048 ], [ 5.639454975000092, 48.611346519000051 ], [ 5.639743115000044, 48.611610134000045 ], [ 5.640380735000065, 48.612041499000043 ], [ 5.641788862000055, 48.612847269000042 ], [ 5.642093697000064, 48.613155508000034 ], [ 5.643151987000067, 48.61380252500004 ], [ 5.643228282000052, 48.613935832000038 ], [ 5.643239678000043, 48.614111082000079 ], [ 5.644219702000044, 48.615659840000042 ], [ 5.644852017000062, 48.616001298000072 ], [ 5.645419895000089, 48.616393685000048 ], [ 5.646331689000078, 48.616859427000072 ], [ 5.647860967000042, 48.61722142800005 ], [ 5.65004216300008, 48.617388897000069 ], [ 5.650106607000055, 48.617337962000079 ], [ 5.650101434000078, 48.617252576000055 ], [ 5.650021993000053, 48.61707434200008 ], [ 5.650219293000077, 48.616966448000085 ], [ 5.650419552000074, 48.61691698900006 ], [ 5.650628335000079, 48.617002342000042 ], [ 5.651994568000077, 48.617142917000081 ], [ 5.652535847000081, 48.617126358000064 ], [ 5.652598237000063, 48.617034966000062 ], [ 5.652581178000048, 48.616765342000072 ], [ 5.652628786000093, 48.616449276000083 ], [ 5.653244332000043, 48.616525560000071 ], [ 5.654468717000043, 48.616579267000077 ], [ 5.656794654000066, 48.616873887000047 ], [ 5.657556395000086, 48.617122389000087 ], [ 5.659258033000072, 48.617201393000073 ], [ 5.660126600000069, 48.61699748400008 ], [ 5.661912113000085, 48.616273559000042 ], [ 5.662437117000081, 48.615987313000062 ], [ 5.662493221000091, 48.615806055000064 ], [ 5.662744144000044, 48.615485435000039 ], [ 5.663138975000038, 48.615292099000051 ], [ 5.663544878000039, 48.615283018000071 ], [ 5.66368336700009, 48.615320420000046 ], [ 5.664433812000084, 48.615380128000083 ], [ 5.665373256000066, 48.615219594000052 ], [ 5.666389051000067, 48.615192346000072 ], [ 5.667142246000083, 48.615305976000059 ], [ 5.667706915000053, 48.615648832000034 ], [ 5.667992930000082, 48.615867427000069 ], [ 5.668410316000063, 48.616033577000053 ], [ 5.669158095000057, 48.616057313000056 ], [ 5.670162188000063, 48.615850291000072 ], [ 5.671547061000069, 48.615225205000058 ], [ 5.672215934000064, 48.615066189000061 ], [ 5.672689394000088, 48.615051060000042 ], [ 5.673245514000087, 48.615259079000047 ], [ 5.673720053000068, 48.615248421000047 ], [ 5.674715297000091, 48.614902055000073 ], [ 5.67657691800008, 48.614311196000081 ], [ 5.677782017000084, 48.614054587000055 ], [ 5.678388746000053, 48.613991436000049 ], [ 5.678461983000091, 48.614079791000052 ], [ 5.678476027000045, 48.61430448200008 ], [ 5.67829069600009, 48.614578659000081 ], [ 5.678310187000079, 48.614893230000064 ], [ 5.67960419800005, 48.616025143000059 ], [ 5.680284251000046, 48.616896359000073 ], [ 5.68030775200009, 48.617255840000041 ], [ 5.680048787000089, 48.617450675000043 ], [ 5.680210177000049, 48.617852053000043 ], [ 5.680983336000054, 48.618271156000048 ], [ 5.681142434000037, 48.618627582000045 ], [ 5.682156320000047, 48.619306763000047 ] ] ] } },
{ "type": "Feature", "properties": { "fid": 126, "gid": 126, "CdEuMasseDEau": "FRB1R507", "NomMasseDEau": "MEHOLLE", "Etat masse eau ": "Moyen", "Etat ecologique": "Bon", "Etat chimique": "Non atteint", "_swEcologicalStatusOrPotentialValue": "2", "_swChemicalStatusValue": "3" }, "geometry": { "type": "MultiLineString", "coordinates": [ [ [ 5.577150154000037, 48.571604020000052 ], [ 5.577042721000055, 48.572056358000047 ], [ 5.576885247000064, 48.573679803000061 ], [ 5.576585693000084, 48.575396324000053 ], [ 5.57641050400008, 48.575850127000081 ], [ 5.57608837500004, 48.577211627000047 ], [ 5.575845430000072, 48.57766689500005 ], [ 5.575473104000082, 48.578214966000083 ], [ 5.574090350000063, 48.579747916000088 ], [ 5.573404427000071, 48.58071226900006 ], [ 5.572890443000063, 48.58117339100005 ], [ 5.570743231000051, 48.582628325000087 ], [ 5.569081751000056, 48.583168221000051 ], [ 5.568627370000058, 48.58349753400006 ], [ 5.568058209000071, 48.584148827000043 ], [ 5.56747966000006, 48.584660817000042 ], [ 5.566691734000074, 48.58508732100006 ], [ 5.566164314000048, 48.58532819900006 ], [ 5.565656318000038, 48.585654157000079 ], [ 5.564011282000081, 48.586463623000043 ], [ 5.563757066000051, 48.58674360200007 ], [ 5.56359832000004, 48.58746702600007 ], [ 5.56321140600005, 48.587790362000078 ], [ 5.562884173000043, 48.587981912000032 ], [ 5.562277255000083, 48.589128986000048 ], [ 5.56187337700004, 48.590267183000037 ], [ 5.561355578000075, 48.591538330000049 ], [ 5.562356010000087, 48.592367290000077 ], [ 5.569915805000051, 48.597055257000079 ], [ 5.573026068000047, 48.599085046000077 ], [ 5.57418337200005, 48.599924016000045 ], [ 5.575953550000065, 48.602324707000037 ], [ 5.576743599000054, 48.603023102000073 ], [ 5.578451445000042, 48.604102110000042 ], [ 5.580157836000069, 48.60535662500007 ], [ 5.581077423000068, 48.605962184000077 ], [ 5.581438302000038, 48.606314356000041 ], [ 5.581519489000073, 48.606533094000042 ], [ 5.581259988000056, 48.606723221000038 ], [ 5.580932481000048, 48.606910322000033 ], [ 5.581084735000047, 48.607177019000062 ], [ 5.581304774000046, 48.607442246000062 ], [ 5.581456810000077, 48.60770444700006 ], [ 5.581412066000041, 48.608069915000051 ], [ 5.581475472000079, 48.608874034000053 ], [ 5.581419095000058, 48.609055256000033 ], [ 5.581091796000067, 48.609246852000069 ], [ 5.581103204000044, 48.609426603000088 ], [ 5.581314908000081, 48.609557012000039 ], [ 5.581328312000039, 48.60977721900008 ], [ 5.580936285000064, 48.610015218000058 ], [ 5.580885185000056, 48.610286324000072 ], [ 5.581392857000083, 48.610810811000079 ], [ 5.582397037000078, 48.611684523000072 ], [ 5.583421022000039, 48.612872793000072 ], [ 5.584703646000094, 48.613645943000051 ], [ 5.585380493000059, 48.613626745000033 ], [ 5.585970529000065, 48.614374422000083 ], [ 5.586472375000085, 48.614813515000037 ], [ 5.587149178000061, 48.615874297000062 ], [ 5.588006306000068, 48.616566660000046 ], [ 5.588522697000087, 48.617230426000049 ], [ 5.589060804000042, 48.618024215000048 ], [ 5.589605174000042, 48.619132862000072 ], [ 5.590053811000075, 48.619798095000078 ], [ 5.590566519000049, 48.620403432000046 ], [ 5.591571038000041, 48.621277059000079 ], [ 5.591861843000061, 48.621581225000057 ], [ 5.592365919000088, 48.62184024700008 ], [ 5.59264220600005, 48.621919730000059 ], [ 5.593046007000055, 48.622945922000042 ], [ 5.593299462000061, 48.623745891000056 ], [ 5.593251488000078, 48.624061931000085 ], [ 5.593188986000087, 48.624153291000077 ], [ 5.593205742000066, 48.624422922000072 ], [ 5.593496796000068, 48.62473157800008 ], [ 5.593519705000063, 48.625091074000068 ], [ 5.59305874100005, 48.62532611000006 ], [ 5.592934803000048, 48.625513306000073 ], [ 5.593676384000048, 48.626523138000039 ], [ 5.593997776000037, 48.62710112700006 ], [ 5.59409910700009, 48.627638911000084 ], [ 5.594234813000071, 48.628715935000059 ], [ 5.594598791000067, 48.629108498000051 ], [ 5.594541591000052, 48.629289741000044 ], [ 5.594415197000046, 48.629427492000048 ], [ 5.594431961000055, 48.629697122000039 ], [ 5.594849446000069, 48.629868022000039 ], [ 5.595199747000038, 48.630035885000041 ], [ 5.595275943000047, 48.630169221000081 ], [ 5.595549538000057, 48.631288237000042 ], [ 5.595432780000067, 48.631380780000086 ], [ 5.595300229000088, 48.631428668000069 ], [ 5.595379505000039, 48.631606936000082 ], [ 5.595972117000088, 48.632399503000045 ], [ 5.596422956000083, 48.633105160000071 ], [ 5.596513705000064, 48.633463173000052 ], [ 5.596394846000067, 48.633735759000047 ], [ 5.596078912000053, 48.634107139000037 ], [ 5.595429635000073, 48.634584781000058 ], [ 5.595370202000083, 48.634721073000037 ], [ 5.595533851000084, 48.635162996000084 ], [ 5.595485880000069, 48.63547903400007 ], [ 5.595172159000072, 48.635895362000042 ], [ 5.595189777000087, 48.636164971000085 ], [ 5.595629043000088, 48.636465891000057 ], [ 5.596323805000054, 48.636716241000045 ], [ 5.596526421000078, 48.636711824000088 ], [ 5.596659833000047, 48.636663916000032 ], [ 5.596780928000044, 48.636436281000051 ], [ 5.596987247000072, 48.636472281000067 ], [ 5.597641377000059, 48.637168999000039 ], [ 5.597671863000073, 48.637663322000037 ], [ 5.598349864000056, 48.637644032000082 ], [ 5.598578289000045, 48.638039539000033 ], [ 5.59906367800005, 48.638208943000052 ], [ 5.599213882000072, 48.63843066000004 ], [ 5.599558091000063, 48.638508645000059 ], [ 5.599644942000055, 48.638821742000061 ], [ 5.599712765000049, 48.638820262000081 ], [ 5.600850759000082, 48.638561422000073 ], [ 5.601124288000051, 48.638600447000051 ], [ 5.601401748000058, 48.638684385000033 ], [ 5.602168863000088, 48.639023119000058 ], [ 5.602383600000053, 48.63919392300005 ], [ 5.603159982000079, 48.639667445000043 ], [ 5.603315529000042, 48.639979038000043 ], [ 5.603413733000082, 48.640246885000067 ], [ 5.603844839000089, 48.640637952000077 ], [ 5.604266376000055, 48.64085373000006 ], [ 5.604347935000078, 48.641076941000051 ], [ 5.604364754000073, 48.641346567000085 ], [ 5.60458791700006, 48.641652179000062 ], [ 5.604680975000065, 48.642055135000078 ], [ 5.604906605000053, 48.642410191000067 ], [ 5.605050673000051, 48.642542037000055 ], [ 5.605601491000073, 48.642660486000068 ], [ 5.605612142000041, 48.642840248000077 ], [ 5.60541482900004, 48.64293456200005 ], [ 5.605219978000093, 48.643078320000086 ], [ 5.605307494000044, 48.643386898000081 ], [ 5.606392034000066, 48.644438644000047 ], [ 5.606430845000091, 48.644842784000048 ], [ 5.606510180000043, 48.645021043000042 ], [ 5.606495929000062, 48.645876332000057 ], [ 5.606303933000049, 48.646060528000078 ], [ 5.605849017000082, 48.646385472000077 ], [ 5.605927504000078, 48.646563750000041 ], [ 5.607410490000063, 48.647467272000085 ], [ 5.607495162000077, 48.647735411000042 ], [ 5.607508910000092, 48.647960104000049 ], [ 5.607992178000075, 48.648084521000051 ], [ 5.608421141000065, 48.648430618000077 ], [ 5.608790919000057, 48.648917507000078 ], [ 5.608943213000089, 48.649179664000087 ], [ 5.609143841000048, 48.649985246000085 ], [ 5.609109695000086, 48.650525978000083 ], [ 5.609050279000087, 48.650662275000059 ], [ 5.608519302000048, 48.650858397000043 ], [ 5.608200037000074, 48.651180378000049 ], [ 5.607708910000042, 48.652005604000067 ], [ 5.607539064000093, 48.652549304000047 ], [ 5.607037030000072, 48.653190271000085 ], [ 5.606862069000044, 48.653648584000052 ], [ 5.606737041000088, 48.653831314000058 ], [ 5.60595765700009, 48.654392846000064 ], [ 5.605980664000072, 48.654752330000072 ], [ 5.60638064300008, 48.655504054000062 ], [ 5.608241670000041, 48.658109232000072 ], [ 5.608470259000057, 48.65850471300007 ], [ 5.60876692700009, 48.658903203000079 ], [ 5.608815039000092, 48.65944212900007 ], [ 5.609249435000038, 48.659878101000061 ], [ 5.610246596000081, 48.660616731000061 ], [ 5.610472120000054, 48.660967277000047 ], [ 5.610704056000088, 48.661412178000042 ], [ 5.610921381000082, 48.66163240800006 ], [ 5.610938240000053, 48.661902028000043 ], [ 5.610760815000049, 48.66231090000008 ], [ 5.610769244000039, 48.662445710000043 ], [ 5.61105133600006, 48.662619522000057 ], [ 5.611164210000084, 48.66333252000004 ], [ 5.611043339000048, 48.663564659000087 ], [ 5.61051201500004, 48.663756293000063 ], [ 5.610528873000078, 48.664025913000046 ], [ 5.611039411000093, 48.664370213000041 ], [ 5.611191986000051, 48.664636859000041 ], [ 5.611132996000038, 48.665853101000039 ], [ 5.611220809000088, 48.666166163000071 ], [ 5.611243009000077, 48.666525662000083 ], [ 5.61105938500009, 48.666844672000082 ], [ 5.611056727000062, 48.667879685000059 ], [ 5.610876189000066, 48.668243625000059 ], [ 5.61035392000008, 48.66858355100004 ], [ 5.609170268000071, 48.669198946000051 ], [ 5.60927164900005, 48.669511712000087 ], [ 5.609633156000086, 48.669863780000071 ], [ 5.61011865200004, 48.670028639000073 ], [ 5.610398537000037, 48.670157503000041 ], [ 5.610410060000049, 48.670337242000073 ], [ 5.610277423000071, 48.670385145000068 ], [ 5.609822544000053, 48.670714593000071 ], [ 5.609836084000051, 48.670934786000032 ], [ 5.610056538000038, 48.671199945000069 ], [ 5.61040429500008, 48.671327322000081 ], [ 5.610545364000075, 48.67141422800006 ], [ 5.610424248000072, 48.671641871000077 ], [ 5.610438015000057, 48.671866558000033 ], [ 5.61072611700007, 48.672125735000073 ], [ 5.610810846000049, 48.67239386600005 ], [ 5.610615675000076, 48.672533135000037 ], [ 5.610630292000053, 48.672757804000071 ], [ 5.610980306000044, 48.672930128000083 ], [ 5.610988737000071, 48.673064937000049 ], [ 5.610407381000073, 48.673532149000039 ], [ 5.610491886000091, 48.673795786000085 ], [ 5.610223727000061, 48.673851156000069 ], [ 5.610025457000063, 48.673945494000073 ], [ 5.610036979000085, 48.674125233000041 ], [ 5.610674921000054, 48.674331750000079 ], [ 5.61078494700007, 48.675004306000062 ], [ 5.610132604000057, 48.675428074000081 ], [ 5.610174753000081, 48.676102116000038 ], [ 5.610909177000053, 48.676981485000056 ], [ 5.61136145100005, 48.67768704000008 ], [ 5.612067517000071, 48.678117046000068 ], [ 5.612372758000049, 48.67865032800006 ], [ 5.61274011200004, 48.678862765000083 ], [ 5.613016956000081, 48.678946692000068 ], [ 5.613279171000045, 48.678805950000083 ], [ 5.613615228000072, 48.67874908400006 ], [ 5.613833485000043, 48.678969287000086 ], [ 5.613929777000067, 48.679417152000042 ], [ 5.614079090000075, 48.679634366000073 ], [ 5.613751468000089, 48.679826041000069 ], [ 5.613827785000069, 48.679959360000055 ], [ 5.61404497500007, 48.680175085000087 ], [ 5.614525460000039, 48.680254543000046 ], [ 5.614873064000051, 48.680377411000052 ], [ 5.615017262000038, 48.680509240000049 ], [ 5.61517834700004, 48.680910685000072 ], [ 5.615271557000085, 48.681313619000044 ], [ 5.615099446000045, 48.681812368000067 ], [ 5.615048454000089, 48.682083472000045 ], [ 5.615268981000042, 48.682348619000038 ], [ 5.615681383000037, 48.682425066000064 ], [ 5.616014586000063, 48.682327759000088 ], [ 5.616356859000064, 48.68236074500004 ], [ 5.616574295000078, 48.682580960000053 ], [ 5.616608085000053, 48.683120190000068 ], [ 5.616305348000083, 48.683486815000037 ], [ 5.61638756900004, 48.684789938000051 ], [ 5.61633123200005, 48.684971165000043 ], [ 5.616068145000042, 48.685111931000051 ], [ 5.615881612000067, 48.685390509000058 ], [ 5.615910049000092, 48.685839859000055 ], [ 5.616481342000043, 48.686272796000083 ], [ 5.616989259000093, 48.686797117000083 ], [ 5.617380237000077, 48.687598487000059 ], [ 5.617939161000038, 48.687851699000078 ], [ 5.618037529000048, 48.688119524000058 ], [ 5.61848154200004, 48.688690239000039 ], [ 5.619557981000071, 48.689607037000087 ], [ 5.61971665100009, 48.689959029000079 ], [ 5.619818369000086, 48.690496762000073 ], [ 5.61969950200006, 48.690769358000068 ], [ 5.61951381700004, 48.691047922000052 ], [ 5.619047034000062, 48.691193169000087 ], [ 5.618654568000068, 48.69143127600006 ], [ 5.618530340000064, 48.691613993000033 ], [ 5.618484709000086, 48.691974974000061 ], [ 5.618914101000087, 48.692321021000055 ], [ 5.619338370000094, 48.692581684000061 ], [ 5.619640210000057, 48.692840536000062 ] ], [ [ 5.50590348500009, 48.693944308000077 ], [ 5.506104174000086, 48.693895095000073 ], [ 5.507936137000058, 48.693847577000042 ], [ 5.509889487000066, 48.693568001000081 ], [ 5.511110575000089, 48.69353779100004 ], [ 5.51130825000007, 48.693443637000087 ], [ 5.511367969000048, 48.693307394000051 ], [ 5.51162514400005, 48.693072501000081 ], [ 5.511964628000044, 48.693065349000051 ], [ 5.512441850000073, 48.693095790000086 ], [ 5.51284578700006, 48.693033283000034 ], [ 5.514970850000054, 48.693109966000073 ], [ 5.516476664000038, 48.693294172000037 ], [ 5.517295540000077, 48.693362377000085 ], [ 5.518438360000061, 48.693153763000055 ], [ 5.519929954000077, 48.693113249000078 ], [ 5.52130040600008, 48.693291256000073 ], [ 5.522046205000038, 48.693270984000037 ], [ 5.522586143000069, 48.693210067000052 ], [ 5.523843075000059, 48.69376390900004 ], [ 5.526743670000087, 48.694539392000081 ], [ 5.528066185000057, 48.695042306000062 ], [ 5.529189752000093, 48.695418938000046 ], [ 5.530907174000049, 48.695724463000033 ], [ 5.533542436000062, 48.696595406000085 ], [ 5.534175008000091, 48.696937429000059 ], [ 5.53460410100007, 48.697288273000083 ], [ 5.535456875000079, 48.697895580000079 ], [ 5.535943245000055, 48.698060720000058 ], [ 5.536632478000058, 48.698221543000045 ], [ 5.538672640000073, 48.698259118000067 ], [ 5.539887947000068, 48.698125249000043 ], [ 5.54174276100008, 48.697356798000051 ], [ 5.548012364000044, 48.694343260000039 ], [ 5.549179904000084, 48.693458883000062 ], [ 5.551482781000061, 48.691137328000082 ], [ 5.552442069000051, 48.690392358000047 ], [ 5.554017421000083, 48.689494696000047 ], [ 5.560705403000043, 48.686696453000081 ], [ 5.562053547000062, 48.686523500000078 ], [ 5.56198260900004, 48.686480028000062 ], [ 5.563271167000039, 48.686443330000088 ], [ 5.564367652000044, 48.686595235000077 ], [ 5.566229082000064, 48.687032144000057 ], [ 5.567384933000085, 48.687043255000049 ], [ 5.568591396000045, 48.686787785000043 ], [ 5.570326898000076, 48.686286915000039 ], [ 5.571801812000047, 48.68598062600006 ], [ 5.572550105000062, 48.68599597900004 ], [ 5.575847486000043, 48.686352247000059 ], [ 5.576186069000073, 48.686344930000082 ], [ 5.57718966300007, 48.686093756000048 ], [ 5.578257846000042, 48.685791679000033 ], [ 5.579817473000048, 48.685739940000083 ], [ 5.583889150000061, 48.685674256000077 ], [ 5.585999814000047, 48.68575448100006 ], [ 5.586892472000045, 48.685906102000047 ], [ 5.590616973000067, 48.685708231000042 ], [ 5.593340397000077, 48.685811006000051 ], [ 5.594354521000071, 48.685739444000042 ], [ 5.594758527000067, 48.685681154000072 ], [ 5.595775280000055, 48.685645520000037 ], [ 5.596515626000041, 48.685534904000072 ], [ 5.600110063000045, 48.685438561000069 ], [ 5.600520230000086, 48.685470112000083 ], [ 5.601627449000091, 48.685801431000073 ], [ 5.602672587000086, 48.685994605000083 ], [ 5.605444102000092, 48.686856508000062 ], [ 5.608171082000069, 48.688083799000083 ], [ 5.609309880000069, 48.688909327000033 ], [ 5.61058941400006, 48.689592272000077 ], [ 5.612319101000082, 48.69008535100005 ], [ 5.61328491900008, 48.690320669000073 ], [ 5.614878874000056, 48.690816688000041 ], [ 5.615438668000081, 48.691069893000083 ], [ 5.617343163000044, 48.692184528000041 ], [ 5.618533181000089, 48.692738862000056 ], [ 5.618894456000078, 48.692861419000053 ], [ 5.619640210000057, 48.692840536000062 ] ], [ [ 5.619640210000057, 48.692840536000062 ], [ 5.619852347000062, 48.692970867000042 ], [ 5.620335836000038, 48.693090734000073 ], [ 5.620606562000091, 48.693084784000064 ], [ 5.620866573000058, 48.692899080000082 ], [ 5.621341151000081, 48.692875148000041 ], [ 5.622035937000078, 48.693125354000081 ], [ 5.622531226000092, 48.693429442000081 ], [ 5.622824869000056, 48.693778461000079 ], [ 5.62291816000004, 48.694181384000046 ], [ 5.623062416000039, 48.694313203000043 ], [ 5.623559754000041, 48.694657739000043 ], [ 5.624046598000064, 48.694827014000055 ], [ 5.624824003000072, 48.695300373000073 ], [ 5.626350322000064, 48.695797731000077 ], [ 5.627121546000069, 48.69618121600007 ], [ 5.627779891000046, 48.696702177000077 ], [ 5.62883946900007, 48.697344780000037 ], [ 5.629674109000064, 48.697636858000067 ] ] ] } },
{ "type": "Feature", "properties": { "fid": 87, "gid": 87, "CdEuMasseDEau": "FRB1R482", "NomMasseDEau": "CANAL DE LA MARNE AU RHIN - DISTRICT MEUSE", "Etat masse eau ": "Inconnu", "Etat ecologique": "Bon", "Etat chimique": "Inconnu", "_swEcologicalStatusOrPotentialValue": "2", "_swChemicalStatusValue": "U" }, "geometry": { "type": "MultiLineString", "coordinates": [ [ [ 5.526156741000079, 48.585432888000071 ], [ 5.540902839000069, 48.586896369000051 ], [ 5.553741494000064, 48.588155995000079 ], [ 5.554356343000052, 48.588228297000057 ], [ 5.555452501000048, 48.588416259000041 ], [ 5.556075632000045, 48.588623374000072 ], [ 5.558065770000042, 48.590101603000051 ], [ 5.561013336000087, 48.592585195000083 ], [ 5.573303965000093, 48.599925035000069 ], [ 5.573873415000094, 48.600502219000077 ], [ 5.574248427000043, 48.601074606000047 ], [ 5.575559564000059, 48.602522233000059 ], [ 5.577058368000053, 48.603731784000047 ], [ 5.581259988000056, 48.606723221000038 ], [ 5.581756219000056, 48.607067956000037 ], [ 5.582128522000062, 48.607599877000041 ], [ 5.582156459000089, 48.607684771000038 ], [ 5.582184618000042, 48.607774159000087 ], [ 5.582211083000061, 48.607863585000082 ], [ 5.582240715000069, 48.607948441000083 ], [ 5.582268875000068, 48.608037830000058 ], [ 5.582295340000087, 48.608127255000056 ], [ 5.582316500000047, 48.608212296000033 ], [ 5.582337034000091, 48.608301850000032 ], [ 5.582356720000064, 48.608391422000068 ], [ 5.582376407000083, 48.608480994000047 ], [ 5.58239694100007, 48.608570548000046 ], [ 5.58241662800009, 48.608660121000071 ], [ 5.582436316000042, 48.60874969300005 ], [ 5.582456850000085, 48.608839247000049 ], [ 5.582478232000085, 48.608928782000078 ], [ 5.582496850000041, 48.609013878000042 ], [ 5.58251653700006, 48.609103450000077 ], [ 5.58253791900006, 48.609192986000039 ], [ 5.582556759000056, 48.609282576000055 ], [ 5.582576225000082, 48.609367653000049 ], [ 5.582597607000082, 48.609457189000068 ], [ 5.582618142000058, 48.609546743000067 ], [ 5.582636983000043, 48.609636333000083 ], [ 5.582657518000076, 48.609725887000081 ], [ 5.582678053000052, 48.60981544100008 ], [ 5.582691326000088, 48.609878152000078 ], [ 5.582705367000074, 48.609904847000053 ], [ 5.582750254000075, 48.609989373000083 ], [ 5.58279344500005, 48.610073935000059 ], [ 5.582837485000084, 48.610158479000063 ], [ 5.582882371000039, 48.61024300400004 ], [ 5.58292257800008, 48.610318631000041 ], [ 5.582990565000046, 48.610407155000082 ], [ 5.58305217800006, 48.610486818000084 ], [ 5.58311294300006, 48.610566498000082 ], [ 5.583175403000041, 48.610646142000064 ], [ 5.583237016000055, 48.610725805000072 ], [ 5.583298629000069, 48.610805467000034 ], [ 5.583360242000083, 48.610885129000053 ], [ 5.583441123000057, 48.61095987300007 ], [ 5.583521156000074, 48.611034636000056 ], [ 5.583602663000079, 48.611104866000062 ], [ 5.583684170000083, 48.611175096000068 ], [ 5.583765051000057, 48.611249840000085 ], [ 5.583846559000051, 48.611320070000033 ], [ 5.583927441000071, 48.61139481400005 ], [ 5.584008949000065, 48.611465044000056 ], [ 5.584088762000079, 48.611535311000068 ], [ 5.584171339000079, 48.611610018000079 ], [ 5.584252848000062, 48.611680248000077 ], [ 5.584332884000048, 48.611755010000081 ], [ 5.584413545000075, 48.611825258000067 ], [ 5.584495054000058, 48.611895487000083 ], [ 5.584575938000057, 48.611970231000043 ], [ 5.584657448000087, 48.61204046000006 ], [ 5.584738110000046, 48.612110708000046 ], [ 5.584820689000082, 48.612185415000056 ], [ 5.584900505000064, 48.612255681000079 ], [ 5.58498308500009, 48.612330387000043 ], [ 5.585064595000063, 48.612400616000059 ], [ 5.585144411000044, 48.612470882000082 ], [ 5.585225297000079, 48.612545625000052 ], [ 5.585306808000041, 48.612615854000069 ], [ 5.585387694000076, 48.612690597000039 ], [ 5.585469206000084, 48.612760826000056 ], [ 5.585549871000069, 48.612831073000052 ], [ 5.58563160500006, 48.612905797000053 ], [ 5.585711423000078, 48.612976063000083 ], [ 5.585794005000082, 48.613050768000051 ], [ 5.585873823000043, 48.613121034000073 ], [ 5.585956183000064, 48.613191244000063 ], [ 5.586037071000078, 48.613265986000044 ], [ 5.586118585000065, 48.613336215000061 ], [ 5.586199473000079, 48.613410957000042 ], [ 5.586279292000086, 48.613481222000082 ], [ 5.586361654000086, 48.613551432000072 ], [ 5.586443390000056, 48.613626156000073 ], [ 5.586523210000053, 48.613696421000043 ], [ 5.586605572000053, 48.613766631000033 ], [ 5.586685615000079, 48.613841391000051 ], [ 5.586767130000055, 48.613911619000078 ], [ 5.586848020000048, 48.613986360000069 ], [ 5.586929536000071, 48.614056588000039 ], [ 5.58701020500007, 48.614126834000047 ], [ 5.587090248000038, 48.614201594000072 ], [ 5.587173459000041, 48.614271785000085 ], [ 5.587255198000094, 48.61434650800004 ], [ 5.587335020000069, 48.614416773000073 ], [ 5.587417385000037, 48.614486982000081 ], [ 5.587497429000052, 48.614561741000045 ], [ 5.587544342000058, 48.614601221000044 ], [ 5.591086635000067, 48.618947631000083 ], [ 5.592784868000081, 48.621151633000068 ], [ 5.593181326000092, 48.621858490000079 ], [ 5.594779958000061, 48.626584593000082 ], [ 5.595524157000057, 48.628723838000042 ], [ 5.595766556000058, 48.630428523000042 ], [ 5.596039808000057, 48.631318049000072 ], [ 5.59699373400008, 48.633542704000043 ], [ 5.598288032000085, 48.636655404000066 ], [ 5.59879836600004, 48.63722475600008 ], [ 5.598912729000062, 48.637271759000043 ], [ 5.599026467000044, 48.637323276000082 ], [ 5.599139982000054, 48.637370298000064 ], [ 5.599253720000092, 48.637421814000049 ], [ 5.599368084000048, 48.63746881700007 ], [ 5.599480127000049, 48.637520370000061 ], [ 5.599595338000086, 48.637567355000051 ], [ 5.599709702000041, 48.637614357000082 ], [ 5.599822594000045, 48.637665892000086 ], [ 5.599936958000058, 48.63771289400006 ], [ 5.600051546000088, 48.637764391000083 ], [ 5.600164215000064, 48.637811430000056 ], [ 5.600278804000084, 48.637862927000072 ], [ 5.600393169000085, 48.637909929000045 ], [ 5.600472952000075, 48.637944186000077 ], [ 5.600509230000057, 48.637956894000069 ], [ 5.600626763000093, 48.637999326000056 ], [ 5.60074768700008, 48.638041685000083 ], [ 5.600866917000076, 48.638084080000056 ], [ 5.600986146000082, 48.638126475000043 ], [ 5.601106223000045, 48.638168852000042 ], [ 5.601224605000084, 48.638211265000052 ], [ 5.601344683000093, 48.638253642000052 ], [ 5.601463913000089, 48.638296036000042 ], [ 5.601583143000084, 48.638338431000079 ], [ 5.601703222000083, 48.638380807000033 ], [ 5.601823300000092, 48.638423183000043 ], [ 5.601942531000077, 48.638465577000034 ], [ 5.601999603000081, 48.638486830000033 ], [ 5.60206493000004, 48.638503402000083 ], [ 5.602190496000048, 48.638536658000078 ], [ 5.602315439000051, 48.638574427000037 ], [ 5.602441853000073, 48.638607664000062 ], [ 5.602567420000071, 48.638640919000068 ], [ 5.602692987000069, 48.638674174000073 ], [ 5.602818555000056, 48.638707430000068 ], [ 5.60294327400004, 48.638740703000053 ], [ 5.603068218000089, 48.63877847100008 ], [ 5.603194633000044, 48.638811708000048 ], [ 5.603320201000088, 48.638844962000064 ], [ 5.603445769000075, 48.63887821700007 ], [ 5.603571337000062, 48.638911471000085 ], [ 5.603656612000066, 48.638936606000073 ], [ 5.603687180000065, 48.638953938000043 ], [ 5.603782098000067, 48.639019361000067 ], [ 5.603875321000089, 48.63908482100004 ], [ 5.603971087000048, 48.639150226000083 ], [ 5.604064311000059, 48.639215686000057 ], [ 5.604158382000094, 48.63928112800005 ], [ 5.604224205000094, 48.639324688000045 ], [ 5.604241656000056, 48.639351305000048 ], [ 5.60429485700007, 48.639431140000056 ], [ 5.604349977000084, 48.639515433000042 ], [ 5.604404026000054, 48.639595249000081 ], [ 5.604459146000067, 48.639679542000067 ], [ 5.604514043000052, 48.639759340000069 ], [ 5.604567469000074, 48.639843670000062 ], [ 5.604621742000063, 48.639927981000085 ], [ 5.604676639000047, 48.64000777800004 ], [ 5.604731537000077, 48.640087576000042 ], [ 5.604784963000043, 48.640171906000042 ], [ 5.604840933000048, 48.640256179000062 ], [ 5.604894135000052, 48.64033601400007 ], [ 5.604950105000057, 48.640420288000087 ], [ 5.605004156000064, 48.640500104000068 ], [ 5.605058431000089, 48.640584415000042 ], [ 5.605113329000062, 48.640664212000047 ], [ 5.605167605000076, 48.64074852300007 ], [ 5.605221880000045, 48.640832834000037 ], [ 5.605276779000064, 48.640912631000049 ], [ 5.605331055000079, 48.640996942000072 ], [ 5.605385106000085, 48.641076758000047 ], [ 5.605441078000069, 48.641161031000081 ], [ 5.605494282000052, 48.641240865000043 ], [ 5.605548559000056, 48.641325176000073 ], [ 5.60560453100004, 48.641409450000083 ], [ 5.605658583000093, 48.641489265000082 ], [ 5.605713708000053, 48.641573557000072 ], [ 5.605766913000082, 48.641653391000034 ], [ 5.605821190000086, 48.641737702000057 ], [ 5.605876939000041, 48.641817480000043 ], [ 5.605931217000091, 48.641901791000073 ], [ 5.605984423000052, 48.641981624000039 ], [ 5.606038701000045, 48.642065935000062 ], [ 5.609078501000056, 48.647007761000047 ], [ 5.609544471000049, 48.647942529000034 ], [ 5.609733371000061, 48.64965284200008 ], [ 5.610145714000055, 48.651893741000038 ], [ 5.610369376000051, 48.65327929700004 ], [ 5.610569192000071, 48.654084893000061 ], [ 5.610848781000072, 48.656369190000078 ], [ 5.611125091000076, 48.657533094000087 ], [ 5.611570856000071, 48.660083732000032 ], [ 5.612195063000058, 48.666545294000059 ], [ 5.612253550000048, 48.667443974000037 ], [ 5.612602670000058, 48.672935073000083 ], [ 5.612606389000064, 48.672975490000056 ], [ 5.612615123000069, 48.673065294000082 ], [ 5.61262300900006, 48.673155117000078 ], [ 5.612627351000072, 48.673191020000047 ], [ 5.612639379000086, 48.673244754000052 ], [ 5.612658069000076, 48.673329840000072 ], [ 5.612675287000059, 48.673419458000069 ], [ 5.61269505000007, 48.673509021000086 ], [ 5.612713965000069, 48.673598602000077 ], [ 5.61273118400004, 48.673688220000088 ], [ 5.612750947000052, 48.673777782000059 ], [ 5.61276986200005, 48.673867363000056 ], [ 5.612788777000048, 48.673956944000047 ], [ 5.612808316000041, 48.674042012000086 ], [ 5.612826383000083, 48.674131611000064 ], [ 5.612845299000071, 48.674221192000061 ], [ 5.612865063000072, 48.674310755000079 ], [ 5.61288397800007, 48.674400336000083 ], [ 5.612902894000058, 48.674489917000074 ], [ 5.612922883000067, 48.674583974000086 ], [ 5.612939877000088, 48.674669097000049 ], [ 5.612959416000081, 48.674754165000081 ], [ 5.612977484000055, 48.674843764000059 ], [ 5.612996400000043, 48.674933345000056 ], [ 5.613016164000044, 48.675022907000077 ], [ 5.613035080000088, 48.675112488000082 ], [ 5.613053996000076, 48.675202069000079 ], [ 5.613073761000066, 48.67529163100005 ], [ 5.613090981000084, 48.675381249000047 ], [ 5.613109672000064, 48.675466335000067 ], [ 5.613127740000039, 48.675555935000034 ], [ 5.613146657000073, 48.675645516000088 ], [ 5.61316557300006, 48.675735096000039 ], [ 5.613185338000051, 48.675824659000057 ], [ 5.613204255000085, 48.675914239000072 ], [ 5.613224020000075, 48.676003802000082 ], [ 5.613226391000069, 48.67601724900004 ], [ 5.61339279200007, 48.67650857600006 ], [ 5.613415635000081, 48.676863557000047 ], [ 5.613746201000083, 48.67780126100007 ], [ 5.614734775000045, 48.679260003000081 ], [ 5.615550989000042, 48.680362537000072 ], [ 5.61648852400009, 48.681223915000032 ], [ 5.617348185000083, 48.681920505000051 ], [ 5.618147592000071, 48.682753405000085 ], [ 5.618537255000092, 48.683325315000047 ], [ 5.618774711000071, 48.683860069000048 ], [ 5.619441506000044, 48.684740871000088 ], [ 5.620088308000049, 48.685307125000072 ], [ 5.62122187600005, 48.68604266400007 ], [ 5.622282007000081, 48.686685313000055 ], [ 5.623131424000064, 48.687022106000086 ], [ 5.624372335000089, 48.687305279000043 ], [ 5.624541707000049, 48.687328549000085 ], [ 5.62512732600004, 48.68741914900005 ], [ 5.625869893000072, 48.687353298000062 ], [ 5.62727990400009, 48.687079245000064 ], [ 5.628545480000071, 48.686686867000049 ], [ 5.629404352000051, 48.686298946000079 ], [ 5.63038761200005, 48.685732782000059 ], [ 5.632246295000073, 48.684197829000077 ], [ 5.632771691000073, 48.683902741000047 ], [ 5.633644582000045, 48.683743966000073 ], [ 5.634122016000049, 48.683778414000081 ], [ 5.636123033000047, 48.684260656000049 ], [ 5.637114498000074, 48.684684206000043 ], [ 5.638143050000053, 48.684832441000083 ], [ 5.642733913000086, 48.684384270000074 ], [ 5.64605643100009, 48.684288067000068 ], [ 5.64946137700008, 48.684410430000071 ], [ 5.655336078000062, 48.684923192000042 ], [ 5.658022783000092, 48.68528629900004 ], [ 5.659060193000073, 48.685573652000073 ], [ 5.659486666000078, 48.685874626000043 ], [ 5.659999224000046, 48.686448168000076 ], [ 5.660236890000078, 48.686978344000067 ], [ 5.660605326000052, 48.687357107000082 ], [ 5.662065969000082, 48.68796347500006 ], [ 5.663451225000074, 48.688373517000059 ], [ 5.665293532000078, 48.689349304000082 ], [ 5.667290361000084, 48.690821087000081 ], [ 5.668368549000093, 48.691737424000053 ], [ 5.671312199000056, 48.693993414000033 ], [ 5.67203386500006, 48.694647716000077 ], [ 5.672404332000042, 48.695129894000047 ], [ 5.672569051000039, 48.695576183000071 ], [ 5.672612022000067, 48.696250192000043 ], [ 5.672431815000039, 48.696614216000057 ], [ 5.671454628000049, 48.698125550000043 ], [ 5.671401614000047, 48.698351727000045 ], [ 5.671099858000048, 48.698947961000052 ], [ 5.671199594000086, 48.69943620500004 ], [ 5.671505564000086, 48.699969326000087 ], [ 5.672085216000085, 48.700536812000053 ], [ 5.673929889000078, 48.701746406000041 ], [ 5.674721429000044, 48.702219132000039 ], [ 5.675304291000089, 48.702831528000047 ], [ 5.67552836100009, 48.703141487000039 ], [ 5.675681148000081, 48.703403546000061 ], [ 5.675659410000037, 48.704124001000082 ], [ 5.675608710000063, 48.704395125000083 ], [ 5.675658028000044, 48.705158982000057 ], [ 5.675816505000057, 48.705515409000043 ], [ 5.676252921000071, 48.705955595000034 ], [ 5.676676507000082, 48.706211576000051 ], [ 5.677804536000053, 48.706631731000073 ], [ 5.680219522000073, 48.707189453000069 ], [ 5.680844333000039, 48.707391399000073 ], [ 5.681768957000088, 48.708036580000055 ], [ 5.682417802000089, 48.708606960000047 ], [ 5.682700150000073, 48.708776101000069 ], [ 5.683923431000039, 48.709824027000082 ], [ 5.685462901000051, 48.711350798000069 ], [ 5.686904155000093, 48.712618775000067 ], [ 5.688117893000083, 48.713527381000063 ], [ 5.689048740000089, 48.714041872000053 ], [ 5.690398856000058, 48.714461404000083 ], [ 5.698727031000089, 48.711501388000045 ], [ 5.699735781000072, 48.711334565000072 ], [ 5.700549681000041, 48.711311640000083 ], [ 5.703761316000055, 48.711355873000059 ], [ 5.707099396000047, 48.711478146000047 ], [ 5.709541939000076, 48.711409183000058 ], [ 5.711701785000059, 48.711166604000077 ], [ 5.71337642900005, 48.710795530000041 ], [ 5.71463936300006, 48.71035280600006 ], [ 5.716297857000086, 48.709721066000043 ], [ 5.717215041000088, 48.709200690000046 ], [ 5.718384084000093, 48.708359576000078 ], [ 5.719199492000087, 48.707517513000077 ], [ 5.719754100000046, 48.706645393000088 ], [ 5.720055580000064, 48.706053534000034 ], [ 5.720233147000044, 48.705644496000048 ], [ 5.72044608200008, 48.704739664000051 ], [ 5.72040532300008, 48.703075640000073 ], [ 5.719883641000081, 48.700482107000077 ], [ 5.719721691000075, 48.700080811000078 ], [ 5.719588742000042, 48.699093867000045 ], [ 5.719272647000082, 48.697575612000037 ], [ 5.719101996000063, 48.697039515000085 ], [ 5.718910734000076, 48.696188895000034 ], [ 5.718799273000059, 48.69551645100006 ], [ 5.718643636000081, 48.694174528000083 ], [ 5.717891787000042, 48.692216208000048 ], [ 5.717305916000044, 48.690524093000079 ], [ 5.717149539000047, 48.690212662000079 ], [ 5.717061050000041, 48.689899685000057 ], [ 5.717029405000062, 48.689405414000078 ], [ 5.717412465000052, 48.689027689000056 ], [ 5.718347312000049, 48.688772380000046 ], [ 5.723115549000056, 48.687916570000077 ], [ 5.727145418000077, 48.687207956000073 ], [ 5.727820818000055, 48.687143004000063 ], [ 5.728162578000081, 48.687180183000073 ], [ 5.728929727000093, 48.687473121000039 ], [ 5.730907591000062, 48.688629318000039 ], [ 5.735716758000081, 48.691318030000048 ], [ 5.736836918000051, 48.691827816000057 ], [ 5.738833630000045, 48.69221845900006 ], [ 5.743605653000088, 48.692842233000079 ], [ 5.745001701000092, 48.69302159700004 ], [ 5.746793455000045, 48.693196330000042 ], [ 5.746899533000089, 48.693193886000081 ], [ 5.748364638000055, 48.693151121000085 ], [ 5.749567404000061, 48.693015390000085 ], [ 5.750222804000089, 48.692892274000087 ], [ 5.752923194000061, 48.692379953000057 ], [ 5.753982100000087, 48.692094498000081 ], [ 5.754792277000092, 48.691877781000073 ], [ 5.755160150000052, 48.691716281000083 ], [ 5.755622629000072, 48.691512093000085 ], [ 5.755715803400414, 48.691471238936842 ] ] ] } },
{ "type": "Feature", "properties": { "fid": 128, "gid": 128, "CdEuMasseDEau": "FRB1R509", "NomMasseDEau": "RUISSEAU DE CHONVILLE", "Etat masse eau ": "Inconnu", "Etat ecologique": "Moyen", "Etat chimique": "Inconnu", "_swEcologicalStatusOrPotentialValue": "3", "_swChemicalStatusValue": "U" }, "geometry": { "type": "MultiLineString", "coordinates": [ [ [ 5.491049889000067, 48.696608778000041 ], [ 5.488069022000047, 48.696743005000087 ], [ 5.487396192000063, 48.69685153100005 ], [ 5.486377871000059, 48.696877268000037 ], [ 5.48516287700005, 48.697001584000077 ], [ 5.484562850000088, 48.697194067000055 ], [ 5.483906221000041, 48.69757220200006 ], [ 5.482642923000071, 48.698021459000081 ], [ 5.482512235000058, 48.698114169000064 ], [ 5.482457555000053, 48.698340280000082 ], [ 5.481871786000056, 48.698761923000063 ], [ 5.480938379000065, 48.69905581200004 ], [ 5.478929969000092, 48.700456411000062 ], [ 5.477798967000069, 48.700848869000083 ], [ 5.47727997800007, 48.701264600000059 ], [ 5.476056975000063, 48.702387860000051 ], [ 5.476016308000055, 48.702838646000032 ], [ 5.47426568700007, 48.704233804000069 ], [ 5.474087050000094, 48.704642457000034 ], [ 5.473991641000055, 48.705319348000046 ], [ 5.474216656000067, 48.705674632000068 ], [ 5.474854905000086, 48.706106831000056 ], [ 5.476259993000042, 48.706653590000087 ], [ 5.477464814000086, 48.707474458000043 ], [ 5.47860495000009, 48.708346152000047 ], [ 5.478966481000043, 48.708694091000041 ], [ 5.479739794000068, 48.709123457000032 ], [ 5.48003790100006, 48.709567199000048 ], [ 5.48067837800005, 48.710044315000061 ], [ 5.481161920000091, 48.710169239000038 ], [ 5.481456781000077, 48.710329583000032 ], [ 5.481663525000045, 48.710370276000049 ], [ 5.48186131600005, 48.710276172000079 ], [ 5.482140887000071, 48.710400838000055 ], [ 5.482341662000067, 48.710351665000083 ], [ 5.482763046000059, 48.710563365000041 ], [ 5.483033878000072, 48.710557728000083 ], [ 5.483310681000091, 48.710641953000049 ], [ 5.483582148000039, 48.710631801000034 ], [ 5.484133621000069, 48.710755299000077 ], [ 5.484337169000071, 48.710746561000072 ], [ 5.484625074000064, 48.711010528000088 ], [ 5.484907007000061, 48.711184631000037 ], [ 5.485387366000055, 48.711260111000058 ], [ 5.485599244000071, 48.711390679000033 ], [ 5.488237531000038, 48.712307543000072 ], [ 5.489339473000086, 48.71255001600008 ], [ 5.491418021000072, 48.713204028000064 ], [ 5.492737352000063, 48.713441929000055 ], [ 5.493225878000089, 48.713652190000062 ], [ 5.493983109000055, 48.713811837000037 ], [ 5.494138226000075, 48.714123553000043 ], [ 5.494149358000072, 48.714303297000072 ], [ 5.494369192000079, 48.71456416500007 ], [ 5.494447402000048, 48.71474250600005 ], [ 5.49486309200006, 48.714868795000086 ], [ 5.494893501000092, 48.715363094000047 ], [ 5.495042635000061, 48.715584945000046 ], [ 5.495064691000039, 48.715939937000087 ], [ 5.494809476000057, 48.716219738000063 ], [ 5.494342123000081, 48.716364494000061 ], [ 5.494304599000088, 48.716860212000086 ], [ 5.494044233000068, 48.717050132000047 ], [ 5.493995574000053, 48.717366107000032 ], [ 5.493734990000064, 48.717551531000083 ], [ 5.493688474000066, 48.717912455000032 ], [ 5.493455598000082, 48.718322268000072 ], [ 5.493626997000092, 48.718903607000072 ], [ 5.49350441200005, 48.71913113800008 ], [ 5.493543376000048, 48.719769237000037 ], [ 5.493689522000068, 48.719946158000077 ], [ 5.493904021000048, 48.720112651000079 ], [ 5.494058942000038, 48.720419870000057 ], [ 5.494020993000049, 48.720924595000042 ], [ 5.493766596000057, 48.72120437500007 ], [ 5.493850748000057, 48.722592925000072 ], [ 5.493734361000065, 48.722914813000045 ], [ 5.49376176800007, 48.723364178000047 ], [ 5.493474208000066, 48.724000101000058 ], [ 5.493343475000074, 48.724092820000067 ], [ 5.492801038000039, 48.724108654000077 ], [ 5.49260750500008, 48.724292673000043 ], [ 5.492306339000038, 48.724928876000043 ], [ 5.49199724600004, 48.725434762000077 ], [ 5.492011368000078, 48.725659435000068 ], [ 5.492165444000079, 48.725966673000073 ], [ 5.492255764000049, 48.727449575000037 ], [ 5.491764233000083, 48.728319217000042 ], [ 5.490860732000044, 48.729107471000077 ], [ 5.490939801000081, 48.729285794000077 ], [ 5.490895720000083, 48.729466688000059 ], [ 5.490578672000083, 48.729842253000072 ], [ 5.490125513000066, 48.730216157000086 ], [ 5.489940926000088, 48.730534963000082 ], [ 5.489859789000093, 48.73143652400006 ], [ 5.489895295000053, 48.732020697000053 ], [ 5.490126305000047, 48.732461310000083 ], [ 5.490166951000049, 48.733135362000041 ], [ 5.490001605000089, 48.733768718000078 ], [ 5.48948559300004, 48.73423391700004 ], [ 5.489374074000068, 48.734641182000082 ], [ 5.489051635000067, 48.734922367000081 ], [ 5.488880614000038, 48.735240886000042 ], [ 5.488687876000085, 48.73542487900005 ], [ 5.488725514000066, 48.736053998000045 ], [ 5.488334895000094, 48.736332103000052 ], [ 5.488489195000056, 48.736643837000088 ], [ 5.488367396000058, 48.736871343000082 ], [ 5.488239612000086, 48.737008987000081 ], [ 5.488261845000068, 48.737368468000057 ], [ 5.488475978000054, 48.737543975000051 ], [ 5.488888844000087, 48.737625352000073 ], [ 5.488935249000065, 48.73838476700007 ], [ 5.490075803000082, 48.740156199000069 ], [ 5.490418375000047, 48.740189544000089 ], [ 5.491037285000061, 48.740311607000081 ], [ 5.49295804400009, 48.741697780000038 ], [ 5.494104330000084, 48.742659179000043 ], [ 5.494310997000071, 48.742695353000045 ], [ 5.494522175000043, 48.74282591900004 ], [ 5.494826594000074, 48.743359472000073 ], [ 5.495063691000041, 48.743889932000059 ], [ 5.495041895000043, 48.744430304000048 ], [ 5.494802612000058, 48.744975221000061 ], [ 5.494373779000057, 48.745753562000061 ], [ 5.494390064000072, 48.746023179000083 ], [ 5.494279408000068, 48.746430428000053 ], [ 5.494235867000043, 48.746836273000042 ], [ 5.494127355000046, 48.747288469000068 ], [ 5.494081829000038, 48.74877418300008 ], [ 5.494109252000044, 48.749223537000034 ], [ 5.494869150000056, 48.74942812200004 ], [ 5.494981144000064, 48.749920701000072 ], [ 5.494790521000084, 48.750149649000043 ], [ 5.494739687000049, 48.750420668000061 ], [ 5.495247005000067, 48.750945477000073 ], [ 5.495473212000093, 48.751300690000051 ], [ 5.495492502000047, 48.751615236000077 ], [ 5.495636595000065, 48.751747202000047 ], [ 5.495658036000066, 48.752106695000073 ], [ 5.495813277000082, 48.752418398000088 ], [ 5.495910626000068, 48.752906783000071 ], [ 5.496218118000058, 48.753485257000079 ], [ 5.496278156000074, 48.75447383900007 ], [ 5.496379025000067, 48.754786678000073 ], [ 5.496520130000079, 48.754873713000052 ], [ 5.496539213000062, 48.755183762000058 ], [ 5.496275665000041, 48.755328750000047 ], [ 5.496566661000088, 48.755633114000034 ], [ 5.496819497000047, 48.756437692000077 ], [ 5.497248613000068, 48.756784157000077 ], [ 5.497344048000059, 48.757232086000045 ], [ 5.497773389000088, 48.757583044000057 ], [ 5.497928659000081, 48.757894743000072 ], [ 5.498286810000081, 48.758197697000071 ], [ 5.498439083000051, 48.758464466000078 ], [ 5.498715950000076, 48.758544157000081 ], [ 5.499080331000073, 48.758941463000042 ], [ 5.499124401000074, 48.759435457000052 ], [ 5.499626696000064, 48.759870367000083 ], [ 5.49993427000004, 48.76044882900004 ], [ 5.500026732000038, 48.760851825000088 ], [ 5.500311774000068, 48.761066318000083 ], [ 5.500396080000087, 48.761334507000072 ], [ 5.500606044000051, 48.761420095000062 ], [ 5.500671027000067, 48.761373741000057 ], [ 5.500803995000069, 48.761325964000036 ], [ 5.501012895000088, 48.761407074000033 ], [ 5.501024060000077, 48.76158681000004 ], [ 5.500828479000063, 48.761730383000042 ], [ 5.500836640000045, 48.761865189000048 ], [ 5.50111137500005, 48.761899927000059 ], [ 5.501181516000088, 48.761943450000047 ], [ 5.501265827000054, 48.762211639000043 ], [ 5.501619719000075, 48.762424687000077 ], [ 5.501769017000072, 48.762646521000079 ], [ 5.50200047800007, 48.763091594000059 ], [ 5.502138609000042, 48.763133692000054 ], [ 5.502753062000068, 48.764061154000046 ], [ 5.503603550000093, 48.764623725000042 ], [ 5.50383181300009, 48.765019371000051 ], [ 5.503859329000079, 48.765468717000033 ], [ 5.504492756000047, 48.765815371000087 ], [ 5.504783858000053, 48.766119712000034 ], [ 5.505278307000083, 48.766424285000085 ], [ 5.506390281000051, 48.766796882000051 ], [ 5.506685934000075, 48.767195606000087 ], [ 5.506776301000059, 48.767553647000057 ], [ 5.50699125400007, 48.76772460400008 ], [ 5.507157198000073, 48.767991074000072 ], [ 5.50724155000006, 48.768259256000078 ], [ 5.507393898000089, 48.768526011000063 ], [ 5.507559382000068, 48.769012951000043 ], [ 5.507624823000072, 48.770091390000061 ], [ 5.507508198000039, 48.77040878400004 ], [ 5.507530579000047, 48.770768252000039 ], [ 5.507682936000037, 48.771035005000051 ], [ 5.507721679000042, 48.771664082000086 ], [ 5.507865008000067, 48.771796048000056 ], [ 5.507808200000056, 48.771977209000056 ], [ 5.50753620200004, 48.771982921000081 ], [ 5.507427753000059, 48.772435119000079 ], [ 5.507654136000042, 48.772790302000033 ], [ 5.508024102000093, 48.77305248600004 ], [ 5.508385427000064, 48.773400334000087 ], [ 5.508404804000065, 48.773714872000085 ], [ 5.508341974000075, 48.773806175000061 ], [ 5.508018328000048, 48.774082925000073 ], [ 5.508029521000083, 48.774262658000055 ], [ 5.508323068000038, 48.774616429000048 ], [ 5.508342445000039, 48.774930966000056 ], [ 5.508489646000044, 48.775107842000068 ], [ 5.510397935000071, 48.776269032000073 ], [ 5.510898539000039, 48.776663436000042 ], [ 5.51125171800004, 48.776876472000083 ], [ 5.511297204000073, 48.776884514000074 ], [ 5.512433723000072, 48.777072073000056 ], [ 5.512884737000093, 48.776878117000081 ], [ 5.513153744000078, 48.776827465000054 ], [ 5.513377177000052, 48.776908248000041 ], [ 5.513722387000087, 48.776990967000081 ], [ 5.514001758000063, 48.777120063000041 ], [ 5.514355802000068, 48.777333071000051 ], [ 5.514698, 48.77737085800004 ], [ 5.515050766000059, 48.777574893000072 ], [ 5.515735800000073, 48.777645950000078 ], [ 5.516018197000051, 48.777819970000053 ], [ 5.516801895000072, 48.778383855000072 ], [ 5.51749731700005, 48.778634652000051 ], [ 5.51825556600005, 48.778794136000045 ], [ 5.518527598000048, 48.778788400000053 ], [ 5.519457027000044, 48.77840436200006 ], [ 5.519864855000037, 48.778391259000045 ], [ 5.520074070000078, 48.778476829000056 ], [ 5.520152463000045, 48.778655143000037 ], [ 5.520291500000042, 48.778697202000046 ], [ 5.520642559000066, 48.778865262000068 ], [ 5.520800201000043, 48.779221872000051 ], [ 5.521009420000041, 48.779307440000082 ], [ 5.521555445000047, 48.779336407000073 ], [ 5.522576229000038, 48.779926744000079 ], [ 5.523249301000078, 48.780101494000064 ], [ 5.525214424000069, 48.78107228500005 ], [ 5.52558219000008, 48.781514430000072 ], [ 5.526204481000093, 48.781676739000034 ], [ 5.527890936000063, 48.782531902000073 ], [ 5.52838848600004, 48.782876809000072 ], [ 5.528755441000044, 48.783318961000077 ], [ 5.529182810000066, 48.783620358000064 ], [ 5.52996604000009, 48.783959209000045 ], [ 5.530395602000056, 48.784305547000088 ], [ 5.530542904000072, 48.784482394000072 ], [ 5.530771676000086, 48.784882476000064 ], [ 5.531399237000073, 48.785134631000062 ], [ 5.53253675600007, 48.785915877000043 ], [ 5.534111101000065, 48.787173760000087 ], [ 5.534342946000038, 48.787618761000033 ], [ 5.534710117000088, 48.787835931000082 ], [ 5.535534386000052, 48.787948915000072 ], [ 5.536472970000091, 48.788819831000069 ], [ 5.537669118000053, 48.789455810000049 ], [ 5.538172023000072, 48.789890546000038 ], [ 5.538760337000042, 48.790593417000082 ], [ 5.539329317000068, 48.790986252000039 ], [ 5.541218545000049, 48.791607462000059 ], [ 5.546752310000045, 48.793023851000051 ], [ 5.546958582000059, 48.793064446000074 ], [ 5.547173772000065, 48.793235327000048 ], [ 5.547133649000045, 48.793686102000038 ], [ 5.547077173000048, 48.793871773000042 ], [ 5.547911829000043, 48.794159922000063 ], [ 5.548959087000071, 48.79458300400006 ], [ 5.549185068000043, 48.794713158000043 ], [ 5.549331613000049, 48.794889999000077 ], [ 5.549373703000072, 48.795559481000055 ], [ 5.549325526000075, 48.795879952000064 ], [ 5.548961852000048, 48.796607581000046 ], [ 5.548045417000083, 48.798305325000058 ], [ 5.547809487000052, 48.798895249000047 ], [ 5.547449036000046, 48.799672293000071 ], [ 5.547103220000054, 48.800156578000042 ], [ 5.546898706000093, 48.800448884000048 ] ] ] } },
{ "type": "Feature", "properties": { "fid": 122, "gid": 122, "CdEuMasseDEau": "FRB1R508", "NomMasseDEau": "FAUX", "Etat masse eau ": "Inconnu", "Etat ecologique": "Médiocre", "Etat chimique": "Inconnu", "_swEcologicalStatusOrPotentialValue": "4", "_swChemicalStatusValue": "U" }, "geometry": { "type": "MultiLineString", "coordinates": [ [ [ 5.701109225000039, 48.76489947500005 ], [ 5.700439370000083, 48.765058614000047 ], [ 5.699211454000078, 48.765005387000087 ], [ 5.698250063000046, 48.764874130000067 ], [ 5.697563789000071, 48.764781647000063 ], [ 5.697059467000088, 48.764802039000081 ], [ 5.69668656500005, 48.764895955000043 ], [ 5.69619552100005, 48.762571753000088 ], [ 5.69602489500005, 48.762035654000051 ], [ 5.695304400000055, 48.760571552000044 ], [ 5.69483929200004, 48.759686629000043 ], [ 5.694435836000082, 48.758710320000034 ], [ 5.694247920000066, 48.757904631000088 ], [ 5.694117726000059, 48.756107721000042 ], [ 5.693935314000044, 48.755391898000077 ], [ 5.693880423000053, 48.754542707000041 ], [ 5.693677534000074, 48.753512370000067 ], [ 5.693424849000053, 48.752753134000045 ], [ 5.693098647000056, 48.752135045000045 ], [ 5.692752043000041, 48.750972958000034 ], [ 5.69157302900004, 48.749568664000037 ], [ 5.69128070000005, 48.749260281000034 ], [ 5.691051086000073, 48.748864989000083 ], [ 5.690227263000054, 48.747898138000039 ], [ 5.68979902600006, 48.747592814000086 ], [ 5.688833657000089, 48.747394082000085 ], [ 5.688547916000061, 48.747180037000078 ], [ 5.687740073000043, 48.746257805000077 ], [ 5.686814466000044, 48.745608197000081 ], [ 5.686711951000063, 48.745070547000068 ], [ 5.686363748000076, 48.744947895000053 ], [ 5.685475035000081, 48.744882401000041 ], [ 5.683678554000039, 48.744661830000041 ], [ 5.683064844000057, 48.744635132000042 ], [ 5.682805258000087, 48.744829952000032 ], [ 5.682701038000062, 48.745102274000033 ], [ 5.682570819000091, 48.745199693000082 ], [ 5.68189207100005, 48.745214947000079 ], [ 5.680825582000068, 48.74556288000008 ], [ 5.679205316000093, 48.745743251000079 ], [ 5.675183058000073, 48.745819975000082 ], [ 5.673700989000054, 48.746042169000077 ], [ 5.672499124000069, 48.746388560000071 ], [ 5.671445147000043, 48.746916112000072 ], [ 5.670845234000069, 48.747109522000073 ], [ 5.670301764000044, 48.747126182000045 ], [ 5.669888772000093, 48.747049928000081 ], [ 5.669257623000078, 48.746749072000057 ], [ 5.668641209000043, 48.746686362000048 ], [ 5.668154816000083, 48.746521752000042 ], [ 5.667537946000039, 48.746450047000053 ], [ 5.666985665000084, 48.746327401000087 ], [ 5.664253503000055, 48.746136442000079 ], [ 5.663638936000041, 48.746109663000077 ], [ 5.663246031000085, 48.746343411000055 ], [ 5.662705709000079, 48.746404962000042 ], [ 5.660224504000041, 48.745897840000055 ], [ 5.657302348000087, 48.74508101400005 ], [ 5.655242309000073, 48.744775894000043 ], [ 5.65304973800005, 48.744523180000051 ], [ 5.651686891000054, 48.744481473000064 ], [ 5.649786176000077, 48.74453268700006 ], [ 5.648634446000074, 48.744612246000088 ], [ 5.644592831000068, 48.745228319000034 ], [ 5.639151171000037, 48.746280178000063 ], [ 5.636319721000064, 48.746680218000051 ], [ 5.636047869000038, 48.74668622300004 ], [ 5.634910812000044, 48.746990302000086 ], [ 5.632251876000055, 48.747962376000032 ], [ 5.630674294000073, 48.748825070000073 ], [ 5.629859779000071, 48.748847518000048 ], [ 5.628991165000059, 48.749096129000073 ], [ 5.626864155000078, 48.749876379000057 ], [ 5.626405351000074, 48.750156446000062 ], [ 5.626162267000041, 48.75061624600005 ], [ 5.625886215000094, 48.751621210000053 ], [ 5.625936851000063, 48.752205033000052 ], [ 5.626086648000069, 48.752426713000034 ], [ 5.626304190000042, 48.752642402000049 ], [ 5.626395352000088, 48.753000357000083 ], [ 5.626381397000046, 48.753855570000042 ], [ 5.626141181000094, 48.754355800000042 ], [ 5.625374358000045, 48.755142080000041 ], [ 5.624333577000073, 48.755893883000056 ], [ 5.624135021000086, 48.755988237000047 ], [ 5.623264001000052, 48.756191859000069 ], [ 5.622927231000062, 48.75624425400008 ], [ 5.621141338000086, 48.75598201300005 ], [ 5.62032490200005, 48.755968440000061 ], [ 5.619789566000065, 48.756115174000058 ], [ 5.619458380000083, 48.756261925000047 ], [ 5.618935458000067, 48.75658836100007 ], [ 5.618745580000052, 48.756822 ], [ 5.617661855000051, 48.757975135000038 ], [ 5.61652454700004, 48.759129432000073 ], [ 5.614959844000055, 48.761296456000082 ], [ 5.61419585200008, 48.762127587000073 ], [ 5.613036329000067, 48.763147346000039 ], [ 5.612591360000067, 48.763656521000087 ] ] ] } },
{ "type": "Feature", "properties": { "fid": 549, "gid": 549, "CdEuMasseDEau": "FRCR343", "NomMasseDEau": "RUPT DE MAD 1", "Etat masse eau ": "Mauvais", "Etat ecologique": "Mauvais", "Etat chimique": "Non atteint", "_swEcologicalStatusOrPotentialValue": "5", "_swChemicalStatusValue": "3" }, "geometry": { "type": "MultiLineString", "coordinates": [ [ [ 5.689548683000055, 48.77992346800005 ], [ 5.690054302000078, 48.780618505000064 ], [ 5.690881111000067, 48.780775361000053 ], [ 5.692248802000052, 48.780875026000047 ], [ 5.692798106000055, 48.780948133000038 ], [ 5.694527962000052, 48.781386070000053 ], [ 5.695436964000066, 48.781766017000052 ], [ 5.697795094000071, 48.782239221000047 ], [ 5.699115125000048, 48.782650352000083 ], [ 5.69972929000005, 48.782676967000043 ], [ 5.702275985000085, 48.782056935000071 ], [ 5.702886966000051, 48.782038610000086 ], [ 5.704136695000045, 48.782406282000068 ], [ 5.707012754000061, 48.783722492000038 ], [ 5.707811353000068, 48.784284831000043 ], [ 5.708374934000062, 48.784582522000051 ], [ 5.70997267100006, 48.78507722900008 ], [ 5.71060747000007, 48.785418288000074 ], [ 5.711655403000066, 48.785830959000073 ], [ 5.713140988000077, 48.786688133000041 ], [ 5.713711002000082, 48.787075644000083 ], [ 5.71464575300007, 48.787634845000071 ], [ 5.714937352000049, 48.787938686000082 ], [ 5.715434082000058, 48.788242363000052 ], [ 5.716748023000093, 48.788563451000073 ], [ 5.717028807000077, 48.788692051000055 ], [ 5.720933925000054, 48.790956425000047 ], [ 5.721247980000044, 48.791102256000045 ], [ 5.721522691000075, 48.79137496900006 ], [ 5.722182685000064, 48.792358829000079 ], [ 5.722206553000092, 48.792718248000085 ], [ 5.722014426000044, 48.792902607000087 ], [ 5.721208467000054, 48.793069452000047 ], [ 5.720756415000039, 48.793444210000082 ], [ 5.720770689000062, 48.793668862000061 ], [ 5.721021391000079, 48.794378577000032 ], [ 5.721844847000057, 48.795525195000039 ], [ 5.723013331000061, 48.796528959000057 ], [ 5.723039319000065, 48.796928824000076 ], [ 5.722977922000041, 48.797024713000042 ], [ 5.722873636000088, 48.797522037000078 ], [ 5.722761458000093, 48.797884555000053 ], [ 5.722569313000065, 48.798068914000055 ], [ 5.722321076000071, 48.798434531000055 ], [ 5.722099287000049, 48.799209001000072 ], [ 5.721723720000057, 48.799712502000034 ], [ 5.721758673000068, 48.800251647000039 ], [ 5.722099797000055, 48.801094281000083 ], [ 5.722893961000068, 48.801791607000041 ], [ 5.723047509000082, 48.802058077000083 ], [ 5.723638450000067, 48.802760029000069 ], [ 5.723725888000047, 48.804107884000082 ], [ 5.723627991000058, 48.804695049000088 ], [ 5.723414022000043, 48.805374849000088 ], [ 5.723392900000079, 48.806095248000076 ], [ 5.723342349000063, 48.806366369000045 ], [ 5.722792285000082, 48.807328294000058 ], [ 5.722328193000067, 48.808567224000058 ], [ 5.721993917000077, 48.809699705000071 ], [ 5.721812813000042, 48.810063787000047 ], [ 5.721734886000093, 48.810740482000085 ], [ 5.721766649000074, 48.811234699000067 ], [ 5.722582496000086, 48.812246492000043 ], [ 5.72289519800006, 48.812869291000077 ], [ 5.722859777000053, 48.813365038000086 ], [ 5.72261061800009, 48.813730671000087 ], [ 5.721641082000076, 48.814522159000042 ], [ 5.721199932000047, 48.815076637000061 ], [ 5.720841048000068, 48.815624740000032 ], [ 5.720420317000048, 48.816489211000032 ], [ 5.719799695000063, 48.817407721000052 ], [ 5.718853523000064, 48.818567603000083 ], [ 5.718530952000037, 48.818849405000037 ], [ 5.718060958000081, 48.818950082000072 ], [ 5.715613389000055, 48.819019213000047 ], [ 5.714874594000094, 48.819175478000034 ], [ 5.714608139000063, 48.81927601700005 ], [ 5.713768110000046, 48.819974503000083 ], [ 5.712875567000083, 48.820908143000047 ], [ 5.711272160000078, 48.822438323000085 ], [ 5.710712130000047, 48.823035945000072 ], [ 5.710530900000037, 48.823400006000043 ], [ 5.710373704000062, 48.824127972000042 ], [ 5.710225832000049, 48.824986207000052 ], [ 5.709994804000075, 48.825621358000042 ], [ 5.709675096000069, 48.825943562000077 ], [ 5.709003865000057, 48.826107254000078 ], [ 5.70613675900006, 48.826010214000064 ], [ 5.704858835000039, 48.826268603000081 ], [ 5.704392164000069, 48.826418642000078 ], [ 5.703670622000061, 48.826844404000042 ], [ 5.703226612000037, 48.82734937500004 ], [ 5.702986177000071, 48.827854240000079 ], [ 5.703019090000055, 48.828357424000046 ], [ 5.703314031000048, 48.828706204000071 ], [ 5.704763178000064, 48.829825261000053 ], [ 5.70533911800004, 48.83030265900004 ], [ 5.706533223000065, 48.830856049000033 ], [ 5.708167195000044, 48.831889893000039 ], [ 5.709104161000084, 48.832674049000047 ], [ 5.710136850000083, 48.833676497000056 ], [ 5.711144292000085, 48.834504033000087 ], [ 5.712847397000076, 48.835536248000039 ], [ 5.713065645000086, 48.835751763000083 ], [ 5.713091811000084, 48.836156111000037 ], [ 5.712964378000038, 48.836293982000086 ], [ 5.71224595800004, 48.836764714000083 ], [ 5.711793463000049, 48.837139424000043 ] ], [ [ 5.621978939000087, 48.804705505000072 ], [ 5.62256855000004, 48.805407953000042 ], [ 5.623066491000088, 48.805743470000039 ], [ 5.623624672000062, 48.805956181000056 ], [ 5.624793922000038, 48.806146470000051 ], [ 5.625831289000075, 48.806389138000043 ], [ 5.626253180000049, 48.806600332000073 ], [ 5.626952619000065, 48.806895410000038 ], [ 5.628836044000082, 48.807384909000064 ], [ 5.63781806500009, 48.81135333900005 ], [ 5.639376613000081, 48.812299776000089 ], [ 5.639654208000081, 48.812383631000046 ], [ 5.639934931000084, 48.812512409000078 ], [ 5.640833042000054, 48.81270853400008 ], [ 5.644129622000094, 48.813148566000052 ], [ 5.644605967000075, 48.813138027000043 ], [ 5.64522866100009, 48.81307475400007 ], [ 5.645639009000092, 48.813106165000079 ], [ 5.649015847000044, 48.81373325800007 ], [ 5.650265106000063, 48.814101502000085 ], [ 5.650817609000057, 48.814215230000059 ], [ 5.651452375000076, 48.814556595000056 ], [ 5.652143503000048, 48.814716734000058 ], [ 5.652551581000068, 48.814703179000048 ], [ 5.653290728000059, 48.814551793000078 ], [ 5.65390524500009, 48.814578643000061 ], [ 5.654880064000054, 48.814907940000069 ], [ 5.655843413000071, 48.815062010000076 ], [ 5.657486204000065, 48.815196469000057 ], [ 5.658749789000069, 48.815559807000056 ], [ 5.65929856200006, 48.815633086000048 ], [ 5.662911058000077, 48.815665137000053 ], [ 5.664137211000082, 48.815678307000042 ], [ 5.66510037200004, 48.815827808000051 ], [ 5.665854394000064, 48.815900979000048 ], [ 5.666684148000058, 48.816089438000063 ], [ 5.669012749000046, 48.816293924000043 ], [ 5.669565777000059, 48.816416553000067 ], [ 5.669701032000091, 48.81641353200007 ], [ 5.671166424000091, 48.816956707000088 ], [ 5.672211293000089, 48.817104326000049 ], [ 5.674194460000081, 48.817230947000041 ], [ 5.675848685000062, 48.817535875000033 ], [ 5.678688055000066, 48.818264160000069 ], [ 5.679530381000063, 48.818645722000042 ], [ 5.680174023000063, 48.819121720000055 ], [ 5.681018684000037, 48.819548213000083 ], [ 5.682763795000085, 48.819994987000086 ], [ 5.68375093700007, 48.820508250000046 ], [ 5.68445042500008, 48.820794 ], [ 5.685720567000089, 48.82147636500008 ], [ 5.686299408000082, 48.821998781000048 ], [ 5.687087926000061, 48.822606467000071 ], [ 5.688043507000089, 48.823480353000043 ], [ 5.688193772000091, 48.823701941000081 ], [ 5.688265003000083, 48.823745332000051 ], [ 5.688287801000058, 48.824104767000051 ], [ 5.688036031000081, 48.824425383000062 ], [ 5.687790595000081, 48.824835842000077 ], [ 5.687816559000055, 48.825240199000064 ], [ 5.688123436000069, 48.825773219000041 ], [ 5.688412775000074, 48.826032173000051 ], [ 5.689313853000044, 48.826277366000056 ], [ 5.689739332000045, 48.826533255000072 ], [ 5.69037310300007, 48.827688821000038 ], [ 5.690815924000049, 48.82821427500005 ] ], [ [ 5.690815924000049, 48.82821427500005 ], [ 5.691175911000073, 48.828521125000073 ], [ 5.69170097500006, 48.829269691000043 ], [ 5.692496012000049, 48.829967182000082 ], [ 5.692722821000075, 48.830317520000051 ], [ 5.692805906000046, 48.830540615000082 ], [ 5.692840581000041, 48.83107975300004 ], [ 5.692405330000042, 48.831723960000033 ], [ 5.692382370000075, 48.832219402000078 ] ], [ [ 5.633282711000049, 48.830435690000058 ], [ 5.633966328000042, 48.830461124000067 ], [ 5.634645972000044, 48.830441649000079 ], [ 5.637340441000049, 48.829954816000047 ], [ 5.639181068000084, 48.829765724000083 ], [ 5.640323261000049, 48.829511044000071 ], [ 5.642145068000048, 48.829236836000064 ], [ 5.643297371000074, 48.829148375000045 ], [ 5.645076714000084, 48.829279992000068 ], [ 5.649177480000048, 48.829481646000033 ], [ 5.649514468000064, 48.829424686000038 ], [ 5.651853559000074, 48.828720434000047 ], [ 5.653199874000052, 48.828461101000073 ], [ 5.653601781000077, 48.828357696000069 ], [ 5.653983640000092, 48.827944286000047 ], [ 5.656523597000046, 48.826119660000082 ], [ 5.657384328000092, 48.825727090000044 ], [ 5.658463485000084, 48.825559119000047 ], [ 5.658874168000068, 48.825594979000073 ], [ 5.662545913000088, 48.825756218000038 ], [ 5.663178663000053, 48.825787116000072 ], [ 5.663654269000062, 48.825776520000034 ], [ 5.665206253000065, 48.825543961000051 ], [ 5.66694229400008, 48.824996823000049 ], [ 5.667026155000087, 48.824954458000043 ], [ 5.668063888000063, 48.824427380000088 ], [ 5.668851449000044, 48.823955370000078 ], [ 5.669454325000061, 48.823802430000057 ], [ 5.671929350000084, 48.823882114000071 ], [ 5.673687262000044, 48.823946293000063 ], [ 5.674582771000075, 48.824101734000067 ], [ 5.675974050000093, 48.824556524000059 ], [ 5.677649397000039, 48.82518490800004 ], [ 5.680162266000082, 48.825915977000079 ], [ 5.682435098000042, 48.826301433000083 ], [ 5.683810066000092, 48.826486541000072 ], [ 5.685260907000043, 48.826804908000042 ], [ 5.687214190000077, 48.827516905000039 ], [ 5.688628329000039, 48.828097018000051 ], [ 5.68952627300007, 48.828297287000055 ], [ 5.690815924000049, 48.82821427500005 ] ], [ [ 5.692382370000075, 48.832219402000078 ], [ 5.692896497000049, 48.832788235000073 ], [ 5.693679758000087, 48.833306010000058 ], [ 5.693969399000082, 48.833569443000052 ], [ 5.695390303000067, 48.834473277000086 ], [ 5.695945678000044, 48.834636229000068 ], [ 5.697187088000078, 48.834869192000042 ], [ 5.698452466000049, 48.835466046000079 ], [ 5.699299292000092, 48.835712391000072 ], [ 5.700124207000044, 48.835815247000085 ], [ 5.702092864000065, 48.835712282000088 ], [ 5.70345945300005, 48.835762379000073 ], [ 5.705046827000047, 48.836077425000042 ], [ 5.706279841000082, 48.836180004000077 ], [ 5.70867158100009, 48.836283323000032 ], [ 5.709913087000075, 48.836516153000048 ], [ 5.710610212000063, 48.836765812000067 ], [ 5.711441162000085, 48.83696744000008 ], [ 5.711793463000049, 48.837139424000043 ] ], [ [ 5.711793463000049, 48.837139424000043 ], [ 5.711978113000043, 48.837675156000046 ], [ 5.712409326000056, 48.838020822000033 ], [ 5.713254558000074, 48.838447080000037 ], [ 5.714102995000076, 48.838918253000088 ], [ 5.714253415000087, 48.839139805000059 ], [ 5.716313522000064, 48.840429327000038 ], [ 5.717424916000084, 48.840746025000051 ], [ 5.721323808000079, 48.84180469100005 ], [ 5.721888322000041, 48.842106796000053 ], [ 5.722482050000053, 48.842853668000032 ], [ 5.723552167000094, 48.843585189000073 ], [ 5.723986942000067, 48.843980226000042 ], [ 5.72423107700007, 48.844379605000086 ], [ 5.724520699000038, 48.844638468000085 ], [ 5.725020376000089, 48.844987029000038 ], [ 5.725975110000093, 48.846036111000046 ], [ 5.726687605000052, 48.846510295000087 ], [ 5.728292502000045, 48.84708560200005 ] ], [ [ 5.625865907000048, 48.843880367000047 ], [ 5.626001236000093, 48.84387739500005 ], [ 5.626695792000078, 48.844082600000043 ], [ 5.62717758000008, 48.844157501000041 ], [ 5.627305259000082, 48.844019721000052 ], [ 5.627361730000075, 48.843838515000073 ], [ 5.627824472000043, 48.843603390000055 ], [ 5.62958033600006, 48.843362332000083 ], [ 5.633115235000048, 48.843221564000032 ], [ 5.636364805000085, 48.842898017000039 ], [ 5.638198756000065, 48.842803582000045 ], [ 5.640293163000081, 48.842518903000041 ], [ 5.64158552300006, 48.842481364000037 ], [ 5.64232486800006, 48.842325556000048 ], [ 5.642591808000077, 48.842229674000073 ], [ 5.64324238800009, 48.841751879000071 ], [ 5.643831817000091, 48.841378914000082 ], [ 5.64501645900009, 48.840713832000063 ], [ 5.645868575000065, 48.840195571000038 ], [ 5.64793175300008, 48.839416533000083 ], [ 5.649313194000058, 48.838652563000039 ], [ 5.651718954000046, 48.837910858000043 ], [ 5.653249247000076, 48.837328007000053 ], [ 5.654177875000073, 48.836942960000052 ], [ 5.654716005000068, 48.836836530000085 ], [ 5.65654696100006, 48.836687884000071 ], [ 5.658433639000066, 48.836362500000064 ], [ 5.661142680000069, 48.836108772000046 ], [ 5.662842028000057, 48.836052942000038 ], [ 5.663732267000057, 48.836118599000088 ], [ 5.665237286000092, 48.83621104000008 ], [ 5.66638471300007, 48.836041482000041 ], [ 5.667472888000077, 48.83601271200007 ], [ 5.668983366000077, 48.836194969000083 ], [ 5.67055055600008, 48.836186972000064 ], [ 5.67137187700007, 48.836254112000063 ], [ 5.672956767000073, 48.836524642000086 ], [ 5.673931027000037, 48.83663333800007 ], [ 5.675155138000093, 48.836596958000086 ], [ 5.678745277000076, 48.836264623000034 ], [ 5.680424636000055, 48.835903040000062 ], [ 5.680752993000056, 48.835711208000077 ], [ 5.681534282000087, 48.835149275000049 ], [ 5.682539673000065, 48.834042394000051 ], [ 5.682969817000071, 48.833312856000077 ], [ 5.683002466000062, 48.832772208000051 ], [ 5.682876592000071, 48.831866174000083 ], [ 5.682935170000064, 48.831729880000069 ], [ 5.683031262000043, 48.831097822000061 ], [ 5.684205673000065, 48.830297579000046 ], [ 5.684673519000057, 48.830152095000081 ], [ 5.685148929000093, 48.83013691900004 ], [ 5.686189371000069, 48.830424 ], [ 5.687641187000054, 48.830742318000034 ], [ 5.688468783000076, 48.830899184000089 ], [ 5.689313703000039, 48.831325613000047 ], [ 5.689662490000046, 48.831448247000083 ], [ 5.690837813000087, 48.831723255000043 ], [ 5.691810013000065, 48.832007324000081 ], [ 5.692382370000075, 48.832219402000078 ] ], [ [ 5.728292502000045, 48.84708560200005 ], [ 5.728789023000047, 48.847389226000082 ], [ 5.729010593000055, 48.847649631000081 ], [ 5.730029867000042, 48.848431748000053 ], [ 5.730875412000046, 48.848857877000057 ], [ 5.731795480000073, 48.849372285000072 ], [ 5.733117480000089, 48.84978301600006 ], [ 5.733548933000066, 48.850128602000041 ], [ 5.73432322900004, 48.850511343000051 ], [ 5.735708038000041, 48.850835122000042 ], [ 5.736357425000051, 48.851175714000078 ], [ 5.736916319000045, 48.851383393000049 ], [ 5.737809275000075, 48.851493437000045 ], [ 5.738761067000041, 48.851458148000063 ], [ 5.739379277000069, 48.851529477000042 ], [ 5.742002949000039, 48.852040773000056 ], [ 5.743200922000085, 48.852634211000073 ], [ 5.74403140000004, 48.852835629000083 ], [ 5.744853929000044, 48.852902243000081 ], [ 5.745460137000066, 48.852793843000086 ], [ 5.746350291000056, 48.852849896000073 ], [ 5.747728557000073, 48.85307920300005 ], [ 5.748451743000089, 48.853508022000085 ], [ 5.748892384000044, 48.853992824000045 ], [ 5.749419385000067, 48.854741100000069 ], [ 5.750048842000069, 48.854992090000053 ], [ 5.750406990000045, 48.855253816000072 ], [ 5.750862698000049, 48.855958731000051 ], [ 5.750951672000042, 48.856271638000067 ], [ 5.751202472000045, 48.856985764000058 ], [ 5.751444266000078, 48.857335650000039 ], [ 5.751804811000056, 48.857642309000077 ], [ 5.752225251000084, 48.857808110000072 ], [ 5.752583429000083, 48.858069828000055 ], [ 5.752630795000073, 48.858788631000039 ], [ 5.752573892000044, 48.858969914000056 ], [ 5.752612431000045, 48.859553940000069 ], [ 5.752636540000083, 48.859913331000087 ], [ 5.752792550000038, 48.860220194000078 ], [ 5.753012155000079, 48.860440107000045 ], [ 5.754285898000092, 48.861976551000055 ], [ 5.754315625000061, 48.862425798000061 ], [ 5.754193841000074, 48.862653568000042 ], [ 5.754161912000086, 48.863194221000072 ], [ 5.753727152000067, 48.863838632000068 ], [ 5.753079838000076, 48.86539679200007 ], [ 5.752893154000049, 48.865671046000045 ] ], [ [ 5.676908194000077, 48.858729910000079 ], [ 5.678064945000074, 48.858699519000083 ], [ 5.680488504000039, 48.858226813000051 ], [ 5.681304706000049, 48.858204022000052 ], [ 5.685929017000092, 48.858874142000047 ], [ 5.686958209000068, 48.858981505000088 ], [ 5.687916746000042, 48.859040957000047 ], [ 5.688535209000065, 48.859117043000083 ], [ 5.689779490000092, 48.859395017000047 ], [ 5.691988454000068, 48.859817744000047 ], [ 5.693656452000084, 48.860311104000061 ], [ 5.694079287000079, 48.860526542000059 ], [ 5.693954920000067, 48.860709311000051 ], [ 5.694241305000048, 48.860923322000083 ], [ 5.695106736000071, 48.861439234000045 ], [ 5.696209613000065, 48.861634844000037 ], [ 5.69846123700006, 48.861660562000047 ], [ 5.701797905000092, 48.861603248000051 ], [ 5.703915642000084, 48.861676880000061 ], [ 5.705134800000053, 48.861550335000061 ], [ 5.705951044000074, 48.861527376000083 ], [ 5.708964808000076, 48.861751618000085 ], [ 5.71273590900006, 48.86186863000006 ], [ 5.713480850000053, 48.861802243000056 ], [ 5.714013113000078, 48.861596702000043 ], [ 5.714520527000047, 48.861225250000082 ], [ 5.714831457000059, 48.860763770000062 ], [ 5.715621487000078, 48.860336407000034 ], [ 5.716074391000063, 48.859966184000086 ], [ 5.716042652000056, 48.859471987000063 ], [ 5.716228656000055, 48.859197809000079 ], [ 5.71616432400009, 48.85820943300007 ], [ 5.716005107000058, 48.857853107000039 ], [ 5.715783326000064, 48.857588187000033 ], [ 5.715759471000069, 48.857228787000047 ], [ 5.715822038000056, 48.857137382000083 ], [ 5.716290037000078, 48.856991777000083 ], [ 5.716768878000039, 48.85702139600005 ], [ 5.717951782000057, 48.857394959000032 ], [ 5.718847763000042, 48.85754557000007 ], [ 5.720826566000085, 48.857572565000055 ], [ 5.722973619000072, 48.858095117000062 ], [ 5.724224698000057, 48.858467068000039 ], [ 5.725501142000041, 48.859013899000047 ], [ 5.727181399000074, 48.859686489000069 ], [ 5.729076440000085, 48.860520631000043 ], [ 5.730138478000072, 48.861121797000067 ], [ 5.730643679000082, 48.86155569400006 ], [ 5.732047712000053, 48.861964567000086 ], [ 5.733704168000088, 48.862277669000044 ], [ 5.735488082000074, 48.862452857000051 ], [ 5.739312458000086, 48.862558816000046 ], [ 5.740248183000063, 48.862262930000043 ], [ 5.740913821000049, 48.86201821700007 ], [ 5.742682511000055, 48.861968681000064 ], [ 5.743779991000054, 48.86207399500006 ], [ 5.744613983000079, 48.862306824000086 ], [ 5.745510362000061, 48.862461729000081 ], [ 5.74689470800007, 48.86278539500006 ], [ 5.748236384000052, 48.863285498000039 ], [ 5.749159251000037, 48.863844704000087 ], [ 5.75050585200006, 48.864614628000083 ], [ 5.751966989000039, 48.865066951000081 ], [ 5.752466808000065, 48.86541089800005 ], [ 5.752893154000049, 48.865671046000045 ] ], [ [ 5.646147108000093, 48.866968305000057 ], [ 5.646733438000069, 48.866545919000032 ], [ 5.647794302000079, 48.866068038000037 ], [ 5.647983596000074, 48.865834394000046 ], [ 5.648271523000062, 48.865009185000083 ], [ 5.648520597000072, 48.864643744000034 ], [ 5.649699432000091, 48.863888786000082 ], [ 5.649889790000088, 48.863659614000085 ], [ 5.649886263000042, 48.862534915000083 ], [ 5.649735426000063, 48.862317799000039 ], [ 5.649633428000072, 48.862005120000049 ], [ 5.649690692000092, 48.861823887000071 ], [ 5.649723704000053, 48.861283262000086 ], [ 5.649893561000056, 48.86073510600005 ], [ 5.650199012000087, 48.860188445000063 ], [ 5.650576557000079, 48.859685177000081 ], [ 5.651561778000087, 48.85911444900006 ], [ 5.651929426000038, 48.858467423000043 ], [ 5.652464200000054, 48.857236300000068 ], [ 5.652940872000045, 48.856370892000086 ], [ 5.653762019000055, 48.855358366000083 ], [ 5.654085395000038, 48.85508124200004 ], [ 5.654691816000081, 48.854973303000072 ], [ 5.65857185100009, 48.854900625000077 ], [ 5.659883567000065, 48.854952449000052 ], [ 5.663764904000061, 48.85488857200005 ], [ 5.664714969000045, 48.854817920000073 ], [ 5.668118488000061, 48.85476004700007 ], [ 5.668385214000068, 48.85465961400007 ], [ 5.669132706000084, 48.853563132000033 ], [ 5.669307790000062, 48.853104807000079 ], [ 5.669754651000062, 48.852644915000042 ], [ 5.670590792000041, 48.852081846000033 ], [ 5.671724012000084, 48.851678605000082 ], [ 5.673226101000068, 48.85150556800005 ], [ 5.675539055000058, 48.851440353000051 ], [ 5.679115021000087, 48.850878890000047 ], [ 5.680798013000072, 48.850562228000058 ], [ 5.682895663000068, 48.850321726000061 ], [ 5.684099856000046, 48.849975263000033 ], [ 5.685510792000059, 48.849655640000037 ], [ 5.686765735000051, 48.849038055000051 ], [ 5.687762186000043, 48.848646728000062 ], [ 5.688555425000061, 48.848264460000053 ], [ 5.689339989000075, 48.847747404000081 ], [ 5.689940991000071, 48.847553918000081 ], [ 5.690751529000067, 48.847441200000048 ], [ 5.691853397000045, 48.847623370000072 ], [ 5.693727608000074, 48.848157076000064 ], [ 5.694544498000084, 48.848134175000041 ], [ 5.696301755000093, 48.847905602000083 ], [ 5.701524358000086, 48.84752228800005 ], [ 5.703085985000087, 48.847433011000078 ], [ 5.704836811000064, 48.847114471000047 ], [ 5.705638605000047, 48.846866871000088 ], [ 5.70634252900004, 48.846162552000067 ], [ 5.707242461000078, 48.84532781200005 ], [ 5.707683165000049, 48.844773420000081 ], [ 5.708399632000067, 48.844262273000083 ], [ 5.709991187000071, 48.843587316000082 ], [ 5.711065016000077, 48.843329012000083 ], [ 5.711674139000081, 48.843261210000037 ], [ 5.71467518500009, 48.843310104000068 ], [ 5.717413476000047, 48.843499873000042 ], [ 5.718717973000082, 48.843645697000056 ], [ 5.721286543000076, 48.844370157000071 ], [ 5.722899853000058, 48.844864355000077 ], [ 5.72317455600006, 48.844903094000081 ], [ 5.723807820000047, 48.845199125000079 ], [ 5.724375352000038, 48.845541645000083 ], [ 5.72474206000004, 48.845938230000058 ], [ 5.726078229000052, 48.846573680000063 ], [ 5.726427440000066, 48.846700699000053 ], [ 5.726995006000038, 48.847043205000034 ], [ 5.727476965000051, 48.847117702000048 ], [ 5.728292502000045, 48.84708560200005 ] ], [ [ 5.752893154000049, 48.865671046000045 ], [ 5.752117106000071, 48.867133175000049 ], [ 5.751666770000043, 48.867548470000088 ], [ 5.751549041000089, 48.867821135000042 ], [ 5.751581122000061, 48.868315319000033 ], [ 5.751767948000065, 48.869075901000087 ], [ 5.752022048000072, 48.869834935000085 ], [ 5.752223080000078, 48.870815654000069 ], [ 5.752451557000086, 48.871170340000049 ], [ 5.752828818000069, 48.871517104000077 ], [ 5.75361325700004, 48.872034468000038 ], [ 5.754264079000052, 48.872604395000053 ], [ 5.755545236000046, 48.87342076200008 ], [ 5.756643545000088, 48.874277322000069 ], [ 5.757480311000052, 48.874847447000043 ], [ 5.758079941000062, 48.875463526000033 ], [ 5.758166373000051, 48.875726991000079 ], [ 5.758829371000047, 48.876476583000056 ], [ 5.759255601000064, 48.876732212000043 ], [ 5.76015979400006, 48.877012811000043 ] ] ] } },
{ "type": "Feature", "properties": { "fid": 131, "gid": 131, "CdEuMasseDEau": "FRB1R511", "NomMasseDEau": "RUISSEAU DE MONT", "Etat masse eau ": "Moyen", "Etat ecologique": "Moyen", "Etat chimique": "Bon", "_swEcologicalStatusOrPotentialValue": "3", "_swChemicalStatusValue": "2" }, "geometry": { "type": "MultiLineString", "coordinates": [ [ [ 5.429465839000045, 48.779931299000047 ], [ 5.43066226500008, 48.780442343000061 ], [ 5.431143183000074, 48.780518038000082 ], [ 5.432711246000054, 48.780567094000048 ], [ 5.433266075000063, 48.780731255000042 ], [ 5.433893323000064, 48.780988418000049 ], [ 5.434654298000055, 48.781193363000057 ], [ 5.435684174000073, 48.781343330000077 ], [ 5.436032239000042, 48.78147120400007 ], [ 5.436529171000075, 48.781816493000072 ], [ 5.437555905000068, 48.781917019000048 ], [ 5.438878924000051, 48.782420900000034 ], [ 5.440748196000072, 48.782958597000061 ], [ 5.441664769000056, 48.783250300000077 ], [ 5.442968876000066, 48.783439590000057 ], [ 5.444471978000081, 48.783534813000081 ], [ 5.445578178000062, 48.783822605000069 ], [ 5.446332902000052, 48.783928625000051 ], [ 5.447585080000067, 48.784388872000079 ], [ 5.449028232000046, 48.784620239000049 ], [ 5.44972933400004, 48.78496128900008 ], [ 5.450232524000057, 48.785400874000061 ], [ 5.450588476000064, 48.785659016000068 ], [ 5.45103641500009, 48.786099732000082 ], [ 5.451528415000041, 48.786355080000078 ], [ 5.452433617000054, 48.786691925000071 ], [ 5.453395844000056, 48.786847630000068 ], [ 5.454490941000074, 48.786951108000039 ], [ 5.454956072000073, 48.786761588000047 ], [ 5.455567191000057, 48.786744528000042 ], [ 5.456389998000077, 48.786849087000064 ], [ 5.45750714400009, 48.787312009000061 ], [ 5.458132473000092, 48.787524096000077 ], [ 5.459162541000069, 48.787673860000041 ], [ 5.459439715000087, 48.787758135000047 ], [ 5.459724737000045, 48.787972721000081 ], [ 5.460304124000061, 48.78854566800004 ], [ 5.460518161000039, 48.78871672300005 ], [ 5.461062341000058, 48.788705514000071 ], [ 5.461342283000079, 48.788830219000033 ], [ 5.461586270000055, 48.789275098000083 ], [ 5.462070286000085, 48.789395596000077 ], [ 5.462956500000075, 48.78941782000004 ], [ 5.463304686000072, 48.789545613000087 ], [ 5.46379380500008, 48.789755981000042 ], [ 5.466410378000091, 48.79026437300007 ], [ 5.467109543000049, 48.790560372000073 ], [ 5.467190750000043, 48.790783648000058 ], [ 5.467206908000037, 48.791053258000034 ], [ 5.466486898000085, 48.791522530000073 ], [ 5.466568529000085, 48.791754796000077 ], [ 5.466935235000051, 48.792183633000043 ], [ 5.468022623000081, 48.793056487000058 ], [ 5.468513922000056, 48.793311782000046 ], [ 5.469351326000037, 48.793649902000077 ], [ 5.469427440000061, 48.793783301000083 ], [ 5.469454674000076, 48.794232643000043 ], [ 5.469671743000049, 48.794448610000082 ], [ 5.470773205000057, 48.794646291000049 ], [ 5.471531543000083, 48.79480606900006 ], [ 5.471884897000052, 48.795023713000042 ], [ 5.472033948000046, 48.795241082000082 ], [ 5.472320126000056, 48.795460113000047 ], [ 5.473151625000071, 48.795708349000051 ], [ 5.474516090000066, 48.795761080000034 ], [ 5.475122192000072, 48.795654045000049 ], [ 5.475802504000058, 48.795639950000073 ], [ 5.476715447000061, 48.795881975000043 ], [ 5.477557639000054, 48.796300923000047 ], [ 5.48087229500004, 48.797068970000055 ], [ 5.481573772000047, 48.79740982900006 ], [ 5.482889488000069, 48.79777841300006 ], [ 5.485746687000074, 48.798875266000039 ], [ 5.486779112000079, 48.798835787000087 ], [ 5.487263489000043, 48.798960677000082 ], [ 5.488177276000044, 48.799432050000064 ], [ 5.48851424500009, 48.799375543000053 ], [ 5.488772261000065, 48.799145216000056 ], [ 5.489041407000059, 48.799094619000073 ], [ 5.489525577000052, 48.799215005000072 ], [ 5.490548041000068, 48.79923418900006 ], [ 5.49096632800007, 48.799400934000062 ], [ 5.491815117000044, 48.799918626000078 ], [ 5.492149302000087, 48.799821675000032 ], [ 5.492627488000039, 48.79985219200006 ], [ 5.493601227000056, 48.80018730200004 ], [ 5.494936403000054, 48.800870285000087 ], [ 5.495143517000088, 48.800910951000048 ], [ 5.495547245000068, 48.800844032000043 ], [ 5.49595546900008, 48.800835505000073 ], [ 5.496518018000074, 48.801134189000038 ], [ 5.49727953200005, 48.801338732000033 ], [ 5.497578607000094, 48.801557435000063 ], [ 5.49794907100005, 48.802040090000048 ], [ 5.499066276000065, 48.802507129000048 ], [ 5.499844150000058, 48.802981258000045 ], [ 5.499852316000045, 48.803116059000047 ], [ 5.499518124000076, 48.803213032000087 ], [ 5.499738576000084, 48.803478364000057 ], [ 5.501247521000039, 48.803662745000047 ], [ 5.501527639000074, 48.803787355000047 ], [ 5.501631367000073, 48.804370063000079 ], [ 5.501916870000059, 48.804589039000064 ], [ 5.502887748000092, 48.80487914400004 ], [ 5.503244093000092, 48.805137126000034 ], [ 5.503483347000042, 48.805492039000058 ], [ 5.503666113000065, 48.806248553000046 ], [ 5.503956802000062, 48.806557397000063 ], [ 5.504376257000047, 48.806728570000082 ], [ 5.504517299000042, 48.806811097000043 ], [ 5.505066828000054, 48.806889560000059 ], [ 5.505831470000089, 48.807138974000047 ], [ 5.506102585000065, 48.807128790000043 ], [ 5.506298539000056, 48.80698970900005 ], [ 5.506361412000047, 48.806898409000041 ], [ 5.506415252000068, 48.806672326000069 ], [ 5.506548330000044, 48.806624544000051 ], [ 5.506755043000055, 48.806656201000067 ], [ 5.507040363000044, 48.80687067000008 ], [ 5.507393947000082, 48.807088205000071 ], [ 5.507541019000087, 48.807260583000073 ], [ 5.50778091400008, 48.807840429000073 ], [ 5.508583514000065, 48.808718899000041 ], [ 5.508945306000044, 48.80907122900004 ], [ 5.510364734000063, 48.809797265000043 ], [ 5.510650937000094, 48.810011707000058 ], [ 5.511244504000047, 48.810809068000083 ], [ 5.512544931000093, 48.81203247600007 ], [ 5.512765269000056, 48.812293288000042 ], [ 5.51339932400009, 48.812639881000052 ], [ 5.51395087800006, 48.812758754000072 ], [ 5.515928086000088, 48.812793633000069 ], [ 5.516192087000093, 48.812653103000059 ], [ 5.516385014000093, 48.812469079000039 ], [ 5.517540613000051, 48.812435745000073 ], [ 5.518592953000052, 48.81271501100008 ], [ 5.520679318000077, 48.813422372000048 ], [ 5.521036027000093, 48.81368479300005 ], [ 5.521188578000079, 48.813951519000057 ], [ 5.521545076000052, 48.814209444000085 ], [ 5.522037054000066, 48.81446900800006 ], [ 5.523065620000068, 48.814730741000062 ], [ 5.526708056000075, 48.815967525000083 ] ], [ [ 5.440587385000072, 48.804386147000059 ], [ 5.443248978000042, 48.804264274000047 ], [ 5.444406760000049, 48.804281088000039 ], [ 5.445238906000043, 48.804525004000077 ], [ 5.445850448000044, 48.804512489000047 ], [ 5.445848340000055, 48.804467542000047 ], [ 5.446334569000044, 48.804633049000081 ], [ 5.446614772000089, 48.80476228200007 ], [ 5.448251622000043, 48.804809740000053 ], [ 5.450260212000046, 48.805375935000086 ], [ 5.451706069000068, 48.805652211000051 ], [ 5.452538483000069, 48.805900571000052 ], [ 5.454395607000038, 48.806213364000087 ], [ 5.456402243000071, 48.806518556000071 ], [ 5.457035641000061, 48.806860955000047 ], [ 5.45738096000008, 48.806943834000037 ], [ 5.45840865200006, 48.807053168000039 ], [ 5.458962568000061, 48.807208235000083 ], [ 5.461023706000049, 48.807512229000046 ], [ 5.464784139000074, 48.807776655000055 ], [ 5.466783240000041, 48.808171811000079 ], [ 5.468590772000084, 48.808566391000056 ], [ 5.470853185000067, 48.808821071000068 ], [ 5.470983321000063, 48.808728400000064 ], [ 5.470893979000039, 48.808370327000034 ], [ 5.471296091000056, 48.808267534000038 ], [ 5.472745123000038, 48.808588483000051 ], [ 5.473232540000083, 48.808758357000045 ], [ 5.473376735000045, 48.808890343000087 ], [ 5.474154471000077, 48.809364636000055 ], [ 5.474844984000072, 48.809525800000081 ], [ 5.475801516000047, 48.809586971000051 ], [ 5.477014670000074, 48.809368376000073 ], [ 5.478961412000047, 48.808909604000064 ], [ 5.479779917000087, 48.80893311400007 ], [ 5.48073665700008, 48.80899874000005 ], [ 5.483491737000065, 48.809512895000069 ], [ 5.484038057000078, 48.809542032000081 ], [ 5.486091216000091, 48.809476845000063 ], [ 5.487252122000086, 48.809538172000032 ], [ 5.488699141000041, 48.809813982000037 ], [ 5.489326798000093, 48.810066352000042 ], [ 5.490243795000083, 48.810582633000081 ], [ 5.491785495000045, 48.811306336000087 ], [ 5.492419184000084, 48.811648546000072 ], [ 5.495707831000061, 48.813982400000043 ], [ 5.496468679000088, 48.814186962000072 ], [ 5.497567655000068, 48.814339465000046 ], [ 5.498193255000047, 48.814546843000073 ], [ 5.500652374000083, 48.815786640000056 ], [ 5.503620779000073, 48.817326154000057 ], [ 5.506005643000037, 48.818468419000055 ], [ 5.508734149000077, 48.819652916000052 ], [ 5.50979219900006, 48.820031119000078 ], [ 5.51050237000004, 48.820506600000051 ], [ 5.510725750000063, 48.820812341000078 ], [ 5.510881285000039, 48.821124005000058 ], [ 5.510900694000043, 48.821438529000034 ], [ 5.510639651000076, 48.821623973000051 ], [ 5.51078614000005, 48.821800857000085 ], [ 5.512949031000062, 48.822641716000078 ], [ 5.514962679000064, 48.823265225000057 ] ], [ [ 5.526282612000045, 48.806204495000088 ], [ 5.526318578000087, 48.806788619000088 ], [ 5.526484577000076, 48.807280011000046 ], [ 5.526699758000063, 48.807450927000048 ], [ 5.527257564000081, 48.807664088000081 ], [ 5.52768427400008, 48.807965501000069 ], [ 5.527706809000051, 48.808324953000067 ], [ 5.527391290000082, 48.808736545000045 ], [ 5.527070776000073, 48.809062759000085 ], [ 5.526339793000091, 48.809352659000069 ], [ 5.526211932000081, 48.809490334000088 ], [ 5.52623445800009, 48.809849786000086 ], [ 5.527412723000055, 48.811075622000033 ], [ 5.527497249000078, 48.811343780000072 ], [ 5.526986862000058, 48.811898962000043 ], [ 5.526320645000055, 48.812138001000051 ], [ 5.525640349000071, 48.812156878000053 ], [ 5.525181957000086, 48.812450006000063 ], [ 5.525062318000039, 48.812722479000058 ], [ 5.525019812000039, 48.81312829400008 ], [ 5.525098274000072, 48.813306599000043 ], [ 5.525378501000091, 48.813431152000078 ], [ 5.525655919000087, 48.813515272000082 ], [ 5.526955442000087, 48.813604780000048 ], [ 5.527425756000071, 48.81350485300004 ], [ 5.52803801500005, 48.813487406000043 ], [ 5.528524589000085, 48.813652577000077 ], [ 5.528680210000061, 48.813964221000049 ], [ 5.52862342800006, 48.814145385000081 ], [ 5.528362702000038, 48.814335363000055 ], [ 5.527949168000077, 48.814254129000062 ], [ 5.527609115000075, 48.81426582000006 ], [ 5.527027399000076, 48.814773019000086 ], [ 5.526710310000055, 48.815153146000057 ], [ 5.526708056000075, 48.815967525000083 ] ], [ [ 5.526708056000075, 48.815967525000083 ], [ 5.526708315000064, 48.816008012000047 ], [ 5.526460798000073, 48.816418160000069 ], [ 5.526006927000083, 48.816787678000082 ], [ 5.525210801000071, 48.817123934000051 ], [ 5.524816959000077, 48.817361706000042 ], [ 5.52449615800009, 48.817683416000079 ], [ 5.524597965000055, 48.819345917000078 ], [ 5.524345211000082, 48.819666188000042 ], [ 5.524160516000052, 48.819985022000083 ], [ 5.523970834000068, 48.820218479000062 ], [ 5.523304713000073, 48.820461993000038 ], [ 5.521624350000081, 48.820830381000064 ], [ 5.519260938000059, 48.821163653000042 ], [ 5.518118339000068, 48.821417178000047 ], [ 5.516607300000089, 48.822312813000053 ], [ 5.516272166000078, 48.822409848000063 ], [ 5.515926868000065, 48.822331634000079 ], [ 5.515722673000084, 48.822335932000051 ], [ 5.515391408000085, 48.822477873000082 ], [ 5.515074187000039, 48.822857967000061 ], [ 5.514962679000064, 48.823265225000057 ] ], [ [ 5.514962679000064, 48.823265225000057 ], [ 5.514924258000065, 48.82335151400008 ], [ 5.514887538000039, 48.823437768000083 ], [ 5.51484911700004, 48.823524058000032 ], [ 5.514842961000056, 48.823537684000087 ], [ 5.514799418000052, 48.823606086000041 ], [ 5.514748234000081, 48.823692644000062 ], [ 5.514695982000092, 48.823774725000078 ], [ 5.514642879000064, 48.823856824000082 ], [ 5.514590627000075, 48.82393890600008 ], [ 5.514537524000048, 48.824021005000077 ], [ 5.514486973000089, 48.824103051000073 ], [ 5.514434720000054, 48.824185132000082 ], [ 5.514382684000054, 48.824271708000083 ], [ 5.514329580000037, 48.82435380700008 ], [ 5.514297297000041, 48.824408474000052 ], [ 5.514273924000065, 48.824435960000073 ], [ 5.514212311000051, 48.824518238000053 ], [ 5.514150481000058, 48.824596022000037 ], [ 5.514088651000066, 48.824673805000089 ], [ 5.514027038000052, 48.824756083000068 ], [ 5.513964574000056, 48.824838379000077 ], [ 5.513903594000055, 48.824916144000042 ], [ 5.51384113000006, 48.824998440000059 ], [ 5.513779299000078, 48.825076223000053 ], [ 5.513728730000082, 48.825140273000045 ], [ 5.513715766000075, 48.825154042000072 ], [ 5.513648830000079, 48.825231933000055 ], [ 5.513581042000055, 48.825309842000081 ], [ 5.513514322000049, 48.825392227000073 ], [ 5.513446535000071, 48.825470135000046 ], [ 5.513379597000039, 48.825548025000046 ], [ 5.513311809000072, 48.825625934000072 ], [ 5.513244021000048, 48.825703842000053 ], [ 5.513177083000073, 48.825781732000053 ], [ 5.51310929400006, 48.825859640000033 ], [ 5.513093144000038, 48.825877976000072 ], [ 5.51306044100005, 48.825941649000072 ], [ 5.513017761000072, 48.826028028000053 ], [ 5.512973378000083, 48.826114442000062 ], [ 5.512930481000069, 48.826196326000058 ], [ 5.512887800000044, 48.82628270400005 ], [ 5.512843417000056, 48.826369118000059 ], [ 5.512799885000049, 48.826455514000088 ], [ 5.512756987000046, 48.826537397000038 ], [ 5.512713455000039, 48.826623794000056 ], [ 5.512671624000063, 48.826710154000068 ], [ 5.512627241000075, 48.826796568000077 ], [ 5.512607068000079, 48.826837483000077 ], [ 5.512565406000078, 48.826874350000082 ], [ 5.512483567000061, 48.826943555000071 ], [ 5.512403647000042, 48.827017219000084 ], [ 5.512348169000063, 48.827067874000079 ], [ 5.512307760000056, 48.82707772100008 ], [ 5.512183561000086, 48.827116323000041 ], [ 5.512058295000088, 48.827150448000047 ], [ 5.51193132700007, 48.827184609000085 ], [ 5.51181286700006, 48.827218590000086 ], [ 5.511738267000055, 48.827296641000032 ], [ 5.51166707100009, 48.827374619000068 ], [ 5.511596508000082, 48.827448086000061 ], [ 5.51155698000008, 48.827493906000086 ], [ 5.51155297300005, 48.827534481000043 ], [ 5.511542623000082, 48.827620180000054 ], [ 5.511533341000074, 48.827710355000079 ], [ 5.511524058000077, 48.827800530000047 ], [ 5.51151477500008, 48.827890705000073 ], [ 5.511489109000081, 48.827976725000042 ], [ 5.51146110600007, 48.828067293000061 ], [ 5.511456650000071, 48.828080883000041 ], [ 5.511373091000053, 48.82813212800005 ], [ 5.511271245000046, 48.828192754000042 ], [ 5.51117280200009, 48.828253308000058 ], [ 5.511073508000038, 48.828313881000042 ], [ 5.510997390000057, 48.828360470000064 ], [ 5.510986560000049, 48.828383192000047 ], [ 5.510940470000094, 48.828469641000083 ], [ 5.510895866000055, 48.828551559000061 ], [ 5.510874840000042, 48.828592492000041 ], [ 5.510930180000059, 48.828627322000045 ], [ 5.511029148000091, 48.82868373000008 ], [ 5.511087041000053, 48.828718506000087 ], [ 5.511137477000091, 48.828739942000077 ], [ 5.511253031000081, 48.828787003000059 ], [ 5.511296444000038, 48.828804088000084 ], [ 5.511707902000069, 48.828840434000085 ], [ 5.512123476000056, 48.828962174000083 ], [ 5.512403973000062, 48.829091249000051 ], [ 5.512442194000073, 48.829495355000063 ], [ 5.511877412000047, 48.830272051000073 ], [ 5.512088989000063, 48.830402575000051 ], [ 5.51216828400004, 48.830580869000073 ], [ 5.51252485100008, 48.830838816000039 ], [ 5.513324866000062, 48.831672310000044 ], [ 5.513407185000062, 48.831895528000082 ], [ 5.513380132000066, 48.832570944000047 ], [ 5.513203962000091, 48.833033543000056 ], [ 5.513155311000048, 48.833349494000061 ], [ 5.513038796000046, 48.833671371000037 ], [ 5.513123068000084, 48.833935039000039 ], [ 5.513654274000089, 48.834598719000041 ], [ 5.513956189000055, 48.835082760000034 ] ] ] } },
{ "type": "Feature", "properties": { "fid": 89, "gid": 89, "CdEuMasseDEau": "FRB1R479", "NomMasseDEau": "CANAL DE L'EST BRANCHE-NORD 1", "Etat masse eau ": "Moyen", "Etat ecologique": "Bon", "Etat chimique": "Non atteint", "_swEcologicalStatusOrPotentialValue": "2", "_swChemicalStatusValue": "3" }, "geometry": { "type": "MultiLineString", "coordinates": [ [ [ 5.566747268000086, 48.78615751500007 ], [ 5.56658364000009, 48.786291510000069 ], [ 5.566228803000058, 48.786587086000047 ], [ 5.56524906900006, 48.787242525000067 ], [ 5.56248710400007, 48.788800054000042 ], [ 5.562014074000047, 48.789116148000062 ], [ 5.560198512000056, 48.790311376000034 ], [ 5.559737010000049, 48.790550726000049 ], [ 5.559141443000044, 48.790833440000085 ], [ 5.556479082000067, 48.791808284000069 ], [ 5.547911829000043, 48.794159922000063 ], [ 5.54477113300004, 48.795108700000071 ], [ 5.54308323500004, 48.795914 ], [ 5.540098221000051, 48.797493720000034 ], [ 5.53977240800009, 48.79772560400005 ], [ 5.539440733000049, 48.797872128000051 ], [ 5.537334962000045, 48.799050654000041 ], [ 5.535498422000046, 48.800182933000087 ], [ 5.529866546000051, 48.803807131000042 ], [ 5.526282612000045, 48.806204495000088 ], [ 5.525573335000047, 48.806853861000043 ], [ 5.524313114000051, 48.808504663000072 ], [ 5.524131485000055, 48.80886842700005 ], [ 5.524006864000057, 48.809055522000051 ], [ 5.523521363000043, 48.810019582000052 ], [ 5.522495990000039, 48.813060112000073 ], [ 5.522430112000052, 48.813106493000078 ], [ 5.522083459000044, 48.814108103000081 ], [ 5.522037054000066, 48.81446900800006 ], [ 5.521931667000047, 48.814966129000076 ], [ 5.520975594000049, 48.816925393000083 ], [ 5.519917425000074, 48.818535872000041 ], [ 5.518984962000047, 48.819999719000073 ], [ 5.518732171000067, 48.820319978000043 ], [ 5.518118339000068, 48.821417178000047 ], [ 5.517928407000056, 48.82164613100008 ], [ 5.51216828400004, 48.830580869000073 ], [ 5.510795936000079, 48.832647733000051 ], [ 5.510426503000076, 48.833289846000071 ], [ 5.509863816000063, 48.834111473000064 ], [ 5.509434475000091, 48.834889807000081 ], [ 5.509119501000043, 48.835301324000056 ], [ 5.509132758000078, 48.835382027000037 ], [ 5.509141312000054, 48.835435835000055 ], [ 5.508890766000093, 48.835805508000078 ], [ 5.508233672000074, 48.837303948000056 ], [ 5.508079002000045, 48.838126001000042 ], [ 5.50816997000004, 48.839608745000078 ], [ 5.50835012500005, 48.840324797000051 ], [ 5.50846762000009, 48.840907195000057 ], [ 5.50863937400004, 48.841483955000058 ], [ 5.509025980000047, 48.842240663000041 ], [ 5.50955158000005, 48.843034944000067 ], [ 5.510534952000057, 48.844629420000047 ], [ 5.511117477000084, 48.845242541000061 ], [ 5.511789932000056, 48.845988738000081 ], [ 5.512018831000091, 48.846388834000038 ], [ 5.512049479000041, 48.846883071000043 ], [ 5.511367094000093, 48.847981641000047 ], [ 5.511253337000085, 48.848343943000089 ], [ 5.511340007000058, 48.848657047000081 ], [ 5.511642833000053, 48.849141069000041 ], [ 5.51305056800004, 48.850767098000063 ], [ 5.515020284000059, 48.852876175000063 ], [ 5.515164489000085, 48.853003611000076 ], [ 5.516672552000045, 48.854267575000051 ], [ 5.516983253000092, 48.854665938000039 ], [ 5.517070819000082, 48.854979018000051 ], [ 5.51689114900006, 48.855387699000062 ], [ 5.516638174000093, 48.855707944000073 ], [ 5.516078581000045, 48.856579004000082 ], [ 5.515376705000051, 48.857363074000034 ], [ 5.513940682000055, 48.858387513000082 ], [ 5.512666419000084, 48.858738203000087 ], [ 5.51253446700008, 48.858758970000054 ], [ 5.512401663000048, 48.858779755000057 ], [ 5.512270779000062, 48.858804998000039 ], [ 5.512137758000051, 48.858821288000058 ], [ 5.512004954000076, 48.858842072000073 ], [ 5.511923869000043, 48.858857271000034 ], [ 5.511872149000055, 48.858862856000087 ], [ 5.511739128000045, 48.858879146000049 ], [ 5.511603553000043, 48.858895489000084 ], [ 5.51146882900008, 48.858911814000074 ], [ 5.511335808000069, 48.858928103000039 ], [ 5.511201935000088, 48.858944410000049 ], [ 5.511068913000088, 48.858960699000079 ], [ 5.510934189000068, 48.858977023000079 ], [ 5.510799464000058, 48.85899334800007 ], [ 5.510667294000086, 48.859009618000073 ], [ 5.510532569000077, 48.859025942000073 ], [ 5.510399548000066, 48.859042230000057 ], [ 5.510263971000086, 48.859058572000038 ], [ 5.510130098000047, 48.859074877000069 ], [ 5.510030064000091, 48.859085974000038 ], [ 5.509996008000087, 48.859086689000037 ], [ 5.509859998000081, 48.859094041000048 ], [ 5.509723772000086, 48.859096899000072 ], [ 5.509587546000091, 48.859099757000081 ], [ 5.50945131900005, 48.859102614000051 ], [ 5.509315093000055, 48.859105472000067 ], [ 5.50917886700006, 48.859108329000037 ], [ 5.509043708000092, 48.859115663000068 ], [ 5.508907482000041, 48.859118520000038 ], [ 5.508771256000045, 48.859121377000072 ], [ 5.508635029000061, 48.859124234000042 ], [ 5.508498803000066, 48.859127090000072 ], [ 5.508464746000072, 48.859127804000082 ], [ 5.508365968000078, 48.859111880000057 ], [ 5.50823313300009, 48.859096670000042 ], [ 5.508098379000046, 48.85907700100006 ], [ 5.507966814000042, 48.859052766000048 ], [ 5.507833979000054, 48.859037555000043 ], [ 5.507701563000069, 48.859013338000068 ], [ 5.507567661000053, 48.858993650000059 ], [ 5.507434826000065, 48.858978439000055 ], [ 5.507302411000069, 48.858954221000033 ], [ 5.507169360000091, 48.858934515000051 ], [ 5.507036526000093, 48.85891930400004 ], [ 5.506903259000069, 48.858895103000073 ], [ 5.506771060000062, 48.85887537900004 ], [ 5.506638226000064, 48.858860167000046 ], [ 5.506505811000068, 48.858835948000042 ], [ 5.506372126000088, 48.858820754000078 ], [ 5.506240779000052, 48.858801011000082 ], [ 5.506107513000075, 48.858776810000052 ], [ 5.505972976000066, 48.858761633000086 ], [ 5.505841630000077, 48.858741890000033 ], [ 5.505708364000043, 48.85871768800007 ], [ 5.505574679000063, 48.858702493000067 ], [ 5.505442265000056, 48.858678273000073 ], [ 5.505309216000057, 48.858658565000042 ], [ 5.505175531000077, 48.858643369000049 ], [ 5.505043969000042, 48.858619131000069 ], [ 5.504910069000061, 48.858599441000081 ], [ 5.504776385000071, 48.858584244000042 ], [ 5.504644823000092, 48.858560006000062 ], [ 5.504511774000093, 48.858540297000047 ], [ 5.504378941000084, 48.858525082000085 ], [ 5.504245677000085, 48.858500879000083 ], [ 5.504113480000058, 48.858481152000081 ], [ 5.503980648000038, 48.858465937000062 ], [ 5.503847384000039, 48.858441733000063 ], [ 5.503714336000087, 48.85842202300006 ], [ 5.503582991000087, 48.858402278000085 ], [ 5.50344909100005, 48.858382586000062 ], [ 5.503315192000059, 48.858362893000049 ], [ 5.503183847000059, 48.858343148000081 ], [ 5.503049948000069, 48.858323455000061 ], [ 5.502918604000058, 48.85830370900004 ], [ 5.502784705000067, 48.858284016000077 ], [ 5.502650806000076, 48.858264323000071 ], [ 5.502519462000066, 48.858244576000061 ], [ 5.502386415000046, 48.858224865000068 ], [ 5.502251665000074, 48.858205190000042 ], [ 5.502120321000064, 48.858185442000043 ], [ 5.50198727500009, 48.858165731000042 ], [ 5.501853377000089, 48.85814603700004 ], [ 5.50172118200004, 48.858126307000077 ], [ 5.501588135000077, 48.858106595000038 ], [ 5.501455940000085, 48.858086865000082 ], [ 5.501322894000055, 48.858067153000043 ], [ 5.501189848000081, 48.858047441000053 ], [ 5.501056802000051, 48.858027728000081 ], [ 5.500924607000059, 48.858007997000072 ], [ 5.500816468000039, 48.857992263000085 ], [ 5.500790926000093, 48.857992797000072 ], [ 5.500656609000089, 48.857982108000051 ], [ 5.500519102000055, 48.857975984000063 ], [ 5.500383298000088, 48.857969825000055 ], [ 5.500268779000066, 48.857963221000034 ], [ 5.500248346000092, 48.857963648000073 ], [ 5.500116391000063, 48.857984401000067 ], [ 5.499983799000063, 48.858009667000033 ], [ 5.499931228000094, 48.858015264000073 ], [ 5.499860154000089, 48.858043742000064 ], [ 5.499740345000077, 48.858086736000082 ], [ 5.499620536000066, 48.858129729000041 ], [ 5.499502429000074, 48.858172686000046 ], [ 5.499382619000073, 48.858215679000068 ], [ 5.499264513000071, 48.858258636000073 ], [ 5.499184525000089, 48.858332289000032 ], [ 5.499103471000069, 48.858401465000043 ], [ 5.499023483000087, 48.858475118000058 ], [ 5.498941793000085, 48.858548806000051 ], [ 5.498861804000057, 48.85862245800007 ], [ 5.498779898000066, 48.858691652000061 ], [ 5.497665157000085, 48.85974066700004 ], [ 5.496895277000078, 48.86053503800008 ], [ 5.494531105000078, 48.863117197000072 ] ] ] } },
{ "type": "Feature", "properties": { "fid": 129, "gid": 129, "CdEuMasseDEau": "FRB1R510", "NomMasseDEau": "RUISSEAU DE MARBOTTE", "Etat masse eau ": "Inconnu", "Etat ecologique": "Bon", "Etat chimique": "Inconnu", "_swEcologicalStatusOrPotentialValue": "2", "_swChemicalStatusValue": "U" }, "geometry": { "type": "MultiLineString", "coordinates": [ [ [ 5.621274282000059, 48.842613360000087 ], [ 5.620729801000039, 48.842629793000071 ], [ 5.619236718000082, 48.842725492000056 ], [ 5.618003722000083, 48.842622016000064 ], [ 5.613851245000092, 48.841610564000064 ], [ 5.613216396000041, 48.841269007000051 ], [ 5.612148929000057, 48.840761432000079 ], [ 5.610690139000042, 48.840316381000036 ], [ 5.609856424000043, 48.840069131000064 ], [ 5.607898377000083, 48.839266014000088 ], [ 5.604364457000088, 48.838330730000052 ], [ 5.60262474600006, 48.837972685000068 ], [ 5.601664675000052, 48.837872101000073 ], [ 5.601117142000078, 48.837843521000082 ], [ 5.599281056000052, 48.83789244500008 ], [ 5.597204484000088, 48.838176019000059 ], [ 5.596781203000091, 48.83823020300008 ], [ 5.596246030000088, 48.83838129600008 ], [ 5.595701585000086, 48.838397615000083 ], [ 5.594947561000083, 48.838328497000077 ], [ 5.593628016000082, 48.837920712000077 ], [ 5.592503256000043, 48.83736921700006 ], [ 5.590947044000075, 48.836467133000042 ], [ 5.589726702000064, 48.835688230000073 ], [ 5.589449286000047, 48.835608755000067 ], [ 5.58840310800008, 48.835230986000056 ], [ 5.586561861000064, 48.834110061000047 ], [ 5.586196511000082, 48.833717543000034 ], [ 5.585907415000065, 48.83345384900008 ], [ 5.585417393000057, 48.833243990000085 ], [ 5.58466345700009, 48.833174807000034 ], [ 5.583907294000085, 48.833060676000059 ], [ 5.582482496000068, 48.833154446000037 ], [ 5.581002853000086, 48.833465340000032 ], [ 5.580377389000091, 48.833478840000055 ], [ 5.579685382000093, 48.833318308000059 ], [ 5.579190087000086, 48.833018555000081 ], [ 5.57843086400004, 48.83285946500007 ], [ 5.577657127000066, 48.832475729000073 ], [ 5.576894843000048, 48.83227170400005 ], [ 5.575982752000073, 48.83184594800008 ], [ 5.575634859000047, 48.831718470000055 ], [ 5.574748544000045, 48.831710565000037 ], [ 5.573719272000062, 48.831602252000039 ], [ 5.572677209000062, 48.831269251000037 ], [ 5.570213451000086, 48.830210964000059 ], [ 5.568539461000057, 48.829585572000042 ], [ 5.567278780000038, 48.829032267000059 ], [ 5.565746502000081, 48.828498275000072 ], [ 5.565117403000045, 48.828246328000034 ], [ 5.564962373000071, 48.827934717000062 ], [ 5.564605567000058, 48.827676925000048 ], [ 5.562834814000041, 48.827678905000077 ], [ 5.560571114000084, 48.827650926000047 ], [ 5.559015103000092, 48.827828213000032 ], [ 5.558270452000045, 48.827893639000081 ], [ 5.553952829000082, 48.827477557000073 ], [ 5.552864990000046, 48.827509789000032 ], [ 5.55123868600009, 48.827643484000077 ], [ 5.548969407000072, 48.827309468000067 ], [ 5.548354574000086, 48.827277585000047 ], [ 5.547550139000066, 48.827479191000073 ], [ 5.545914683000092, 48.827478037000049 ], [ 5.544472961000054, 48.827292775000046 ], [ 5.542657899000062, 48.826805002000071 ], [ 5.541681157000085, 48.826425356000072 ], [ 5.54085974700007, 48.826366333000067 ], [ 5.540378028000077, 48.826286589000063 ], [ 5.539213865000079, 48.826185347000042 ], [ 5.538106250000055, 48.825898433000077 ], [ 5.536432784000056, 48.825272590000047 ], [ 5.535537668000075, 48.825116115000071 ], [ 5.533627830000057, 48.825075623000032 ], [ 5.533016287000066, 48.825093081000034 ], [ 5.531925669000088, 48.825084692000082 ], [ 5.530742721000081, 48.824893786000082 ], [ 5.529215716000067, 48.824440205000087 ] ] ] } },
{ "type": "Feature", "properties": { "fid": 132, "gid": 132, "CdEuMasseDEau": "FRB1R512", "NomMasseDEau": "ROYAT", "Etat masse eau ": "Inconnu", "Etat ecologique": "Bon", "Etat chimique": "Inconnu", "_swEcologicalStatusOrPotentialValue": "2", "_swChemicalStatusValue": "U" }, "geometry": { "type": "MultiLineString", "coordinates": [ [ [ 5.484167521000074, 48.861060933000033 ], [ 5.484274164000055, 48.861688552000032 ], [ 5.48532451300008, 48.863052370000048 ], [ 5.485969925000063, 48.863574319000072 ], [ 5.486198702000081, 48.863974458000087 ], [ 5.486234258000081, 48.86455856300006 ], [ 5.485622217000071, 48.865700478000072 ], [ 5.485494110000047, 48.865838104000034 ], [ 5.484849885000074, 48.867574522000041 ], [ 5.484403713000063, 48.868978410000068 ], [ 5.483902581000052, 48.86971311700006 ], [ 5.483581205000064, 48.870034702000055 ], [ 5.481661527000085, 48.870983283000051 ], [ 5.480488225000045, 48.871871373000033 ], [ 5.480236226000045, 48.872200507000059 ], [ 5.480213854000056, 48.872965760000056 ], [ 5.48036936200009, 48.873277450000046 ], [ 5.480424104000065, 48.874176066000082 ], [ 5.480527037000058, 48.874529334000052 ], [ 5.480838069000072, 48.875152711000055 ], [ 5.481216178000068, 48.875770198000055 ], [ 5.482354072000078, 48.876551876000072 ], [ 5.483072896000067, 48.877162290000058 ], [ 5.485708511000041, 48.878794605000053 ], [ 5.487070032000076, 48.879882007000049 ], [ 5.48892469000009, 48.881224565000082 ], [ 5.48969334700007, 48.881518990000082 ], [ 5.49088848100007, 48.882119448000083 ], [ 5.492086746000041, 48.882535380000043 ], [ 5.493141336000065, 48.883048768000037 ], [ 5.495768896000072, 48.88364632400004 ], [ 5.497171379000065, 48.884282885000061 ], [ 5.500038859000085, 48.885239741000078 ], [ 5.501090571000077, 48.885708132000047 ], [ 5.502133902000082, 48.886037229000067 ], [ 5.502493176000087, 48.886344630000053 ], [ 5.503057537000075, 48.886643243000037 ], [ 5.504590463000056, 48.887187016000041 ], [ 5.50958042700006, 48.888261173000046 ], [ 5.511876322000092, 48.889009295000051 ], [ 5.512573300000042, 48.888891196000088 ], [ 5.513114827000038, 48.888803349000057 ] ] ] } },
{ "type": "Feature", "properties": { "fid": 559, "gid": 559, "CdEuMasseDEau": "FRCR346", "NomMasseDEau": "MADINE 1", "Etat masse eau ": "Moyen", "Etat ecologique": "Moyen", "Etat chimique": "Non atteint", "_swEcologicalStatusOrPotentialValue": "3", "_swChemicalStatusValue": "3" }, "geometry": { "type": "MultiLineString", "coordinates": [ [ [ 5.653539131000059, 48.872329474000082 ], [ 5.653683958000045, 48.87246123500006 ], [ 5.65425446800009, 48.872848999000041 ], [ 5.654337456000064, 48.873072112000045 ], [ 5.654623976000039, 48.873290710000049 ], [ 5.654853862000039, 48.873686028000073 ], [ 5.655350209000062, 48.873989950000073 ], [ 5.655450132000055, 48.874478132000043 ], [ 5.655487593000089, 48.875062181000033 ], [ 5.655637869000088, 48.875283800000034 ], [ 5.656505448000075, 48.875844923000045 ], [ 5.656724713000074, 48.876065009000058 ], [ 5.657371150000074, 48.876586045000067 ], [ 5.658066266000048, 48.876791062000052 ], [ 5.658628268000086, 48.877044022000064 ], [ 5.659207455000058, 48.877566543000057 ], [ 5.659945547000064, 48.878445454000087 ], [ 5.660802748000037, 48.879051769000057 ], [ 5.661857659000077, 48.879338745000041 ], [ 5.662924754000073, 48.880030357000066 ], [ 5.66369667500004, 48.880368605000058 ], [ 5.664941722000037, 48.880637825000072 ], [ 5.666515315000083, 48.88072874900007 ], [ 5.667556665000063, 48.88101597800005 ], [ 5.669146053000077, 48.881331468000042 ], [ 5.670538813000064, 48.881786298000073 ], [ 5.672496423000041, 48.882313983000081 ], [ 5.674311712000076, 48.882975289000058 ], [ 5.674947471000053, 48.883316509000053 ], [ 5.675169154000059, 48.883581499000059 ], [ 5.67602114400006, 48.884097842000081 ], [ 5.676606057000072, 48.884710134000045 ], [ 5.677622107000047, 48.885447751000072 ], [ 5.678340177000052, 48.886012065000045 ], [ 5.679099162000057, 48.887205329000039 ], [ 5.679754152000044, 48.888895813000033 ], [ 5.68013471900008, 48.889512662000072 ], [ 5.681000485000084, 48.890028662000077 ], [ 5.682482202000074, 48.890796298000055 ], [ 5.685709714000041, 48.892190622000051 ], [ 5.686550115000045, 48.892527189000077 ], [ 5.687437713000065, 48.892538759000047 ], [ 5.687715581000077, 48.892618002000063 ], [ 5.688232276000065, 48.89301131600007 ], [ 5.688530657000058, 48.893405031000043 ], [ 5.688769790000038, 48.893939548000048 ], [ 5.689533415000085, 48.894142847000069 ], [ 5.689893617000052, 48.894445189000074 ], [ 5.690589099000079, 48.894650014000042 ], [ 5.690875890000086, 48.894868520000045 ], [ 5.691225339000084, 48.894995637000079 ], [ 5.691770346000055, 48.894978884000068 ], [ 5.692706857000076, 48.895011811000082 ], [ 5.692800803000068, 48.89501419700008 ], [ 5.694573068000068, 48.895077796000074 ], [ 5.69579279900006, 48.894946857000043 ], [ 5.697018265000054, 48.89491025600006 ], [ 5.69757134200006, 48.895032766000043 ], [ 5.698007873000051, 48.895243383000043 ], [ 5.698366035000049, 48.895505255000046 ], [ 5.698650300000054, 48.89567431100005 ], [ 5.698782966000067, 48.896143722000033 ], [ 5.698826904000043, 48.896300199000052 ], [ 5.698838782000053, 48.896479894000038 ], [ 5.698983791000046, 48.89661159700006 ], [ 5.699818834000041, 48.896858213000087 ], [ 5.700605460000077, 48.897420851000049 ], [ 5.701582125000073, 48.897749742000087 ], [ 5.702094048000049, 48.898278077000043 ], [ 5.702964845000054, 48.89888379000007 ], [ 5.703163232000065, 48.898991788000046 ] ] ] } },
{ "type": "Feature", "properties": { "fid": 135, "gid": 135, "CdEuMasseDEau": "FRB1R514", "NomMasseDEau": "RUISSEAU DE REHAU", "Etat masse eau ": "Moyen", "Etat ecologique": "Moyen", "Etat chimique": "Non atteint", "_swEcologicalStatusOrPotentialValue": "3", "_swChemicalStatusValue": "3" }, "geometry": { "type": "MultiLineString", "coordinates": [ [ [ 5.405139146000067, 48.878016113000058 ], [ 5.404426304000083, 48.879564459000051 ], [ 5.404392810000047, 48.880149950000032 ], [ 5.404514393000056, 48.881047226000078 ], [ 5.404769551000072, 48.881901330000062 ], [ 5.405070936000072, 48.882390118000046 ], [ 5.40560621800006, 48.883364551000057 ], [ 5.406269303000045, 48.883967528000085 ], [ 5.406911459000071, 48.884449461000088 ], [ 5.408038198000042, 48.885047603000032 ], [ 5.408326680000073, 48.885311713000078 ], [ 5.408680176000075, 48.885525031000043 ], [ 5.409580960000085, 48.885772317000033 ], [ 5.413503297000091, 48.885220942000046 ], [ 5.414309994000064, 48.885020231000055 ], [ 5.414508570000066, 48.88492625400005 ], [ 5.416752667000083, 48.884813486000041 ], [ 5.419287796000049, 48.885018692000081 ], [ 5.420479673000045, 48.885345487000052 ], [ 5.421672005000062, 48.885901690000082 ], [ 5.426966840000091, 48.887778335000064 ], [ 5.429144747000066, 48.888620383000045 ], [ 5.429707860000065, 48.888919358000066 ], [ 5.432604763000086, 48.890601482000079 ], [ 5.43477936000005, 48.891623441000043 ], [ 5.435919786000056, 48.892212051000058 ], [ 5.437139448000039, 48.893217406000083 ], [ 5.438279808000061, 48.894039922000047 ], [ 5.439268045000063, 48.894600109000073 ], [ 5.441087134000043, 48.895363781000071 ], [ 5.44464365500005, 48.896438354000047 ], [ 5.448309469000037, 48.897276661000042 ], [ 5.449561635000066, 48.897696409000048 ], [ 5.45056433700006, 48.898251711000057 ], [ 5.450784089000081, 48.898517129000084 ], [ 5.450801048000073, 48.898786698000038 ], [ 5.451089823000075, 48.899050702000068 ], [ 5.451656144000083, 48.89939449600007 ], [ 5.452443093000056, 48.900003685000058 ], [ 5.452665832000093, 48.900314024000068 ], [ 5.452881155000057, 48.900485058000072 ], [ 5.454220701000054, 48.901217871000085 ], [ 5.454845053000042, 48.901380517000064 ], [ 5.457878971000071, 48.901705155000059 ], [ 5.458782820000067, 48.901988004000088 ], [ 5.459810055000048, 48.902047880000055 ], [ 5.46023144500009, 48.901958247000039 ], [ 5.460281296000062, 48.901948226000059 ], [ 5.461343738000039, 48.901472031000083 ], [ 5.462695645000053, 48.901255291000041 ], [ 5.463171767000063, 48.901240999000038 ], [ 5.464142104000075, 48.901486451000039 ], [ 5.464482101000044, 48.901479453000043 ], [ 5.465217702000075, 48.90123488100005 ], [ 5.465623525000069, 48.90117704000005 ], [ 5.466723820000084, 48.901320825000077 ], [ 5.467672014000073, 48.901206816000069 ], [ 5.468897783000045, 48.901172550000069 ], [ 5.469638477000046, 48.901017817000081 ], [ 5.46996524900004, 48.900786145000041 ], [ 5.470494176000045, 48.900500816000033 ], [ 5.472681327000089, 48.900577130000045 ], [ 5.473574135000092, 48.900680152000064 ], [ 5.477262931000041, 48.900765838000041 ], [ 5.479524258000083, 48.900930465000044 ], [ 5.483364554000048, 48.901044317000071 ], [ 5.489110258000039, 48.901298396000072 ], [ 5.495399873000054, 48.901527369000064 ], [ 5.496382933000064, 48.901767800000073 ], [ 5.497017969000069, 48.902114451000045 ], [ 5.497568277000084, 48.902188448000061 ], [ 5.498815143000058, 48.902504332000042 ], [ 5.501003271000059, 48.902580111000077 ], [ 5.502629031000083, 48.902402184000039 ], [ 5.503455045000067, 48.902515378000032 ], [ 5.504356573000052, 48.902761947000045 ], [ 5.50519898500005, 48.903144707000081 ], [ 5.506103549000045, 48.903436186000079 ], [ 5.509494742000072, 48.904012971000043 ], [ 5.511565198000085, 48.904405932000088 ], [ 5.51372114500009, 48.905066985000083 ], [ 5.515102787000046, 48.905343883000057 ], [ 5.516979850000041, 48.905916263000051 ], [ 5.51901236100008, 48.906579817000079 ], [ 5.521039743000074, 48.907382905000077 ], [ 5.522658977000049, 48.908194558000048 ], [ 5.524744011000053, 48.908811923000087 ], [ 5.525653997000063, 48.909193118000083 ], [ 5.526099052000063, 48.909539127000073 ], [ 5.526254092000045, 48.909850764000055 ], [ 5.526304448000076, 48.910659466000077 ], [ 5.526119443000084, 48.910978276000037 ], [ 5.526152444000047, 48.911517422000088 ], [ 5.526534608000077, 48.912184162000081 ], [ 5.526734588000068, 48.913210140000047 ], [ 5.526494386000081, 48.91334117100007 ], [ 5.526519017000055, 48.913637564000055 ] ] ] } },
{ "type": "Feature", "properties": { "fid": 43, "gid": 43, "CdEuMasseDEau": "FRB1R513", "NomMasseDEau": "RUISSEAU DE MARSOUPE", "Etat masse eau ": "Inconnu", "Etat ecologique": "Bon", "Etat chimique": "Inconnu", "_swEcologicalStatusOrPotentialValue": "2", "_swChemicalStatusValue": "U" }, "geometry": { "type": "MultiLineString", "coordinates": [ [ [ 5.620225408000067, 48.902009876000079 ], [ 5.618812455000068, 48.901239987000046 ], [ 5.618094820000067, 48.900675324000083 ], [ 5.617640518000087, 48.900190378000048 ], [ 5.617410798000037, 48.899794999000051 ], [ 5.617266274000087, 48.89858345500005 ], [ 5.617036337000059, 48.898183580000079 ], [ 5.616658714000039, 48.897611475000083 ], [ 5.615992351000045, 48.896775744000081 ], [ 5.615849811000089, 48.896688880000056 ], [ 5.615459206000082, 48.896112556000048 ], [ 5.615294568000081, 48.895670761000083 ], [ 5.614068303000067, 48.894622303000062 ], [ 5.613918148000039, 48.894400636000057 ], [ 5.613952404000088, 48.893860019000051 ], [ 5.614062438000076, 48.893452713000045 ], [ 5.614119361000064, 48.892191772000047 ], [ 5.613963221000063, 48.891884756000081 ], [ 5.613240610000048, 48.891455139000072 ], [ 5.613095833000045, 48.89132333200007 ], [ 5.613084253000068, 48.891143628000073 ], [ 5.612658397000075, 48.890882988000051 ], [ 5.611742733000085, 48.890412587000071 ], [ 5.610516888000063, 48.889368582000088 ], [ 5.609232257000087, 48.888460814000041 ], [ 5.608715165000092, 48.887842235000051 ], [ 5.608395331000054, 48.887313832000082 ], [ 5.607955942000046, 48.886833022000083 ], [ 5.607096127000091, 48.886181412000042 ], [ 5.606750045000069, 48.886098971000081 ], [ 5.605908464000038, 48.885725889000071 ], [ 5.604870686000083, 48.885487541000032 ], [ 5.601168132000055, 48.885181156000051 ], [ 5.598403770000061, 48.884809304000044 ], [ 5.597654856000077, 48.884839057000079 ], [ 5.596843535000062, 48.884951140000055 ], [ 5.596225752000066, 48.884874564000086 ], [ 5.595680820000041, 48.884890882000043 ], [ 5.593990021000081, 48.885116492000073 ], [ 5.593167177000055, 48.88504884300005 ], [ 5.592812930000093, 48.884836071000052 ], [ 5.592254253000078, 48.884627725000087 ], [ 5.589866701000062, 48.884611928000083 ], [ 5.589199842000085, 48.884851301000083 ], [ 5.588862430000063, 48.884908088000088 ], [ 5.587838248000082, 48.884889746000056 ], [ 5.587548859000037, 48.884626068000046 ], [ 5.587177829000041, 48.884143708000067 ], [ 5.58635501100008, 48.884076012000037 ], [ 5.584244928000089, 48.88413508800005 ], [ 5.583841379000091, 48.884233778000073 ], [ 5.58170331000008, 48.88493225600007 ], [ 5.581240845000082, 48.885167175000049 ], [ 5.580528098000059, 48.885771898000087 ], [ 5.579387680000082, 48.886075411000043 ], [ 5.578988036000055, 48.886218989000042 ], [ 5.578341170000044, 48.886777289000072 ], [ 5.57781297400004, 48.887063098000056 ], [ 5.577075026000045, 48.887263442000062 ], [ 5.576261843000054, 48.887339433000079 ], [ 5.575302692000093, 48.887274595000072 ], [ 5.574074876000054, 48.887260515000037 ], [ 5.572457348000057, 48.887574219000051 ], [ 5.569969438000044, 48.88813603300008 ], [ 5.568485532000068, 48.888410822000083 ], [ 5.567595372000085, 48.888344442000061 ], [ 5.564258007000092, 48.887538708000079 ], [ 5.561872100000073, 48.887558305000077 ], [ 5.558919507000041, 48.887239061000059 ], [ 5.558442688000071, 48.887253753000039 ], [ 5.558244364000075, 48.887347969000082 ], [ 5.558192874000042, 48.887619 ], [ 5.556240830000093, 48.888034106000077 ], [ 5.554343102000075, 48.888218581000046 ], [ 5.551960656000063, 48.888291892000041 ], [ 5.550729989000047, 48.888237145000062 ], [ 5.549410435000084, 48.887864861000082 ], [ 5.548739952000062, 48.887163827000052 ], [ 5.548326027000087, 48.887087163000047 ], [ 5.547848987000066, 48.887097318000087 ], [ 5.546357107000063, 48.887228039000043 ], [ 5.546021830000086, 48.887329646000069 ], [ 5.545062224000048, 48.888353289000072 ], [ 5.543129457000077, 48.889078187000052 ], [ 5.542229286000065, 48.889731639000047 ], [ 5.541085513000041, 48.88998986200005 ], [ 5.538909917000069, 48.89031945000005 ], [ 5.53759510000009, 48.890900681000062 ], [ 5.536902801000053, 48.890991834000033 ], [ 5.536740741000074, 48.891008765000038 ], [ 5.536702623000053, 48.891014072000083 ], [ 5.536627069000076, 48.891056162000041 ], [ 5.536519579000071, 48.891107926000082 ], [ 5.536413379000066, 48.891168661000052 ] ] ] } },
{ "type": "Feature", "properties": { "fid": 139, "gid": 139, "CdEuMasseDEau": "FRB1R515", "NomMasseDEau": "CREUE", "Etat masse eau ": "Bon", "Etat ecologique": "Bon", "Etat chimique": "Bon", "_swEcologicalStatusOrPotentialValue": "2", "_swChemicalStatusValue": "2" }, "geometry": { "type": "MultiLineString", "coordinates": [ [ [ 5.642952416000071, 48.903017491000071 ], [ 5.641951225000071, 48.903359011000077 ], [ 5.641224973000078, 48.903739447000078 ], [ 5.639417947000084, 48.905146968000047 ], [ 5.639228471000081, 48.90538058900006 ], [ 5.639265772000044, 48.90596462600007 ], [ 5.640085832000068, 48.907062278000069 ], [ 5.640171094000039, 48.907330333000061 ], [ 5.640242399000044, 48.907373750000033 ], [ 5.640481100000045, 48.907908356000064 ], [ 5.64051528400006, 48.908447471000045 ], [ 5.640172322000069, 48.909489782000037 ], [ 5.64012437000008, 48.909805762000083 ], [ 5.639965377000067, 48.910304146000051 ], [ 5.639718532000074, 48.910718988000042 ], [ 5.639702474000046, 48.911529143000052 ], [ 5.639589471000079, 48.91189154500006 ], [ 5.63928588400006, 48.912483092000059 ], [ 5.639311515000088, 48.912887427000051 ], [ 5.639911130000087, 48.913724500000058 ], [ 5.640056038000068, 48.913856272000032 ], [ 5.640439450000088, 48.914518153000081 ], [ 5.640842150000083, 48.915274084000032 ], [ 5.640888025000038, 48.915992893000073 ], [ 5.640775020000092, 48.916355295000074 ], [ 5.638882589000048, 48.917719675000058 ], [ 5.637171679000062, 48.918711119000079 ], [ 5.636451438000051, 48.919181360000039 ], [ 5.636201166000092, 48.91954677700005 ], [ 5.63608208900007, 48.919823828000062 ], [ 5.635704820000058, 48.920327004000058 ], [ 5.634916808000071, 48.920807724000042 ], [ 5.63464154400009, 48.921623571000055 ], [ 5.634264476000055, 48.922131235000052 ], [ 5.634210220000057, 48.922357371000032 ], [ 5.634082367000076, 48.922495147000063 ], [ 5.633693400000084, 48.922818619000047 ], [ 5.63298700200005, 48.923513473000071 ], [ 5.632292238000048, 48.924388019000048 ], [ 5.631276645000071, 48.925584525000033 ], [ 5.63094981200004, 48.925821144000047 ], [ 5.62988348500005, 48.926217961000077 ], [ 5.628407726000091, 48.926619254000059 ], [ 5.626584706000074, 48.92693816700006 ], [ 5.625511627000037, 48.927236118000053 ], [ 5.624722963000068, 48.927707780000048 ], [ 5.62398819200007, 48.92796231300008 ], [ 5.622750953000093, 48.928898164000088 ], [ 5.622302169000079, 48.929357867000078 ], [ 5.622121030000073, 48.929726234000043 ], [ 5.621620788000087, 48.93023204800005 ], [ 5.621518384000069, 48.930774143000072 ], [ 5.621453298000063, 48.930820555000082 ], [ 5.620848188000082, 48.930973256000073 ], [ 5.620036198000093, 48.931085492000079 ], [ 5.61943505000005, 48.931283087000047 ], [ 5.618787658000088, 48.931850589000078 ], [ 5.618600881000077, 48.932124598000087 ], [ 5.618365144000052, 48.932714590000046 ], [ 5.618334023000045, 48.933300110000062 ], [ 5.618226201000084, 48.933752342000048 ], [ 5.617976583000086, 48.93411769800008 ], [ 5.617681339000058, 48.934848449000071 ], [ 5.617749271000093, 48.935926665000068 ], [ 5.617854111000042, 48.936279776000049 ], [ 5.618734141000061, 48.937245770000061 ], [ 5.618768972000055, 48.937784859000033 ], [ 5.619061078000072, 48.938093386000048 ], [ 5.619081185000084, 48.938407858000062 ], [ 5.618842309000058, 48.938952929000038 ], [ 5.618819685000062, 48.939673221000078 ], [ 5.618641375000038, 48.940082005000079 ], [ 5.618184191000068, 48.940411405000077 ], [ 5.618064744000037, 48.940683939000053 ], [ 5.617300205000049, 48.941334962000042 ], [ 5.617057226000043, 48.941799139000068 ], [ 5.616843784000082, 48.942748533000042 ], [ 5.616591225000093, 48.943073457000082 ], [ 5.616534609000041, 48.943254642000056 ] ], [ [ 5.670271527000068, 48.932513651000079 ], [ 5.669933894000053, 48.932570663000043 ], [ 5.668747248000045, 48.933231443000068 ], [ 5.667896142000075, 48.933794760000069 ], [ 5.664800837000087, 48.937669668000069 ], [ 5.664267142000085, 48.937865989000045 ], [ 5.663781047000043, 48.937741832000086 ], [ 5.663386926000044, 48.937980034000077 ], [ 5.663484124000092, 48.938427756000067 ], [ 5.661397971000042, 48.938897002000033 ], [ 5.660205852000047, 48.939472332000037 ], [ 5.659257386000093, 48.939587861000064 ], [ 5.658791635000057, 48.939778149000063 ], [ 5.658468840000069, 48.940059739000048 ], [ 5.658436911000081, 48.940420352000046 ], [ 5.658317676000081, 48.940692926000047 ], [ 5.656288777000043, 48.942051571000043 ], [ 5.655296201000056, 48.942541445000082 ], [ 5.654770779000046, 48.942868003000058 ], [ 5.654325534000066, 48.943377232000046 ], [ 5.654084711000053, 48.943877433000068 ], [ 5.653991205000068, 48.944554322000045 ], [ 5.653931571000044, 48.944690606000052 ], [ 5.65372823000007, 48.945774816000039 ], [ 5.653501645000063, 48.946504137000034 ], [ 5.653217951000045, 48.947185234000081 ], [ 5.65233255600009, 48.948289036000062 ], [ 5.651819472000057, 48.948808751000058 ], [ 5.651484629000038, 48.948906135000072 ], [ 5.651078642000073, 48.948964603000043 ], [ 5.649831343000074, 48.948681775000068 ], [ 5.648374177000051, 48.948318095000047 ], [ 5.64677864500004, 48.948137404000079 ], [ 5.64395021200005, 48.947686981000061 ], [ 5.641802311000049, 48.947203498000079 ] ], [ [ 5.616534609000041, 48.943254642000056 ], [ 5.616193508000038, 48.943262089000086 ], [ 5.615379055000062, 48.94332935400007 ], [ 5.613606627000081, 48.943377023000039 ], [ 5.611301094000055, 48.943620731000067 ], [ 5.610762221000073, 48.943735943000043 ], [ 5.606093049000037, 48.945484101000034 ], [ 5.60482636200004, 48.945966009000081 ], [ 5.60354962100007, 48.946281669000086 ], [ 5.601609314000086, 48.946917633000055 ], [ 5.600595457000054, 48.947079098000081 ], [ 5.599246034000089, 48.947342304000081 ], [ 5.595815679000054, 48.948163435000083 ], [ 5.594614188000094, 48.948603330000083 ], [ 5.594089402000066, 48.948934095000077 ], [ 5.593896243000074, 48.949118222000038 ], [ 5.593600351000077, 48.949844409000043 ], [ 5.593224919000079, 48.950396869000087 ], [ 5.592906815000049, 48.950763643000073 ], [ 5.592719833000047, 48.951037607000046 ] ], [ [ 5.641802311000049, 48.947203498000079 ], [ 5.640885619000073, 48.946737838000047 ], [ 5.640263049000055, 48.946616593000051 ], [ 5.638826238000092, 48.946567263000077 ], [ 5.63715286200005, 48.946028260000048 ], [ 5.635824070000069, 48.945751580000042 ], [ 5.634861945000068, 48.945651273000067 ], [ 5.633760022000047, 48.945504544000073 ], [ 5.631882919000077, 48.944969947000061 ], [ 5.62779561800005, 48.944047431000058 ], [ 5.624598925000043, 48.943379697000069 ], [ 5.622463232000087, 48.943080053000081 ], [ 5.620066301000065, 48.942966033000062 ], [ 5.617153742000085, 48.943326598000056 ], [ 5.616534609000041, 48.943254642000056 ] ], [ [ 5.592719833000047, 48.951037607000046 ], [ 5.592282787000045, 48.951690366000037 ], [ 5.591605832000084, 48.952874651000059 ], [ 5.590932053000074, 48.953883415000064 ], [ 5.590289805000055, 48.954531603000078 ], [ 5.58963602700004, 48.955000090000055 ], [ 5.588968488000091, 48.955243941000049 ], [ 5.588508521000051, 48.955523792000072 ], [ 5.588110830000062, 48.955716823000046 ], [ 5.586779025000055, 48.956253916000037 ], [ 5.586040130000072, 48.956454303000051 ], [ 5.583329997000078, 48.956800654000062 ], [ 5.581762651000076, 48.956843420000041 ], [ 5.578238274000057, 48.95640644100007 ], [ 5.577085454000041, 48.956525703000068 ], [ 5.576335049000079, 48.956546334000052 ], [ 5.575462710000068, 48.956794508000087 ], [ 5.574571593000087, 48.956732677000048 ], [ 5.574218937000069, 48.956560308000064 ], [ 5.573932296000066, 48.956341535000043 ], [ 5.572600469000065, 48.955794309000055 ], [ 5.569877477000091, 48.954845040000073 ], [ 5.569092267000087, 48.954506485000081 ], [ 5.568591730000037, 48.954157326000086 ], [ 5.568223453000087, 48.953719858000056 ], [ 5.567917050000062, 48.953186593000055 ], [ 5.567803917000049, 48.952469243000053 ], [ 5.567585781000048, 48.952253485000085 ], [ 5.566952104000052, 48.95195665600005 ], [ 5.566597287000093, 48.951739326000052 ], [ 5.566304562000084, 48.951430693000077 ], [ 5.565743058000066, 48.951177298000061 ], [ 5.564133232000074, 48.950770889000069 ], [ 5.563284330000045, 48.950298701000072 ], [ 5.562631784000075, 48.949687352000069 ], [ 5.562252171000068, 48.94907016500008 ], [ 5.561954205000063, 48.948671661000049 ], [ 5.561312257000054, 48.94824002200005 ], [ 5.56053778200004, 48.947856197000078 ], [ 5.560321687000055, 48.947680870000056 ], [ 5.56009219300006, 48.947285398000083 ], [ 5.559422790000042, 48.946624907000057 ], [ 5.558923468000046, 48.946280181000077 ], [ 5.558296041000062, 48.946073145000071 ], [ 5.558154315000081, 48.94598619900006 ], [ 5.558142912000051, 48.945806498000081 ], [ 5.557976172000053, 48.945315212000082 ], [ 5.557573845000093, 48.944338605000041 ], [ 5.557123046000072, 48.94367793400005 ], [ 5.556271261000063, 48.943160773000045 ], [ 5.555894571000067, 48.942808919000072 ], [ 5.555254040000079, 48.942386215000056 ], [ 5.553627966000079, 48.941485169000032 ], [ 5.552503596000065, 48.940978289000043 ], [ 5.551311661000057, 48.940468339000063 ], [ 5.549657644000092, 48.939342904000057 ], [ 5.549309317000052, 48.939219856000079 ], [ 5.548392522000086, 48.938749010000038 ], [ 5.547767429000089, 48.938586857000082 ], [ 5.547355931000084, 48.938550620000058 ], [ 5.545582546000048, 48.937477153000088 ], [ 5.543352462000087, 48.936732756000083 ], [ 5.542938150000055, 48.936656077000073 ], [ 5.542537164000066, 48.936799544000053 ], [ 5.542017412000064, 48.937219946000077 ], [ 5.541681805000053, 48.93732153600007 ], [ 5.541139989000044, 48.937378014000046 ], [ 5.539533830000039, 48.937016191000055 ], [ 5.539181642000074, 48.936848210000051 ], [ 5.539105140000061, 48.936714873000085 ], [ 5.538883924000061, 48.936449644000049 ], [ 5.538384836000091, 48.936104829000051 ], [ 5.537471240000059, 48.935678820000078 ], [ 5.535717539000075, 48.934915197000073 ], [ 5.535357100000056, 48.934612421000047 ], [ 5.534985979000055, 48.934125427000083 ], [ 5.534625550000044, 48.933822649000042 ], [ 5.532518556000071, 48.933075451000043 ], [ 5.531056569000043, 48.932620497000073 ], [ 5.529437296000083, 48.931808958000033 ], [ 5.528106565000087, 48.931261225000071 ], [ 5.525513003000071, 48.930384716000049 ], [ 5.52298942200008, 48.929295244000059 ], [ 5.52180022400006, 48.928829936000056 ], [ 5.52123615000005, 48.928531405000058 ], [ 5.521085440000093, 48.928309646000059 ], [ 5.520799396000086, 48.928095234000068 ], [ 5.520047202000057, 48.928070572000081 ], [ 5.519559367000056, 48.927900890000046 ], [ 5.518776417000083, 48.927382021000085 ], [ 5.518498620000059, 48.927302388000051 ], [ 5.517664596000088, 48.927279431000045 ], [ 5.515505288000043, 48.926569029000063 ], [ 5.51515930000005, 48.926490820000083 ], [ 5.514665446000038, 48.926231272000052 ], [ 5.514447640000071, 48.926015413000073 ], [ 5.51436516800004, 48.925792214000069 ], [ 5.514490321000039, 48.925609643000087 ], [ 5.514337476000037, 48.92534293500006 ], [ 5.514054284000053, 48.925168934000055 ], [ 5.513293916000066, 48.925009445000057 ], [ 5.512253190000081, 48.924734368000088 ], [ 5.511331794000057, 48.924173369000073 ], [ 5.510691184000052, 48.923966366000059 ], [ 5.510066169000083, 48.923799520000046 ], [ 5.509984788000054, 48.923580794000088 ], [ 5.509911402000057, 48.923492360000068 ], [ 5.509412704000056, 48.923237391000043 ], [ 5.509065605000046, 48.923064717000045 ] ], [ [ 5.666997628000047, 48.972445727000043 ], [ 5.666909815000054, 48.972132772000073 ], [ 5.666681477000054, 48.97177795500005 ], [ 5.666237677000083, 48.971252480000032 ], [ 5.666262816000085, 48.970577117000062 ], [ 5.666383924000058, 48.970340491000059 ], [ 5.666829282000037, 48.969831230000068 ], [ 5.666780695000057, 48.969067531000064 ], [ 5.666899098000044, 48.968794975000037 ], [ 5.667342362000056, 48.968245269000079 ], [ 5.669439667000063, 48.966025707000085 ], [ 5.669576164000091, 48.966022668000051 ], [ 5.669786380000062, 48.966107961000034 ], [ 5.670062306000091, 48.966142304000073 ], [ 5.670127393000087, 48.966095867000043 ], [ 5.670089702000041, 48.965511872000043 ], [ 5.669998098000065, 48.965158513000063 ], [ 5.670132053000088, 48.965106044000038 ], [ 5.670256754000093, 48.964923317000057 ], [ 5.670722226000066, 48.964724001000043 ], [ 5.670704106000073, 48.964454481000082 ], [ 5.670121296000048, 48.963882628000079 ], [ 5.669959141000049, 48.963485853000073 ], [ 5.669915131000039, 48.962812023000083 ], [ 5.669690828000057, 48.962502106000045 ], [ 5.669102409000061, 48.962069834000033 ], [ 5.667267176000053, 48.96113895600007 ], [ 5.666846171000088, 48.96097287300006 ], [ 5.666417169000056, 48.960667504000071 ], [ 5.666183653000076, 48.960227323000083 ], [ 5.66605088600005, 48.959919863000039 ], [ 5.665287419000038, 48.959037093000063 ], [ 5.665113035000047, 48.957601371000067 ], [ 5.66495070700006, 48.95720009300004 ], [ 5.664510205000056, 48.956719522000071 ], [ 5.663714459000062, 48.956021907000043 ], [ 5.66326766800006, 48.95545149600008 ], [ 5.662474259000078, 48.954798809000067 ], [ 5.66160529800004, 48.954237769000088 ], [ 5.660693528000081, 48.953857624000079 ], [ 5.659016539000049, 48.953274012000072 ], [ 5.657545136000067, 48.952685819000067 ], [ 5.654757511000071, 48.95182085600004 ], [ 5.652221749000091, 48.950819792000061 ], [ 5.650411640000073, 48.950283996000053 ], [ 5.648406540000053, 48.949891943000068 ], [ 5.646682721000047, 48.949624110000059 ], [ 5.64190270000006, 48.948775846000046 ], [ 5.64155095600006, 48.948608148000062 ], [ 5.641465619000087, 48.948340105000057 ], [ 5.641762889000063, 48.947654242000056 ], [ 5.641802311000049, 48.947203498000079 ] ], [ [ 5.638913251000076, 48.983872802000064 ], [ 5.638799300000073, 48.983160034000043 ], [ 5.638648784000054, 48.982938416000081 ], [ 5.638623124000048, 48.982534107000049 ], [ 5.638446098000088, 48.981908199000088 ], [ 5.638397229000077, 48.980289778000042 ], [ 5.638229847000048, 48.97980311200007 ], [ 5.637777487000051, 48.979138273000046 ], [ 5.637123703000043, 48.978527346000078 ], [ 5.636389989000065, 48.977738228000078 ], [ 5.634789534000049, 48.976432819000081 ], [ 5.634494215000075, 48.976083918000086 ], [ 5.634158246000084, 48.975101603000041 ], [ 5.63331680400006, 48.973685026000055 ], [ 5.632466899000065, 48.97321333900004 ], [ 5.632390104000081, 48.973080067000069 ], [ 5.632432756000071, 48.972674254000083 ], [ 5.633271232000084, 48.972111508000069 ], [ 5.633227917000056, 48.971442164000052 ], [ 5.632864710000092, 48.970730359000072 ], [ 5.632761751000089, 48.970552674000032 ], [ 5.632552633000046, 48.969527079000045 ], [ 5.632465598000067, 48.969124112000088 ], [ 5.632325385000058, 48.968767300000081 ], [ 5.632221293000043, 48.96849966700006 ], [ 5.631922680000059, 48.968101345000044 ], [ 5.631197155000052, 48.967806863000078 ], [ 5.630577372000062, 48.967492063000073 ], [ 5.630359878000093, 48.967379871000048 ], [ 5.629260817000045, 48.966927123000062 ], [ 5.625526903000093, 48.965492913000048 ], [ 5.624342659000092, 48.965127462000055 ], [ 5.623136044000091, 48.964623030000041 ], [ 5.621655366000084, 48.963899649000041 ], [ 5.620512615000052, 48.963119378000052 ], [ 5.620302492000064, 48.963033998000071 ], [ 5.619411215000071, 48.962972501000081 ], [ 5.618918758000064, 48.962758328000064 ], [ 5.618418887000075, 48.962413855000079 ], [ 5.618041410000046, 48.96183727600004 ], [ 5.617825290000042, 48.961666549000086 ], [ 5.616595376000078, 48.960798172000068 ], [ 5.616294891000052, 48.960359365000045 ], [ 5.616164389000062, 48.959921346000051 ], [ 5.615967859000079, 48.959511759000073 ], [ 5.615248598000051, 48.958947128000034 ], [ 5.61466357200004, 48.958334579000052 ], [ 5.614362892000088, 48.95789127200004 ], [ 5.613996463000092, 48.957498883000085 ], [ 5.613058889000058, 48.956939 ], [ 5.612073819000045, 48.956470118000077 ], [ 5.608952232000092, 48.95571035200004 ], [ 5.608111313000052, 48.955373260000052 ], [ 5.607205500000077, 48.95508705900005 ], [ 5.605521636000049, 48.954592834000039 ], [ 5.603439791000085, 48.954062246000042 ], [ 5.602670271000079, 48.953768552000042 ], [ 5.601604939000083, 48.953125881000062 ], [ 5.600600494000048, 48.952351419000081 ], [ 5.599961280000059, 48.951964908000043 ], [ 5.598624089000055, 48.951553041000068 ], [ 5.597979330000044, 48.951072167000063 ], [ 5.597150320000083, 48.950919186000078 ], [ 5.596121739000068, 48.950855997000083 ], [ 5.593736034000074, 48.950921148000077 ], [ 5.592719833000047, 48.951037607000046 ] ] ] } },
{ "type": "Feature", "properties": { "fid": 140, "gid": 140, "CdEuMasseDEau": "FRB1R516", "NomMasseDEau": "RUISSEAU DE HAMBOQUIN", "Etat masse eau ": "Bon", "Etat ecologique": "Bon", "Etat chimique": "Bon", "_swEcologicalStatusOrPotentialValue": "2", "_swChemicalStatusValue": "2" }, "geometry": { "type": "MultiLineString", "coordinates": [ [ [ 5.520471950000058, 48.909239318000061 ], [ 5.520069154000055, 48.909342268000046 ], [ 5.519478287000084, 48.909719094000081 ], [ 5.519225499000072, 48.910048316000086 ], [ 5.518937385000072, 48.910211831000083 ], [ 5.518895860000043, 48.910235198000073 ], [ 5.518770760000052, 48.910417776000088 ], [ 5.518376182000054, 48.910655507000058 ], [ 5.516569501000049, 48.911242324000057 ], [ 5.514880527000059, 48.911511735000033 ], [ 5.51465621300008, 48.911565931000041 ], [ 5.514208, 48.91166531500005 ], [ 5.513608846000068, 48.911907323000037 ], [ 5.512938481000049, 48.91210583700007 ], [ 5.512464661000081, 48.912169762000083 ], [ 5.511293441000078, 48.911978393000084 ], [ 5.510617877000072, 48.912087029000077 ], [ 5.508942238000088, 48.912581008000082 ], [ 5.507688841000061, 48.91328655500007 ], [ 5.506160721000072, 48.913957349000043 ], [ 5.505834461000063, 48.914198105000082 ], [ 5.505643500000076, 48.914431530000059 ], [ 5.50527104300005, 48.915024144000085 ], [ 5.505303238000067, 48.915338375000033 ], [ 5.505382639000061, 48.915516659000048 ], [ 5.505608777000077, 48.915871818000085 ], [ 5.505298464000077, 48.916373159000045 ], [ 5.505187531000047, 48.916780355000071 ], [ 5.504994177000071, 48.916964344000064 ], [ 5.504593455000077, 48.917112182000039 ], [ 5.503573848000087, 48.917182984000078 ], [ 5.503250355000091, 48.917464161000055 ], [ 5.502623629000084, 48.918376981000051 ], [ 5.502174091000086, 48.918840733000081 ], [ 5.501188480000053, 48.919459633000088 ], [ 5.500123023000072, 48.919891250000042 ], [ 5.499668278000058, 48.92026512800004 ], [ 5.499543086000074, 48.920447684000067 ], [ 5.499562464000064, 48.920762182000033 ], [ 5.499981757000057, 48.920928876000062 ], [ 5.50040729300008, 48.921189910000066 ], [ 5.500628249000044, 48.921455213000058 ], [ 5.500669243000061, 48.921899718000077 ], [ 5.500546427000074, 48.922131710000087 ], [ 5.500157486000092, 48.922454730000076 ], [ 5.49962548600007, 48.922695261000058 ], [ 5.49896612200007, 48.923073404000043 ], [ 5.498843932000057, 48.923300882000042 ], [ 5.498454120000076, 48.923623914000082 ], [ 5.497854754000059, 48.923865842000055 ], [ 5.497064985000065, 48.924336664000073 ], [ 5.496672144000058, 48.924614767000037 ], [ 5.496427530000062, 48.925083218000047 ], [ 5.496168924000074, 48.925313536000033 ], [ 5.495433128000059, 48.925558293000051 ], [ 5.494793048000076, 48.926250908000043 ], [ 5.49413338800008, 48.926624530000083 ], [ 5.49347694100004, 48.927047564000077 ], [ 5.493160431000092, 48.92745902200005 ], [ 5.493215451000083, 48.92835758800004 ], [ 5.492547802000047, 48.928600907000032 ], [ 5.492283365000048, 48.928745864000064 ], [ 5.492228485000055, 48.928971933000071 ], [ 5.492372845000091, 48.929099387000072 ], [ 5.492405824000059, 48.929413600000032 ], [ 5.491894336000087, 48.929977561000051 ], [ 5.491864799000041, 48.930607971000086 ], [ 5.49167650600009, 48.930881800000073 ], [ 5.491824091000069, 48.931058672000063 ], [ 5.492251608000061, 48.931360178000034 ], [ 5.492311776000065, 48.932348604000083 ], [ 5.492454208000083, 48.932435612000063 ], [ 5.493003977000058, 48.932509646000085 ], [ 5.493080355000075, 48.932643012000085 ], [ 5.492969292000055, 48.933050191000063 ], [ 5.492846199000041, 48.933277679000071 ], [ 5.492792385000087, 48.933508224000043 ] ] ] } },
{ "type": "Feature", "properties": { "fid": 91, "gid": 91, "CdEuMasseDEau": "FRB1R480", "NomMasseDEau": "CANAL DE L'EST BRANCHE-NORD 2", "Etat masse eau ": "Moyen", "Etat ecologique": "Bon", "Etat chimique": "Non atteint", "_swEcologicalStatusOrPotentialValue": "2", "_swChemicalStatusValue": "3" }, "geometry": { "type": "MultiLineString", "coordinates": [ [ [ 5.52716237900006, 48.913516021000078 ], [ 5.527019754000094, 48.913635996000039 ], [ 5.526190196000073, 48.91435079200005 ], [ 5.522677943000076, 48.916926079000064 ], [ 5.52222641700007, 48.917344966000087 ], [ 5.521185894000041, 48.918181129000061 ], [ 5.519116010000062, 48.92003313400005 ], [ 5.518022129000087, 48.921108815000082 ], [ 5.517367903000093, 48.921572429000037 ], [ 5.516270492000047, 48.922594181000079 ], [ 5.516205991000049, 48.922672013000067 ], [ 5.515965655000059, 48.922960474000043 ], [ 5.515658425000083, 48.923506760000073 ], [ 5.515710803000047, 48.924360396000047 ], [ 5.515727886000093, 48.925754606000055 ], [ 5.515505288000043, 48.926569029000063 ], [ 5.515337996000085, 48.92681546600005 ], [ 5.515192198000079, 48.927029961000073 ], [ 5.513781518000087, 48.928512617000081 ], [ 5.512177393000059, 48.929949824000062 ], [ 5.511469275000081, 48.93064395600004 ], [ 5.510896702000082, 48.931335243000042 ], [ 5.510657577000075, 48.931880083000067 ], [ 5.510701668000081, 48.93259893000004 ], [ 5.510862729000053, 48.933000425000046 ], [ 5.511454463000064, 48.933748280000088 ], [ 5.512196280000069, 48.934492985000077 ], [ 5.513126941000053, 48.935188739000068 ], [ 5.514067806000071, 48.936059715000056 ], [ 5.514728053000056, 48.93681061400008 ], [ 5.514954130000092, 48.937161255000042 ], [ 5.51511826400008, 48.937607665000087 ], [ 5.514631270000052, 48.941675573000055 ], [ 5.514631353000084, 48.941765542000041 ], [ 5.514632288000087, 48.941855493000048 ], [ 5.514632371000062, 48.941945462000042 ], [ 5.514634159000082, 48.942035395000062 ], [ 5.514633390000085, 48.942125382000086 ], [ 5.514635178000049, 48.942215315000055 ], [ 5.51463526100008, 48.942305284000042 ], [ 5.514636196000083, 48.942395235000049 ], [ 5.514637132000075, 48.942485186000056 ], [ 5.51463636200009, 48.94257517300008 ], [ 5.51463900300007, 48.942665088000069 ], [ 5.514638233000085, 48.942755075000044 ], [ 5.514639168000088, 48.942845026000043 ], [ 5.51464010400008, 48.94293497700005 ], [ 5.514622278000047, 48.94302532200004 ], [ 5.514601677000087, 48.943111226000042 ], [ 5.514583851000054, 48.943201571000088 ], [ 5.51456432000009, 48.943291951000049 ], [ 5.51454627600009, 48.943377802000043 ], [ 5.514526745000069, 48.943468182000061 ], [ 5.514507213000059, 48.943558563000067 ], [ 5.514490240000043, 48.943648889000087 ], [ 5.514468785000076, 48.943734812000059 ], [ 5.514451811000072, 48.943825138000079 ], [ 5.514432279000061, 48.943915519000086 ], [ 5.51441338300009, 48.944001387000071 ], [ 5.51439470400004, 48.944091750000041 ], [ 5.51437517100004, 48.944182130000058 ], [ 5.514357345000064, 48.944272474000059 ], [ 5.514336742000069, 48.94435837900005 ], [ 5.514318916000093, 48.94444872300005 ], [ 5.514299383000093, 48.944539104000057 ], [ 5.514281339000092, 48.944624954000062 ], [ 5.514261807000082, 48.94471533400008 ], [ 5.514244832000088, 48.944805661000032 ], [ 5.514227206000044, 48.944882506000056 ], [ 5.514225300000078, 48.94489604100005 ], [ 5.514210667000043, 48.944981820000073 ], [ 5.514197956000089, 48.945072057000061 ], [ 5.51418439300005, 48.945162312000043 ], [ 5.514169977000051, 48.945252585000048 ], [ 5.514157267000087, 48.945342822000043 ], [ 5.514142634000052, 48.94542860100006 ], [ 5.514129923000041, 48.945518838000055 ], [ 5.51411636000006, 48.945609093000087 ], [ 5.51410194400006, 48.945699366000042 ], [ 5.51408923300005, 48.945789603000037 ], [ 5.514074599000082, 48.945875381000064 ], [ 5.514061036000044, 48.945965636000039 ], [ 5.51404832500009, 48.946055873000034 ], [ 5.514033909000091, 48.946146146000046 ], [ 5.51402119800008, 48.946236383000041 ], [ 5.514006564000056, 48.946322162000058 ], [ 5.513993, 48.946412417000033 ], [ 5.513980289000074, 48.946502654000085 ], [ 5.513967578000063, 48.94659289100008 ], [ 5.513953161000074, 48.946683163000046 ], [ 5.51393852700005, 48.946768942000062 ], [ 5.513924963000079, 48.946859197000038 ], [ 5.513912252000068, 48.946949434000032 ], [ 5.513899541000058, 48.947039671000077 ], [ 5.513884271000052, 48.947129961000087 ], [ 5.513870490000045, 48.947215722000067 ], [ 5.513856925000084, 48.947305977000042 ], [ 5.513844214000073, 48.947396214000037 ], [ 5.513831502000073, 48.947486450000042 ], [ 5.513816232000067, 48.947576741000034 ], [ 5.513802451000061, 48.947662502000071 ], [ 5.513788886000043, 48.947752756000057 ], [ 5.513775322000072, 48.947843011000032 ], [ 5.513763463000089, 48.947933230000046 ], [ 5.513748192000094, 48.948023520000049 ], [ 5.513733775000048, 48.948113793000061 ], [ 5.513722769000083, 48.948203994000039 ], [ 5.513707498000088, 48.948294284000042 ], [ 5.513695422000069, 48.948380009000061 ], [ 5.513680151000074, 48.948470300000047 ], [ 5.513665734000085, 48.948560572000083 ], [ 5.513654727000073, 48.948650773000047 ], [ 5.513639457000068, 48.948741064000046 ], [ 5.51362738000006, 48.948826788000083 ], [ 5.513612109000064, 48.948917079000068 ], [ 5.513597691000086, 48.949007351000034 ], [ 5.513594730000079, 48.949034404000088 ], [ 5.51372292700006, 48.949796461000062 ], [ 5.51403156300006, 48.950370294000038 ], [ 5.514844696000068, 48.951383390000046 ], [ 5.51589851500006, 48.952976233000072 ], [ 5.516600158000074, 48.954171596000037 ], [ 5.517576108000071, 48.956710738000083 ], [ 5.518056870000066, 48.957874742000058 ], [ 5.518208542000082, 48.958996174000049 ], [ 5.518105003000073, 48.959538165000083 ], [ 5.517873997000038, 48.959934384000064 ], [ 5.517179049000049, 48.961136573000033 ], [ 5.514282051000066, 48.967112819000079 ], [ 5.513962435000053, 48.967479396000051 ], [ 5.513055115000043, 48.968267648000051 ], [ 5.512465699000074, 48.968689357000073 ], [ 5.511418795000054, 48.969435536000049 ], [ 5.506254692000084, 48.972103184000048 ], [ 5.504525224000076, 48.972868060000053 ], [ 5.502895306000084, 48.973909732000038 ], [ 5.502311563000092, 48.97441673700007 ], [ 5.501038562000076, 48.975936754000088 ], [ 5.500258386000041, 48.976587294000069 ], [ 5.50006780800004, 48.976816185000082 ], [ 5.499211580000065, 48.977342348000043 ], [ 5.492054364000069, 48.982084100000073 ], [ 5.491342579000047, 48.982508236000058 ], [ 5.490810562000092, 48.982744203000038 ], [ 5.489997483000082, 48.982855552000046 ], [ 5.489165587000059, 48.982877319000067 ], [ 5.485870083000066, 48.982617296000058 ], [ 5.480887653000082, 48.982702475000053 ], [ 5.48031095500005, 48.982790874000045 ], [ 5.47804510900005, 48.983143598000083 ], [ 5.476768400000083, 48.98349384800008 ], [ 5.472560774000044, 48.98508759200007 ], [ 5.472032279000075, 48.985381877000073 ], [ 5.471712252000088, 48.985748335000039 ], [ 5.471339110000088, 48.98634529800006 ], [ 5.47074346900007, 48.987797015000069 ], [ 5.470107478000045, 48.989478968000071 ], [ 5.469875776000038, 48.99015847700008 ], [ 5.469102735000092, 48.992068154000037 ], [ 5.46825451400008, 48.993853418000072 ], [ 5.468126045000076, 48.99399100800008 ], [ 5.46740537800008, 48.995404782000037 ], [ 5.466482346000078, 48.997092604000045 ], [ 5.465964363000069, 48.997557572000062 ], [ 5.465144156000065, 48.998100719000043 ], [ 5.46432137100004, 48.99864391400007 ], [ 5.464324357000066, 48.998688834000063 ], [ 5.464229805000059, 48.998749253000085 ], [ 5.464132051000092, 48.998814236000051 ], [ 5.464037712000049, 48.998879149000061 ], [ 5.46394166500005, 48.998944096000059 ], [ 5.463846471000068, 48.999009026000067 ], [ 5.463751278000075, 48.999073956000082 ], [ 5.463655871000071, 48.999134392000087 ], [ 5.463559823000082, 48.999199339000086 ], [ 5.463465482000061, 48.999264251000056 ], [ 5.463369434000072, 48.999329198000055 ], [ 5.463273385000093, 48.999394145000053 ], [ 5.463177123000094, 48.999454598000057 ], [ 5.46308128700008, 48.99952403900005 ], [ 5.462986732000047, 48.999584456000044 ], [ 5.462890683000069, 48.999649403000042 ], [ 5.462795487000051, 48.999714332000053 ], [ 5.462699437000083, 48.999779279000052 ], [ 5.462605094000082, 48.999844190000033 ], [ 5.462509043000068, 48.999909136000042 ], [ 5.46241277900009, 48.999969589000045 ], [ 5.462318436000089, 49.000034500000083 ], [ 5.462222385000075, 49.000099446000043 ], [ 5.462126333000072, 49.000164392000045 ], [ 5.462030282000057, 49.000229338000047 ], [ 5.46193487000005, 49.000289772000087 ], [ 5.461839885000074, 49.000359194000055 ], [ 5.461744473000067, 49.000419629000078 ], [ 5.461648421000064, 49.000484574000041 ], [ 5.461554075000038, 49.000549485000079 ], [ 5.461458022000045, 49.000614430000041 ], [ 5.461361969000052, 49.000679375000061 ], [ 5.461267410000062, 49.000739792000047 ], [ 5.461169648000066, 49.000804772000038 ], [ 5.46107530200004, 49.000869682000086 ], [ 5.460979247000068, 49.000934627000049 ], [ 5.460884047000093, 49.000999555000078 ], [ 5.460843490000059, 49.001027376000081 ], [ 5.460795888000064, 49.001068836000059 ], [ 5.460715414000049, 49.001137959000062 ], [ 5.460633445000042, 49.001211611000087 ], [ 5.460549555000057, 49.001280805000079 ], [ 5.460468439000067, 49.001354439000067 ], [ 5.460386256000049, 49.001423597000041 ], [ 5.460302578000039, 49.001497284000038 ], [ 5.460259032000067, 49.001534163000088 ], [ 5.460230853000041, 49.001570726000068 ], [ 5.460170652000045, 49.001652928000055 ], [ 5.460111305000055, 49.001735112000063 ], [ 5.460050250000052, 49.001817331000041 ], [ 5.459990690000041, 49.001895022000042 ], [ 5.459928780000041, 49.001977258000068 ], [ 5.459869220000087, 49.002054949000069 ], [ 5.459808164000037, 49.002137168000047 ], [ 5.459748816000058, 49.002219352000047 ], [ 5.459688613000083, 49.002301553000052 ], [ 5.459628198000075, 49.002379261000051 ], [ 5.459567995000043, 49.002461462000042 ], [ 5.459507580000093, 49.002539170000034 ], [ 5.45944737700006, 49.002621371000032 ], [ 5.459388027000045, 49.002703555000039 ], [ 5.459326970000063, 49.002785774000081 ], [ 5.459266554000067, 49.002863481000077 ], [ 5.459207204000052, 49.002945665000077 ], [ 5.459145933000059, 49.003023390000067 ], [ 5.459086583000044, 49.003105574000081 ], [ 5.459024671000066, 49.003187810000043 ], [ 5.45896510700004, 49.003265500000055 ], [ 5.458904049000068, 49.003347718000043 ], [ 5.458880778000093, 49.003379682000059 ], [ 5.457864758000085, 49.004664486000081 ], [ 5.457624099000043, 49.005213694000084 ], [ 5.457057440000085, 49.008284047000082 ], [ 5.456541627000092, 49.010822566000058 ], [ 5.45624580100008, 49.011597803000086 ], [ 5.456180843791357, 49.011687583436014 ] ] ] } },
{ "type": "Feature", "properties": { "fid": 141, "gid": 141, "CdEuMasseDEau": "FRB1R519", "NomMasseDEau": "RUISSEAU DE THILLOMBOIS", "Etat masse eau ": "Inconnu", "Etat ecologique": "Bon", "Etat chimique": "Inconnu", "_swEcologicalStatusOrPotentialValue": "2", "_swChemicalStatusValue": "U" }, "geometry": { "type": "MultiLineString", "coordinates": [ [ [ 5.423315121000087, 48.929953863000037 ], [ 5.425119229000074, 48.93044817100008 ], [ 5.425890348000053, 48.930787935000069 ], [ 5.428733827000087, 48.932466717000068 ], [ 5.429090888000076, 48.932729383000037 ], [ 5.429985893000094, 48.934002280000072 ], [ 5.430285506000075, 48.934441547000063 ], [ 5.431228134000094, 48.935362592000047 ], [ 5.431382682000049, 48.935674344000063 ], [ 5.431423306000056, 48.936123361000057 ], [ 5.431112577000079, 48.936633488000041 ], [ 5.430874694000067, 48.937223107000079 ], [ 5.430571751000059, 48.937863528000037 ], [ 5.43052545200004, 48.938224339000051 ], [ 5.430230295000058, 48.938995053000042 ], [ 5.430194100000051, 48.939535595000052 ], [ 5.430746457000055, 48.940779443000046 ], [ 5.430795087000092, 48.941363247000083 ], [ 5.43103684600004, 48.941988116000061 ], [ 5.431507957000065, 48.943008688000077 ], [ 5.431875218000073, 48.943451074000052 ], [ 5.432030438000083, 48.943758312000057 ], [ 5.43240867600008, 48.944380408000086 ], [ 5.432989294000038, 48.944948912000086 ], [ 5.433286250000037, 48.945347737000077 ], [ 5.433370509000042, 48.945615929000041 ], [ 5.433614781000074, 48.946056307000049 ], [ 5.43426872100008, 48.946713284000055 ], [ 5.435064202000092, 48.947457348000057 ], [ 5.435843661000092, 48.947931830000073 ], [ 5.436538854000048, 48.948138119000077 ], [ 5.43744973400004, 48.948519952000083 ], [ 5.438307600000087, 48.949172759000078 ], [ 5.438386822000041, 48.949351082000078 ], [ 5.438430478000043, 48.949845014000061 ], [ 5.438200646000041, 48.950569428000051 ], [ 5.437948830000039, 48.950934419000077 ], [ 5.437717090000092, 48.951618385000081 ], [ 5.438010949000045, 48.951967778000039 ], [ 5.438387211000077, 48.952544910000086 ], [ 5.438435389000063, 48.953353633000063 ], [ 5.438066955000068, 48.954035880000049 ], [ 5.437837100000081, 48.954760291000071 ], [ 5.438028238000072, 48.957725306000043 ], [ 5.437976905000085, 48.957996250000072 ], [ 5.437537648000045, 48.958643946000052 ], [ 5.43756680100006, 48.959138169000077 ], [ 5.43764307500004, 48.959271567000087 ], [ 5.438326238000059, 48.959927924000056 ], [ 5.438523106000048, 48.960283785000058 ], [ 5.438893846000042, 48.960541644000045 ], [ 5.438973088000068, 48.960719964000077 ], [ 5.439823993000061, 48.961237949000072 ], [ 5.440123204000088, 48.961681691000081 ], [ 5.440158309000083, 48.962265758000058 ] ], [ [ 5.440158309000083, 48.962265758000058 ], [ 5.440507385000046, 48.962389103000078 ], [ 5.440934651000077, 48.962686290000079 ], [ 5.441210406000039, 48.962721160000058 ], [ 5.441818734000037, 48.962618804000051 ], [ 5.442230137000081, 48.962650909000047 ], [ 5.44271868800007, 48.962816390000057 ], [ 5.443056976000094, 48.962764513000081 ], [ 5.443324048000079, 48.962669104000042 ], [ 5.443667202000086, 48.962702594000064 ], [ 5.444169095000063, 48.963097211000047 ], [ 5.445355203000076, 48.963513859000045 ], [ 5.445971371000041, 48.963541774000078 ], [ 5.446250314000054, 48.963626049000077 ], [ 5.446418687000062, 48.963937495000039 ], [ 5.446088445000044, 48.96412416700008 ], [ 5.446096497000042, 48.96425895200008 ], [ 5.447337760000039, 48.964449539000043 ], [ 5.447746423000069, 48.964441196000053 ], [ 5.448014348000072, 48.964345759000082 ], [ 5.448919444000069, 48.964633159000073 ], [ 5.449192456000048, 48.964627582000048 ], [ 5.449661313000092, 48.964483053000038 ], [ 5.449937084000055, 48.964517903000058 ], [ 5.450492864000068, 48.964677480000034 ], [ 5.450855136000087, 48.965025443000059 ], [ 5.451087062000056, 48.965470533000087 ], [ 5.451446371000088, 48.965773571000057 ], [ 5.452627716000052, 48.966104777000055 ], [ 5.452919636000047, 48.966409189000046 ], [ 5.45333935900004, 48.966580534000059 ], [ 5.454269435000072, 48.967051815000048 ], [ 5.45505148500007, 48.967571104000058 ], [ 5.455741917000068, 48.967687415000057 ], [ 5.456219502000067, 48.967673134000052 ], [ 5.456551854000054, 48.967531375000078 ], [ 5.457182112000055, 48.967783861000044 ], [ 5.457659698000043, 48.967769573000055 ], [ 5.457866594000052, 48.967810315000072 ], [ 5.458095614000058, 48.968210469000041 ], [ 5.45824, 48.968337960000042 ], [ 5.459148414000083, 48.968674699000083 ], [ 5.459439746000044, 48.968983606000052 ], [ 5.460227839000083, 48.969592704000043 ], [ 5.460302059000071, 48.969681148000063 ], [ 5.461095734000082, 48.970155176000048 ], [ 5.461471318000065, 48.970727749000048 ], [ 5.461555763000092, 48.97099591500006 ], [ 5.461522853000076, 48.97158137100007 ], [ 5.461397404000081, 48.971763879000036 ], [ 5.461547984000049, 48.971985704000083 ], [ 5.461556077000068, 48.972120487000041 ], [ 5.461227966000081, 48.972352138000083 ], [ 5.461132752000083, 48.973028839000051 ], [ 5.461160008000093, 48.973478110000087 ], [ 5.461263623000093, 48.974060763000068 ], [ 5.461418467000044, 48.974372466000034 ], [ 5.461459784000056, 48.975046363000047 ], [ 5.461626156000079, 48.975312846000072 ], [ 5.461628285000074, 48.975357785000085 ], [ 5.462590836000061, 48.975463974000043 ], [ 5.464574410000068, 48.975504191000077 ], [ 5.465133552000054, 48.975713114000087 ], [ 5.465562347000059, 48.976019180000037 ], [ 5.466911486000072, 48.976873100000034 ], [ 5.466922580000073, 48.977052804000039 ], [ 5.466729293000071, 48.977245708000055 ], [ 5.466491628000085, 48.977835376000087 ], [ 5.46590556600006, 48.978301757000047 ], [ 5.464071156000045, 48.979607981000072 ], [ 5.464077125000074, 48.979697824000077 ], [ 5.464685357000064, 48.980490518000067 ], [ 5.464568212000074, 48.98081230300005 ], [ 5.464518273000067, 48.981128209000083 ], [ 5.464728853000054, 48.981209349000039 ], [ 5.465208905000054, 48.981244465000088 ], [ 5.465615353000089, 48.981186628000046 ], [ 5.466030118000049, 48.981268066000041 ], [ 5.466174559000081, 48.981395546000051 ], [ 5.466267153000047, 48.981798487000049 ], [ 5.466543240000078, 48.981837792000078 ], [ 5.466881628000067, 48.981785849000062 ], [ 5.467020099000081, 48.981823485000064 ], [ 5.467047411000067, 48.982272751000039 ], [ 5.466619192000053, 48.98309574700005 ], [ 5.466097296000044, 48.983511325000052 ], [ 5.466035205000082, 48.983607065000058 ], [ 5.466400700000065, 48.983999896000057 ], [ 5.466823383000076, 48.984211618000082 ], [ 5.466845147000072, 48.984346118000083 ], [ 5.466713925000079, 48.98444328100004 ], [ 5.466741236000075, 48.984892546000083 ], [ 5.466479213000071, 48.985077865000051 ], [ 5.466487321000045, 48.985212647000083 ], [ 5.466706242000043, 48.985433058000069 ], [ 5.466659299000071, 48.985793884000088 ], [ 5.466525725000054, 48.985841614000037 ], [ 5.466042642000048, 48.985761582000073 ], [ 5.465633174000061, 48.985774499000058 ], [ 5.464501193000046, 48.986261085000081 ], [ 5.46431255400006, 48.986534857000038 ], [ 5.464282651000076, 48.987165227000048 ], [ 5.464375238000059, 48.987568167000063 ], [ 5.464790054000048, 48.987649610000062 ], [ 5.464729874000056, 48.987785793000057 ], [ 5.464462713000046, 48.987881248000072 ], [ 5.464260849000084, 48.987930378000051 ] ], [ [ 5.379832745000044, 48.964868416000058 ], [ 5.38002963100007, 48.964729562000059 ], [ 5.38047006700009, 48.964091069000062 ], [ 5.380947011000046, 48.96290756500008 ], [ 5.380996587000084, 48.962591706000069 ], [ 5.381229328000074, 48.96191235100008 ], [ 5.381617243000051, 48.961544788000083 ], [ 5.383142980000059, 48.960776759000055 ], [ 5.383588180000061, 48.960448534000079 ], [ 5.384374549000086, 48.959888610000064 ], [ 5.384636737000051, 48.959703466000072 ], [ 5.385016513000039, 48.959196607000081 ], [ 5.385168070000077, 48.958293944000047 ], [ 5.38535702300004, 48.958020290000043 ], [ 5.386080922000076, 48.95755156000007 ], [ 5.387205527000049, 48.956939899000083 ], [ 5.388077498000087, 48.956684124000049 ], [ 5.388686506000056, 48.956577526000046 ], [ 5.389423243000067, 48.956333432000072 ], [ 5.39199543400008, 48.955953758000078 ], [ 5.39329078600008, 48.955918905000033 ], [ 5.395487658000093, 48.956122426000043 ], [ 5.395825950000074, 48.956070683000064 ], [ 5.396634303000042, 48.956139990000047 ], [ 5.397767062000071, 48.956337751000042 ], [ 5.398238706000086, 48.956233852000082 ], [ 5.398488030000067, 48.956048933000034 ], [ 5.398773591000065, 48.956038721000077 ], [ 5.399330391000092, 48.956207507000045 ], [ 5.39982875000004, 48.956552894000083 ], [ 5.400261798000088, 48.956944570000083 ], [ 5.401581182000086, 48.957318489000045 ], [ 5.402768893000086, 48.957780501000059 ], [ 5.403338466000093, 48.958169429000073 ], [ 5.403711457000043, 48.958701743000063 ], [ 5.404003257000056, 48.959010770000077 ], [ 5.404351372000065, 48.959134238000047 ], [ 5.404765865000059, 48.959215889000063 ], [ 5.405423231000043, 48.95969301100007 ], [ 5.405558665000058, 48.959685795000041 ], [ 5.405660117000082, 48.959922167000059 ], [ 5.406351853000047, 48.960385100000053 ], [ 5.406642825000063, 48.960694137000083 ], [ 5.406732839000085, 48.961052191000078 ], [ 5.406893186000048, 48.961453816000073 ], [ 5.407326328000067, 48.961845464000078 ], [ 5.407625266000082, 48.962289286000043 ], [ 5.408055069000056, 48.96262702000007 ], [ 5.408447399000067, 48.96348280400008 ], [ 5.408591650000062, 48.963610355000071 ], [ 5.409790927000074, 48.964022586000056 ], [ 5.411467541000093, 48.964654615000086 ], [ 5.412157837000052, 48.964771178000042 ], [ 5.414211096000088, 48.964851301000067 ], [ 5.414412918000039, 48.964802254000062 ], [ 5.414814264000086, 48.964654725000059 ], [ 5.415692531000047, 48.964497585000061 ], [ 5.419442666000066, 48.964394973000083 ], [ 5.420934984000041, 48.964220902000079 ], [ 5.421065597000052, 48.964128299000038 ], [ 5.421052571000075, 48.963903648000041 ], [ 5.420902186000092, 48.96368177100004 ], [ 5.421090971000069, 48.963408062000042 ], [ 5.422299311000074, 48.963059777000069 ], [ 5.423096242000042, 48.962679311000045 ], [ 5.424372592000054, 48.962325132000046 ], [ 5.42537698700005, 48.961980939000057 ], [ 5.42686836300004, 48.961806811000088 ], [ 5.428573336000056, 48.961763287000053 ], [ 5.429863963000059, 48.96164267000006 ], [ 5.431982421000043, 48.961676183000073 ], [ 5.435088396000083, 48.961990990000061 ], [ 5.436528396000085, 48.962087684000039 ], [ 5.438369017000071, 48.96204126300006 ], [ 5.438636946000088, 48.961945847000038 ], [ 5.438964028000044, 48.961709779000046 ], [ 5.439171738000084, 48.961750536000068 ], [ 5.439607236000086, 48.962187008000058 ], [ 5.440158309000083, 48.962265758000058 ] ] ] } },
{ "type": "Feature", "properties": { "fid": 136, "gid": 136, "CdEuMasseDEau": "FRB1R517", "NomMasseDEau": "RUISSEAU DES ORMES", "Etat masse eau ": "Inconnu", "Etat ecologique": "Bon", "Etat chimique": "Inconnu", "_swEcologicalStatusOrPotentialValue": "2", "_swChemicalStatusValue": "U" }, "geometry": { "type": "MultiLineString", "coordinates": [ [ [ 5.584156460000088, 48.994534426000087 ], [ 5.583075566000048, 48.994742143000053 ], [ 5.582248767000067, 48.994629490000079 ], [ 5.581206282000039, 48.994355030000072 ], [ 5.580242917000078, 48.994245301000042 ], [ 5.579824784000039, 48.994119342000033 ], [ 5.579398475000062, 48.993863102000034 ], [ 5.578077111000084, 48.993495646000042 ], [ 5.577563334000047, 48.993146813000067 ], [ 5.577262138000037, 48.99270793900007 ], [ 5.57709729600009, 48.99226163700007 ], [ 5.576154135000081, 48.99138670800005 ], [ 5.575856042000055, 48.990992749000043 ], [ 5.575765665000063, 48.990634815000078 ], [ 5.575254117000043, 48.99010598600006 ], [ 5.574825636000071, 48.989804792000086 ], [ 5.572774616000061, 48.988917626000045 ], [ 5.571296803000052, 48.988234064000039 ], [ 5.569129598000075, 48.987448294000046 ], [ 5.568566838000038, 48.987194939000062 ], [ 5.567498799000077, 48.986502555000072 ], [ 5.567345726000042, 48.986240424000073 ], [ 5.567238685000064, 48.985837855000057 ], [ 5.567090688000064, 48.985661085000061 ], [ 5.565976447000082, 48.985329552000053 ], [ 5.565356885000085, 48.985257335000085 ], [ 5.564691915000083, 48.98554596200006 ], [ 5.563605841000083, 48.985663650000049 ], [ 5.563207827000042, 48.985856592000061 ], [ 5.562952285000051, 48.98613196000008 ], [ 5.562627830000054, 48.986413298000059 ], [ 5.561823203000074, 48.986659907000046 ], [ 5.560937095000043, 48.986692326000082 ], [ 5.56020073500008, 48.986937467000082 ], [ 5.559100994000062, 48.986830483000062 ], [ 5.558486702000039, 48.986848087000055 ], [ 5.557810264000068, 48.986956982000038 ], [ 5.556073573000049, 48.98758779800005 ], [ 5.555743575000065, 48.987774767000083 ], [ 5.555620628000042, 48.988002307000045 ], [ 5.555225630000052, 48.988240142000052 ], [ 5.555067119000057, 48.987883646000057 ], [ 5.554845603000047, 48.987618460000078 ], [ 5.553643609000062, 48.98697829200006 ], [ 5.553082225000082, 48.986733834000063 ], [ 5.551268828000048, 48.986151641000049 ], [ 5.550010585000052, 48.985912993000056 ], [ 5.549322760000052, 48.985842145000049 ], [ 5.549112882000088, 48.985761136000072 ], [ 5.548149744000057, 48.985651149000034 ], [ 5.547718179000071, 48.985300445000064 ], [ 5.547229084000094, 48.985135395000043 ], [ 5.546405571000093, 48.985067413000081 ], [ 5.543348451000043, 48.984259592000058 ], [ 5.542019282000069, 48.983756959000061 ], [ 5.540441515000055, 48.982764754000073 ], [ 5.53938138500007, 48.982206912000038 ], [ 5.538600467000037, 48.981733118000079 ], [ 5.537978791000057, 48.981615822000037 ], [ 5.536196699000072, 48.981527568000047 ], [ 5.536066247000065, 48.981620295000077 ], [ 5.535102579000068, 48.98151471500006 ], [ 5.53449726000008, 48.981662461000042 ], [ 5.533207037000068, 48.981797683000082 ], [ 5.532468425000047, 48.98199771700007 ], [ 5.53186026800006, 48.982105024000077 ], [ 5.531828144000087, 48.982690494000053 ], [ 5.531648148000045, 48.983099149000047 ], [ 5.530030424000074, 48.983457172000051 ], [ 5.528532692000056, 48.983542739000086 ], [ 5.527398310000081, 48.983985 ], [ 5.526994949000084, 48.984087966000061 ], [ 5.525368902000082, 48.984311148000081 ], [ 5.524777002000064, 48.984683480000058 ], [ 5.524577609000062, 48.984782143000082 ], [ 5.523006335000048, 48.984779221000053 ], [ 5.521866226000043, 48.985122584000067 ], [ 5.520627231000049, 48.984977692000086 ], [ 5.518741859000045, 48.984540476000063 ], [ 5.518250684000066, 48.984330370000073 ], [ 5.517753233000064, 48.98402592900004 ], [ 5.515575315000092, 48.983050503000072 ], [ 5.515150267000081, 48.982794014000042 ], [ 5.514843383000084, 48.982260646000043 ], [ 5.51428337100009, 48.980927376000068 ], [ 5.514212102000045, 48.979984212000033 ], [ 5.514061274000085, 48.97976245600006 ], [ 5.513917356000093, 48.979630521000047 ], [ 5.512849565000067, 48.978942158000052 ], [ 5.512626129000068, 48.978631953000047 ], [ 5.512533182000084, 48.97822904700007 ], [ 5.512650242000063, 48.977911707000032 ], [ 5.512668301000076, 48.977101620000042 ], [ 5.51162835000008, 48.975962824000078 ], [ 5.511172447000092, 48.975207646000058 ], [ 5.510607077000088, 48.974909096000033 ], [ 5.510146220000081, 48.974068549000037 ], [ 5.509723225000073, 48.973852483000087 ], [ 5.508093934000044, 48.972905925000077 ], [ 5.506254692000084, 48.972103184000048 ] ] ] } },
{ "type": "Feature", "properties": { "fid": 137, "gid": 137, "CdEuMasseDEau": "FRB1R518", "NomMasseDEau": "RUISSEAU DE VAUX", "Etat masse eau ": "Inconnu", "Etat ecologique": "Bon", "Etat chimique": "Inconnu", "_swEcologicalStatusOrPotentialValue": "2", "_swChemicalStatusValue": "U" }, "geometry": { "type": "MultiLineString", "coordinates": [ [ [ 5.54129987500005, 49.027698243000088 ], [ 5.540537922000056, 49.027538941000046 ], [ 5.539502861000074, 49.027389911000057 ], [ 5.53641911200009, 49.027293176000057 ], [ 5.536072202000071, 49.027210542000034 ], [ 5.535594945000071, 49.027225123000051 ], [ 5.535455230000082, 49.027183092000087 ], [ 5.535348353000074, 49.026780510000037 ], [ 5.535195103000092, 49.026513854000086 ], [ 5.534766554000044, 49.026212528000087 ], [ 5.534197445000075, 49.025869185000033 ], [ 5.533719981000047, 49.025879265000071 ], [ 5.533433348000074, 49.025664903000063 ], [ 5.533388864000074, 49.024946127000078 ], [ 5.533245097000076, 49.023734642000079 ], [ 5.53336822700004, 49.023507132000077 ], [ 5.533771881000064, 49.023404149000051 ], [ 5.533902442000056, 49.023311428000056 ], [ 5.534284493000087, 49.022853539000039 ], [ 5.534467434000078, 49.022485320000051 ], [ 5.535268730000041, 49.021298856000051 ], [ 5.535655779000081, 49.020926322000037 ], [ 5.536103071000071, 49.020422065000048 ], [ 5.536094778000063, 49.020287293000081 ], [ 5.536015965000047, 49.020109028000043 ], [ 5.536203275000048, 49.019830677000073 ], [ 5.536803349000081, 49.019584086000073 ], [ 5.537065075000044, 49.019394126000073 ], [ 5.537056779000068, 49.019259354000042 ], [ 5.537111559000039, 49.019033283000056 ], [ 5.536698797000042, 49.019001524000032 ], [ 5.536553858000048, 49.018869640000048 ], [ 5.536495797000043, 49.017926234000072 ], [ 5.536704917000066, 49.016887215000047 ], [ 5.536460685000065, 49.016262621000067 ], [ 5.536550482000052, 49.015720932000079 ], [ 5.536252550000086, 49.015326884000046 ], [ 5.534080230000086, 49.013362050000069 ], [ 5.532653977000052, 49.012407039000038 ], [ 5.532506240000089, 49.012234725000042 ], [ 5.532399416000089, 49.011832135000077 ], [ 5.53203605200008, 49.011479941000061 ], [ 5.531809536000083, 49.011129357000073 ], [ 5.531713337000042, 49.010681559000034 ], [ 5.531483563000052, 49.010281562000046 ], [ 5.531376045000059, 49.009654071000057 ], [ 5.531143453000084, 49.00921364800007 ], [ 5.530888855000057, 49.008409327000038 ], [ 5.531011958000079, 49.008181817000043 ], [ 5.531062855000073, 49.007910846000073 ], [ 5.530672356000082, 49.007334305000086 ], [ 5.529967722000038, 49.006993800000032 ], [ 5.52887738000004, 49.005946193000057 ], [ 5.527812526000048, 49.00529838600005 ], [ 5.526460358000065, 49.004436205000047 ], [ 5.526315486000044, 49.004304307000041 ], [ 5.526372483000046, 49.004123175000082 ], [ 5.526094047000072, 49.004039072000069 ], [ 5.525564207000059, 49.003424963000043 ], [ 5.524556448000055, 49.002595995000043 ], [ 5.523639414000058, 49.002138468000055 ], [ 5.522939898000061, 49.001883282000051 ], [ 5.522295434000057, 49.001406519000057 ], [ 5.521940683000082, 49.001193560000047 ], [ 5.519638833000045, 49.000445726000073 ], [ 5.518571825000038, 48.999977817000058 ], [ 5.516861986000038, 48.998853139000062 ], [ 5.516567332000079, 48.998503955000047 ], [ 5.515504960000044, 48.997900972000082 ], [ 5.514652701000045, 48.99738354200008 ], [ 5.513975216000063, 48.996592546000045 ], [ 5.513082697000073, 48.995401203000085 ], [ 5.512623792000056, 48.994605619000083 ], [ 5.511771069000076, 48.992963600000053 ], [ 5.511077237000052, 48.991903029000071 ], [ 5.510200455000074, 48.990981232000081 ], [ 5.509823334000089, 48.990408840000043 ], [ 5.509108677000086, 48.989888492000034 ], [ 5.508521532000088, 48.989230522000071 ], [ 5.50746246600005, 48.988672383000051 ], [ 5.506398412000067, 48.988258286000082 ], [ 5.505159384000081, 48.988113235000071 ], [ 5.501908666000077, 48.987479349000068 ], [ 5.500937399000065, 48.98723420400006 ], [ 5.500085460000093, 48.986716666000063 ], [ 5.499452602000076, 48.98641947200008 ], [ 5.498740265000038, 48.985943998000039 ], [ 5.498590339000089, 48.985722205000059 ], [ 5.498069200000089, 48.985242744000061 ], [ 5.496641584000088, 48.984246853000059 ], [ 5.495699923000075, 48.983371285000032 ], [ 5.495748821000063, 48.983055385000057 ], [ 5.496182819000069, 48.982326620000038 ], [ 5.496610564000093, 48.981503517000078 ], [ 5.496662468000068, 48.98123253600005 ], [ 5.496055898000066, 48.980484944000068 ], [ 5.495963076000066, 48.980082025000058 ], [ 5.496621026000071, 48.979658980000067 ], [ 5.499898792000067, 48.977404496000077 ], [ 5.500222893000057, 48.977127837000069 ], [ 5.50006780800004, 48.976816185000082 ] ] ] } },
{ "type": "Feature", "properties": { "fid": 142, "gid": 142, "CdEuMasseDEau": "FRB1R520", "NomMasseDEau": "RUISSEAU DE RUPT", "Etat masse eau ": "Moyen", "Etat ecologique": "Bon", "Etat chimique": "Non atteint", "_swEcologicalStatusOrPotentialValue": "2", "_swChemicalStatusValue": "3" }, "geometry": { "type": "MultiLineString", "coordinates": [ [ [ 5.473901827981538, 49.037337730312949 ], [ 5.473800028000085, 49.037038382000048 ], [ 5.473202522000065, 49.036200559000072 ], [ 5.472909876000074, 49.035891723000077 ], [ 5.472850411000081, 49.035128277000069 ], [ 5.47269146800005, 49.034771705000082 ], [ 5.472604080000053, 49.034463139000081 ], [ 5.472636905000059, 49.033877714000077 ], [ 5.472754974000054, 49.033555919000037 ], [ 5.472757413000068, 49.032476331000055 ], [ 5.473145207000073, 49.032108497000081 ], [ 5.474062808000042, 49.031446364000033 ], [ 5.474444378000044, 49.030984193000052 ], [ 5.475239826000063, 49.030558468000038 ], [ 5.475542974000064, 49.029922485000043 ], [ 5.476189730000044, 49.029319895000071 ], [ 5.477038954000079, 49.028893048000043 ], [ 5.477087422190714, 49.028858810631988 ] ], [ [ 5.478730036331417, 49.028131145224101 ], [ 5.479105941000057, 49.028022727000064 ], [ 5.479502445000094, 49.027785134000055 ], [ 5.479747485000075, 49.027330261000088 ], [ 5.480121894000092, 49.026737771000057 ], [ 5.480222962000084, 49.02615092800005 ], [ 5.480179213000042, 49.025432133000038 ], [ 5.480018103000077, 49.02503063100005 ], [ 5.479832550000083, 49.024224803000038 ], [ 5.479753071000061, 49.02404652000007 ], [ 5.479733774000067, 49.023732050000042 ], [ 5.479589181000051, 49.023604592000083 ], [ 5.479202935470983, 49.02332645998117 ] ], [ [ 5.477196259902896, 49.020543198004162 ], [ 5.477036143000078, 49.02007229700007 ], [ 5.476889209000092, 49.019895404000067 ], [ 5.476588708000065, 49.019456290000051 ], [ 5.475627943000063, 49.018491019000074 ], [ 5.474832935000052, 49.017792211000085 ], [ 5.474271160000058, 49.017538404000049 ], [ 5.473233391747985, 49.017311493620319 ] ], [ [ 5.469661262667126, 49.015834984265055 ], [ 5.469706280000082, 49.015545293000059 ], [ 5.469766265000089, 49.015404616000069 ], [ 5.469758306000074, 49.014374704000033 ], [ 5.469389367000076, 49.01393248100004 ], [ 5.469132712000089, 49.01308311400004 ], [ 5.468833171000085, 49.012643960000048 ], [ 5.468887387000052, 49.012417937000073 ], [ 5.469206530000065, 49.012047019000079 ], [ 5.469247498000072, 49.011596361000045 ], [ 5.468606364000038, 49.010264602000063 ], [ 5.468011386000057, 49.00947166900005 ], [ 5.46735921800007, 49.008859836000056 ], [ 5.467007418000037, 49.008687142000042 ], [ 5.466453037000065, 49.008568092000083 ], [ 5.466428704000066, 49.008163757000034 ], [ 5.465994729000045, 49.007772340000088 ], [ 5.46562885700007, 49.007375023000073 ], [ 5.465056146000052, 49.006941471000061 ], [ 5.463772844000061, 49.006302100000077 ], [ 5.46361789000008, 49.005990409000049 ], [ 5.463257165000073, 49.005682943000068 ], [ 5.463039241000047, 49.00546700600006 ], [ 5.463017067000067, 49.00510760800006 ], [ 5.463337061000061, 49.004736686000058 ], [ 5.463307286000088, 49.003117952000082 ], [ 5.463487888000088, 49.002709407000047 ], [ 5.463744039000062, 49.002434256000072 ], [ 5.463913546000072, 49.001846011000055 ], [ 5.464162440000052, 49.001436062000039 ], [ 5.464421353000091, 49.001201336000072 ], [ 5.464451680000082, 49.000795875000051 ], [ 5.464350962000083, 49.000258160000051 ], [ 5.464877306000062, 48.999932474000047 ], [ 5.464864081000087, 48.999707835000038 ], [ 5.46525147400007, 48.999335521000042 ], [ 5.465300572000047, 48.99901963800005 ], [ 5.465087786000083, 48.998893562000042 ], [ 5.46432137100004, 48.99864391400007 ], [ 5.46411136200004, 48.998558263000064 ], [ 5.463685374000079, 48.998297120000082 ], [ 5.463338986000053, 48.998218767000083 ], [ 5.462643017000062, 48.998012644000077 ] ] ] } },
{ "type": "Feature", "properties": { "fid": 8144, "gid": 8144, "CdEuMasseDEau": "FRHR122B-F5670600", "NomMasseDEau": "le malval", "Etat masse eau ": "Moyen", "Etat ecologique": "Bon", "Etat chimique": "Non atteint", "_swEcologicalStatusOrPotentialValue": "2", "_swChemicalStatusValue": "3" }, "geometry": { "type": "MultiLineString", "coordinates": [ [ [ 5.377354041683065, 48.749347343805681 ], [ 5.37726953756366, 48.749079082529413 ], [ 5.376879776412054, 48.748456974049887 ], [ 5.376919287311599, 48.747961289239932 ], [ 5.377373068291752, 48.746422565910379 ], [ 5.377610276932419, 48.745823962297031 ], [ 5.377575167547984, 48.745239780612138 ], [ 5.377280624931857, 48.744840729514543 ], [ 5.376296296605059, 48.744288946154768 ], [ 5.374879666107199, 48.743561294591309 ], [ 5.373678519677746, 48.742784350434221 ], [ 5.372957888583708, 48.742083324609432 ], [ 5.372578081884666, 48.741416011546605 ], [ 5.372449750623284, 48.74038827000139 ], [ 5.371799172093517, 48.739730835142261 ], [ 5.371451143233988, 48.738657967216362 ], [ 5.371480832747543, 48.737982511904072 ], [ 5.371804128055533, 48.737706141001617 ], [ 5.372469048605512, 48.737463470235625 ], [ 5.372685684501454, 48.73650535219037 ], [ 5.373275196101106, 48.734959431884839 ], [ 5.374501785024878, 48.733850743594481 ], [ 5.374880017235163, 48.733343813920349 ], [ 5.375522248443726, 48.732921610194573 ], [ 5.376386854966579, 48.732584957092648 ], [ 5.376216070847163, 48.732007969723917 ], [ 5.376252680748198, 48.73146734436785 ], [ 5.375968105492331, 48.731248054065837 ], [ 5.375619326597604, 48.731075032676365 ], [ 5.375184592156529, 48.730638272100123 ], [ 5.374338934951535, 48.730119704378943 ], [ 5.373299321016831, 48.729784954187558 ], [ 5.372172244418906, 48.729096501951936 ], [ 5.372067218833434, 48.728468710182327 ], [ 5.371679918951831, 48.727896019598511 ], [ 5.371433230949988, 48.7271810595986 ], [ 5.371347190316177, 48.725698050689005 ], [ 5.371470322504279, 48.725470645824828 ], [ 5.371365312643024, 48.724842851481206 ], [ 5.371202088036322, 48.724355687579575 ], [ 5.371237045950546, 48.723815093962557 ], [ 5.371483097232604, 48.723355788451222 ], [ 5.371936399542497, 48.722986844461943 ], [ 5.373050153329245, 48.722505782178523 ], [ 5.373507619076928, 48.722172742121032 ], [ 5.373629884328941, 48.721945351235398 ], [ 5.373538466167015, 48.721542244681252 ], [ 5.373241196291886, 48.721098241281901 ], [ 5.372538119061449, 48.720720797162109 ], [ 5.372173130725864, 48.720282636910312 ], [ 5.371757693985618, 48.720155921439719 ], [ 5.371008565247874, 48.720130319456445 ], [ 5.370732946174102, 48.72005031254205 ], [ 5.369811752877322, 48.719398238164651 ], [ 5.36959435563843, 48.719177597768002 ], [ 5.369554426199892, 48.718503514685409 ], [ 5.369679588538581, 48.718321061527504 ], [ 5.368749778492766, 48.71775913356408 ], [ 5.368540205747698, 48.717673311123448 ], [ 5.367998647757883, 48.717688561334938 ], [ 5.366998367706735, 48.718027853813162 ], [ 5.366508273415557, 48.717772125685499 ], [ 5.365609740557074, 48.717524495539912 ], [ 5.363421761990278, 48.717311409965802 ], [ 5.362741016925656, 48.717293400442728 ], [ 5.361595017449827, 48.717455566564091 ], [ 5.360985527263895, 48.717472129731824 ], [ 5.359546651332219, 48.717284638061571 ], [ 5.358389976436784, 48.717267017913102 ], [ 5.357453720122361, 48.717519479698723 ], [ 5.356927854105605, 48.717844811403005 ], [ 5.356803497546609, 48.718027234482442 ], [ 5.35647672117196, 48.718263146641952 ], [ 5.356069968833582, 48.718271180488081 ], [ 5.355511143309561, 48.718016765656273 ], [ 5.354420765921605, 48.717961804479692 ], [ 5.353789118435159, 48.717618835879676 ], [ 5.353375975241264, 48.71754150284994 ], [ 5.35296635398924, 48.717504591306103 ], [ 5.351956185383324, 48.717663984977321 ], [ 5.351760358931951, 48.717807319181055 ], [ 5.351640881132675, 48.718079623296767 ], [ 5.350966644242827, 48.718187394284612 ], [ 5.35055904247753, 48.718195426081373 ], [ 5.350285487544534, 48.718160323403708 ], [ 5.350079664294632, 48.71811938671312 ], [ 5.348879177357436, 48.718507459870501 ], [ 5.348062149423566, 48.718483051349054 ], [ 5.34769164289952, 48.717954945550922 ], [ 5.347276284059384, 48.717828144609093 ], [ 5.346062897086832, 48.718004983615245 ], [ 5.344529816653999, 48.718539025809058 ], [ 5.343726271889603, 48.718739279222788 ], [ 5.342095079123177, 48.718735321077503 ], [ 5.340547303467153, 48.718999651606019 ], [ 5.338138149121417, 48.719654273559691 ], [ 5.33781679941484, 48.719975509292183 ], [ 5.33735405194086, 48.720214031130148 ], [ 5.337016067313049, 48.720220652362272 ], [ 5.336596046438811, 48.720008422808831 ], [ 5.336388528229936, 48.719967495833643 ], [ 5.335707355889744, 48.719940341782163 ], [ 5.335575191743987, 48.719987920349901 ], [ 5.33537826145429, 48.72012674882977 ], [ 5.335266420728469, 48.720533858032859 ], [ 5.335069688522462, 48.720677181113793 ], [ 5.334867575157479, 48.720681136788734 ], [ 5.334725983529624, 48.720593925585305 ], [ 5.334501003727964, 48.720238399415798 ], [ 5.334274073058198, 48.720067374464655 ], [ 5.333929524139889, 48.719984133214311 ], [ 5.333454170157854, 48.719997930782831 ], [ 5.332433316902007, 48.71997740144699 ], [ 5.332028554516306, 48.720030305160726 ], [ 5.331637422021165, 48.720312395455686 ], [ 5.33129773761125, 48.720319033685534 ], [ 5.330813058878233, 48.720162036942398 ], [ 5.329585739743583, 48.720105024819539 ], [ 5.329309983808648, 48.720020427057527 ], [ 5.328674773819015, 48.719632407413066 ], [ 5.328399021853502, 48.719547807511802 ], [ 5.327441260116958, 48.719436022293323 ], [ 5.327031842621953, 48.719403516981103 ], [ 5.326772659114297, 48.719633527171709 ], [ 5.326508619674661, 48.71977364944906 ], [ 5.326363240487616, 48.719601019571158 ], [ 5.325816051699858, 48.719566697418941 ], [ 5.325537654275699, 48.719441650694257 ], [ 5.325263909528854, 48.719401995500775 ], [ 5.325132889059857, 48.719494531043708 ], [ 5.32479340921527, 48.719505645961 ], [ 5.324105399310609, 48.719343586291863 ], [ 5.321981652964109, 48.719043008984677 ], [ 5.32184977838744, 48.719135557479525 ], [ 5.321382969882688, 48.719284113495043 ], [ 5.320978201682942, 48.719336979759653 ], [ 5.320633878483496, 48.719258195276048 ], [ 5.319639698724322, 48.718517183628158 ], [ 5.319434097703232, 48.718480689306162 ], [ 5.319037019357556, 48.71866837229711 ], [ 5.317890854258381, 48.718830118489599 ], [ 5.316932478373224, 48.718722760573215 ], [ 5.316655901035998, 48.718638149964072 ], [ 5.315823306187243, 48.718568832418725 ], [ 5.315337442500133, 48.718402798641321 ], [ 5.314698371969465, 48.717924799688738 ], [ 5.312829886691063, 48.717340165079513 ], [ 5.311945358381459, 48.71732581673097 ], [ 5.311327339390266, 48.717207318812711 ], [ 5.31034865640192, 48.716735876516083 ], [ 5.309515503578413, 48.716441572306401 ], [ 5.307601393709092, 48.715052404664192 ], [ 5.306205499561615, 48.714638488838737 ], [ 5.305849697689101, 48.71437542188584 ], [ 5.305697401940793, 48.714063429713605 ], [ 5.30571857874571, 48.713253184775219 ], [ 5.305496859289953, 48.712947033102495 ], [ 5.30494861959515, 48.712867646111341 ], [ 5.304867378644016, 48.712644261446499 ], [ 5.305336071332655, 48.712500231632283 ], [ 5.305323605476289, 48.712275517999593 ], [ 5.30469631539525, 48.712022193113498 ], [ 5.303703348396005, 48.7112810277184 ], [ 5.302777485399503, 48.710538558676802 ], [ 5.301994003062181, 48.710153262316922 ], [ 5.301718542377869, 48.710073095354453 ], [ 5.301446845081939, 48.710078337932295 ], [ 5.300982039393817, 48.710271768009349 ], [ 5.300778265596873, 48.710275698742208 ] ] ] } },
{ "type": "Feature", "properties": { "fid": 8532, "gid": 8532, "CdEuMasseDEau": "FRHR122B-F5663000", "NomMasseDEau": "ruisseau de noitel", "Etat masse eau ": "Moyen", "Etat ecologique": "Bon", "Etat chimique": "Non atteint", "_swEcologicalStatusOrPotentialValue": "2", "_swChemicalStatusValue": "3" }, "geometry": { "type": "MultiLineString", "coordinates": [ [ [ 5.419859601770012, 48.68974639917591 ], [ 5.419461615196704, 48.688764613761165 ], [ 5.418780183251328, 48.687568107761706 ], [ 5.418337513012415, 48.686996667809133 ], [ 5.417983032663975, 48.68673389487212 ], [ 5.417289310360808, 48.686482499178901 ], [ 5.416291872813021, 48.685926798217778 ], [ 5.415594394600542, 48.685630475187331 ], [ 5.413872564398007, 48.685224411261302 ], [ 5.412638260930161, 48.685037925878561 ], [ 5.410875466411992, 48.685087085321328 ], [ 5.408884208137446, 48.684731392286452 ], [ 5.407459808502964, 48.684769163938931 ], [ 5.406774069719074, 48.684652528087462 ], [ 5.405092755317979, 48.683795584222267 ], [ 5.404296884686055, 48.6831862255112 ], [ 5.403239715259961, 48.682546134516869 ], [ 5.402335622560795, 48.682168412536193 ], [ 5.399984560202865, 48.68146437355604 ], [ 5.399424859564948, 48.681205678314001 ], [ 5.399015696838426, 48.681173418927365 ], [ 5.396631742039932, 48.680861421951917 ], [ 5.394155761056912, 48.680542227374517 ], [ 5.393003848155624, 48.680574355623527 ], [ 5.390265151274406, 48.68136269664312 ], [ 5.389253740037707, 48.681477458621913 ], [ 5.388505156907838, 48.681451965631183 ], [ 5.386233439183033, 48.681160009708691 ], [ 5.384111883883423, 48.680901002603271 ], [ 5.383772462245553, 48.680907790423255 ], [ 5.383589450423761, 48.681271397376889 ], [ 5.380314774229597, 48.680999379476326 ], [ 5.379833792056192, 48.68091899587376 ], [ 5.37969223312369, 48.680831835085577 ], [ 5.379609729476334, 48.680568021112407 ], [ 5.379335298751575, 48.680528505593472 ], [ 5.378182733031979, 48.680565002858103 ], [ 5.375807056541082, 48.680580878541171 ], [ 5.375470731549535, 48.680637073677111 ], [ 5.37520701958751, 48.680777308329361 ], [ 5.375071250802576, 48.680780013434685 ], [ 5.374007310556474, 48.680000325781549 ], [ 5.373030799803373, 48.679574335485732 ], [ 5.372892993473351, 48.679532085429351 ], [ 5.37281644356744, 48.679398629282872 ], [ 5.37134036170577, 48.678762101346237 ], [ 5.369271240612865, 48.678231830244691 ], [ 5.368229025071346, 48.677816106019762 ], [ 5.367191542186749, 48.677485766131149 ], [ 5.366765771212441, 48.677179267736399 ], [ 5.365461708660398, 48.676944192418723 ], [ 5.363852079058904, 48.676130250671058 ], [ 5.362876571785331, 48.675704159003267 ], [ 5.361826568390524, 48.675414515494147 ], [ 5.361193355936146, 48.675026620640025 ], [ 5.359882436098875, 48.674656641474328 ], [ 5.358918827243195, 48.674455248831215 ], [ 5.357824654050042, 48.67431492257888 ], [ 5.357127662199617, 48.674018254770523 ], [ 5.35658060080606, 48.673939085633926 ], [ 5.356087247881537, 48.673638385489042 ], [ 5.355048873649325, 48.673303460235893 ], [ 5.353619850804037, 48.67325069946186 ], [ 5.353271735018495, 48.673082099556247 ], [ 5.353127369832968, 48.672949970141097 ], [ 5.353121626358241, 48.672860097090478 ], [ 5.352910236081859, 48.672729290645869 ], [ 5.352570863457926, 48.672735989697841 ], [ 5.352373184272387, 48.672834377090489 ], [ 5.35209764074374, 48.672749828591442 ], [ 5.351951257158315, 48.672572744410367 ], [ 5.351813486312938, 48.672530469744324 ], [ 5.350668636005451, 48.672697032419912 ], [ 5.350615433597506, 48.67296804076058 ], [ 5.350284667033521, 48.673109543044873 ], [ 5.349680134885699, 48.673224946379861 ], [ 5.349061703195758, 48.673106656195934 ], [ 5.348766004151134, 48.672932511038645 ], [ 5.347527984569122, 48.672650947819832 ], [ 5.346291793986445, 48.67240982974873 ], [ 5.345342805603426, 48.67243750590459 ], [ 5.34440051042882, 48.672595522787176 ], [ 5.344059122085927, 48.672557244175422 ], [ 5.343908735537299, 48.672290243190282 ], [ 5.343561824083504, 48.672166584943767 ], [ 5.343421197733576, 48.672079363779929 ], [ 5.343285449896229, 48.672082032713888 ], [ 5.342111642910101, 48.671754158480709 ], [ 5.341271292005855, 48.671325237564602 ], [ 5.340654152717631, 48.671215877623432 ], [ 5.338406706048255, 48.67108901967358 ], [ 5.337370706334456, 48.67080338871051 ], [ 5.336480841998909, 48.670690356970162 ], [ 5.33600763354698, 48.670704132023232 ], [ 5.335371612517489, 48.670266666112958 ], [ 5.334945296302786, 48.670189532147539 ], [ 5.334266780044383, 48.670207322408942 ], [ 5.333582244118194, 48.670090247678779 ], [ 5.331994452033198, 48.669635401441049 ], [ 5.330961569048424, 48.669399146977952 ] ] ] } },
{ "type": "Feature", "properties": { "fid": 8533, "gid": 8533, "CdEuMasseDEau": "FRHR195A-H1103000", "NomMasseDEau": "ruisseau de lavallee", "Etat masse eau ": "Médiocre", "Etat ecologique": "Médiocre", "Etat chimique": "Non atteint", "_swEcologicalStatusOrPotentialValue": "4", "_swChemicalStatusValue": "3" }, "geometry": { "type": "MultiLineString", "coordinates": [ [ [ 5.329565161443402, 48.811361598056223 ], [ 5.330166470764482, 48.811156430482647 ], [ 5.332146551755885, 48.811243775510412 ], [ 5.333634777659057, 48.811070767214446 ], [ 5.334063257961964, 48.811417801774091 ], [ 5.334959544189876, 48.81162073419673 ], [ 5.335242372257734, 48.811795158652693 ], [ 5.335799239259536, 48.812004716052456 ], [ 5.336832505929751, 48.812204957614178 ], [ 5.337524646387725, 48.812411862270679 ], [ 5.338160201538169, 48.812799820061137 ], [ 5.338233991945066, 48.81288835158751 ], [ 5.338656783787849, 48.813145506257953 ], [ 5.339358320079602, 48.813257742865723 ], [ 5.339830803806182, 48.813199008161696 ], [ 5.340246702347045, 48.813321329670089 ], [ 5.340962990737513, 48.813932629798721 ], [ 5.341327406240694, 48.814330379827389 ], [ 5.345431518939878, 48.817016650911647 ], [ 5.346443376532044, 48.817797569743213 ], [ 5.348076384281493, 48.818926180118481 ], [ 5.348425659364978, 48.819099268675039 ], [ 5.348773559829437, 48.81922289704606 ], [ 5.349211039755048, 48.819709162332892 ], [ 5.349909933885693, 48.82000583898764 ], [ 5.350947264846561, 48.820291357573552 ], [ 5.352323412197259, 48.821460951938931 ], [ 5.352683385696407, 48.821813767427273 ], [ 5.35270760019234, 48.822218177519566 ], [ 5.352318044300532, 48.822549752606257 ], [ 5.352209198188969, 48.823006266700531 ], [ 5.352449263289075, 48.823626867130592 ], [ 5.353466403664359, 48.824727032519057 ], [ 5.353983695126034, 48.825432146321937 ], [ 5.35437749068463, 48.82609920120904 ], [ 5.354618446773277, 48.826719778817953 ], [ 5.355438409095928, 48.827958771211591 ], [ 5.355522928737117, 48.82822702932657 ], [ 5.355480271238806, 48.82867774167179 ], [ 5.355556144977452, 48.828811208415523 ], [ 5.355509424434005, 48.8291720262526 ], [ 5.35552993084677, 48.829531519523385 ], [ 5.355610719999964, 48.829754863610624 ], [ 5.355534901796392, 48.83079106112374 ], [ 5.355554340384159, 48.832050316298321 ], [ 5.355386193979379, 48.832683447189083 ], [ 5.355345286531975, 48.834303784607457 ], [ 5.354595538206328, 48.835488210382685 ], [ 5.354089689248624, 48.836132484823338 ], [ 5.35392930515862, 48.836900418429607 ], [ 5.35390397712929, 48.837395771995801 ], [ 5.353524785946105, 48.837902588879402 ], [ 5.353296703486542, 48.838680849825401 ], [ 5.353197450832077, 48.839312617184092 ], [ 5.353493194054471, 48.839711677738087 ], [ 5.354929706224265, 48.840979015798801 ], [ 5.355887642698698, 48.841985845041243 ], [ 5.356327006177645, 48.842508031697065 ], [ 5.356492570728976, 48.843004121199407 ], [ 5.356711204183352, 48.843260735528077 ], [ 5.357014798997763, 48.843794592034101 ], [ 5.357096023297617, 48.844026921573601 ], [ 5.357055068923029, 48.844477594560772 ], [ 5.357069822796123, 48.844747223217489 ], [ 5.357150438789436, 48.844966068576753 ], [ 5.356902505077889, 48.845380332269976 ], [ 5.356852894527308, 48.845696215603652 ], [ 5.357010468222201, 48.846053002555301 ], [ 5.35784799512503, 48.846391888105181 ], [ 5.359504149162501, 48.847686329851932 ], [ 5.359780629581525, 48.847770848367496 ], [ 5.360809772738143, 48.847881000479411 ], [ 5.361155006405951, 48.847959660152839 ], [ 5.362013149562373, 48.848658002113062 ], [ 5.363648649455214, 48.849831331710845 ], [ 5.364083430204684, 48.850268105329121 ], [ 5.364510599514791, 48.850574567084401 ], [ 5.365643105408889, 48.851083014867683 ], [ 5.366073183308664, 48.851434400059823 ], [ 5.366231823539735, 48.851831641313197 ] ] ] } },
{ "type": "Feature", "properties": { "fid": 8534, "gid": 8534, "CdEuMasseDEau": "FRHR122A-F5650600", "NomMasseDEau": "la barboure", "Etat masse eau ": "Moyen", "Etat ecologique": "Moyen", "Etat chimique": "Non atteint", "_swEcologicalStatusOrPotentialValue": "3", "_swChemicalStatusValue": "3" }, "geometry": { "type": "MultiLineString", "coordinates": [ [ [ 5.528063419657648, 48.653591820931176 ], [ 5.527883637437258, 48.652875683011338 ], [ 5.526952610286825, 48.652089986964313 ], [ 5.526177581581934, 48.651615955474398 ], [ 5.524434002740318, 48.650860966343977 ], [ 5.521742774423903, 48.649271071635013 ], [ 5.520077950377273, 48.648685342032927 ], [ 5.519826125224329, 48.647880721540218 ], [ 5.518632366338931, 48.647240009975569 ], [ 5.517870847873517, 48.646990625505069 ], [ 5.516875250932587, 48.646251214170313 ], [ 5.516443053301989, 48.645859870922827 ], [ 5.516112907288656, 48.646001836175969 ], [ 5.515435200402727, 48.646029648150247 ], [ 5.514865814749644, 48.645821184623763 ], [ 5.514014976429801, 48.645213685047125 ], [ 5.512542689074059, 48.644443800678559 ], [ 5.511913052475827, 48.644146600056118 ], [ 5.511416714766916, 48.643797089000877 ], [ 5.510624981099173, 48.643057827934548 ], [ 5.509642887924374, 48.642543058440403 ], [ 5.507883697879073, 48.641734165255016 ], [ 5.506199954416868, 48.640833665006561 ], [ 5.50472018324984, 48.639937851730203 ], [ 5.503670594513621, 48.63942895321324 ], [ 5.499910572946161, 48.638090523791021 ], [ 5.498808002694087, 48.637803181256082 ], [ 5.498105558247776, 48.6374174426861 ], [ 5.497897790999447, 48.637331806172256 ], [ 5.497539620762975, 48.637028837581362 ], [ 5.497319033880282, 48.636763480500363 ], [ 5.497159836105303, 48.636361844514447 ], [ 5.49680382207155, 48.636103825608572 ], [ 5.496666030451688, 48.636061717114991 ], [ 5.496396882695912, 48.636112356114502 ], [ 5.496262931789078, 48.636115163768629 ], [ 5.49605369161203, 48.636034054701135 ], [ 5.496035288035379, 48.635719460590046 ], [ 5.495752028402733, 48.635545408331211 ], [ 5.493189352446161, 48.634676642996553 ], [ 5.492915291074283, 48.634641882633197 ], [ 5.492716957986627, 48.634736028226079 ], [ 5.491697707455425, 48.634716859949258 ], [ 5.490728434882755, 48.634606643613935 ], [ 5.490037193798945, 48.634400612552191 ], [ 5.489833944122397, 48.634409361662051 ], [ 5.489502950413085, 48.63455127225744 ], [ 5.487939209429512, 48.634502955173339 ], [ 5.48753035752152, 48.634470998275269 ], [ 5.487200204945722, 48.634612884758177 ], [ 5.486991198501341, 48.63453625491141 ], [ 5.486904181114923, 48.634223092967197 ], [ 5.486825270187487, 48.634044752690158 ], [ 5.486732920106683, 48.633637208120767 ], [ 5.486589602025013, 48.633514208929057 ], [ 5.486386141590544, 48.633518456920477 ], [ 5.485904358797004, 48.633398023165569 ], [ 5.485227219815219, 48.63341665544047 ], [ 5.484885136822109, 48.633378796582548 ], [ 5.484754614212692, 48.63347151391396 ], [ 5.484411457867, 48.633393178792637 ], [ 5.48372600766462, 48.63327248524012 ], [ 5.483324416489335, 48.633375353652781 ], [ 5.483053136269326, 48.63338101012944 ], [ 5.482635353821948, 48.633214231931603 ], [ 5.482484373591412, 48.632947397378175 ], [ 5.481990684315589, 48.632647208305897 ], [ 5.481093915167321, 48.632400412606287 ], [ 5.480584908631517, 48.631830555056446 ], [ 5.480445445861462, 48.631788462969908 ], [ 5.480386564020131, 48.631924680340283 ], [ 5.480183109261879, 48.631928917743338 ], [ 5.480108050922045, 48.631795489974508 ], [ 5.480364429621193, 48.631565165444727 ], [ 5.480294480908201, 48.631521625325597 ], [ 5.480007515739352, 48.631482604754559 ], [ 5.479823795745689, 48.631580924273472 ], [ 5.479606778712454, 48.631585443133773 ], [ 5.479327421623427, 48.631456268557592 ], [ 5.479242585220491, 48.63118805286301 ], [ 5.479101843070133, 48.63110098888491 ], [ 5.478760840317185, 48.631067589986287 ], [ 5.478302286013173, 48.631347115649561 ], [ 5.477822670602389, 48.631271601654632 ], [ 5.477417251967877, 48.631293535527057 ], [ 5.476611733071649, 48.631449780843319 ], [ 5.476053884222272, 48.631191399320443 ], [ 5.475498380343251, 48.630982463122834 ], [ 5.474200080692832, 48.630838456081456 ], [ 5.473657544523404, 48.630849726885593 ], [ 5.473102901546512, 48.630640761849612 ], [ 5.472831634397496, 48.630646395063017 ], [ 5.472769974322662, 48.630742168901747 ], [ 5.472774223196281, 48.630832074453394 ], [ 5.472642408869086, 48.630879808335273 ], [ 5.472233382212732, 48.630843303566621 ], [ 5.47224654529127, 48.631068014665935 ], [ 5.472118129947837, 48.631205671099501 ], [ 5.471775007374578, 48.631127299432649 ], [ 5.471643619438185, 48.631220020166552 ], [ 5.471378291084656, 48.631315520434711 ], [ 5.470969474195895, 48.631283506617748 ], [ 5.469923992476809, 48.630814729550309 ], [ 5.468094625579484, 48.630870656457738 ], [ 5.467696837638569, 48.63101839010568 ], [ 5.466650116291475, 48.631674529798147 ], [ 5.466252318163822, 48.631822258523997 ], [ 5.465110629808636, 48.632030383212403 ], [ 5.464707741759757, 48.632088218560497 ], [ 5.464084243332684, 48.631876137586808 ], [ 5.463603795863874, 48.631800583919976 ], [ 5.462995335948302, 48.631817669324711 ], [ 5.462729141052932, 48.631913167813643 ], [ 5.462473950958959, 48.632188424754233 ], [ 5.461604999263283, 48.632404374500517 ], [ 5.4612082367234, 48.632592561433199 ], [ 5.460672662467206, 48.632698121638249 ], [ 5.45931647744924, 48.632730635244577 ], [ 5.458653290621122, 48.632973811144709 ], [ 5.457935379336508, 48.633443095292733 ], [ 5.457606627951423, 48.633634365599441 ], [ 5.457072935736247, 48.633780367170871 ], [ 5.455283150331071, 48.634501225632974 ], [ 5.454409065139188, 48.634627234069718 ], [ 5.453652041980131, 48.634462847302842 ], [ 5.452840291723688, 48.634488567834431 ], [ 5.452487253195773, 48.634270856378194 ], [ 5.452218071946478, 48.634321395639091 ], [ 5.452094246107015, 48.634503930746114 ], [ 5.451834137098159, 48.634693771063617 ], [ 5.451514007315288, 48.635015335675753 ], [ 5.451535944987888, 48.635374854878478 ], [ 5.451752491671341, 48.635595378925437 ], [ 5.451980647833652, 48.635991149242813 ], [ 5.451935386197643, 48.636401547549681 ], [ 5.451649902993584, 48.637082368872463 ], [ 5.45126868728784, 48.637495181779904 ], [ 5.450095046005614, 48.638293265865023 ], [ 5.450097151269855, 48.638338218762406 ], [ 5.450385122463002, 48.638597772172908 ], [ 5.450260432262503, 48.638780322168259 ], [ 5.449392156619931, 48.639032161384122 ], [ 5.449136025939277, 48.63927140838701 ], [ 5.448755182895483, 48.639729200230931 ], [ 5.448295346916363, 48.639968133353953 ], [ 5.4478416066089, 48.640337427960667 ], [ 5.44765518572092, 48.640615735078775 ], [ 5.447334146146488, 48.640937304299314 ], [ 5.446271814760594, 48.641323594800291 ], [ 5.44614710371606, 48.641506140076615 ], [ 5.44588398864795, 48.641651030868637 ], [ 5.44406474185713, 48.641877356822363 ], [ 5.4433436300708, 48.642301614101221 ], [ 5.442901623280027, 48.642850631006695 ], [ 5.442367577773319, 48.643010068824282 ], [ 5.441691146932621, 48.643028436105837 ], [ 5.441470818021838, 48.642762977012872 ], [ 5.440313876114754, 48.642705692300041 ], [ 5.439277673315536, 48.642416445065962 ], [ 5.43885367101887, 48.642114655777874 ], [ 5.438048911968419, 48.641145720963642 ], [ 5.437625964355648, 48.640884402055669 ], [ 5.436134947982167, 48.64092390575852 ], [ 5.435530558771462, 48.641030756840813 ], [ 5.434937080193013, 48.641317365071423 ], [ 5.434880161498338, 48.641498511894376 ], [ 5.434416249695896, 48.641687977419807 ], [ 5.434162338445264, 48.641976640041563 ], [ 5.433838268240508, 48.642253236826924 ], [ 5.433166873865727, 48.642361444470914 ], [ 5.432978462814793, 48.642635267489347 ], [ 5.432515591004116, 48.64282920341919 ], [ 5.432108588982935, 48.642837514285752 ], [ 5.431636899597399, 48.642896639587214 ], [ 5.430892632649589, 48.642916330308388 ], [ 5.429945255836701, 48.642985155617147 ], [ 5.428815768006719, 48.643372656293849 ], [ 5.42680941337367, 48.643886002945273 ], [ 5.426351317264992, 48.64416530832144 ], [ 5.426366371781095, 48.644434975050899 ], [ 5.426925812266197, 48.644693551802384 ], [ 5.426930831458553, 48.644783440655374 ], [ 5.425406378758178, 48.645403930914618 ], [ 5.42528387786515, 48.645635902091492 ], [ 5.424250141235196, 48.646516357264765 ], [ 5.420186327114783, 48.646666481533309 ], [ 5.41964215971693, 48.646646039008438 ], [ 5.419149341959179, 48.646341080494281 ], [ 5.418742518369218, 48.646353840995054 ], [ 5.417883383349058, 48.646735744202203 ], [ 5.417273038953683, 48.646752630285214 ], [ 5.416717397047515, 48.646538927430001 ], [ 5.415499086037512, 48.645447753665792 ], [ 5.415082270680546, 48.645280723107149 ], [ 5.412755387628792, 48.644976912262372 ], [ 5.411515613166729, 48.644651053681997 ], [ 5.411105447323251, 48.644627859790397 ], [ 5.41077794329239, 48.644814469398341 ], [ 5.409620782643327, 48.644752391433251 ], [ 5.409360468633849, 48.644942137371736 ], [ 5.408693129103606, 48.645140113579963 ], [ 5.408348107365903, 48.64505709911289 ], [ 5.407454559045345, 48.645079660602228 ], [ 5.407134980318967, 48.645180608770517 ], [ 5.40641623286356, 48.645645082254383 ], [ 5.405878718649206, 48.645750429212107 ], [ 5.405547632423719, 48.645896600473442 ], [ 5.405571119422885, 48.646296582865176 ], [ 5.404958709376994, 48.646268452502468 ], [ 5.404742522434488, 48.646052340739736 ], [ 5.40453694027657, 48.646011495496168 ], [ 5.404153591913264, 48.646424188741406 ], [ 5.404432843206838, 48.646553537934793 ], [ 5.404372898900345, 48.646689733113909 ], [ 5.404031635804652, 48.646651625411657 ], [ 5.403186821762247, 48.64614672835183 ], [ 5.402486976507686, 48.646025859537353 ], [ 5.401769356120656, 48.6453699035469 ], [ 5.400168864927382, 48.644691239844093 ], [ 5.400076735580679, 48.644292639749082 ], [ 5.399107346233474, 48.643956706141282 ], [ 5.398430040123378, 48.643974844892867 ], [ 5.398153726243361, 48.643890417881082 ], [ 5.397733222277795, 48.643678406961563 ], [ 5.397370414521464, 48.64328075353216 ], [ 5.396942891312944, 48.642933895850064 ], [ 5.396624526484115, 48.642598338960994 ], [ 5.395762172141301, 48.642467202606603 ], [ 5.394999251538945, 48.642172078525469 ], [ 5.394288910449556, 48.641875892786899 ], [ 5.393670748507381, 48.641757830911679 ], [ 5.393264160015841, 48.64177499985135 ], [ 5.39246488453396, 48.642020531129653 ], [ 5.391920365225802, 48.641990971178863 ], [ 5.391494943737734, 48.641689047365617 ], [ 5.391117325138988, 48.641021702424048 ], [ 5.390836645922841, 48.640896850853878 ], [ 5.38866401329963, 48.640859449210495 ], [ 5.388249372398955, 48.640737278041733 ], [ 5.387824624994269, 48.640430828418552 ], [ 5.387384387346533, 48.639859217003448 ], [ 5.38723917980939, 48.63972714222615 ], [ 5.387002444749165, 48.639151450425828 ], [ 5.38678120660038, 48.638840918442611 ], [ 5.386498293711132, 48.638666607039774 ], [ 5.385885983224608, 48.638638378477459 ] ], [ [ 5.490590416192525, 48.677360479064312 ], [ 5.489301610714064, 48.677405399712519 ], [ 5.488697757091846, 48.677512499470041 ], [ 5.48815687937516, 48.67756878660019 ], [ 5.485746456922861, 48.677227618574051 ], [ 5.484790637688877, 48.677166556019415 ], [ 5.484103764380131, 48.677045886749937 ], [ 5.483123204440919, 48.67653537309647 ], [ 5.482427607613057, 48.676284389586293 ], [ 5.482086094672762, 48.676246506379037 ], [ 5.479738481587127, 48.675597942459667 ], [ 5.479318240563996, 48.675386207545422 ], [ 5.479024598393679, 48.67503235262371 ], [ 5.478590314975936, 48.674595930558773 ], [ 5.478200752308156, 48.673974096099045 ], [ 5.47790733868737, 48.673624733111517 ], [ 5.477131587150648, 48.673150408962371 ], [ 5.47595159967435, 48.672729473498222 ], [ 5.474908221104632, 48.672305689949212 ], [ 5.474414203780789, 48.672005479358091 ], [ 5.472924746235915, 48.670965503539463 ], [ 5.470884049804395, 48.668861549125467 ], [ 5.469641863022133, 48.668540832229439 ], [ 5.469145788648322, 48.668195647430537 ], [ 5.468273051151854, 48.667228326455117 ], [ 5.467897876020373, 48.666655655164277 ], [ 5.467727782156985, 48.666074236470415 ], [ 5.467779522403339, 48.665803192162613 ], [ 5.467763399951063, 48.665533553089865 ], [ 5.467460136738513, 48.665224864257738 ], [ 5.4664082828675, 48.664670696708967 ], [ 5.466192825917534, 48.66449517384325 ], [ 5.466294198441267, 48.663908134108894 ], [ 5.466247976448205, 48.663144166490731 ], [ 5.466098265196865, 48.662922287084562 ], [ 5.465634937083617, 48.661991467397442 ], [ 5.465123691915623, 48.661376606108519 ], [ 5.464765335014336, 48.661069049920627 ], [ 5.464265962248672, 48.66090389545181 ], [ 5.463845690114463, 48.660687608209457 ], [ 5.463084237257917, 48.660437876492338 ], [ 5.46245257250592, 48.660095466701762 ], [ 5.4618088503113, 48.659532824255002 ], [ 5.461807790511328, 48.659528346589575 ], [ 5.4617828077936, 48.659123902140699 ], [ 5.461830339620255, 48.658762954992049 ], [ 5.461756557525364, 48.658674488099763 ], [ 5.461260628749684, 48.658329267631622 ], [ 5.461187696390939, 48.658240782834959 ], [ 5.46102912980758, 48.65788409281577 ], [ 5.460203690115372, 48.657680660509811 ], [ 5.459576305863123, 48.657428138691962 ], [ 5.458430160583022, 48.656650870201283 ], [ 5.457855216203712, 48.656122783927913 ], [ 5.457479818695705, 48.65550508741358 ], [ 5.456888196505957, 48.654711865766473 ], [ 5.456533741318535, 48.654449200310509 ], [ 5.455430001670777, 48.654174980943125 ], [ 5.45514551510036, 48.653955865145214 ], [ 5.4550637244297, 48.653732572024253 ], [ 5.454912825618001, 48.653465707105482 ], [ 5.453524219021825, 48.65296336219663 ], [ 5.451484252234891, 48.651983952939602 ], [ 5.451047224566548, 48.651497991967247 ], [ 5.450207365365451, 48.651074309830349 ], [ 5.449505738708385, 48.650683776377328 ], [ 5.448856155665973, 48.65002669424473 ], [ 5.44854915824298, 48.649452559249021 ], [ 5.448472020616988, 48.64814926696026 ], [ 5.448303803465966, 48.647837753585776 ], [ 5.447642464853699, 48.647000922585846 ], [ 5.446927215963055, 48.646390174408118 ], [ 5.444377504505698, 48.64461119036671 ], [ 5.444358560657832, 48.644296607985495 ], [ 5.444210054136613, 48.644079175477913 ], [ 5.443597439351318, 48.644046748364957 ], [ 5.443245432688193, 48.643833489140022 ], [ 5.443085254736068, 48.643656790957003 ], [ 5.443209133659788, 48.643474266604329 ], [ 5.443196092155791, 48.643249554628511 ], [ 5.442901623280027, 48.642850631006695 ] ] ] } },
{ "type": "Feature", "properties": { "fid": 8537, "gid": 8537, "CdEuMasseDEau": "FRHR122B-F5661000", "NomMasseDEau": "ruisseau des grandes fontaines", "Etat masse eau ": "Moyen", "Etat ecologique": "Bon", "Etat chimique": "Non atteint", "_swEcologicalStatusOrPotentialValue": "2", "_swChemicalStatusValue": "3" }, "geometry": { "type": "MultiLineString", "coordinates": [ [ [ 5.355057266298732, 48.629659054734894 ], [ 5.354815027618127, 48.630158788516752 ], [ 5.35452538612522, 48.631019417335381 ], [ 5.354499256878221, 48.631739850829057 ], [ 5.354323004725937, 48.63219778256979 ], [ 5.353897697772545, 48.633061089841263 ], [ 5.353274909892875, 48.633797812338059 ], [ 5.352783443128702, 48.634662421120105 ], [ 5.352482468894693, 48.635347785456354 ], [ 5.352386461137193, 48.63602460090987 ], [ 5.352082077600769, 48.636615541945829 ], [ 5.352039546659477, 48.637066327451087 ], [ 5.351922275545895, 48.637383605032959 ], [ 5.351405987442442, 48.637848243487184 ], [ 5.351314849891795, 48.638614949125298 ], [ 5.35099246259798, 48.63890027864867 ], [ 5.351047678724593, 48.639619100018848 ], [ 5.350857675779195, 48.639847822370108 ], [ 5.350757922913457, 48.640479712914853 ], [ 5.350443074218076, 48.640895375157847 ], [ 5.349853816028887, 48.64126695630403 ], [ 5.34953322153563, 48.641592740308873 ], [ 5.349551715291531, 48.641853342666131 ], [ 5.349576872501377, 48.642356782840736 ], [ 5.349193117553721, 48.642769300432683 ], [ 5.34895649524374, 48.643358892324187 ], [ 5.348955001188603, 48.6433634212123 ], [ 5.34885001107241, 48.643860428275694 ], [ 5.348611684013738, 48.644450052387192 ], [ 5.347714376981178, 48.645372123396122 ], [ 5.34749500764794, 48.646006364666562 ], [ 5.347472808989363, 48.646816696349013 ], [ 5.347530761942722, 48.647805424358793 ], [ 5.347761572036636, 48.648295810633478 ], [ 5.347834944892883, 48.648379853338518 ], [ 5.348140184379053, 48.648958759977461 ], [ 5.348437679388534, 48.649402836273772 ], [ 5.348996908444549, 48.649702269940803 ], [ 5.350039663130049, 48.650127146183372 ], [ 5.350532759593654, 48.65042787728396 ] ] ] } },
{ "type": "Feature", "properties": { "fid": 601, "gid": 601, "CdEuMasseDEau": "FRCR383", "NomMasseDEau": "LONGEAU (AFFL. YRON)", "Etat masse eau ": "Moyen", "Etat ecologique": "Moyen", "Etat chimique": "Non atteint", "_swEcologicalStatusOrPotentialValue": "3", "_swChemicalStatusValue": "3" }, "geometry": { "type": "MultiLineString", "coordinates": [ [ [ 5.673800500000084, 49.009466364000048 ], [ 5.674275239000053, 49.00940630000008 ], [ 5.675093820000086, 49.009383554000067 ], [ 5.675509137000063, 49.009464265000076 ], [ 5.675873228000057, 49.009811531000082 ], [ 5.677401094000061, 49.011028045000046 ], [ 5.677703474000055, 49.011471153000059 ], [ 5.67787449900004, 49.012002663000032 ], [ 5.67793280300009, 49.012901070000055 ], [ 5.677626977000045, 49.013452218000047 ], [ 5.677984766000066, 49.013709648000088 ], [ 5.678192871000078, 49.013749989000083 ], [ 5.67939384500005, 49.014343977000067 ], [ 5.679558288000067, 49.014565232000052 ], [ 5.679541965000055, 49.015375333000073 ], [ 5.680054591000044, 49.015899211000033 ], [ 5.681229859000041, 49.01609338600008 ], [ 5.682341622000081, 49.016365444000087 ], [ 5.682928331000085, 49.016982123000048 ], [ 5.684123079000074, 49.017486233000056 ], [ 5.685334925000063, 49.018039434000059 ], [ 5.687033763000045, 49.018932605000032 ], [ 5.68764862200004, 49.018918836000068 ], [ 5.687838295000063, 49.018685163000043 ], [ 5.688099696000052, 49.018499367000061 ], [ 5.688376145000063, 49.018538160000048 ], [ 5.689007292000042, 49.018789433000052 ], [ 5.689362847000041, 49.019001894000041 ], [ 5.689309583000068, 49.019228015000067 ], [ 5.689330147000078, 49.019542451000063 ], [ 5.689480985000046, 49.019763998000087 ], [ 5.689902772000039, 49.019934486000068 ], [ 5.691118231000075, 49.020752962000081 ], [ 5.691692433000071, 49.020960513000034 ], [ 5.692656062000083, 49.021060357000067 ], [ 5.694047258000069, 49.021425008000051 ], [ 5.695009034000066, 49.021488887000032 ], [ 5.695881033000092, 49.021239877000085 ], [ 5.697258021000039, 49.021379883000073 ], [ 5.697883722000086, 49.021541262000085 ], [ 5.69816890900006, 49.021714793000058 ], [ 5.69992239700008, 49.022386128000051 ], [ 5.701548733350998, 49.022792269901544 ] ], [ [ 5.745669648061107, 49.060629592189862 ], [ 5.745677103000048, 49.060638453000081 ], [ 5.745715713000038, 49.061222371000042 ], [ 5.745535495421832, 49.061416647381137 ] ], [ [ 5.746913497685939, 49.064277553932278 ], [ 5.748015309000039, 49.064750557000082 ], [ 5.748588876000042, 49.065142295000051 ], [ 5.74947676100004, 49.066152121000073 ], [ 5.750281585000039, 49.066934421000042 ], [ 5.751920577990372, 49.068863476031296 ] ] ] } },
{ "type": "Feature", "properties": { "fid": 560, "gid": 560, "CdEuMasseDEau": "FRCR348", "NomMasseDEau": "RUISSEAU DE LA TUILERIE", "Etat masse eau ": "Moyen", "Etat ecologique": "Moyen", "Etat chimique": "Bon", "_swEcologicalStatusOrPotentialValue": "3", "_swChemicalStatusValue": "2" }, "geometry": { "type": "MultiLineString", "coordinates": [ [ [ 5.793760831000043, 48.945003310000061 ], [ 5.793795666000051, 48.944507601000055 ], [ 5.793737244000056, 48.944405485000061 ], [ 5.793718500000068, 48.94437442900005 ], [ 5.792711292685962, 48.943425527573666 ] ], [ [ 5.789757443925092, 48.939782841833903 ], [ 5.789557036000076, 48.939724871000067 ], [ 5.789571878599697, 48.939604910877968 ] ], [ [ 5.788256862050766, 48.937234781855608 ], [ 5.78829072800005, 48.937108892000083 ], [ 5.788515171006957, 48.937043294398045 ] ], [ [ 5.788549113051563, 48.936773568283584 ], [ 5.788467694000076, 48.936699856000082 ], [ 5.788189196000076, 48.936616356000059 ], [ 5.788177001000065, 48.936436677000081 ], [ 5.788276156510446, 48.936394070029692 ] ], [ [ 5.787996782171264, 48.936017738186919 ], [ 5.787943416000076, 48.935996703000058 ], [ 5.787860440078039, 48.935775524789605 ] ], [ [ 5.787674267527683, 48.935660776198112 ], [ 5.78764620600009, 48.935643693000088 ], [ 5.787634866000076, 48.935463993000042 ], [ 5.787643765421526, 48.935435471500995 ] ], [ [ 5.787712541038237, 48.935219724389775 ], [ 5.787736509000069, 48.935146692000046 ], [ 5.788387399000044, 48.934677137000051 ], [ 5.788625723000052, 48.934505123000072 ], [ 5.78864801800006, 48.934491107000042 ], [ 5.788664847115566, 48.934436576444966 ] ], [ [ 5.787745200174315, 48.933392589483603 ], [ 5.787660278489135, 48.933395366128138 ] ], [ [ 5.787350266709138, 48.933405502438006 ], [ 5.787346977000084, 48.933405610000079 ], [ 5.787343267408051, 48.933395618177514 ] ], [ [ 5.787297426236036, 48.933272144530612 ], [ 5.787264175000075, 48.933182582000086 ], [ 5.787316710651864, 48.933143703371414 ] ], [ [ 5.787384799386883, 48.933093314796125 ], [ 5.787436770497871, 48.933054853951788 ] ], [ [ 5.7873911688222, 48.932990691647653 ], [ 5.787372690000041, 48.932977598000043 ], [ 5.78717159100006, 48.932824809000067 ], [ 5.786896376000072, 48.932786220000082 ], [ 5.786811088507078, 48.93281225070632 ] ], [ [ 5.786564463732063, 48.932887523373438 ], [ 5.786561277000089, 48.932888496000032 ], [ 5.786558499177231, 48.932887662110637 ] ], [ [ 5.786417966614843, 48.932845474894492 ], [ 5.786159491885054, 48.932767881992824 ] ], [ [ 5.786156517237544, 48.932660074622802 ], [ 5.786187819000077, 48.932402282000055 ], [ 5.786220213177829, 48.932297449853536 ] ], [ [ 5.676451093000082, 48.966494702000034 ], [ 5.678667279000081, 48.966971557000079 ], [ 5.680844175000061, 48.967894625000042 ], [ 5.68336189900009, 48.968585089000051 ], [ 5.684826458000089, 48.969042663000039 ], [ 5.685511070000075, 48.969067818000042 ], [ 5.686451340000076, 48.96881731700006 ], [ 5.687654844000065, 48.968421446000043 ], [ 5.687906849000058, 48.968091886000082 ], [ 5.688239191000093, 48.967944973000051 ], [ 5.690915932000053, 48.968141351000043 ], [ 5.694197170000052, 48.968184625000049 ], [ 5.696150653000075, 48.967758314000037 ], [ 5.69701389700009, 48.967374497000037 ], [ 5.69779698800005, 48.96681252500008 ], [ 5.698755501000051, 48.96579672200005 ], [ 5.698657948000061, 48.965349039000046 ], [ 5.698355891000063, 48.964910459000073 ], [ 5.698125038000057, 48.964510765000057 ], [ 5.697931376000042, 48.963840305000083 ], [ 5.697469922000039, 48.963045407000038 ], [ 5.697304142000064, 48.962599258000068 ], [ 5.696791868000048, 48.962075427000059 ], [ 5.696777651000048, 48.961850808000072 ], [ 5.697364639000057, 48.961428210000072 ], [ 5.699843166000051, 48.960675097000042 ], [ 5.700452260000077, 48.960481425000069 ], [ 5.701007227000048, 48.959920066000052 ], [ 5.701202251000041, 48.959515277000037 ], [ 5.701664602000051, 48.959275418000061 ], [ 5.702345903000094, 48.959255561000077 ], [ 5.703105013000084, 48.95936891000008 ], [ 5.705294504000051, 48.959431985000037 ], [ 5.707160962000046, 48.959785742000072 ], [ 5.707269490000044, 48.959918256000037 ], [ 5.708278748000055, 48.960160887000086 ], [ 5.708628444000055, 48.960283452000056 ], [ 5.709855676000075, 48.960251215000085 ], [ 5.711289735000094, 48.960254777000046 ], [ 5.71163389700007, 48.96028748100008 ], [ 5.711775919000047, 48.960374245000082 ], [ 5.711676107000073, 48.960736409000049 ], [ 5.712435259000074, 48.96084969900005 ], [ 5.713662032000059, 48.960808437000082 ], [ 5.71501911900009, 48.960678732000083 ], [ 5.716302409000093, 48.960460708000085 ], [ 5.717663770000058, 48.96038036300007 ], [ 5.719161478000046, 48.959919007000053 ], [ 5.720888287000093, 48.959560403000069 ], [ 5.723606412000038, 48.959345711000083 ], [ 5.724818422000055, 48.959088724000082 ], [ 5.726783300000079, 48.958841592000056 ], [ 5.727725545000055, 48.95863569900007 ], [ 5.728203206000046, 48.95862482800004 ], [ 5.729174770000043, 48.958863645000072 ], [ 5.729598553000073, 48.959078938000061 ], [ 5.730973985000048, 48.959218566000061 ], [ 5.731255727000075, 48.959347112000046 ], [ 5.73160547100008, 48.959469610000042 ], [ 5.732503487000088, 48.959624598000062 ], [ 5.733817918000057, 48.959675606000083 ], [ 5.736852903000056, 48.959088975000043 ], [ 5.737786069000038, 48.958743745000049 ], [ 5.738260509000042, 48.958687918000066 ], [ 5.73894264200004, 48.958667834000039 ], [ 5.739155310000058, 48.958797941000057 ], [ 5.73997950800009, 48.958864582000047 ], [ 5.74120645000005, 48.958827531000047 ], [ 5.741692689000047, 48.958946878000063 ], [ 5.744836440000086, 48.958982902000059 ], [ 5.746259501000054, 48.95881083900008 ], [ 5.747472002000052, 48.958549110000043 ], [ 5.747878193000076, 48.958494809000058 ], [ 5.748909246000039, 48.958597137000083 ], [ 5.751125521000063, 48.959068162000051 ], [ 5.752950381000062, 48.959597626000061 ], [ 5.753897123000058, 48.959913297000071 ], [ 5.754553920000092, 48.960091659000057 ], [ 5.756646338000053, 48.960398970000085 ], [ 5.758403996000084, 48.959917641000061 ], [ 5.759511409000083, 48.959671704000073 ], [ 5.760261784000079, 48.959649927000051 ], [ 5.762486977000037, 48.959225253000056 ], [ 5.764446287000055, 48.958892148000082 ], [ 5.766197245000058, 48.958527828000058 ], [ 5.766461069000059, 48.958382272000051 ], [ 5.767471384000089, 48.958174492000069 ], [ 5.767927777000068, 48.957844528000066 ], [ 5.768944569000041, 48.957726565000087 ], [ 5.77108071400005, 48.956979859000057 ], [ 5.773614524000038, 48.956052950000071 ], [ 5.77381597100009, 48.956003298000041 ], [ 5.774334035000038, 48.955581901000073 ], [ 5.77609287000007, 48.953273688000081 ], [ 5.776409696000087, 48.952906430000041 ], [ 5.77802263600006, 48.951690317000043 ], [ 5.778402009000047, 48.95123162200008 ], [ 5.778582116000052, 48.950863028000072 ], [ 5.778898911000056, 48.95049576200006 ], [ 5.779423389000044, 48.95016417000005 ], [ 5.780435571000055, 48.948957451000069 ], [ 5.781152518000056, 48.948441423000077 ], [ 5.781754342000056, 48.948247494000043 ], [ 5.782302282000046, 48.948275264000081 ], [ 5.784785884000087, 48.948653981000064 ], [ 5.785263200000088, 48.948638389000052 ], [ 5.786944963000053, 48.948266361000037 ], [ 5.789549550000061, 48.947382436000055 ], [ 5.791143207000061, 48.946706463000055 ], [ 5.792455001000064, 48.945902065000041 ], [ 5.793760831000043, 48.945003310000061 ] ], [ [ 5.764528885000061, 48.966947814000036 ], [ 5.766468362000069, 48.967343966000051 ], [ 5.768480664000037, 48.967823885000087 ], [ 5.769947627000079, 48.968311873000061 ], [ 5.770872591000057, 48.968870858000059 ], [ 5.772413088000064, 48.969231148000063 ], [ 5.774248568000076, 48.970124462000058 ], [ 5.774817796000093, 48.970466702000067 ], [ 5.775251382000079, 48.970812081000084 ], [ 5.776006712000083, 48.970880073000046 ], [ 5.776771807000046, 48.971082802000069 ], [ 5.777592994000088, 48.971104270000069 ], [ 5.77901881400004, 48.970963255000072 ], [ 5.780370580000067, 48.970747458000062 ], [ 5.782569310000042, 48.969918132000032 ], [ 5.783989044000066, 48.969696217000042 ], [ 5.785205111000039, 48.969483516000082 ], [ 5.786638948000075, 48.969477190000077 ], [ 5.787275540000053, 48.969592861000081 ], [ 5.789611488000048, 48.969794969000077 ], [ 5.792558196000073, 48.969933319000063 ], [ 5.795261819000075, 48.970522661000082 ], [ 5.796497957000042, 48.97061980400008 ], [ 5.796627916000091, 48.970526793000033 ], [ 5.796818017000078, 48.970297411000047 ], [ 5.799470802000087, 48.970132020000051 ], [ 5.80048703600005, 48.970000311000042 ], [ 5.802155191000054, 48.969412458000079 ], [ 5.803411638000057, 48.968793718000086 ], [ 5.80401992700007, 48.968685014000073 ], [ 5.806000209000047, 48.968674672000077 ], [ 5.807018825000057, 48.968587840000055 ], [ 5.80775703900008, 48.968386094000039 ], [ 5.808618615000057, 48.968001494000077 ], [ 5.809543566000059, 48.967525423000041 ], [ 5.811078332000079, 48.966985556000047 ], [ 5.811748262000037, 48.966785386000083 ], [ 5.81226965400009, 48.966413235000061 ], [ 5.813041995000049, 48.965706766000039 ], [ 5.813767001000088, 48.965325331000088 ], [ 5.814632621000044, 48.964985580000082 ], [ 5.815150444000039, 48.964564010000061 ], [ 5.81564804900006, 48.963832479000082 ], [ 5.816174862000082, 48.963545664000037 ], [ 5.817570526000054, 48.962963985000052 ], [ 5.817958160000046, 48.962630943000079 ], [ 5.818075756000042, 48.962358237000046 ], [ 5.818093193000038, 48.961592991000032 ], [ 5.817473223000093, 48.960712256000079 ], [ 5.817162282000084, 48.959923235000083 ], [ 5.81685851900005, 48.959691925000072 ], [ 5.816843174000041, 48.959471832000077 ], [ 5.816977978000068, 48.958429385000045 ], [ 5.817143344000044, 48.957840622000049 ], [ 5.817172240000048, 48.957255066000073 ], [ 5.815025030000072, 48.95497950500004 ], [ 5.814624375000051, 48.954093602000057 ], [ 5.81440411300008, 48.953873822000048 ], [ 5.811808751000058, 48.953048426000073 ], [ 5.811536570000044, 48.953068309000059 ], [ 5.810523249000084, 48.953231548000083 ], [ 5.809699049000074, 48.953165391000077 ], [ 5.806782257000066, 48.952441904000068 ], [ 5.805661502000078, 48.952022741000064 ], [ 5.804946842000049, 48.951549073000081 ], [ 5.804943564000041, 48.95150416000007 ], [ 5.802979294000068, 48.949898966000042 ], [ 5.80017717000004, 48.947827423000042 ], [ 5.799809411000069, 48.947435600000063 ], [ 5.799577856000042, 48.947036094000055 ], [ 5.799459557000091, 48.946741920000079 ], [ 5.79939760700006, 48.946590399000058 ], [ 5.798893426000063, 48.946201760000072 ], [ 5.797287477000054, 48.945663380000042 ], [ 5.796489593000047, 48.945623515000079 ], [ 5.795094704000064, 48.945548083000062 ], [ 5.794332328000053, 48.945390400000072 ], [ 5.793760831000043, 48.945003310000061 ] ] ] } },
{ "type": "Feature", "properties": { "fid": 124, "gid": 124, "CdEuMasseDEau": "FRB1R505", "NomMasseDEau": "AROFFE 3", "Etat masse eau ": "Moyen", "Etat ecologique": "Moyen", "Etat chimique": "Non atteint", "_swEcologicalStatusOrPotentialValue": "3", "_swChemicalStatusValue": "3" }, "geometry": { "type": "MultiLineString", "coordinates": [ [ [ 5.720515453363231, 48.592160715963182 ], [ 5.720438573000081, 48.592341188000034 ], [ 5.72037174400009, 48.59249122600005 ], [ 5.72030865000005, 48.592713183000058 ], [ 5.720150564000051, 48.593261332000047 ], [ 5.719903514000066, 48.59363150300004 ], [ 5.71888679500006, 48.594694306000072 ], [ 5.718645858000059, 48.595149839000051 ], [ 5.718614554000055, 48.595510577000077 ], [ 5.71904148200008, 48.595811341000058 ], [ 5.719767908000051, 48.596555287000058 ], [ 5.720282588000089, 48.59717356200008 ], [ 5.720320574000084, 48.597757730000069 ], [ 5.720137855000075, 48.598076926000033 ], [ 5.719755013000054, 48.598445698000042 ], [ 5.718718397000089, 48.599927472000047 ], [ 5.718179191000047, 48.600290809000057 ], [ 5.717683725000086, 48.600810654000043 ], [ 5.717311872000039, 48.601359176000081 ], [ 5.716607741000075, 48.602009787000043 ], [ 5.716431344000057, 48.602418837000073 ], [ 5.716507238000077, 48.603587169000043 ], [ 5.716324476000068, 48.603906357000085 ], [ 5.716147457000091, 48.60431992000008 ], [ 5.716315209000072, 48.604806618000055 ], [ 5.716461787000071, 48.604983282000042 ], [ 5.716555640000081, 48.605386161000069 ], [ 5.716494223000041, 48.605477568000083 ], [ 5.716537035000044, 48.605926615000051 ], [ 5.716766448000044, 48.606326400000057 ], [ 5.716812861000051, 48.607040878000078 ], [ 5.716382101000079, 48.607730245000077 ], [ 5.716338065000059, 48.608091268000067 ], [ 5.71609619600008, 48.608546810000064 ], [ 5.715925286000072, 48.609045735000052 ], [ 5.715933394000047, 48.610215608000033 ], [ 5.715840638000088, 48.610667747000043 ], [ 5.715866712000093, 48.611072171000046 ] ], [ [ 5.715866712000093, 48.611072171000046 ], [ 5.715851077000082, 48.611882567000073 ], [ 5.716083691000051, 48.612327281000034 ], [ 5.716041981000046, 48.612733252000055 ], [ 5.715735482000071, 48.613235268000039 ], [ 5.715765203000046, 48.613693611000087 ], [ 5.715514846000076, 48.61401883700006 ], [ 5.714940356000056, 48.614571965000039 ], [ 5.714472423000075, 48.614677141000072 ], [ 5.713447130000077, 48.614570011000069 ], [ 5.712770318000082, 48.614589936000073 ], [ 5.711504173000037, 48.614942798000072 ], [ 5.710110875000055, 48.615429045000042 ], [ 5.70965392800008, 48.615713959000061 ], [ 5.709324497000068, 48.615856463000057 ], [ 5.708582667000087, 48.61593184600008 ], [ 5.707452045000082, 48.616281579000088 ], [ 5.706467752000037, 48.616803481000034 ], [ 5.705839134000087, 48.617362292000053 ], [ 5.705076363000046, 48.618149156000072 ], [ 5.704893481000056, 48.618468323000059 ], [ 5.704642801000091, 48.618789030000073 ], [ 5.703811348000045, 48.619577445000061 ], [ 5.703434189000063, 48.620045026000071 ], [ 5.703113606000045, 48.620326815000055 ], [ 5.70265951500005, 48.620652136000047 ], [ 5.702476841000077, 48.620975793000071 ], [ 5.702263936000065, 48.621880656000087 ], [ 5.701957250000078, 48.622382633000086 ], [ 5.700883047000048, 48.623401539000042 ], [ 5.700049145000094, 48.624144975000043 ], [ 5.699544734000085, 48.624745931000064 ], [ 5.699088495000069, 48.625030782000067 ], [ 5.698899220000044, 48.625260080000032 ], [ 5.698501896000039, 48.625404089000085 ], [ 5.697759916000052, 48.625479405000078 ], [ 5.697226364000073, 48.625630996000041 ], [ 5.696770104000052, 48.625915839000072 ], [ 5.696649468000089, 48.62614357700005 ], [ 5.696960518000083, 48.626762049000043 ], [ 5.697245868000039, 48.626980592000052 ], [ 5.697260843000038, 48.62720525900005 ], [ 5.697136196000088, 48.627388087000043 ], [ 5.696742014000051, 48.627577020000047 ], [ 5.695663898000078, 48.627700435000072 ], [ 5.695272025000065, 48.627934312000043 ], [ 5.695159172000047, 48.628296875000046 ], [ 5.695518656000047, 48.628603746000067 ], [ 5.695681955000055, 48.62882505500005 ] ], [ [ 5.791483964237222, 48.607867205029166 ], [ 5.79132628800005, 48.607863862000045 ], [ 5.791276302000085, 48.607865034000042 ], [ 5.790653829000064, 48.607884131000048 ], [ 5.786032173000081, 48.608023907000081 ], [ 5.785086990000082, 48.608100032000038 ], [ 5.780873959000076, 48.607996025000034 ], [ 5.779405572000087, 48.608363351000037 ], [ 5.778316572000051, 48.608303269000032 ], [ 5.777368749000061, 48.608329891000039 ], [ 5.775481337000088, 48.608522429000061 ], [ 5.77487778200009, 48.608626509000032 ], [ 5.774604519000093, 48.608592376000047 ], [ 5.774598059000084, 48.608502520000059 ], [ 5.774326941000084, 48.60850884000007 ], [ 5.772113999000055, 48.608897926000047 ], [ 5.769627047000085, 48.60923934300007 ], [ 5.768346139000073, 48.609368149000034 ], [ 5.766341347000093, 48.609828791000041 ], [ 5.764849576000074, 48.609836450000046 ], [ 5.763797670000088, 48.609707869000033 ], [ 5.763782420000041, 48.609708223000041 ], [ 5.763452232581878, 48.609666737905592 ] ], [ [ 5.761800428634779, 48.60941715877415 ], [ 5.761416113000053, 48.609218607000059 ], [ 5.761392424000064, 48.609187655000085 ], [ 5.761342742000068, 48.609130303000086 ], [ 5.761216842000067, 48.609043218000068 ], [ 5.760723512000084, 48.608712637000053 ], [ 5.760633164000069, 48.608656229000083 ], [ 5.759311213000046, 48.608151346000056 ], [ 5.756640861000051, 48.60736266400005 ], [ 5.755712545000051, 48.607276153000043 ], [ 5.755309087000057, 48.607330497000078 ], [ 5.754829295000093, 48.607256097000061 ], [ 5.753930833000084, 48.607011372000045 ], [ 5.753186357000061, 48.607033095000077 ], [ 5.75239488200009, 48.607370923000083 ], [ 5.751938235000068, 48.607656 ], [ 5.750198631000046, 48.609064299000067 ], [ 5.74981592000006, 48.609433165000041 ], [ 5.748888823000073, 48.609774100000038 ], [ 5.745526541000061, 48.610234227000042 ], [ 5.743899190000093, 48.610244751000039 ], [ 5.739606334000087, 48.609961112000072 ], [ 5.738185066000085, 48.610002817000073 ], [ 5.737446089000059, 48.610114320000037 ], [ 5.733974793000073, 48.609951089000049 ], [ 5.733083006000072, 48.609800560000053 ], [ 5.732326553000064, 48.609642417000032 ], [ 5.730215545000078, 48.609519848000048 ], [ 5.729255759000068, 48.609366349000076 ], [ 5.728562041000089, 48.609125740000081 ], [ 5.727602502000082, 48.608976723000069 ], [ 5.725093792000052, 48.609002685000064 ], [ 5.722186280000074, 48.609352731000058 ], [ 5.721574604000068, 48.609335218000069 ], [ 5.721159440000065, 48.609214203000079 ], [ 5.72035032000008, 48.609282201000042 ], [ 5.720031996000046, 48.609604492000081 ], [ 5.719550212000058, 48.610340037000071 ], [ 5.719167276000064, 48.610708804000069 ], [ 5.718637118000061, 48.610905423000077 ], [ 5.717424443000084, 48.611027619000083 ], [ 5.715866712000093, 48.611072171000046 ] ] ] } },
{ "type": "Feature", "properties": { "fid": 548, "gid": 548, "CdEuMasseDEau": "FRCR338", "NomMasseDEau": "ESCHE 1", "Etat masse eau ": "Moyen", "Etat ecologique": "Moyen", "Etat chimique": "Non atteint", "_swEcologicalStatusOrPotentialValue": "3", "_swChemicalStatusValue": "3" }, "geometry": { "type": "MultiLineString", "coordinates": [ [ [ 5.710005254000066, 48.776563328000073 ], [ 5.71036266200008, 48.776825191000057 ], [ 5.712903450000056, 48.778013884000082 ], [ 5.713682899000048, 48.778486629000042 ], [ 5.71411682300004, 48.778877231000081 ], [ 5.715876910000077, 48.77992611600007 ], [ 5.716324339000039, 48.780379397000047 ], [ 5.716767255000093, 48.780909271000041 ], [ 5.717266036000069, 48.781253391000064 ], [ 5.719683106000048, 48.782624740000081 ], [ 5.721289625000054, 48.783254085000067 ], [ 5.722264283000072, 48.783582841000047 ], [ 5.724228393000089, 48.784473971000068 ], [ 5.727947321000045, 48.785977443000043 ], [ 5.729229141000076, 48.786839078000071 ], [ 5.730649618000086, 48.787747024000055 ], [ 5.731294195000089, 48.788222741000077 ], [ 5.732660099000043, 48.789127412000077 ], [ 5.734204520000048, 48.789847999000081 ], [ 5.735394941000038, 48.790342696000039 ], [ 5.737429907000092, 48.79127698800005 ], [ 5.739112721000083, 48.791809860000058 ], [ 5.741260700000055, 48.792381531000046 ], [ 5.743115611000064, 48.792640424000069 ], [ 5.745631818000049, 48.79260511800004 ], [ 5.747475824000048, 48.792688711000039 ], [ 5.748231757000042, 48.79280181200005 ], [ 5.749257404000048, 48.792863704000069 ], [ 5.750267565000058, 48.792696466000052 ], [ 5.75108034100009, 48.792628256000057 ], [ 5.75294389000004, 48.793017287000055 ], [ 5.754051747000062, 48.793297725000059 ], [ 5.754753525000069, 48.793416532000037 ], [ 5.756642525000075, 48.793287466000038 ], [ 5.757194, 48.793252241000062 ], [ 5.758975633000091, 48.79342709000008 ], [ 5.761702211000056, 48.79385904600008 ], [ 5.762330552000037, 48.793957009000053 ], [ 5.762552912000047, 48.793992364000083 ], [ 5.762636339000039, 48.794008433000045 ], [ 5.762966411000093, 48.794068294000056 ], [ 5.76416746700005, 48.79438698000007 ], [ 5.765114506000089, 48.794635041000049 ], [ 5.766093126000044, 48.79501285200007 ], [ 5.766229170000088, 48.795009702000073 ], [ 5.766450942000063, 48.795274543000062 ], [ 5.766895770000076, 48.795619711000086 ], [ 5.767593243000079, 48.795977024000081 ], [ 5.768375592000041, 48.796377361000047 ], [ 5.770402280000042, 48.797171810000073 ], [ 5.774728137000068, 48.798533797000061 ], [ 5.776881702000082, 48.799181203000046 ], [ 5.77723456800004, 48.799204499000041 ], [ 5.777467057000081, 48.799221592000038 ], [ 5.777498759000082, 48.799225355000033 ], [ 5.777770603000079, 48.799246033000088 ], [ 5.778114608075836, 48.79932065723991 ] ], [ [ 5.735478208000075, 48.819470628000033 ], [ 5.73579639400009, 48.819139385000085 ], [ 5.737153964000072, 48.818019435000053 ], [ 5.737407761000043, 48.817743655000072 ], [ 5.73785990500005, 48.817368842000064 ], [ 5.739261553000063, 48.816927275000069 ], [ 5.739589573000046, 48.816735278000067 ], [ 5.740118531000064, 48.816493679000082 ], [ 5.743349025000043, 48.815897633000077 ], [ 5.744164538000064, 48.815874412000085 ], [ 5.745657093000091, 48.815786140000057 ], [ 5.747640387000047, 48.815911542000038 ], [ 5.75076755300006, 48.815812613000048 ], [ 5.753246990000093, 48.816236969000045 ], [ 5.754742766000049, 48.816193504000069 ], [ 5.756269832000044, 48.81680622600004 ], [ 5.758010210000066, 48.816991054000077 ], [ 5.761773417000086, 48.817241620000061 ], [ 5.763221243000089, 48.81751412300008 ], [ 5.76767556100009, 48.817915008000057 ], [ 5.768763301000092, 48.817885315000069 ], [ 5.769501917000071, 48.817728718000069 ], [ 5.770388737000076, 48.817748661000053 ], [ 5.772732694000069, 48.818166759000064 ], [ 5.772865556000056, 48.818118681000051 ], [ 5.773088955000048, 48.818203489000041 ], [ 5.773860093000053, 48.818370076000072 ], [ 5.774194213000044, 48.818438814000046 ], [ 5.774373169000057, 48.818488654000078 ], [ 5.774464203137659, 48.818514076774413 ] ], [ [ 5.765544478000038, 48.830400939000072 ], [ 5.768735010000057, 48.831253983000067 ], [ 5.773533284000052, 48.831691701000068 ], [ 5.773746371000072, 48.831821742000045 ], [ 5.774041804000092, 48.832170346000055 ], [ 5.77425489500007, 48.832300386000043 ], [ 5.77593431300005, 48.831937442000083 ], [ 5.776540212000043, 48.831828883000071 ], [ 5.777444135000053, 48.831893377000085 ], [ 5.779630758000053, 48.832000041000072 ], [ 5.780187460000093, 48.832167076000083 ], [ 5.780613433000042, 48.832422640000061 ], [ 5.78158613800008, 48.83253049800004 ], [ 5.781914339000082, 48.832518363000077 ], [ 5.781834119000052, 48.832340249000083 ], [ 5.781760640000073, 48.832256469000072 ], [ 5.781750890000069, 48.83212171100007 ], [ 5.78177425823007, 48.832126930930215 ] ] ] } },
{ "type": "Feature", "properties": { "fid": 114, "gid": 114, "CdEuMasseDEau": "FRB1R498", "NomMasseDEau": "RUISSEAU DE RUPPES", "Etat masse eau ": "Bon", "Etat ecologique": "Bon", "Etat chimique": "Bon", "_swEcologicalStatusOrPotentialValue": "2", "_swChemicalStatusValue": "2" }, "geometry": { "type": "MultiLineString", "coordinates": [ [ [ 5.74802044643157, 48.476335269737724 ], [ 5.747163037000064, 48.477097953000055 ], [ 5.747169434000057, 48.477187821000086 ] ], [ [ 5.747169434000057, 48.477187821000086 ], [ 5.747101823000094, 48.477189385000088 ], [ 5.746270898000091, 48.477933233000051 ], [ 5.745036624000079, 48.478731408000051 ], [ 5.744596192000074, 48.479241174000038 ], [ 5.743987582000045, 48.480078879000082 ], [ 5.743735451000077, 48.48035475100005 ], [ 5.742689647000077, 48.480923506000067 ], [ 5.742519404000063, 48.481422520000081 ], [ 5.74214334800007, 48.481885780000077 ], [ 5.741303543000072, 48.482494770000073 ], [ 5.740186858000072, 48.483020129000067 ], [ 5.73964933700006, 48.483082042000042 ], [ 5.738924071000042, 48.483373319000073 ], [ 5.738016585000082, 48.483983845000068 ], [ 5.737552441000048, 48.484138570000077 ], [ 5.736903494000046, 48.484563097000034 ], [ 5.735526037000056, 48.485233942000043 ], [ 5.735276181000074, 48.485554748000077 ], [ 5.734696438000071, 48.485797638000072 ], [ 5.733022282000093, 48.48607022200008 ], [ 5.731955637000056, 48.486324305000039 ], [ 5.729841277000048, 48.487115549000073 ], [ 5.728645947000075, 48.487467074000051 ], [ 5.72423755300008, 48.488364918000059 ], [ 5.722107485000038, 48.488922345000049 ], [ 5.720653413000093, 48.489459744000051 ], [ 5.719742433000079, 48.490025193000072 ], [ 5.719556911000041, 48.490299482000069 ], [ 5.718848793000063, 48.490860277000081 ], [ 5.718155306000085, 48.491654767000057 ], [ 5.717704395000055, 48.492835257000081 ], [ 5.717515679000087, 48.493064608000047 ], [ 5.717121967000082, 48.493258143000048 ], [ 5.716317803000038, 48.493371054000079 ], [ 5.715988312000093, 48.493513609000047 ], [ 5.714269013000092, 48.49414700300008 ], [ 5.713869786000089, 48.494250641000072 ] ], [ [ 5.749018558979659, 48.4768888884511 ], [ 5.748492087000045, 48.476963673000057 ], [ 5.748038541000085, 48.477028182000083 ], [ 5.74730465500005, 48.477184691000048 ], [ 5.747169434000057, 48.477187821000086 ] ] ] } },
{ "type": "Feature", "properties": { "fid": 125, "gid": 125, "CdEuMasseDEau": "FRB1R506", "NomMasseDEau": "RUISSEAU DU MOULIN", "Etat masse eau ": "Moyen", "Etat ecologique": "Moyen", "Etat chimique": "Bon", "_swEcologicalStatusOrPotentialValue": "3", "_swChemicalStatusValue": "2" }, "geometry": { "type": "MultiLineString", "coordinates": [ [ [ 5.75585145148243, 48.691747961024156 ], [ 5.755779888000063, 48.691787457000032 ], [ 5.755673263000062, 48.691843922000032 ], [ 5.755288495000059, 48.691942814000072 ], [ 5.754119616000082, 48.692253321000067 ], [ 5.753982100000087, 48.692094498000081 ] ], [ [ 5.756047701000057, 48.692370765000078 ], [ 5.755555890000039, 48.692566633000069 ], [ 5.752604945000087, 48.69374179600004 ], [ 5.750404264000053, 48.694386579000081 ], [ 5.747067411000046, 48.694270010000082 ], [ 5.74645638700008, 48.694284087000085 ], [ 5.745987803000048, 48.694389379000086 ], [ 5.745707454000069, 48.694260837000058 ], [ 5.745462269000086, 48.694041485000071 ], [ 5.744985720000045, 48.693606961000057 ], [ 5.744489953000084, 48.693307877000052 ], [ 5.743947915000092, 48.693324853000043 ], [ 5.74309511000007, 48.693798973000071 ], [ 5.742431388000057, 48.694039239000062 ], [ 5.741205570000091, 48.693995430000086 ], [ 5.739163338000083, 48.693110876000048 ], [ 5.738738468000065, 48.692850639000085 ], [ 5.73748592700008, 48.692393410000079 ], [ 5.735710163000078, 48.692263171000043 ], [ 5.735498588000041, 48.692133027000068 ], [ 5.734531104000041, 48.691894225000055 ], [ 5.73230561400004, 48.691108258000042 ], [ 5.728547970000079, 48.689956832000064 ], [ 5.72478895800009, 48.688580325000032 ], [ 5.723262382000087, 48.688093213000059 ], [ 5.723115549000056, 48.687916570000077 ], [ 5.721507080000038, 48.687422307000077 ], [ 5.720313139000041, 48.686828566000088 ], [ 5.719269842000074, 48.686451874000056 ], [ 5.71796631300009, 48.686265604000077 ], [ 5.716675534000046, 48.686259027000062 ] ] ] } },
{ "type": "Feature", "properties": { "fid": 79, "gid": 79, "CdEuMasseDEau": "FRCR385", "NomMasseDEau": "RUISSEAU DE L'ETANG DE PARFOND RUPT", "Etat masse eau ": "Inconnu", "Etat ecologique": "Moyen", "Etat chimique": "Inconnu", "_swEcologicalStatusOrPotentialValue": "3", "_swChemicalStatusValue": "U" }, "geometry": { "type": "MultiLineString", "coordinates": [ [ [ 5.740783877000069, 48.986653487000069 ], [ 5.741832355000042, 48.986800475000052 ], [ 5.744368120000047, 48.986908931000073 ], [ 5.746072308000066, 48.986851926000043 ], [ 5.747507957000039, 48.986855036000073 ], [ 5.748338220000051, 48.98701146500008 ], [ 5.751739675000067, 48.987815233000049 ], [ 5.752925093000044, 48.988174925000067 ], [ 5.754386525000086, 48.988357313000051 ], [ 5.754807416000062, 48.988527597000086 ], [ 5.755150939000089, 48.988560196000037 ], [ 5.756058387000053, 48.988849763000083 ], [ 5.756645033000041, 48.988971245000073 ], [ 5.757256674000075, 48.989402566000081 ], [ 5.757971420000047, 48.989876501000083 ], [ 5.758618755000043, 48.990351983000039 ], [ 5.759395324000081, 48.990734512000081 ], [ 5.760106866000058, 48.991163520000043 ], [ 5.761218692000057, 48.992258129000049 ], [ 5.763650599000073, 48.993893666000083 ], [ 5.764245076000066, 48.994176887000037 ], [ 5.765062338000064, 48.994567440000083 ], [ 5.766398954000067, 48.995530854000037 ], [ 5.767098659000055, 48.996216526000069 ], [ 5.768069400000059, 48.997449290000077 ], [ 5.76824780000004, 48.998070504000047 ], [ 5.76818634600005, 48.99969148200006 ], [ 5.768178688000091, 48.999916598000077 ], [ 5.768482715000061, 49.001403174000082 ], [ 5.769549766000068, 49.002035364000051 ], [ 5.770338740000057, 49.002597489000038 ], [ 5.77112683900009, 49.002934690000082 ], [ 5.772245161000058, 49.003309243000047 ], [ 5.777508930000067, 49.005360400000086 ], [ 5.778407876000074, 49.005515037000073 ], [ 5.780266151000092, 49.005498981000073 ], [ 5.780889511000055, 49.005614998000055 ], [ 5.781803068000045, 49.00599421000004 ], [ 5.782500405000064, 49.00619848000008 ], [ 5.782649193000054, 49.006374980000032 ], [ 5.78494855200006, 49.007027936000043 ], [ 5.785707033000051, 49.00720827400005 ] ] ] } },
{ "type": "Feature", "properties": { "fid": 556, "gid": 556, "CdEuMasseDEau": "FRCR347", "NomMasseDEau": "MADINE 2", "Etat masse eau ": "Inconnu", "Etat ecologique": "Bon", "Etat chimique": "Inconnu", "_swEcologicalStatusOrPotentialValue": "2", "_swChemicalStatusValue": "U" }, "geometry": { "type": "MultiLineString", "coordinates": [ [ [ 5.771080892325955, 48.923764665684359 ], [ 5.771170162000089, 48.923770446000049 ], [ 5.771410737817688, 48.923800204683218 ] ], [ [ 5.772105301737414, 48.923442879160739 ], [ 5.772374470584107, 48.923521658327978 ] ] ] } },
{ "type": "Feature", "properties": { "fid": 555, "gid": 555, "CdEuMasseDEau": "FRCR344", "NomMasseDEau": "RUPT DE MAD 2", "Etat masse eau ": "Mauvais", "Etat ecologique": "Mauvais", "Etat chimique": "Non atteint", "_swEcologicalStatusOrPotentialValue": "5", "_swChemicalStatusValue": "3" }, "geometry": { "type": "MultiLineString", "coordinates": [ [ [ 5.76015979400006, 48.877012811000043 ], [ 5.761550850000049, 48.877421646000073 ], [ 5.762604750000094, 48.877887741000052 ], [ 5.763899794000054, 48.878703700000081 ], [ 5.764835203000075, 48.879442469000082 ], [ 5.765634372000079, 48.88018437900007 ], [ 5.765788131000079, 48.880446282000037 ], [ 5.766510327000049, 48.881054987000077 ], [ 5.766732467000054, 48.881319808000057 ], [ 5.767126357000052, 48.882120568000062 ], [ 5.767519147000087, 48.882691891000043 ], [ 5.768362313000068, 48.883072824000067 ], [ 5.77009752500004, 48.883518594000073 ], [ 5.771215801000039, 48.883924635000085 ], [ 5.772819576000074, 48.884463395000068 ], [ 5.773784560000081, 48.884616505000047 ], [ 5.774258046000057, 48.884556039000081 ], [ 5.775146006000057, 48.884575946000041 ], [ 5.776252921000093, 48.88481573100006 ], [ 5.77773497600009, 48.885357250000077 ], [ 5.778516620000062, 48.885829527000055 ], [ 5.77895757400006, 48.886309710000042 ], [ 5.779491225000072, 48.887152179000047 ], [ 5.779538989000059, 48.887870952000071 ], [ 5.779692841000042, 48.888132836000068 ], [ 5.780193305000068, 48.888481153000043 ], [ 5.780756026000063, 48.888733538000047 ], [ 5.782494919000044, 48.889035070000034 ], [ 5.782703699000081, 48.889079709000043 ], [ 5.783240119000084, 48.889206714000068 ], [ 5.783382540465815, 48.889238339380071 ] ], [ [ 5.784188584738899, 48.889533480831069 ], [ 5.784374564000075, 48.889607759000057 ], [ 5.784581239677162, 48.889778940641008 ] ] ] } },
{ "type": "Feature", "properties": { "fid": 600, "gid": 600, "CdEuMasseDEau": "FRCR382", "NomMasseDEau": "YRON", "Etat masse eau ": "Mauvais", "Etat ecologique": "Mauvais", "Etat chimique": "Non atteint", "_swEcologicalStatusOrPotentialValue": "5", "_swChemicalStatusValue": "3" }, "geometry": { "type": "MultiLineString", "coordinates": [ [ [ 5.682705319000092, 48.978285522000078 ], [ 5.685817430000043, 48.97864773200007 ], [ 5.688081480000051, 48.978799442000081 ], [ 5.690569032000042, 48.979225015000047 ], [ 5.693764284000054, 48.980035027000042 ], [ 5.695521029000076, 48.980566887000073 ], [ 5.696860069000081, 48.981198091000067 ], [ 5.698596856000052, 48.98164038200008 ], [ 5.699316483000075, 48.982204520000039 ], [ 5.700740330000087, 48.982033002000037 ], [ 5.70184002600007, 48.982134195000071 ], [ 5.702343830000075, 48.982523229000037 ], [ 5.703173888000038, 48.982679971000039 ], [ 5.704492299000037, 48.982780708000064 ], [ 5.705885279000086, 48.98318116300004 ], [ 5.708096908000073, 48.983567617000062 ], [ 5.709336624000059, 48.983715066000059 ], [ 5.71022282000007, 48.983686044000081 ], [ 5.713194404000092, 48.983146484000088 ], [ 5.714676662000045, 48.982834017000073 ], [ 5.716639753000038, 48.982551129000058 ], [ 5.718532438000068, 48.982229315000041 ], [ 5.719954664000056, 48.982044108000082 ], [ 5.720557106000058, 48.981850492000042 ], [ 5.721168075000094, 48.981787143000084 ], [ 5.723969969000052, 48.981795511000087 ], [ 5.724339303000079, 48.982012059000056 ], [ 5.726982796000073, 48.984813188000032 ], [ 5.727057492000085, 48.984901464000082 ], [ 5.72930757000006, 48.984827784000061 ], [ 5.731319724000059, 48.985087890000045 ], [ 5.738981532000082, 48.984184345000081 ], [ 5.741327702000092, 48.983487410000073 ], [ 5.742803728000069, 48.983075762000055 ], [ 5.744428797000069, 48.982849633000058 ], [ 5.746243367000091, 48.982394203000069 ], [ 5.746845477000079, 48.982195961000059 ], [ 5.750302214000044, 48.981774822000034 ], [ 5.751438356000051, 48.981384355000046 ], [ 5.752099, 48.981049779000045 ], [ 5.753329692000079, 48.981057519000046 ], [ 5.755558617000077, 48.980668908000041 ], [ 5.75649552200008, 48.980372947000042 ], [ 5.756644965000078, 48.98027503600008 ], [ 5.757753022000088, 48.980789418000086 ], [ 5.758449927000072, 48.980993832000081 ], [ 5.760712419000072, 48.980964260000064 ], [ 5.761044838000089, 48.980965605000051 ], [ 5.766182886000081, 48.981108125000048 ], [ 5.766466052000055, 48.98111508900007 ], [ 5.766943672000082, 48.981099570000083 ], [ 5.768595245000085, 48.981277395000063 ], [ 5.769707438000069, 48.981562133000068 ], [ 5.770328634000066, 48.981835711000087 ], [ 5.770694164000076, 48.982025215000078 ], [ 5.770967230000053, 48.982018906000064 ], [ 5.771292686000038, 48.981777444000045 ], [ 5.77163377800008, 48.981765062000079 ], [ 5.775636091000081, 48.983179609000047 ], [ 5.777548663000061, 48.983171317000085 ], [ 5.780513459000076, 48.983570494000048 ], [ 5.781213749000074, 48.98381968800004 ], [ 5.78179861600006, 48.984386476000047 ], [ 5.782156962000045, 48.984648095000068 ], [ 5.78264353700007, 48.984767273000045 ], [ 5.783822966000059, 48.984820880000086 ], [ 5.78531402200008, 48.984646794000071 ], [ 5.786746348000065, 48.984604521000051 ], [ 5.787852313000087, 48.984785764000037 ], [ 5.789109318000044, 48.985201925000069 ], [ 5.789946212000075, 48.985447892000082 ], [ 5.790720524000051, 48.985785287000056 ], [ 5.791277815000058, 48.985947774000067 ], [ 5.791714053000078, 48.986338020000062 ], [ 5.792553394000038, 48.986628902000064 ], [ 5.79290370800004, 48.986755710000068 ], [ 5.793691713000044, 48.987092768000082 ], [ 5.793976178000094, 48.987266096000042 ], [ 5.794554682000069, 48.987742996000073 ], [ 5.796047405000081, 48.988598982000042 ], [ 5.799855652000076, 48.991177974000038 ], [ 5.80100716700008, 48.992041865000033 ], [ 5.801595010000085, 48.992657978000068 ], [ 5.802539319000061, 48.993481705000079 ], [ 5.804339519000052, 48.994645327000057 ], [ 5.806847132000087, 48.996372724000082 ], [ 5.807568991000039, 48.996936185000038 ], [ 5.807924881000076, 48.99714829900006 ], [ 5.808440241000085, 48.997496143000042 ], [ 5.808820700000069, 48.998067588000083 ], [ 5.808930692000047, 48.998694854000064 ], [ 5.809293167000078, 48.998996787000067 ], [ 5.810302961000048, 48.999778430000049 ], [ 5.81124692800006, 49.000606596000068 ], [ 5.811907688000076, 49.001081485000043 ], [ 5.812136292000048, 49.00143603500004 ], [ 5.812534836000054, 49.002276976000083 ], [ 5.813266347000081, 49.004009876000055 ], [ 5.813616690337177, 49.004898905927114 ] ], [ [ 5.813832627541962, 49.005711732292063 ], [ 5.813823275982421, 49.005776315643836 ] ], [ [ 5.814827322265719, 49.007909305452607 ], [ 5.81481320061538, 49.007946030350794 ] ], [ [ 5.815003866912561, 49.00881306517541 ], [ 5.815018853553847, 49.008871305460865 ] ], [ [ 5.81504920053683, 49.008989238286375 ], [ 5.815051380000057, 49.008997708000038 ], [ 5.815062791822126, 49.009006781735778 ] ], [ [ 5.815379493539364, 49.009258596710929 ], [ 5.815470983178749, 49.009331341694661 ] ], [ [ 5.817398334291568, 49.011744765388769 ], [ 5.81785610578621, 49.011986791481931 ] ], [ [ 5.820796205931819, 49.013500288970306 ], [ 5.820866993000038, 49.01371985600008 ], [ 5.820941373459734, 49.013749876954542 ] ], [ [ 5.820967973873121, 49.013760613239342 ], [ 5.821077650000063, 49.013804880000073 ], [ 5.821089977000042, 49.013984543000049 ], [ 5.821292584368284, 49.014134992287197 ] ], [ [ 5.821524805681346, 49.0145247291101 ], [ 5.821538150000038, 49.01455435400004 ], [ 5.821598502162592, 49.014590853640037 ] ], [ [ 5.821326639630409, 49.018400186173878 ], [ 5.821299759503841, 49.018439823230295 ] ], [ [ 5.825425496144559, 49.023686232425341 ], [ 5.825468974000046, 49.023756396000067 ], [ 5.825585631235571, 49.023770561971304 ] ], [ [ 5.827294785087265, 49.024314539682408 ], [ 5.827364117000059, 49.024467562000041 ], [ 5.827443936000066, 49.024645633000034 ], [ 5.827418419000082, 49.025276065000071 ], [ 5.827435380000054, 49.025289161000046 ], [ 5.827942996000047, 49.025754073000087 ], [ 5.82810349500005, 49.026110194000069 ], [ 5.82813150700008, 49.026514424000077 ], [ 5.827909151000085, 49.026875067000049 ], [ 5.827823648000049, 49.027016544000048 ], [ 5.827906774000041, 49.027239524000038 ], [ 5.828337275000081, 49.027544295000041 ], [ 5.828489338000054, 49.027761152000039 ], [ 5.828633119000074, 49.028045685000052 ], [ 5.828804608000041, 49.028383550000058 ], [ 5.828739650000045, 49.02877647400004 ], [ 5.828707476000091, 49.028970680000043 ], [ 5.828458882000064, 49.029336440000073 ], [ 5.828011298000092, 49.029801362000057 ], [ 5.82805542400007, 49.030250199000079 ], [ 5.827664412000047, 49.030529336000086 ], [ 5.827616635000084, 49.030845375000069 ], [ 5.827697318000048, 49.031023425000058 ], [ 5.828348252000069, 49.031543441000053 ], [ 5.828434691000041, 49.031811330000039 ], [ 5.828307084000073, 49.031949300000072 ], [ 5.828200886000047, 49.032401678000042 ], [ 5.828011795000066, 49.032635569000043 ], [ 5.827157487000079, 49.033155054000083 ], [ 5.827187943000069, 49.033604212000057 ], [ 5.827630602000056, 49.03408414900008 ], [ 5.827652009000076, 49.034398557000088 ], [ 5.827456060000088, 49.034538135000048 ], [ 5.826780057000065, 49.034657527000043 ], [ 5.826720773000091, 49.034793885000056 ], [ 5.826813812000069, 49.03515159400007 ], [ 5.826426519000052, 49.035295675000043 ], [ 5.826261257000056, 49.035888901000078 ], [ 5.825792808000074, 49.036034891000043 ], [ 5.82552875600004, 49.036180567000088 ], [ 5.825462016000074, 49.037216846000042 ], [ 5.824114450000081, 49.037522976000048 ], [ 5.823990117000051, 49.037705850000073 ], [ 5.82394316500006, 49.038021865000083 ], [ 5.823759779000056, 49.038345588000077 ], [ 5.823297045000061, 49.038581407000038 ], [ 5.823175151000044, 49.038809210000068 ], [ 5.822781483000085, 49.039056899000059 ], [ 5.822799565000082, 49.039326396000043 ] ], [ [ 5.693557139000063, 49.00209213100004 ], [ 5.693844535000039, 49.002310609000062 ], [ 5.694546993000074, 49.002605239000047 ], [ 5.695696542000064, 49.003461143000038 ], [ 5.696046734000049, 49.003588233000073 ], [ 5.697553473000085, 49.003635339000077 ], [ 5.698722151000084, 49.003739515000063 ], [ 5.699639785000045, 49.003979790000074 ], [ 5.700191693000079, 49.004057343000056 ], [ 5.700384679000081, 49.003873054000053 ], [ 5.700583810000069, 49.003774101000033 ], [ 5.700922106000064, 49.003721499000051 ], [ 5.702042897000069, 49.004137127000043 ], [ 5.702666299000043, 49.004258044000039 ], [ 5.703063083000075, 49.004064661000086 ], [ 5.703881952000074, 49.004032713000072 ], [ 5.704649594000045, 49.004280829000038 ], [ 5.704863217000081, 49.004410972000073 ], [ 5.704821105000065, 49.004816798000043 ], [ 5.705034730000079, 49.004946940000082 ], [ 5.706607474000066, 49.00494745900005 ], [ 5.70789508900009, 49.004774448000042 ], [ 5.708576985000093, 49.004754557000069 ], [ 5.709131878000051, 49.004872488000046 ], [ 5.713066142000059, 49.005246945000067 ], [ 5.716519027000061, 49.005780630000061 ], [ 5.718046581000067, 49.006141915000057 ], [ 5.720205308000061, 49.006754292000039 ], [ 5.722395679000044, 49.007626835000053 ], [ 5.722754739000038, 49.007888607000041 ], [ 5.723133713000038, 49.008464830000037 ], [ 5.723596817000043, 49.00925957700008 ], [ 5.724343439000052, 49.010227830000083 ], [ 5.72463719700005, 49.010531566000047 ], [ 5.725721484000076, 49.011222224000051 ], [ 5.729011576000062, 49.012389066000082 ], [ 5.729660435000085, 49.012909646000082 ], [ 5.731584068000075, 49.014813783000079 ], [ 5.731869028000062, 49.015095209000037 ], [ 5.736020394000093, 49.017753796000079 ], [ 5.736094729000058, 49.017801586000083 ], [ 5.737785616000053, 49.01855928100008 ], [ 5.739352202000077, 49.019504234000067 ], [ 5.739865708000082, 49.02003234700004 ], [ 5.740515625000057, 49.020552845000047 ], [ 5.740724751354951, 49.020751912035621 ] ], [ [ 5.741881670166762, 49.021440165596161 ], [ 5.742238224000062, 49.021584171000086 ], [ 5.742647050000073, 49.021570330000088 ], [ 5.743112990000043, 49.021375237000086 ], [ 5.74337743500007, 49.021234234000083 ], [ 5.743514073000085, 49.021231110000087 ], [ 5.744136686000047, 49.021347336000083 ], [ 5.744350478000058, 49.021477407000077 ], [ 5.745103653000058, 49.021491672000082 ], [ 5.746079940000072, 49.021779743000081 ], [ 5.746442211000044, 49.022081859000082 ], [ 5.747112280000067, 49.022916766000037 ], [ 5.748038825000037, 49.023475878000056 ], [ 5.751883736000082, 49.024534933000041 ], [ 5.752647574036066, 49.024671616889414 ] ], [ [ 5.752993583460739, 49.024733533044014 ], [ 5.753198497000085, 49.024770201000081 ], [ 5.754729249000093, 49.025175944000068 ], [ 5.755609212540716, 49.025484543812659 ] ], [ [ 5.758166812422671, 49.026097629280542 ], [ 5.758630156000038, 49.02604455900007 ], [ 5.759725265000043, 49.026055373000077 ], [ 5.760237864000089, 49.026223532000081 ], [ 5.760773287000063, 49.026386665000082 ], [ 5.762408854000057, 49.027329738000049 ], [ 5.76468820000008, 49.028397421000079 ], [ 5.765820025000039, 49.029064138000081 ], [ 5.766354930000091, 49.029906553000046 ], [ 5.76705392100007, 49.030425780000087 ], [ 5.767283963000068, 49.030505952000055 ], [ 5.767666847000044, 49.031126934000042 ], [ 5.768408957000076, 49.032005050000073 ], [ 5.76969626600004, 49.033675839000068 ], [ 5.770821351000052, 49.035093935000077 ], [ 5.771264403000089, 49.035655034000058 ], [ 5.773558625000078, 49.038062799000045 ], [ 5.77571428300007, 49.041665856000073 ], [ 5.775729154000089, 49.041688005000083 ], [ 5.776011453000081, 49.04181643700008 ], [ 5.776771931000042, 49.041929311000047 ], [ 5.777694780000047, 49.04243880000007 ], [ 5.778543876000072, 49.042864516000073 ], [ 5.779066941000053, 49.043527201000082 ], [ 5.779871171000082, 49.044088904000034 ], [ 5.782086676000063, 49.045508635000033 ], [ 5.783006618000059, 49.045977664000077 ], [ 5.784865425000078, 49.047171684000034 ], [ 5.785868299000072, 49.04763876800007 ], [ 5.786859933000073, 49.048151091000079 ], [ 5.787492771000075, 49.048401820000038 ], [ 5.788208606000069, 49.048875548000069 ], [ 5.789447474000042, 49.050007416000085 ], [ 5.789893436000057, 49.050536888000067 ], [ 5.790408964000051, 49.050880299000085 ], [ 5.792322303000049, 49.051857005000045 ], [ 5.792767456000092, 49.052386485000056 ], [ 5.79292210400007, 49.052652805000037 ], [ 5.792831068000055, 49.05332971100006 ], [ 5.792445384000075, 49.053698567000083 ], [ 5.791721405000089, 49.054124771000033 ], [ 5.79166200700007, 49.054261110000077 ], [ 5.79167338700006, 49.054440789000068 ], [ 5.792337927000062, 49.05496067100006 ], [ 5.79312553200009, 49.055477687000064 ], [ 5.793428304000088, 49.055920504000085 ], [ 5.793512183000075, 49.056143482000039 ], [ 5.793649630000061, 49.057170460000073 ], [ 5.793905263000056, 49.057929271000042 ], [ 5.79434540200009, 49.058364390000072 ], [ 5.79442515900007, 49.058542478000049 ], [ 5.794409623000092, 49.059127654000072 ], [ 5.794225252000047, 49.059437846000037 ], [ 5.794164160000093, 49.059542734000047 ], [ 5.793775165000056, 49.059866683000052 ], [ 5.793751641000085, 49.060542015000067 ], [ 5.793987417000039, 49.06099538400008 ], [ 5.794650152000088, 49.061686240000085 ], [ 5.796130209000069, 49.062870904000079 ], [ 5.79645682000006, 49.063119718000053 ] ], [ [ 5.696516543000087, 49.007450976000086 ], [ 5.698135257000047, 49.008170351000047 ], [ 5.701336003000051, 49.009870781000082 ], [ 5.702483101000041, 49.010690687000078 ], [ 5.702693551000039, 49.010775919000082 ], [ 5.706536597000081, 49.011836439000042 ], [ 5.707364792000078, 49.011948215000082 ], [ 5.709093721000045, 49.012251087000038 ], [ 5.709582732000058, 49.01241549100007 ], [ 5.710650849000047, 49.013061659000073 ], [ 5.712842433000048, 49.014168274000042 ], [ 5.715133600000058, 49.015542512000081 ], [ 5.715136804000053, 49.015587426000081 ], [ 5.716664637000065, 49.015948725000051 ], [ 5.718201256000043, 49.016444763000038 ], [ 5.719117753000091, 49.016869362000079 ], [ 5.719834412000068, 49.01737945800005 ], [ 5.720142083000042, 49.01768738700008 ], [ 5.720409369071205, 49.018258873724882 ] ], [ [ 5.722210486698936, 49.020260520643149 ], [ 5.722513891000062, 49.020494713000062 ], [ 5.72280793200008, 49.020802944000081 ], [ 5.722780402699627, 49.020854202304562 ] ], [ [ 5.769725396948852, 49.046403510803223 ], [ 5.770183433000057, 49.04676003700007 ], [ 5.770862219000037, 49.047504634000063 ], [ 5.772317906000069, 49.048811610000087 ], [ 5.773260218815613, 49.04943325364669 ] ], [ [ 5.773854016427632, 49.0498304608019 ], [ 5.775354677000053, 49.051062724000083 ], [ 5.776352791000079, 49.051664953000056 ], [ 5.781177908000075, 49.054041012000077 ], [ 5.783348927000077, 49.054782463000038 ], [ 5.78517190000008, 49.055446474000064 ], [ 5.78768509400004, 49.056184411000061 ], [ 5.78826575800008, 49.056481333000079 ], [ 5.789201448000085, 49.057174878000069 ], [ 5.791519568000069, 49.059086895000064 ], [ 5.791463436000072, 49.059268142000064 ], [ 5.79141541100006, 49.059584158000064 ], [ 5.791499288000068, 49.059807137000064 ], [ 5.792163894000055, 49.060327017000077 ], [ 5.792754582000043, 49.060983569000086 ], [ 5.793219463000071, 49.061782500000049 ], [ 5.793674292000048, 49.062442207000061 ], [ 5.794265023000094, 49.063098750000051 ], [ 5.794842196000047, 49.063535177000063 ], [ 5.79518951700004, 49.063612568000053 ], [ 5.79578534500007, 49.063315292000077 ], [ 5.79645682000006, 49.063119718000053 ] ], [ [ 5.816532108000047, 49.034372056000052 ], [ 5.816507577000039, 49.034471604000032 ], [ 5.816249848000041, 49.034702587000083 ], [ 5.816270332000045, 49.03501701600004 ], [ 5.816552696000088, 49.035145353000082 ], [ 5.817374912000048, 49.035166548000063 ], [ 5.818303419000074, 49.034735369000032 ], [ 5.818579808000038, 49.03476936800007 ], [ 5.818790546000059, 49.034854395000082 ], [ 5.819202995000069, 49.03488969600005 ], [ 5.820177258000058, 49.035127738000085 ], [ 5.820752996000067, 49.035555087000034 ], [ 5.821130573000062, 49.036081562000049 ], [ 5.821911997000086, 49.03731834000007 ], [ 5.822016977000089, 49.037864717000048 ], [ 5.822252408000054, 49.038309054000081 ], [ 5.822362403000056, 49.038931790000049 ], [ 5.822799565000082, 49.039326396000043 ] ], [ [ 5.822799565000082, 49.039326396000043 ], [ 5.823025967000092, 49.039635983000039 ], [ 5.82375434800008, 49.040289162000079 ], [ 5.824141869000073, 49.040761409000083 ], [ 5.824169492000067, 49.041174640000072 ], [ 5.824327568000058, 49.041485832000042 ], [ 5.824766967000073, 49.041920866000055 ], [ 5.825086433000081, 49.042588156000079 ], [ 5.825608990000092, 49.043246166000081 ], [ 5.825562043000048, 49.043562180000038 ], [ 5.82543525400007, 49.043700125000043 ], [ 5.825381703000062, 49.043926320000082 ], [ 5.82525736000008, 49.044109194000043 ], [ 5.825334754000039, 49.044242334000046 ], [ 5.82523180600009, 49.044739613000047 ], [ 5.82483101300005, 49.044888503000038 ], [ 5.824433273000068, 49.045077807000041 ], [ 5.82424412000006, 49.045311690000062 ], [ 5.824293972000078, 49.045850360000088 ], [ 5.824597564000044, 49.046288589000085 ], [ 5.824680707000084, 49.046511568000085 ], [ 5.824493751000091, 49.046785887000055 ], [ 5.82444679200006, 49.04710189900004 ], [ 5.824259834000088, 49.047376218000068 ], [ 5.824002320000091, 49.047611707000051 ], [ 5.823266342000068, 49.047858447000067 ], [ 5.822943523000049, 49.048135958000046 ], [ 5.822982140000079, 49.048719878000043 ], [ 5.822662613000091, 49.049042296000039 ], [ 5.822680698000056, 49.049311791000036 ], [ 5.822823148000055, 49.049398416000088 ], [ 5.822900545000039, 49.04953155700008 ], [ 5.823266146000037, 49.049882855000078 ], [ 5.82334989900005, 49.050101321000056 ], [ 5.82397988200006, 49.050311441000083 ], [ 5.824402583000051, 49.050297001000047 ], [ 5.824619995000091, 49.050471833000081 ], [ 5.825012516000072, 49.051222875000072 ], [ 5.824974607000058, 49.051673634000053 ], [ 5.824589409000055, 49.052047086000073 ], [ 5.824477880000074, 49.052418600000067 ], [ 5.824285154000052, 49.05260307900005 ], [ 5.824166532000049, 49.052875789000041 ], [ 5.824101474000088, 49.052922305000038 ], [ 5.823626511000043, 49.052982959000083 ], [ 5.823502139000084, 49.053165830000069 ], [ 5.823175135000042, 49.053398451000078 ], [ 5.823128164000082, 49.053714461000077 ], [ 5.823212167000065, 49.053937418000032 ], [ 5.823325750000038, 49.054609546000052 ], [ 5.823557968000046, 49.05500896500007 ], [ 5.823774986000046, 49.055993565000051 ], [ 5.823926259000075, 49.056210441000083 ], [ 5.82396, 49.056704499000034 ], [ 5.824136217000046, 49.057285178000086 ], [ 5.824127884000063, 49.058185102000039 ], [ 5.824286011000083, 49.058496288000072 ], [ 5.824384823000059, 49.058943828000046 ], [ 5.824359252000079, 49.059574237000049 ], [ 5.823904968000079, 49.060754563000046 ], [ 5.823795372000063, 49.061162015000043 ], [ 5.823782630000039, 49.061981064000072 ], [ 5.823669731000052, 49.062343608000049 ], [ 5.823621290000062, 49.062664148000067 ], [ 5.823527578000039, 49.063269165000072 ], [ 5.823431544000073, 49.06387873500006 ], [ 5.823166798000045, 49.064816170000086 ], [ 5.823111749000077, 49.065015402000085 ], [ 5.823086, 49.065186955000058 ], [ 5.823077423314111, 49.06524444967593 ] ], [ [ 5.845272642610266, 49.036607115658235 ], [ 5.845272091000084, 49.036609500000047 ], [ 5.845290782000063, 49.036887981000064 ], [ 5.845308487000068, 49.03714849000005 ], [ 5.845388994000075, 49.037322034000056 ], [ 5.845339101000093, 49.037597642000037 ], [ 5.845146505000059, 49.037782157000038 ], [ 5.844360622000068, 49.038300142000082 ], [ 5.844240168000056, 49.038536932000056 ], [ 5.844136558000059, 49.039034250000043 ], [ 5.843601647000071, 49.041026373000079 ], [ 5.843647123000039, 49.041700109000033 ], [ 5.843951100000083, 49.042142783000088 ], [ 5.844183421000082, 49.042542167000079 ], [ 5.844176292000043, 49.043442084000048 ], [ 5.844206901000064, 49.043891233000068 ], [ 5.844429888000093, 49.044151376000059 ], [ 5.845243081000092, 49.044847408000066 ], [ 5.845401294000055, 49.045158570000069 ], [ 5.845378449000066, 49.045833922000043 ], [ 5.845008930000063, 49.046427513000083 ], [ 5.84489067700008, 49.046704738000081 ], [ 5.844855408000058, 49.047200433000057 ], [ 5.845148284000061, 49.047814318000064 ], [ 5.84525483300007, 49.048041228000045 ], [ 5.845789942164012, 49.048937392911995 ] ], [ [ 5.79645682000006, 49.063119718000053 ], [ 5.796550879000051, 49.063292972000056 ], [ 5.796568833000038, 49.063562468000043 ], [ 5.796896192000077, 49.064364586000067 ], [ 5.79707783200007, 49.065035139000088 ], [ 5.797718156000087, 49.066419276000033 ], [ 5.798703886000055, 49.067637912000073 ], [ 5.799595214000078, 49.068692294000073 ], [ 5.800611926000045, 49.069563805000087 ], [ 5.801269636000086, 49.070173766000039 ], [ 5.801421099000038, 49.070395161000079 ], [ 5.801745051000069, 49.071147859000064 ], [ 5.802074795000067, 49.071769963000072 ], [ 5.802371785000048, 49.072118419000049 ], [ 5.80260971158372, 49.072588225617118 ] ] ] } },
{ "type": "Feature", "properties": { "fid": 602, "gid": 602, "CdEuMasseDEau": "FRCR384", "NomMasseDEau": "RUISSEAU D'HATTONVILLE", "Etat masse eau ": "Mauvais", "Etat ecologique": "Mauvais", "Etat chimique": "Non atteint", "_swEcologicalStatusOrPotentialValue": "5", "_swChemicalStatusValue": "3" }, "geometry": { "type": "MultiLineString", "coordinates": [ [ [ 5.701829304000057, 48.998964008000087 ], [ 5.702075452000088, 48.998553585000082 ], [ 5.702399227000058, 48.998271874000068 ], [ 5.702669196000045, 48.998220805000081 ], [ 5.703282718000082, 48.998202483000057 ], [ 5.705548993000093, 48.99836282800004 ], [ 5.707663339000078, 48.998297128000047 ], [ 5.709323994000044, 48.998610529000082 ], [ 5.710216842000079, 48.998671336000086 ], [ 5.710483606000082, 48.998575336000052 ], [ 5.711867100000063, 48.997770296000056 ], [ 5.71247210100006, 48.997621658000071 ], [ 5.71287839900009, 48.997562984000069 ], [ 5.715291888000081, 48.997890766000069 ], [ 5.715840316000083, 48.997918839000079 ], [ 5.715965788000062, 48.997736051000061 ], [ 5.71599819700009, 48.997195476000059 ], [ 5.716117259000043, 48.996922859000051 ], [ 5.716588867000041, 48.996822206000047 ], [ 5.717195023000045, 48.995634319000033 ], [ 5.718153145000088, 48.995653100000077 ], [ 5.721999270000083, 48.995939276000058 ], [ 5.725684261000083, 48.996687859000083 ], [ 5.72756419600006, 48.997220962000085 ], [ 5.72953018700008, 48.99800850400004 ], [ 5.731858119000037, 48.999111679000073 ], [ 5.732865171000071, 48.999669075000043 ], [ 5.733994933000076, 49.000219166000079 ], [ 5.735059883000076, 49.000820211000082 ], [ 5.737607344000082, 49.002143208000064 ], [ 5.740017588000057, 49.003244350000045 ], [ 5.741129383000043, 49.003515867000033 ], [ 5.743876452000052, 49.003709496000056 ], [ 5.745264313000064, 49.004028646000052 ], [ 5.747418519000064, 49.004550670000071 ], [ 5.750545785000043, 49.005126829000062 ], [ 5.752723413000069, 49.006008119000057 ], [ 5.754242368000064, 49.006234185000039 ], [ 5.754874776000065, 49.006489589000068 ], [ 5.756098127000087, 49.007217277000052 ], [ 5.756643762000067, 49.007335205000061 ], [ 5.75859081100009, 49.00802374500006 ], [ 5.759381687000087, 49.008284480000043 ], [ 5.760796190000065, 49.008859268000037 ], [ 5.762954203000049, 49.009574376000046 ], [ 5.767255008000063, 49.010298529000067 ], [ 5.768600255000081, 49.010870326000088 ], [ 5.768732534000037, 49.010930256000051 ], [ 5.770266251000066, 49.011380718000055 ], [ 5.774235168000075, 49.012256247000039 ], [ 5.77580776700006, 49.012696744000039 ] ] ] } }
]
}
